split,regime,policy,budget_pp,cal_coverage,cal_net_lcb_pp,test_steps_deleted,test_net_per_deletion_pp,test_harmed_share_obs,test_harmed_share_null_floor,test_harmed_share_excess,test_harmed_share_severe,test_severe_null_floor,test_severe_excess
0,balanced_cohort,random,1,0.979,1.71,307,9.04,0.150,0.136,0.014,0.107,0.046,0.061
0,balanced_cohort,random,3,0.979,1.71,307,9.04,0.150,0.136,0.014,0.107,0.046,0.061
0,balanced_cohort,random,5,0.979,1.71,307,9.04,0.150,0.136,0.014,0.107,0.046,0.061
0,balanced_cohort,rating_first,1,0.979,2.19,307,8.96,0.150,0.136,0.014,0.107,0.046,0.061
0,balanced_cohort,rating_first,3,0.979,2.19,307,8.96,0.150,0.136,0.014,0.107,0.046,0.061
0,balanced_cohort,rating_first,5,0.979,2.19,307,8.96,0.150,0.136,0.014,0.107,0.046,0.061
0,balanced_cohort,harmful_first,1,0.979,2.09,307,8.96,0.150,0.136,0.014,0.107,0.046,0.061
0,balanced_cohort,harmful_first,3,0.979,2.09,307,8.96,0.150,0.136,0.014,0.107,0.046,0.061
0,balanced_cohort,harmful_first,5,0.979,2.09,307,8.96,0.150,0.136,0.014,0.107,0.046,0.061
0,balanced_cohort,intersection_first,1,0.979,2.19,307,8.96,0.150,0.136,0.014,0.107,0.046,0.061
0,balanced_cohort,intersection_first,3,0.979,2.19,307,8.96,0.150,0.136,0.014,0.107,0.046,0.061
0,balanced_cohort,intersection_first,5,0.979,2.19,307,8.96,0.150,0.136,0.014,0.107,0.046,0.061
0,balanced_cohort,prm:llama31_8b_prm_deepseek,1,0.979,1.89,307,8.79,0.153,0.137,0.016,0.111,0.047,0.064
0,balanced_cohort,prm:llama31_8b_prm_deepseek,3,0.979,1.89,307,8.79,0.153,0.137,0.016,0.111,0.047,0.064
0,balanced_cohort,prm:llama31_8b_prm_deepseek,5,0.979,1.89,307,8.79,0.153,0.137,0.016,0.111,0.047,0.064
0,balanced_cohort,prm:math_shepherd_mistral_7b,1,0.979,1.89,307,8.63,0.150,0.135,0.015,0.107,0.046,0.062
0,balanced_cohort,prm:math_shepherd_mistral_7b,3,0.979,1.89,307,8.63,0.150,0.135,0.015,0.107,0.046,0.062
0,balanced_cohort,prm:math_shepherd_mistral_7b,5,0.979,1.89,307,8.63,0.150,0.135,0.015,0.107,0.046,0.062
0,balanced_cohort,prm:qwen25_math_prm_7b,1,0.979,2.08,307,8.63,0.153,0.136,0.017,0.107,0.046,0.062
0,balanced_cohort,prm:qwen25_math_prm_7b,3,0.979,2.08,307,8.63,0.153,0.136,0.017,0.107,0.046,0.062
0,balanced_cohort,prm:qwen25_math_prm_7b,5,0.979,2.08,307,8.63,0.153,0.136,0.017,0.107,0.046,0.062
0,balanced_cohort,predictor_D,1,0.979,2.51,307,8.88,0.153,0.136,0.017,0.107,0.046,0.062
0,balanced_cohort,predictor_D,3,0.979,2.51,307,8.88,0.153,0.136,0.017,0.107,0.046,0.062
0,balanced_cohort,predictor_D,5,0.979,2.51,307,8.88,0.153,0.136,0.017,0.107,0.046,0.062
0,balanced_cohort,predictor_E,1,0.979,2.70,307,8.88,0.153,0.137,0.016,0.107,0.046,0.061
0,balanced_cohort,predictor_E,3,0.979,2.70,307,8.88,0.153,0.137,0.016,0.107,0.046,0.061
0,balanced_cohort,predictor_E,5,0.979,2.70,307,8.88,0.153,0.137,0.016,0.107,0.046,0.061
0,natural_prevalence,random,1,0.000,,0,,,,,,,
0,natural_prevalence,random,3,0.000,,0,,,,,,,
0,natural_prevalence,random,5,0.000,,0,,,,,,,
0,natural_prevalence,rating_first,1,0.699,-0.02,220,0.67,0.131,0.089,0.042,0.097,0.029,0.067
0,natural_prevalence,rating_first,3,0.699,-0.02,220,0.67,0.131,0.089,0.042,0.097,0.029,0.067
0,natural_prevalence,rating_first,5,0.699,-0.02,220,0.67,0.131,0.089,0.042,0.097,0.029,0.067
0,natural_prevalence,harmful_first,1,0.490,0.26,154,-3.89,0.211,0.123,0.088,0.178,0.040,0.138
0,natural_prevalence,harmful_first,3,0.594,-2.09,187,-3.32,0.243,0.148,0.095,0.195,0.048,0.147
0,natural_prevalence,harmful_first,5,0.594,-2.09,187,-3.32,0.243,0.148,0.095,0.195,0.048,0.147
0,natural_prevalence,intersection_first,1,0.699,-0.02,220,0.67,0.131,0.089,0.042,0.097,0.029,0.067
0,natural_prevalence,intersection_first,3,0.699,-0.02,220,0.67,0.131,0.089,0.042,0.097,0.029,0.067
0,natural_prevalence,intersection_first,5,0.699,-0.02,220,0.67,0.131,0.089,0.042,0.097,0.029,0.067
0,natural_prevalence,prm:llama31_8b_prm_deepseek,1,0.035,14.89,11,-6.04,0.064,0.025,0.039,0.064,0.010,0.054
0,natural_prevalence,prm:llama31_8b_prm_deepseek,3,0.245,-1.78,77,4.33,0.190,0.155,0.036,0.109,0.050,0.059
0,natural_prevalence,prm:llama31_8b_prm_deepseek,5,0.245,-1.78,77,4.33,0.190,0.155,0.036,0.109,0.050,0.059
0,natural_prevalence,prm:math_shepherd_mistral_7b,1,0.350,1.60,110,4.57,0.135,0.119,0.016,0.096,0.040,0.056
0,natural_prevalence,prm:math_shepherd_mistral_7b,3,0.350,1.60,110,4.57,0.135,0.119,0.016,0.096,0.040,0.056
0,natural_prevalence,prm:math_shepherd_mistral_7b,5,0.350,1.60,110,4.57,0.135,0.119,0.016,0.096,0.040,0.056
0,natural_prevalence,prm:qwen25_math_prm_7b,1,0.035,18.50,11,50.00,0.000,0.196,0.000,0.000,0.075,0.000
0,natural_prevalence,prm:qwen25_math_prm_7b,3,0.035,18.50,11,50.00,0.000,0.196,0.000,0.000,0.075,0.000
0,natural_prevalence,prm:qwen25_math_prm_7b,5,0.420,-4.81,132,8.64,0.113,0.136,0.000,0.109,0.046,0.063
0,natural_prevalence,predictor_D,1,0.000,,0,,,,,,,
0,natural_prevalence,predictor_D,3,0.105,-1.76,33,27.27,0.061,0.138,0.000,0.030,0.050,0.000
0,natural_prevalence,predictor_D,5,0.909,-4.47,285,-0.95,0.205,0.126,0.079,0.134,0.039,0.095
0,natural_prevalence,predictor_E,1,0.699,-0.48,220,5.69,0.184,0.160,0.024,0.148,0.051,0.097
0,natural_prevalence,predictor_E,3,0.839,-2.21,263,2.71,0.192,0.139,0.054,0.128,0.043,0.085
0,natural_prevalence,predictor_E,5,0.944,-3.40,296,0.71,0.195,0.130,0.065,0.128,0.040,0.087
1,balanced_cohort,random,1,0.997,4.28,278,6.38,0.155,0.129,0.025,0.101,0.044,0.056
1,balanced_cohort,random,3,0.997,4.28,278,6.38,0.155,0.129,0.025,0.101,0.044,0.056
1,balanced_cohort,random,5,0.997,4.28,278,6.38,0.155,0.129,0.025,0.101,0.044,0.056
1,balanced_cohort,rating_first,1,0.997,4.43,278,6.38,0.155,0.129,0.025,0.101,0.044,0.056
1,balanced_cohort,rating_first,3,0.997,4.43,278,6.38,0.155,0.129,0.025,0.101,0.044,0.056
1,balanced_cohort,rating_first,5,0.997,4.43,278,6.38,0.155,0.129,0.025,0.101,0.044,0.056
1,balanced_cohort,harmful_first,1,0.997,4.43,278,6.29,0.158,0.130,0.028,0.101,0.045,0.056
1,balanced_cohort,harmful_first,3,0.997,4.43,278,6.29,0.158,0.130,0.028,0.101,0.045,0.056
1,balanced_cohort,harmful_first,5,0.997,4.43,278,6.29,0.158,0.130,0.028,0.101,0.045,0.056
1,balanced_cohort,intersection_first,1,0.997,4.43,278,6.38,0.155,0.129,0.025,0.101,0.044,0.056
1,balanced_cohort,intersection_first,3,0.997,4.43,278,6.38,0.155,0.129,0.025,0.101,0.044,0.056
1,balanced_cohort,intersection_first,5,0.997,4.43,278,6.38,0.155,0.129,0.025,0.101,0.044,0.056
1,balanced_cohort,prm:llama31_8b_prm_deepseek,1,0.997,4.43,278,6.29,0.158,0.130,0.028,0.101,0.045,0.056
1,balanced_cohort,prm:llama31_8b_prm_deepseek,3,0.997,4.43,278,6.29,0.158,0.130,0.028,0.101,0.045,0.056
1,balanced_cohort,prm:llama31_8b_prm_deepseek,5,0.997,4.43,278,6.29,0.158,0.130,0.028,0.101,0.045,0.056
1,balanced_cohort,prm:math_shepherd_mistral_7b,1,0.997,4.43,278,6.47,0.155,0.129,0.026,0.097,0.044,0.053
1,balanced_cohort,prm:math_shepherd_mistral_7b,3,0.997,4.43,278,6.47,0.155,0.129,0.026,0.097,0.044,0.053
1,balanced_cohort,prm:math_shepherd_mistral_7b,5,0.997,4.43,278,6.47,0.155,0.129,0.026,0.097,0.044,0.053
1,balanced_cohort,prm:qwen25_math_prm_7b,1,0.997,4.43,278,6.29,0.158,0.130,0.028,0.101,0.045,0.056
1,balanced_cohort,prm:qwen25_math_prm_7b,3,0.997,4.43,278,6.29,0.158,0.130,0.028,0.101,0.045,0.056
1,balanced_cohort,prm:qwen25_math_prm_7b,5,0.997,4.43,278,6.29,0.158,0.130,0.028,0.101,0.045,0.056
1,balanced_cohort,predictor_D,1,0.997,4.43,278,6.47,0.155,0.129,0.026,0.097,0.044,0.053
1,balanced_cohort,predictor_D,3,0.997,4.43,278,6.47,0.155,0.129,0.026,0.097,0.044,0.053
1,balanced_cohort,predictor_D,5,0.997,4.43,278,6.47,0.155,0.129,0.026,0.097,0.044,0.053
1,balanced_cohort,predictor_E,1,0.997,4.43,278,6.65,0.155,0.129,0.026,0.097,0.044,0.053
1,balanced_cohort,predictor_E,3,0.997,4.43,278,6.65,0.155,0.129,0.026,0.097,0.044,0.053
1,balanced_cohort,predictor_E,5,0.997,4.43,278,6.65,0.155,0.129,0.026,0.097,0.044,0.053
1,natural_prevalence,random,1,0.125,-0.13,35,-3.42,0.173,0.130,0.042,0.173,0.052,0.121
1,natural_prevalence,random,3,0.125,-0.13,35,-3.42,0.173,0.130,0.042,0.173,0.052,0.121
1,natural_prevalence,random,5,0.997,-4.66,278,-1.34,0.198,0.129,0.069,0.136,0.043,0.093
1,natural_prevalence,rating_first,1,0.436,3.60,122,3.41,0.172,0.134,0.038,0.135,0.045,0.090
1,natural_prevalence,rating_first,3,0.685,-2.09,191,0.78,0.090,0.075,0.015,0.062,0.022,0.039
1,natural_prevalence,rating_first,5,0.997,-4.66,278,-1.12,0.190,0.127,0.063,0.137,0.042,0.094
1,natural_prevalence,harmful_first,1,0.405,0.28,113,-4.78,0.399,0.246,0.154,0.299,0.087,0.212
1,natural_prevalence,harmful_first,3,0.405,0.28,113,-4.78,0.399,0.246,0.154,0.299,0.087,0.212
1,natural_prevalence,harmful_first,5,0.997,-4.63,278,-1.36,0.198,0.129,0.070,0.136,0.043,0.093
1,natural_prevalence,intersection_first,1,0.436,3.60,122,3.41,0.172,0.134,0.038,0.135,0.045,0.090
1,natural_prevalence,intersection_first,3,0.685,-2.09,191,0.78,0.090,0.075,0.015,0.062,0.022,0.039
1,natural_prevalence,intersection_first,5,0.997,-4.66,278,-1.12,0.190,0.127,0.063,0.137,0.042,0.094
1,natural_prevalence,prm:llama31_8b_prm_deepseek,1,0.000,,0,,,,,,,
1,natural_prevalence,prm:llama31_8b_prm_deepseek,3,0.000,,0,,,,,,,
1,natural_prevalence,prm:llama31_8b_prm_deepseek,5,0.997,-4.66,278,-1.37,0.200,0.130,0.070,0.137,0.043,0.094
1,natural_prevalence,prm:math_shepherd_mistral_7b,1,0.280,3.05,78,8.02,0.015,0.076,0.000,0.010,0.028,0.000
1,natural_prevalence,prm:math_shepherd_mistral_7b,3,0.343,-1.25,96,4.75,0.107,0.102,0.005,0.011,0.033,0.000
1,natural_prevalence,prm:math_shepherd_mistral_7b,5,0.997,-4.66,278,-0.88,0.190,0.127,0.064,0.127,0.042,0.085
1,natural_prevalence,prm:qwen25_math_prm_7b,1,0.405,3.69,113,-8.69,0.242,0.138,0.104,0.163,0.049,0.114
1,natural_prevalence,prm:qwen25_math_prm_7b,3,0.498,-1.75,139,1.51,0.196,0.152,0.044,0.148,0.056,0.092
1,natural_prevalence,prm:qwen25_math_prm_7b,5,0.997,-4.66,278,-1.37,0.200,0.130,0.070,0.137,0.043,0.094
1,natural_prevalence,predictor_D,1,0.125,-0.96,35,15.71,0.171,0.159,0.012,0.086,0.058,0.028
1,natural_prevalence,predictor_D,3,0.125,-0.96,35,15.71,0.171,0.159,0.012,0.086,0.058,0.028
1,natural_prevalence,predictor_D,5,0.997,-4.63,278,-0.88,0.190,0.126,0.064,0.127,0.042,0.086
1,natural_prevalence,predictor_E,1,0.592,0.31,165,8.14,0.184,0.171,0.013,0.121,0.058,0.063
1,natural_prevalence,predictor_E,3,0.841,-2.94,235,4.49,0.183,0.144,0.039,0.100,0.047,0.053
1,natural_prevalence,predictor_E,5,0.997,-4.63,278,-0.38,0.190,0.126,0.064,0.127,0.042,0.086
2,balanced_cohort,random,1,1.000,5.15,290,5.34,0.141,0.118,0.024,0.100,0.039,0.061
2,balanced_cohort,random,3,1.000,5.15,290,5.34,0.141,0.118,0.024,0.100,0.039,0.061
2,balanced_cohort,random,5,1.000,5.15,290,5.34,0.141,0.118,0.024,0.100,0.039,0.061
2,balanced_cohort,rating_first,1,1.000,5.15,290,5.34,0.141,0.118,0.024,0.100,0.039,0.061
2,balanced_cohort,rating_first,3,1.000,5.15,290,5.34,0.141,0.118,0.024,0.100,0.039,0.061
2,balanced_cohort,rating_first,5,1.000,5.15,290,5.34,0.141,0.118,0.024,0.100,0.039,0.061
2,balanced_cohort,harmful_first,1,1.000,5.15,290,5.34,0.141,0.118,0.024,0.100,0.039,0.061
2,balanced_cohort,harmful_first,3,1.000,5.15,290,5.34,0.141,0.118,0.024,0.100,0.039,0.061
2,balanced_cohort,harmful_first,5,1.000,5.15,290,5.34,0.141,0.118,0.024,0.100,0.039,0.061
2,balanced_cohort,intersection_first,1,1.000,5.15,290,5.34,0.141,0.118,0.024,0.100,0.039,0.061
2,balanced_cohort,intersection_first,3,1.000,5.15,290,5.34,0.141,0.118,0.024,0.100,0.039,0.061
2,balanced_cohort,intersection_first,5,1.000,5.15,290,5.34,0.141,0.118,0.024,0.100,0.039,0.061
2,balanced_cohort,prm:llama31_8b_prm_deepseek,1,1.000,5.15,290,5.34,0.141,0.118,0.024,0.100,0.039,0.061
2,balanced_cohort,prm:llama31_8b_prm_deepseek,3,1.000,5.15,290,5.34,0.141,0.118,0.024,0.100,0.039,0.061
2,balanced_cohort,prm:llama31_8b_prm_deepseek,5,1.000,5.15,290,5.34,0.141,0.118,0.024,0.100,0.039,0.061
2,balanced_cohort,prm:math_shepherd_mistral_7b,1,1.000,5.15,290,5.34,0.141,0.118,0.024,0.100,0.039,0.061
2,balanced_cohort,prm:math_shepherd_mistral_7b,3,1.000,5.15,290,5.34,0.141,0.118,0.024,0.100,0.039,0.061
2,balanced_cohort,prm:math_shepherd_mistral_7b,5,1.000,5.15,290,5.34,0.141,0.118,0.024,0.100,0.039,0.061
2,balanced_cohort,prm:qwen25_math_prm_7b,1,1.000,5.15,290,5.34,0.141,0.118,0.024,0.100,0.039,0.061
2,balanced_cohort,prm:qwen25_math_prm_7b,3,1.000,5.15,290,5.34,0.141,0.118,0.024,0.100,0.039,0.061
2,balanced_cohort,prm:qwen25_math_prm_7b,5,1.000,5.15,290,5.34,0.141,0.118,0.024,0.100,0.039,0.061
2,balanced_cohort,predictor_D,1,1.000,5.15,290,5.34,0.141,0.118,0.024,0.100,0.039,0.061
2,balanced_cohort,predictor_D,3,1.000,5.15,290,5.34,0.141,0.118,0.024,0.100,0.039,0.061
2,balanced_cohort,predictor_D,5,1.000,5.15,290,5.34,0.141,0.118,0.024,0.100,0.039,0.061
2,balanced_cohort,predictor_E,1,1.000,5.15,290,5.34,0.141,0.118,0.024,0.100,0.039,0.061
2,balanced_cohort,predictor_E,3,1.000,5.15,290,5.34,0.141,0.118,0.024,0.100,0.039,0.061
2,balanced_cohort,predictor_E,5,1.000,5.15,290,5.34,0.141,0.118,0.024,0.100,0.039,0.061
2,natural_prevalence,random,1,0.000,,0,,,,,,,
2,natural_prevalence,random,3,0.000,,0,,,,,,,
2,natural_prevalence,random,5,1.000,-4.01,290,-2.36,0.197,0.111,0.086,0.115,0.036,0.079
2,natural_prevalence,rating_first,1,0.645,-0.29,187,-3.87,0.193,0.117,0.076,0.170,0.039,0.131
2,natural_prevalence,rating_first,3,0.645,-0.29,187,-3.87,0.193,0.117,0.076,0.170,0.039,0.131
2,natural_prevalence,rating_first,5,1.000,-4.01,290,-2.36,0.197,0.111,0.086,0.115,0.036,0.079
2,natural_prevalence,harmful_first,1,0.452,0.64,131,-7.47,0.249,0.131,0.118,0.193,0.045,0.148
2,natural_prevalence,harmful_first,3,0.613,-1.85,178,-4.32,0.224,0.128,0.095,0.170,0.045,0.125
2,natural_prevalence,harmful_first,5,1.000,-4.01,290,-2.36,0.197,0.111,0.086,0.115,0.036,0.079
2,natural_prevalence,intersection_first,1,0.645,-0.29,187,-3.87,0.193,0.117,0.076,0.170,0.039,0.131
2,natural_prevalence,intersection_first,3,0.645,-0.29,187,-3.87,0.193,0.117,0.076,0.170,0.039,0.131
2,natural_prevalence,intersection_first,5,1.000,-4.01,290,-2.36,0.197,0.111,0.086,0.115,0.036,0.079
2,natural_prevalence,prm:llama31_8b_prm_deepseek,1,0.032,-0.18,9,14.76,0.069,0.256,0.000,0.069,0.052,0.017
2,natural_prevalence,prm:llama31_8b_prm_deepseek,3,0.677,-2.36,196,2.02,0.153,0.108,0.046,0.088,0.037,0.051
2,natural_prevalence,prm:llama31_8b_prm_deepseek,5,1.000,-4.01,290,-2.36,0.197,0.111,0.086,0.115,0.036,0.079
2,natural_prevalence,prm:math_shepherd_mistral_7b,1,0.323,0.61,94,7.52,0.137,0.152,0.000,0.030,0.045,0.000
2,natural_prevalence,prm:math_shepherd_mistral_7b,3,0.355,-2.62,103,6.44,0.126,0.137,0.000,0.031,0.040,0.000
2,natural_prevalence,prm:math_shepherd_mistral_7b,5,1.000,-4.01,290,-2.36,0.197,0.111,0.086,0.115,0.036,0.079
2,natural_prevalence,prm:qwen25_math_prm_7b,1,0.387,7.03,112,-9.61,0.199,0.075,0.124,0.113,0.028,0.085
2,natural_prevalence,prm:qwen25_math_prm_7b,3,0.387,7.03,112,-9.61,0.199,0.075,0.124,0.113,0.028,0.085
2,natural_prevalence,prm:qwen25_math_prm_7b,5,1.000,-4.01,290,-2.36,0.197,0.111,0.086,0.115,0.036,0.079
2,natural_prevalence,predictor_D,1,0.806,0.35,234,-10.19,0.250,0.114,0.136,0.166,0.036,0.130
2,natural_prevalence,predictor_D,3,0.903,-1.40,262,-8.19,0.223,0.099,0.123,0.139,0.031,0.108
2,natural_prevalence,predictor_D,5,1.000,-4.01,290,-2.36,0.197,0.111,0.086,0.115,0.036,0.079
2,natural_prevalence,predictor_E,1,0.871,0.73,253,-1.09,0.220,0.128,0.092,0.121,0.041,0.080
2,natural_prevalence,predictor_E,3,0.935,-1.32,271,-2.36,0.215,0.122,0.092,0.124,0.039,0.085
2,natural_prevalence,predictor_E,5,1.000,-4.01,290,-2.36,0.197,0.111,0.086,0.115,0.036,0.079
3,balanced_cohort,random,1,0.979,4.27,267,6.27,0.139,0.122,0.017,0.109,0.041,0.068
3,balanced_cohort,random,3,0.979,4.27,267,6.27,0.139,0.122,0.017,0.109,0.041,0.068
3,balanced_cohort,random,5,0.979,4.27,267,6.27,0.139,0.122,0.017,0.109,0.041,0.068
3,balanced_cohort,rating_first,1,0.979,4.13,267,6.65,0.135,0.122,0.013,0.105,0.041,0.064
3,balanced_cohort,rating_first,3,0.979,4.13,267,6.65,0.135,0.122,0.013,0.105,0.041,0.064
3,balanced_cohort,rating_first,5,0.979,4.13,267,6.65,0.135,0.122,0.013,0.105,0.041,0.064
3,balanced_cohort,harmful_first,1,0.979,4.12,267,6.46,0.139,0.122,0.017,0.105,0.041,0.064
3,balanced_cohort,harmful_first,3,0.979,4.12,267,6.46,0.139,0.122,0.017,0.105,0.041,0.064
3,balanced_cohort,harmful_first,5,0.979,4.12,267,6.46,0.139,0.122,0.017,0.105,0.041,0.064
3,balanced_cohort,intersection_first,1,0.979,4.13,267,6.65,0.135,0.122,0.013,0.105,0.041,0.064
3,balanced_cohort,intersection_first,3,0.979,4.13,267,6.65,0.135,0.122,0.013,0.105,0.041,0.064
3,balanced_cohort,intersection_first,5,0.979,4.13,267,6.65,0.135,0.122,0.013,0.105,0.041,0.064
3,balanced_cohort,prm:llama31_8b_prm_deepseek,1,0.979,4.05,267,6.18,0.142,0.123,0.019,0.109,0.041,0.068
3,balanced_cohort,prm:llama31_8b_prm_deepseek,3,0.979,4.05,267,6.18,0.142,0.123,0.019,0.109,0.041,0.068
3,balanced_cohort,prm:llama31_8b_prm_deepseek,5,0.979,4.05,267,6.18,0.142,0.123,0.019,0.109,0.041,0.068
3,balanced_cohort,prm:math_shepherd_mistral_7b,1,0.979,3.85,267,6.37,0.139,0.122,0.017,0.105,0.041,0.064
3,balanced_cohort,prm:math_shepherd_mistral_7b,3,0.979,3.85,267,6.37,0.139,0.122,0.017,0.105,0.041,0.064
3,balanced_cohort,prm:math_shepherd_mistral_7b,5,0.979,3.85,267,6.37,0.139,0.122,0.017,0.105,0.041,0.064
3,balanced_cohort,prm:qwen25_math_prm_7b,1,0.979,4.06,267,6.27,0.142,0.123,0.019,0.109,0.041,0.067
3,balanced_cohort,prm:qwen25_math_prm_7b,3,0.979,4.06,267,6.27,0.142,0.123,0.019,0.109,0.041,0.067
3,balanced_cohort,prm:qwen25_math_prm_7b,5,0.979,4.06,267,6.27,0.142,0.123,0.019,0.109,0.041,0.067
3,balanced_cohort,predictor_D,1,0.979,3.88,267,6.46,0.139,0.123,0.015,0.109,0.041,0.067
3,balanced_cohort,predictor_D,3,0.979,3.88,267,6.46,0.139,0.123,0.015,0.109,0.041,0.067
3,balanced_cohort,predictor_D,5,0.979,3.88,267,6.46,0.139,0.123,0.015,0.109,0.041,0.067
3,balanced_cohort,predictor_E,1,0.979,4.04,267,6.74,0.139,0.123,0.016,0.105,0.041,0.064
3,balanced_cohort,predictor_E,3,0.979,4.04,267,6.74,0.139,0.123,0.016,0.105,0.041,0.064
3,balanced_cohort,predictor_E,5,0.979,4.04,267,6.74,0.139,0.123,0.016,0.105,0.041,0.064
3,natural_prevalence,random,1,0.000,,0,,,,,,,
3,natural_prevalence,random,3,0.000,,0,,,,,,,
3,natural_prevalence,random,5,0.000,,0,,,,,,,
3,natural_prevalence,rating_first,1,0.336,9.61,92,13.04,0.098,0.121,0.000,0.054,0.042,0.013
3,natural_prevalence,rating_first,3,0.673,-2.03,184,0.11,0.179,0.120,0.060,0.156,0.041,0.115
3,natural_prevalence,rating_first,5,0.673,-2.03,184,0.11,0.179,0.120,0.060,0.156,0.041,0.115
3,natural_prevalence,harmful_first,1,0.122,0.35,33,-8.30,0.178,0.063,0.115,0.176,0.020,0.157
3,natural_prevalence,harmful_first,3,0.183,-2.32,50,15.48,0.093,0.170,0.000,0.092,0.052,0.040
3,natural_prevalence,harmful_first,5,0.214,-3.31,58,16.78,0.116,0.178,0.000,0.086,0.054,0.032
3,natural_prevalence,intersection_first,1,0.336,9.61,92,15.22,0.087,0.125,0.000,0.043,0.043,0.000
3,natural_prevalence,intersection_first,3,0.673,-2.03,184,0.11,0.179,0.120,0.060,0.156,0.041,0.115
3,natural_prevalence,intersection_first,5,0.673,-2.03,184,0.11,0.179,0.120,0.060,0.156,0.041,0.115
3,natural_prevalence,prm:llama31_8b_prm_deepseek,1,0.367,-0.52,100,-5.18,0.276,0.142,0.135,0.208,0.047,0.161
3,natural_prevalence,prm:llama31_8b_prm_deepseek,3,0.612,-2.21,167,8.29,0.188,0.154,0.034,0.121,0.051,0.069
3,natural_prevalence,prm:llama31_8b_prm_deepseek,5,0.642,-4.54,175,6.22,0.206,0.156,0.050,0.143,0.053,0.091
3,natural_prevalence,prm:math_shepherd_mistral_7b,1,0.336,-0.92,92,14.72,0.127,0.164,0.000,0.071,0.054,0.017
3,natural_prevalence,prm:math_shepherd_mistral_7b,3,0.336,-0.92,92,14.72,0.127,0.164,0.000,0.071,0.054,0.017
3,natural_prevalence,prm:math_shepherd_mistral_7b,5,0.336,-0.92,92,14.72,0.127,0.164,0.000,0.071,0.054,0.017
3,natural_prevalence,prm:qwen25_math_prm_7b,1,0.336,1.48,92,-10.25,0.431,0.230,0.202,0.232,0.082,0.150
3,natural_prevalence,prm:qwen25_math_prm_7b,3,0.336,1.48,92,-10.25,0.431,0.230,0.202,0.232,0.082,0.150
3,natural_prevalence,prm:qwen25_math_prm_7b,5,0.459,-4.04,125,-4.51,0.262,0.173,0.089,0.197,0.058,0.139
3,natural_prevalence,predictor_D,1,0.214,17.21,58,15.95,0.086,0.124,0.000,0.052,0.044,0.008
3,natural_prevalence,predictor_D,3,0.245,-1.87,67,17.54,0.075,0.127,0.000,0.045,0.044,0.001
3,natural_prevalence,predictor_D,5,0.245,-1.87,67,17.54,0.075,0.127,0.000,0.045,0.044,0.001
3,natural_prevalence,predictor_E,1,0.489,-0.92,134,30.67,0.049,0.195,0.000,0.044,0.064,0.000
3,natural_prevalence,predictor_E,3,0.489,-0.92,134,30.67,0.049,0.195,0.000,0.044,0.064,0.000
3,natural_prevalence,predictor_E,5,0.550,-4.78,150,23.41,0.120,0.212,0.000,0.090,0.068,0.022
4,balanced_cohort,random,1,1.000,0.33,320,9.84,0.134,0.134,0.001,0.103,0.046,0.057
4,balanced_cohort,random,3,1.000,0.33,320,9.84,0.134,0.134,0.001,0.103,0.046,0.057
4,balanced_cohort,random,5,1.000,0.33,320,9.84,0.134,0.134,0.001,0.103,0.046,0.057
4,balanced_cohort,rating_first,1,1.000,0.33,320,9.84,0.134,0.134,0.001,0.103,0.046,0.057
4,balanced_cohort,rating_first,3,1.000,0.33,320,9.84,0.134,0.134,0.001,0.103,0.046,0.057
4,balanced_cohort,rating_first,5,1.000,0.33,320,9.84,0.134,0.134,0.001,0.103,0.046,0.057
4,balanced_cohort,harmful_first,1,1.000,0.33,320,9.84,0.134,0.134,0.001,0.103,0.046,0.057
4,balanced_cohort,harmful_first,3,1.000,0.33,320,9.84,0.134,0.134,0.001,0.103,0.046,0.057
4,balanced_cohort,harmful_first,5,1.000,0.33,320,9.84,0.134,0.134,0.001,0.103,0.046,0.057
4,balanced_cohort,intersection_first,1,1.000,0.33,320,9.84,0.134,0.134,0.001,0.103,0.046,0.057
4,balanced_cohort,intersection_first,3,1.000,0.33,320,9.84,0.134,0.134,0.001,0.103,0.046,0.057
4,balanced_cohort,intersection_first,5,1.000,0.33,320,9.84,0.134,0.134,0.001,0.103,0.046,0.057
4,balanced_cohort,prm:llama31_8b_prm_deepseek,1,1.000,0.33,320,9.84,0.134,0.134,0.001,0.103,0.046,0.057
4,balanced_cohort,prm:llama31_8b_prm_deepseek,3,1.000,0.33,320,9.84,0.134,0.134,0.001,0.103,0.046,0.057
4,balanced_cohort,prm:llama31_8b_prm_deepseek,5,1.000,0.33,320,9.84,0.134,0.134,0.001,0.103,0.046,0.057
4,balanced_cohort,prm:math_shepherd_mistral_7b,1,1.000,0.33,320,9.84,0.134,0.134,0.001,0.103,0.046,0.057
4,balanced_cohort,prm:math_shepherd_mistral_7b,3,1.000,0.33,320,9.84,0.134,0.134,0.001,0.103,0.046,0.057
4,balanced_cohort,prm:math_shepherd_mistral_7b,5,1.000,0.33,320,9.84,0.134,0.134,0.001,0.103,0.046,0.057
4,balanced_cohort,prm:qwen25_math_prm_7b,1,1.000,0.33,320,9.84,0.134,0.134,0.001,0.103,0.046,0.057
4,balanced_cohort,prm:qwen25_math_prm_7b,3,1.000,0.33,320,9.84,0.134,0.134,0.001,0.103,0.046,0.057
4,balanced_cohort,prm:qwen25_math_prm_7b,5,1.000,0.33,320,9.84,0.134,0.134,0.001,0.103,0.046,0.057
4,balanced_cohort,predictor_D,1,1.000,0.33,320,9.84,0.134,0.134,0.001,0.103,0.046,0.057
4,balanced_cohort,predictor_D,3,1.000,0.33,320,9.84,0.134,0.134,0.001,0.103,0.046,0.057
4,balanced_cohort,predictor_D,5,1.000,0.33,320,9.84,0.134,0.134,0.001,0.103,0.046,0.057
4,balanced_cohort,predictor_E,1,1.000,0.33,320,9.84,0.134,0.134,0.001,0.103,0.046,0.057
4,balanced_cohort,predictor_E,3,1.000,0.33,320,9.84,0.134,0.134,0.001,0.103,0.046,0.057
4,balanced_cohort,predictor_E,5,1.000,0.33,320,9.84,0.134,0.134,0.001,0.103,0.046,0.057
4,natural_prevalence,random,1,0.000,,0,,,,,,,
4,natural_prevalence,random,3,0.000,,0,,,,,,,
4,natural_prevalence,random,5,0.000,,0,,,,,,,
4,natural_prevalence,rating_first,1,0.286,11.08,91,22.25,0.066,0.134,0.000,0.033,0.046,0.000
4,natural_prevalence,rating_first,3,0.679,-2.55,217,0.45,0.190,0.130,0.060,0.170,0.045,0.124
4,natural_prevalence,rating_first,5,0.679,-2.55,217,0.45,0.190,0.130,0.060,0.170,0.045,0.124
4,natural_prevalence,harmful_first,1,0.214,4.34,69,7.35,0.081,0.067,0.014,0.053,0.023,0.030
4,natural_prevalence,harmful_first,3,0.214,4.34,69,7.35,0.081,0.067,0.014,0.053,0.023,0.030
4,natural_prevalence,harmful_first,5,0.214,4.34,69,7.35,0.081,0.067,0.014,0.053,0.023,0.030
4,natural_prevalence,intersection_first,1,0.286,12.17,91,20.60,0.077,0.137,0.000,0.033,0.047,0.000
4,natural_prevalence,intersection_first,3,0.679,-2.55,217,0.45,0.190,0.130,0.060,0.170,0.045,0.124
4,natural_prevalence,intersection_first,5,0.679,-2.55,217,0.45,0.190,0.130,0.060,0.170,0.045,0.124
4,natural_prevalence,prm:llama31_8b_prm_deepseek,1,0.000,,0,,,,,,,
4,natural_prevalence,prm:llama31_8b_prm_deepseek,3,0.000,,0,,,,,,,
4,natural_prevalence,prm:llama31_8b_prm_deepseek,5,0.357,-3.94,114,-4.97,0.219,0.114,0.104,0.167,0.039,0.128
4,natural_prevalence,prm:math_shepherd_mistral_7b,1,0.250,-0.52,80,13.61,0.042,0.121,0.000,0.036,0.043,0.000
4,natural_prevalence,prm:math_shepherd_mistral_7b,3,0.286,-1.45,91,15.69,0.038,0.122,0.000,0.030,0.044,0.000
4,natural_prevalence,prm:math_shepherd_mistral_7b,5,0.286,-1.45,91,15.69,0.038,0.122,0.000,0.030,0.044,0.000
4,natural_prevalence,prm:qwen25_math_prm_7b,1,0.179,-0.67,57,-10.30,0.478,0.179,0.300,0.003,0.067,0.000
4,natural_prevalence,prm:qwen25_math_prm_7b,3,0.179,-0.67,57,-10.30,0.478,0.179,0.300,0.003,0.067,0.000
4,natural_prevalence,prm:qwen25_math_prm_7b,5,0.214,-3.11,69,-8.97,0.332,0.124,0.208,0.026,0.047,0.000
4,natural_prevalence,predictor_D,1,0.143,-0.51,46,23.91,0.043,0.133,0.000,0.022,0.047,0.000
4,natural_prevalence,predictor_D,3,0.143,-0.51,46,23.91,0.043,0.133,0.000,0.022,0.047,0.000
4,natural_prevalence,predictor_D,5,0.143,-0.51,46,23.91,0.043,0.133,0.000,0.022,0.047,0.000
4,natural_prevalence,predictor_E,1,0.464,-0.79,149,32.80,0.000,0.135,0.000,0.000,0.051,0.000
4,natural_prevalence,predictor_E,3,0.464,-0.79,149,32.80,0.000,0.135,0.000,0.000,0.051,0.000
4,natural_prevalence,predictor_E,5,0.714,-3.99,229,12.73,0.121,0.149,0.000,0.104,0.050,0.054
5,balanced_cohort,random,1,0.989,4.09,333,6.53,0.147,0.122,0.025,0.093,0.041,0.052
5,balanced_cohort,random,3,0.989,4.09,333,6.53,0.147,0.122,0.025,0.093,0.041,0.052
5,balanced_cohort,random,5,0.989,4.09,333,6.53,0.147,0.122,0.025,0.093,0.041,0.052
5,balanced_cohort,rating_first,1,0.989,4.26,333,6.31,0.150,0.123,0.027,0.096,0.041,0.055
5,balanced_cohort,rating_first,3,0.989,4.26,333,6.31,0.150,0.123,0.027,0.096,0.041,0.055
5,balanced_cohort,rating_first,5,0.989,4.26,333,6.31,0.150,0.123,0.027,0.096,0.041,0.055
5,balanced_cohort,harmful_first,1,0.989,4.26,333,6.23,0.153,0.124,0.029,0.096,0.041,0.055
5,balanced_cohort,harmful_first,3,0.989,4.26,333,6.23,0.153,0.124,0.029,0.096,0.041,0.055
5,balanced_cohort,harmful_first,5,0.989,4.26,333,6.23,0.153,0.124,0.029,0.096,0.041,0.055
5,balanced_cohort,intersection_first,1,0.989,4.26,333,6.31,0.150,0.123,0.027,0.096,0.041,0.055
5,balanced_cohort,intersection_first,3,0.989,4.26,333,6.31,0.150,0.123,0.027,0.096,0.041,0.055
5,balanced_cohort,intersection_first,5,0.989,4.26,333,6.31,0.150,0.123,0.027,0.096,0.041,0.055
5,balanced_cohort,prm:llama31_8b_prm_deepseek,1,0.989,4.26,333,6.16,0.156,0.125,0.031,0.096,0.042,0.055
5,balanced_cohort,prm:llama31_8b_prm_deepseek,3,0.989,4.26,333,6.16,0.156,0.125,0.031,0.096,0.042,0.055
5,balanced_cohort,prm:llama31_8b_prm_deepseek,5,0.989,4.26,333,6.16,0.156,0.125,0.031,0.096,0.042,0.055
5,balanced_cohort,prm:math_shepherd_mistral_7b,1,0.989,4.47,333,6.01,0.156,0.124,0.032,0.096,0.041,0.055
5,balanced_cohort,prm:math_shepherd_mistral_7b,3,0.989,4.47,333,6.01,0.156,0.124,0.032,0.096,0.041,0.055
5,balanced_cohort,prm:math_shepherd_mistral_7b,5,0.989,4.47,333,6.01,0.156,0.124,0.032,0.096,0.041,0.055
5,balanced_cohort,prm:qwen25_math_prm_7b,1,0.989,4.26,333,6.16,0.156,0.125,0.031,0.096,0.042,0.055
5,balanced_cohort,prm:qwen25_math_prm_7b,3,0.989,4.26,333,6.16,0.156,0.125,0.031,0.096,0.042,0.055
5,balanced_cohort,prm:qwen25_math_prm_7b,5,0.989,4.26,333,6.16,0.156,0.125,0.031,0.096,0.042,0.055
5,balanced_cohort,predictor_D,1,0.989,4.38,333,6.16,0.156,0.125,0.031,0.096,0.042,0.055
5,balanced_cohort,predictor_D,3,0.989,4.38,333,6.16,0.156,0.125,0.031,0.096,0.042,0.055
5,balanced_cohort,predictor_D,5,0.989,4.38,333,6.16,0.156,0.125,0.031,0.096,0.042,0.055
5,balanced_cohort,predictor_E,1,0.989,4.38,333,6.61,0.150,0.123,0.027,0.090,0.041,0.049
5,balanced_cohort,predictor_E,3,0.989,4.38,333,6.61,0.150,0.123,0.027,0.090,0.041,0.049
5,balanced_cohort,predictor_E,5,0.989,4.38,333,6.61,0.150,0.123,0.027,0.090,0.041,0.049
5,natural_prevalence,random,1,0.076,-0.02,26,-9.14,0.137,0.094,0.043,0.137,0.029,0.108
5,natural_prevalence,random,3,0.076,-0.02,26,-9.14,0.137,0.094,0.043,0.137,0.029,0.108
5,natural_prevalence,random,5,0.114,-4.46,38,-8.74,0.159,0.115,0.045,0.159,0.041,0.119
5,natural_prevalence,rating_first,1,0.494,-0.77,167,0.88,0.171,0.124,0.047,0.139,0.042,0.096
5,natural_prevalence,rating_first,3,0.570,-2.24,192,-2.12,0.179,0.109,0.070,0.122,0.036,0.087
5,natural_prevalence,rating_first,5,0.608,-3.00,205,-1.37,0.176,0.112,0.063,0.117,0.037,0.080
5,natural_prevalence,harmful_first,1,0.266,37.51,90,-13.46,0.186,0.081,0.105,0.173,0.030,0.142
5,natural_prevalence,harmful_first,3,0.304,-3.00,103,-12.66,0.257,0.135,0.122,0.246,0.041,0.205
5,natural_prevalence,harmful_first,5,0.456,-3.23,154,-3.02,0.149,0.104,0.045,0.112,0.029,0.084
5,natural_prevalence,intersection_first,1,0.494,-0.77,167,0.88,0.171,0.124,0.047,0.139,0.042,0.096
5,natural_prevalence,intersection_first,3,0.570,-2.24,192,-2.12,0.179,0.109,0.070,0.122,0.036,0.087
5,natural_prevalence,intersection_first,5,0.608,-3.00,205,-1.37,0.176,0.112,0.063,0.117,0.037,0.080
5,natural_prevalence,prm:llama31_8b_prm_deepseek,1,0.038,-0.64,13,28.71,0.034,0.284,0.000,0.034,0.088,0.000
5,natural_prevalence,prm:llama31_8b_prm_deepseek,3,0.684,-2.80,231,1.15,0.166,0.112,0.054,0.107,0.037,0.069
5,natural_prevalence,prm:llama31_8b_prm_deepseek,5,0.760,-4.54,256,-1.56,0.202,0.118,0.085,0.113,0.037,0.076
5,natural_prevalence,prm:math_shepherd_mistral_7b,1,0.342,0.87,115,3.78,0.160,0.128,0.032,0.049,0.038,0.011
5,natural_prevalence,prm:math_shepherd_mistral_7b,3,0.494,-2.76,167,-5.01,0.250,0.145,0.105,0.160,0.047,0.113
5,natural_prevalence,prm:math_shepherd_mistral_7b,5,0.532,-4.75,179,-1.17,0.225,0.145,0.080,0.144,0.048,0.097
5,natural_prevalence,prm:qwen25_math_prm_7b,1,0.532,2.48,179,-6.18,0.231,0.130,0.101,0.157,0.042,0.115
5,natural_prevalence,prm:qwen25_math_prm_7b,3,0.532,2.48,179,-6.18,0.231,0.130,0.101,0.157,0.042,0.115
5,natural_prevalence,prm:qwen25_math_prm_7b,5,0.837,-4.64,282,-0.21,0.187,0.130,0.057,0.125,0.041,0.084
5,natural_prevalence,predictor_D,1,0.000,,0,,,,,,,
5,natural_prevalence,predictor_D,3,0.000,,0,,,,,,,
5,natural_prevalence,predictor_D,5,0.000,,0,,,,,,,
5,natural_prevalence,predictor_E,1,0.456,5.56,154,20.20,0.088,0.167,0.000,0.057,0.054,0.003
5,natural_prevalence,predictor_E,3,0.837,-2.75,282,4.58,0.158,0.130,0.028,0.090,0.040,0.050
5,natural_prevalence,predictor_E,5,0.875,-4.47,295,3.73,0.170,0.129,0.042,0.087,0.039,0.048
6,balanced_cohort,random,1,0.976,4.08,305,6.15,0.157,0.127,0.030,0.089,0.042,0.047
6,balanced_cohort,random,3,0.976,4.08,305,6.15,0.157,0.127,0.030,0.089,0.042,0.047
6,balanced_cohort,random,5,0.976,4.08,305,6.15,0.157,0.127,0.030,0.089,0.042,0.047
6,balanced_cohort,rating_first,1,0.976,4.07,305,6.80,0.157,0.129,0.028,0.089,0.042,0.046
6,balanced_cohort,rating_first,3,0.976,4.07,305,6.80,0.157,0.129,0.028,0.089,0.042,0.046
6,balanced_cohort,rating_first,5,0.976,4.07,305,6.80,0.157,0.129,0.028,0.089,0.042,0.046
6,balanced_cohort,harmful_first,1,0.976,4.07,305,6.72,0.161,0.130,0.030,0.089,0.043,0.046
6,balanced_cohort,harmful_first,3,0.976,4.07,305,6.72,0.161,0.130,0.030,0.089,0.043,0.046
6,balanced_cohort,harmful_first,5,0.976,4.07,305,6.72,0.161,0.130,0.030,0.089,0.043,0.046
6,balanced_cohort,intersection_first,1,0.976,4.07,305,6.80,0.157,0.129,0.028,0.089,0.042,0.046
6,balanced_cohort,intersection_first,3,0.976,4.07,305,6.80,0.157,0.129,0.028,0.089,0.042,0.046
6,balanced_cohort,intersection_first,5,0.976,4.07,305,6.80,0.157,0.129,0.028,0.089,0.042,0.046
6,balanced_cohort,prm:llama31_8b_prm_deepseek,1,0.976,3.68,305,6.64,0.164,0.131,0.033,0.089,0.043,0.046
6,balanced_cohort,prm:llama31_8b_prm_deepseek,3,0.976,3.68,305,6.64,0.164,0.131,0.033,0.089,0.043,0.046
6,balanced_cohort,prm:llama31_8b_prm_deepseek,5,0.976,3.68,305,6.64,0.164,0.131,0.033,0.089,0.043,0.046
6,balanced_cohort,prm:math_shepherd_mistral_7b,1,0.976,3.87,305,6.48,0.157,0.128,0.029,0.089,0.042,0.047
6,balanced_cohort,prm:math_shepherd_mistral_7b,3,0.976,3.87,305,6.48,0.157,0.128,0.029,0.089,0.042,0.047
6,balanced_cohort,prm:math_shepherd_mistral_7b,5,0.976,3.87,305,6.48,0.157,0.128,0.029,0.089,0.042,0.047
6,balanced_cohort,prm:qwen25_math_prm_7b,1,0.976,3.93,305,6.48,0.161,0.129,0.031,0.089,0.042,0.046
6,balanced_cohort,prm:qwen25_math_prm_7b,3,0.976,3.93,305,6.48,0.161,0.129,0.031,0.089,0.042,0.046
6,balanced_cohort,prm:qwen25_math_prm_7b,5,0.976,3.93,305,6.48,0.161,0.129,0.031,0.089,0.042,0.046
6,balanced_cohort,predictor_D,1,0.976,3.28,305,5.90,0.161,0.127,0.034,0.089,0.041,0.047
6,balanced_cohort,predictor_D,3,0.976,3.28,305,5.90,0.161,0.127,0.034,0.089,0.041,0.047
6,balanced_cohort,predictor_D,5,0.976,3.28,305,5.90,0.161,0.127,0.034,0.089,0.041,0.047
6,balanced_cohort,predictor_E,1,0.976,4.60,305,7.13,0.154,0.128,0.026,0.085,0.042,0.043
6,balanced_cohort,predictor_E,3,0.976,4.60,305,7.13,0.154,0.128,0.026,0.085,0.042,0.043
6,balanced_cohort,predictor_E,5,0.976,4.60,305,7.13,0.154,0.128,0.026,0.085,0.042,0.043
6,natural_prevalence,random,1,0.279,-0.84,87,-7.59,0.165,0.079,0.086,0.125,0.030,0.095
6,natural_prevalence,random,3,0.941,-2.28,294,-2.37,0.204,0.113,0.091,0.103,0.035,0.069
6,natural_prevalence,random,5,0.976,-3.67,305,-2.67,0.208,0.114,0.095,0.110,0.035,0.075
6,natural_prevalence,rating_first,1,0.732,1.58,229,-1.50,0.174,0.109,0.064,0.111,0.031,0.079
6,natural_prevalence,rating_first,3,0.941,-2.62,294,-3.17,0.203,0.114,0.089,0.119,0.036,0.084
6,natural_prevalence,rating_first,5,0.976,-3.29,305,-2.34,0.201,0.114,0.087,0.116,0.035,0.081
6,natural_prevalence,harmful_first,1,0.209,11.50,65,0.59,0.063,0.036,0.027,0.042,0.010,0.031
6,natural_prevalence,harmful_first,3,0.871,-2.87,273,-2.23,0.199,0.114,0.085,0.112,0.036,0.076
6,natural_prevalence,harmful_first,5,0.976,-3.23,305,-2.52,0.205,0.114,0.091,0.113,0.036,0.078
6,natural_prevalence,intersection_first,1,0.732,1.58,229,-1.50,0.174,0.109,0.064,0.111,0.031,0.079
6,natural_prevalence,intersection_first,3,0.941,-2.62,294,-3.17,0.203,0.114,0.089,0.119,0.036,0.084
6,natural_prevalence,intersection_first,5,0.976,-3.29,305,-2.34,0.201,0.114,0.087,0.116,0.035,0.081
6,natural_prevalence,prm:llama31_8b_prm_deepseek,1,0.662,0.25,207,-1.14,0.162,0.085,0.076,0.075,0.028,0.047
6,natural_prevalence,prm:llama31_8b_prm_deepseek,3,0.906,-2.99,284,-3.90,0.232,0.120,0.112,0.129,0.038,0.091
6,natural_prevalence,prm:llama31_8b_prm_deepseek,5,0.976,-4.41,305,-2.73,0.213,0.116,0.097,0.112,0.036,0.077
6,natural_prevalence,prm:math_shepherd_mistral_7b,1,0.383,2.46,120,-2.97,0.226,0.124,0.102,0.114,0.038,0.077
6,natural_prevalence,prm:math_shepherd_mistral_7b,3,0.453,-1.46,142,-1.03,0.211,0.121,0.090,0.121,0.038,0.083
6,natural_prevalence,prm:math_shepherd_mistral_7b,5,0.976,-3.88,305,-2.65,0.208,0.113,0.094,0.110,0.035,0.075
6,natural_prevalence,prm:qwen25_math_prm_7b,1,0.139,19.36,44,-9.79,0.433,0.160,0.273,0.003,0.061,0.000
6,natural_prevalence,prm:qwen25_math_prm_7b,3,0.906,-2.93,284,-3.67,0.206,0.111,0.094,0.110,0.034,0.076
6,natural_prevalence,prm:qwen25_math_prm_7b,5,0.976,-3.48,305,-3.26,0.207,0.112,0.095,0.114,0.035,0.080
6,natural_prevalence,predictor_D,1,0.035,19.40,11,25.00,0.091,0.148,0.000,0.000,0.047,0.000
6,natural_prevalence,predictor_D,3,0.035,19.40,11,25.00,0.091,0.148,0.000,0.000,0.047,0.000
6,natural_prevalence,predictor_D,5,0.976,-4.08,305,-3.59,0.205,0.110,0.095,0.113,0.034,0.079
6,natural_prevalence,predictor_E,1,0.557,1.85,174,8.02,0.235,0.175,0.060,0.107,0.052,0.054
6,natural_prevalence,predictor_E,3,0.941,-2.74,294,-2.41,0.208,0.117,0.092,0.115,0.036,0.078
6,natural_prevalence,predictor_E,5,0.976,-3.51,305,-2.40,0.202,0.113,0.089,0.112,0.035,0.076
7,balanced_cohort,random,1,0.990,3.74,304,6.25,0.128,0.119,0.010,0.082,0.039,0.044
7,balanced_cohort,random,3,0.990,3.74,304,6.25,0.128,0.119,0.010,0.082,0.039,0.044
7,balanced_cohort,random,5,0.990,3.74,304,6.25,0.128,0.119,0.010,0.082,0.039,0.044
7,balanced_cohort,rating_first,1,0.990,3.74,304,6.41,0.128,0.120,0.008,0.082,0.039,0.043
7,balanced_cohort,rating_first,3,0.990,3.74,304,6.41,0.128,0.120,0.008,0.082,0.039,0.043
7,balanced_cohort,rating_first,5,0.990,3.74,304,6.41,0.128,0.120,0.008,0.082,0.039,0.043
7,balanced_cohort,harmful_first,1,0.990,3.74,304,6.41,0.128,0.120,0.008,0.082,0.039,0.043
7,balanced_cohort,harmful_first,3,0.990,3.74,304,6.41,0.128,0.120,0.008,0.082,0.039,0.043
7,balanced_cohort,harmful_first,5,0.990,3.74,304,6.41,0.128,0.120,0.008,0.082,0.039,0.043
7,balanced_cohort,intersection_first,1,0.990,3.74,304,6.41,0.128,0.120,0.008,0.082,0.039,0.043
7,balanced_cohort,intersection_first,3,0.990,3.74,304,6.41,0.128,0.120,0.008,0.082,0.039,0.043
7,balanced_cohort,intersection_first,5,0.990,3.74,304,6.41,0.128,0.120,0.008,0.082,0.039,0.043
7,balanced_cohort,prm:llama31_8b_prm_deepseek,1,0.990,3.74,304,6.33,0.132,0.121,0.011,0.082,0.039,0.043
7,balanced_cohort,prm:llama31_8b_prm_deepseek,3,0.990,3.74,304,6.33,0.132,0.121,0.011,0.082,0.039,0.043
7,balanced_cohort,prm:llama31_8b_prm_deepseek,5,0.990,3.74,304,6.33,0.132,0.121,0.011,0.082,0.039,0.043
7,balanced_cohort,prm:math_shepherd_mistral_7b,1,0.990,3.55,304,6.50,0.128,0.120,0.009,0.079,0.039,0.040
7,balanced_cohort,prm:math_shepherd_mistral_7b,3,0.990,3.55,304,6.50,0.128,0.120,0.009,0.079,0.039,0.040
7,balanced_cohort,prm:math_shepherd_mistral_7b,5,0.990,3.55,304,6.50,0.128,0.120,0.009,0.079,0.039,0.040
7,balanced_cohort,prm:qwen25_math_prm_7b,1,0.990,3.73,304,6.33,0.132,0.121,0.011,0.082,0.039,0.043
7,balanced_cohort,prm:qwen25_math_prm_7b,3,0.990,3.73,304,6.33,0.132,0.121,0.011,0.082,0.039,0.043
7,balanced_cohort,prm:qwen25_math_prm_7b,5,0.990,3.73,304,6.33,0.132,0.121,0.011,0.082,0.039,0.043
7,balanced_cohort,predictor_D,1,0.990,4.12,304,5.76,0.132,0.117,0.014,0.082,0.038,0.044
7,balanced_cohort,predictor_D,3,0.990,4.12,304,5.76,0.132,0.117,0.014,0.082,0.038,0.044
7,balanced_cohort,predictor_D,5,0.990,4.12,304,5.76,0.132,0.117,0.014,0.082,0.038,0.044
7,balanced_cohort,predictor_E,1,0.990,4.12,304,6.66,0.128,0.119,0.009,0.079,0.039,0.040
7,balanced_cohort,predictor_E,3,0.990,4.12,304,6.66,0.128,0.119,0.009,0.079,0.039,0.040
7,balanced_cohort,predictor_E,5,0.990,4.12,304,6.66,0.128,0.119,0.009,0.079,0.039,0.040
7,natural_prevalence,random,1,0.000,,0,,,,,,,
7,natural_prevalence,random,3,0.000,,0,,,,,,,
7,natural_prevalence,random,5,0.000,,0,,,,,,,
7,natural_prevalence,rating_first,1,0.375,17.97,115,9.22,0.130,0.111,0.020,0.085,0.037,0.048
7,natural_prevalence,rating_first,3,0.683,-2.62,210,0.76,0.081,0.071,0.010,0.057,0.021,0.036
7,natural_prevalence,rating_first,5,0.683,-2.62,210,0.76,0.081,0.071,0.010,0.057,0.021,0.036
7,natural_prevalence,harmful_first,1,0.000,,0,,,,,,,
7,natural_prevalence,harmful_first,3,0.000,,0,,,,,,,
7,natural_prevalence,harmful_first,5,0.273,-3.31,84,6.75,0.190,0.170,0.020,0.157,0.058,0.099
7,natural_prevalence,intersection_first,1,0.375,17.97,115,9.22,0.130,0.111,0.020,0.085,0.037,0.048
7,natural_prevalence,intersection_first,3,0.683,-2.62,210,0.76,0.081,0.071,0.010,0.057,0.021,0.036
7,natural_prevalence,intersection_first,5,0.683,-2.62,210,0.76,0.081,0.071,0.010,0.057,0.021,0.036
7,natural_prevalence,prm:llama31_8b_prm_deepseek,1,0.683,0.95,210,2.91,0.156,0.114,0.042,0.100,0.036,0.064
7,natural_prevalence,prm:llama31_8b_prm_deepseek,3,0.717,-1.98,220,3.02,0.157,0.116,0.041,0.090,0.035,0.056
7,natural_prevalence,prm:llama31_8b_prm_deepseek,5,0.717,-1.98,220,3.02,0.157,0.116,0.041,0.090,0.035,0.056
7,natural_prevalence,prm:math_shepherd_mistral_7b,1,0.000,,0,,,,,,,
7,natural_prevalence,prm:math_shepherd_mistral_7b,3,0.307,-1.84,94,12.92,0.108,0.140,0.000,0.055,0.044,0.012
7,natural_prevalence,prm:math_shepherd_mistral_7b,5,0.307,-1.84,94,12.92,0.108,0.140,0.000,0.055,0.044,0.012
7,natural_prevalence,prm:qwen25_math_prm_7b,1,0.034,15.83,10,62.50,0.000,0.284,0.000,0.000,0.105,0.000
7,natural_prevalence,prm:qwen25_math_prm_7b,3,0.034,15.83,10,62.50,0.000,0.284,0.000,0.000,0.105,0.000
7,natural_prevalence,prm:qwen25_math_prm_7b,5,0.034,15.83,10,62.50,0.000,0.284,0.000,0.000,0.105,0.000
7,natural_prevalence,predictor_D,1,0.102,-0.90,31,28.23,0.097,0.174,0.000,0.032,0.060,0.000
7,natural_prevalence,predictor_D,3,0.102,-0.90,31,28.23,0.097,0.174,0.000,0.032,0.060,0.000
7,natural_prevalence,predictor_D,5,0.102,-0.90,31,28.23,0.097,0.174,0.000,0.032,0.060,0.000
7,natural_prevalence,predictor_E,1,0.478,5.86,147,20.08,0.094,0.182,0.000,0.045,0.054,0.000
7,natural_prevalence,predictor_E,3,0.580,-1.87,178,12.98,0.124,0.159,0.000,0.053,0.046,0.007
7,natural_prevalence,predictor_E,5,0.648,-3.34,199,7.92,0.159,0.153,0.007,0.086,0.045,0.041
8,balanced_cohort,random,1,0.969,3.83,301,6.31,0.150,0.128,0.021,0.103,0.042,0.061
8,balanced_cohort,random,3,0.969,3.83,301,6.31,0.150,0.128,0.021,0.103,0.042,0.061
8,balanced_cohort,random,5,0.969,3.83,301,6.31,0.150,0.128,0.021,0.103,0.042,0.061
8,balanced_cohort,rating_first,1,0.969,4.96,301,6.31,0.156,0.131,0.025,0.106,0.043,0.063
8,balanced_cohort,rating_first,3,0.969,4.96,301,6.31,0.156,0.131,0.025,0.106,0.043,0.063
8,balanced_cohort,rating_first,5,0.969,4.96,301,6.31,0.156,0.131,0.025,0.106,0.043,0.063
8,balanced_cohort,harmful_first,1,0.969,4.53,301,6.23,0.156,0.131,0.026,0.106,0.043,0.063
8,balanced_cohort,harmful_first,3,0.969,4.53,301,6.23,0.156,0.131,0.026,0.106,0.043,0.063
8,balanced_cohort,harmful_first,5,0.969,4.53,301,6.23,0.156,0.131,0.026,0.106,0.043,0.063
8,balanced_cohort,intersection_first,1,0.969,4.96,301,6.31,0.156,0.131,0.025,0.106,0.043,0.063
8,balanced_cohort,intersection_first,3,0.969,4.96,301,6.31,0.156,0.131,0.025,0.106,0.043,0.063
8,balanced_cohort,intersection_first,5,0.969,4.96,301,6.31,0.156,0.131,0.025,0.106,0.043,0.063
8,balanced_cohort,prm:llama31_8b_prm_deepseek,1,0.969,4.66,301,6.06,0.159,0.131,0.028,0.106,0.043,0.063
8,balanced_cohort,prm:llama31_8b_prm_deepseek,3,0.969,4.66,301,6.06,0.159,0.131,0.028,0.106,0.043,0.063
8,balanced_cohort,prm:llama31_8b_prm_deepseek,5,0.969,4.66,301,6.06,0.159,0.131,0.028,0.106,0.043,0.063
8,balanced_cohort,prm:math_shepherd_mistral_7b,1,0.969,4.33,301,6.31,0.153,0.129,0.024,0.103,0.043,0.060
8,balanced_cohort,prm:math_shepherd_mistral_7b,3,0.969,4.33,301,6.31,0.153,0.129,0.024,0.103,0.043,0.060
8,balanced_cohort,prm:math_shepherd_mistral_7b,5,0.969,4.33,301,6.31,0.153,0.129,0.024,0.103,0.043,0.060
8,balanced_cohort,prm:qwen25_math_prm_7b,1,0.969,4.69,301,5.98,0.156,0.129,0.027,0.106,0.043,0.063
8,balanced_cohort,prm:qwen25_math_prm_7b,3,0.969,4.69,301,5.98,0.156,0.129,0.027,0.106,0.043,0.063
8,balanced_cohort,prm:qwen25_math_prm_7b,5,0.969,4.69,301,5.98,0.156,0.129,0.027,0.106,0.043,0.063
8,balanced_cohort,predictor_D,1,0.969,4.62,301,5.73,0.156,0.128,0.028,0.103,0.042,0.061
8,balanced_cohort,predictor_D,3,0.969,4.62,301,5.73,0.156,0.128,0.028,0.103,0.042,0.061
8,balanced_cohort,predictor_D,5,0.969,4.62,301,5.73,0.156,0.128,0.028,0.103,0.042,0.061
8,balanced_cohort,predictor_E,1,0.969,5.58,301,6.15,0.156,0.129,0.027,0.103,0.043,0.060
8,balanced_cohort,predictor_E,3,0.969,5.58,301,6.15,0.156,0.129,0.027,0.103,0.043,0.060
8,balanced_cohort,predictor_E,5,0.969,5.58,301,6.15,0.156,0.129,0.027,0.103,0.043,0.060
8,natural_prevalence,random,1,0.138,-0.51,43,3.86,0.116,0.118,0.000,0.116,0.042,0.074
8,natural_prevalence,random,3,0.138,-0.51,43,3.86,0.116,0.118,0.000,0.116,0.042,0.074
8,natural_prevalence,random,5,0.138,-0.51,43,3.86,0.116,0.118,0.000,0.116,0.042,0.074
8,natural_prevalence,rating_first,1,0.519,1.41,161,0.38,0.216,0.129,0.086,0.115,0.041,0.075
8,natural_prevalence,rating_first,3,0.865,-2.32,269,-1.78,0.209,0.136,0.073,0.156,0.044,0.113
8,natural_prevalence,rating_first,5,0.900,-4.47,280,-0.58,0.196,0.134,0.062,0.149,0.042,0.107
8,natural_prevalence,harmful_first,1,0.000,,0,,,,,,,
8,natural_prevalence,harmful_first,3,0.277,-2.05,86,27.33,0.152,0.238,0.000,0.126,0.076,0.050
8,natural_prevalence,harmful_first,5,0.277,-2.05,86,27.33,0.152,0.238,0.000,0.126,0.076,0.050
8,natural_prevalence,intersection_first,1,0.519,1.41,161,0.38,0.216,0.129,0.086,0.115,0.041,0.075
8,natural_prevalence,intersection_first,3,0.865,-2.32,269,-1.78,0.209,0.136,0.073,0.156,0.044,0.113
8,natural_prevalence,intersection_first,5,0.900,-4.47,280,-0.58,0.196,0.134,0.062,0.149,0.042,0.107
8,natural_prevalence,prm:llama31_8b_prm_deepseek,1,0.069,7.15,22,4.64,0.019,0.071,0.000,0.019,0.014,0.005
8,natural_prevalence,prm:llama31_8b_prm_deepseek,3,0.069,7.15,22,4.64,0.019,0.071,0.000,0.019,0.014,0.005
8,natural_prevalence,prm:llama31_8b_prm_deepseek,5,0.069,7.15,22,4.64,0.019,0.071,0.000,0.019,0.014,0.005
8,natural_prevalence,prm:math_shepherd_mistral_7b,1,0.346,0.45,108,5.71,0.114,0.113,0.001,0.074,0.033,0.042
8,natural_prevalence,prm:math_shepherd_mistral_7b,3,0.346,0.45,108,5.71,0.114,0.113,0.001,0.074,0.033,0.042
8,natural_prevalence,prm:math_shepherd_mistral_7b,5,0.346,0.45,108,5.71,0.114,0.113,0.001,0.074,0.033,0.042
8,natural_prevalence,prm:qwen25_math_prm_7b,1,0.035,28.63,11,47.73,0.000,0.197,0.000,0.000,0.076,0.000
8,natural_prevalence,prm:qwen25_math_prm_7b,3,0.035,28.63,11,47.73,0.000,0.197,0.000,0.000,0.076,0.000
8,natural_prevalence,prm:qwen25_math_prm_7b,5,0.035,28.63,11,47.73,0.000,0.197,0.000,0.000,0.076,0.000
8,natural_prevalence,predictor_D,1,0.173,14.61,54,22.69,0.093,0.158,0.000,0.056,0.056,0.000
8,natural_prevalence,predictor_D,3,0.623,-1.84,194,-3.69,0.228,0.123,0.105,0.127,0.039,0.088
8,natural_prevalence,predictor_D,5,0.934,-4.71,291,-2.16,0.190,0.117,0.073,0.134,0.036,0.097
8,natural_prevalence,predictor_E,1,0.588,0.20,183,9.36,0.170,0.157,0.013,0.106,0.049,0.057
8,natural_prevalence,predictor_E,3,0.934,-2.61,291,0.20,0.181,0.120,0.061,0.125,0.038,0.087
8,natural_prevalence,predictor_E,5,0.934,-2.61,291,0.20,0.181,0.120,0.061,0.125,0.038,0.087
9,balanced_cohort,random,1,0.974,4.22,284,6.60,0.127,0.113,0.014,0.092,0.037,0.054
9,balanced_cohort,random,3,0.974,4.22,284,6.60,0.127,0.113,0.014,0.092,0.037,0.054
9,balanced_cohort,random,5,0.974,4.22,284,6.60,0.127,0.113,0.014,0.092,0.037,0.054
9,balanced_cohort,rating_first,1,0.974,4.28,284,6.95,0.134,0.118,0.016,0.095,0.039,0.056
9,balanced_cohort,rating_first,3,0.974,4.28,284,6.95,0.134,0.118,0.016,0.095,0.039,0.056
9,balanced_cohort,rating_first,5,0.974,4.28,284,6.95,0.134,0.118,0.016,0.095,0.039,0.056
9,balanced_cohort,harmful_first,1,0.974,4.18,284,6.87,0.134,0.117,0.017,0.095,0.039,0.056
9,balanced_cohort,harmful_first,3,0.974,4.18,284,6.87,0.134,0.117,0.017,0.095,0.039,0.056
9,balanced_cohort,harmful_first,5,0.974,4.18,284,6.87,0.134,0.117,0.017,0.095,0.039,0.056
9,balanced_cohort,intersection_first,1,0.974,4.28,284,6.95,0.134,0.118,0.016,0.095,0.039,0.056
9,balanced_cohort,intersection_first,3,0.974,4.28,284,6.95,0.134,0.118,0.016,0.095,0.039,0.056
9,balanced_cohort,intersection_first,5,0.974,4.28,284,6.95,0.134,0.118,0.016,0.095,0.039,0.056
9,balanced_cohort,prm:llama31_8b_prm_deepseek,1,0.974,4.21,284,6.87,0.137,0.118,0.019,0.095,0.039,0.056
9,balanced_cohort,prm:llama31_8b_prm_deepseek,3,0.974,4.21,284,6.87,0.137,0.118,0.019,0.095,0.039,0.056
9,balanced_cohort,prm:llama31_8b_prm_deepseek,5,0.974,4.21,284,6.87,0.137,0.118,0.019,0.095,0.039,0.056
9,balanced_cohort,prm:math_shepherd_mistral_7b,1,0.974,3.79,284,7.13,0.130,0.116,0.014,0.092,0.039,0.053
9,balanced_cohort,prm:math_shepherd_mistral_7b,3,0.974,3.79,284,7.13,0.130,0.116,0.014,0.092,0.039,0.053
9,balanced_cohort,prm:math_shepherd_mistral_7b,5,0.974,3.79,284,7.13,0.130,0.116,0.014,0.092,0.039,0.053
9,balanced_cohort,prm:qwen25_math_prm_7b,1,0.974,4.02,284,6.60,0.137,0.116,0.022,0.095,0.039,0.056
9,balanced_cohort,prm:qwen25_math_prm_7b,3,0.974,4.02,284,6.60,0.137,0.116,0.022,0.095,0.039,0.056
9,balanced_cohort,prm:qwen25_math_prm_7b,5,0.974,4.02,284,6.60,0.137,0.116,0.022,0.095,0.039,0.056
9,balanced_cohort,predictor_D,1,0.974,3.46,284,6.43,0.134,0.115,0.019,0.095,0.038,0.057
9,balanced_cohort,predictor_D,3,0.974,3.46,284,6.43,0.134,0.115,0.019,0.095,0.038,0.057
9,balanced_cohort,predictor_D,5,0.974,3.46,284,6.43,0.134,0.115,0.019,0.095,0.038,0.057
9,balanced_cohort,predictor_E,1,0.974,4.27,284,8.19,0.123,0.113,0.010,0.081,0.037,0.044
9,balanced_cohort,predictor_E,3,0.974,4.27,284,8.19,0.123,0.113,0.010,0.081,0.037,0.044
9,balanced_cohort,predictor_E,5,0.974,4.27,284,8.19,0.123,0.113,0.010,0.081,0.037,0.044
9,natural_prevalence,random,1,0.130,0.14,38,-3.66,0.150,0.111,0.039,0.150,0.044,0.106
9,natural_prevalence,random,3,0.130,0.14,38,-3.66,0.150,0.111,0.039,0.150,0.044,0.106
9,natural_prevalence,random,5,0.130,0.14,38,-3.66,0.150,0.111,0.039,0.150,0.044,0.106
9,natural_prevalence,rating_first,1,0.357,16.28,104,13.69,0.086,0.129,0.000,0.079,0.045,0.033
9,natural_prevalence,rating_first,3,0.649,-1.09,190,-2.68,0.183,0.107,0.076,0.131,0.035,0.096
9,natural_prevalence,rating_first,5,0.942,-4.75,275,-0.22,0.167,0.117,0.050,0.139,0.038,0.101
9,natural_prevalence,harmful_first,1,0.000,,0,,,,,,,
9,natural_prevalence,harmful_first,3,0.260,-2.53,76,21.21,0.195,0.253,0.000,0.182,0.092,0.090
9,natural_prevalence,harmful_first,5,0.260,-2.53,76,21.21,0.195,0.253,0.000,0.182,0.092,0.090
9,natural_prevalence,intersection_first,1,0.357,16.28,104,13.69,0.086,0.129,0.000,0.079,0.045,0.033
9,natural_prevalence,intersection_first,3,0.649,-1.09,190,-2.68,0.183,0.107,0.076,0.131,0.035,0.096
9,natural_prevalence,intersection_first,5,0.942,-4.75,275,-0.22,0.167,0.117,0.050,0.139,0.038,0.101
9,natural_prevalence,prm:llama31_8b_prm_deepseek,1,0.065,15.44,19,9.86,0.019,0.091,0.000,0.019,0.036,0.000
9,natural_prevalence,prm:llama31_8b_prm_deepseek,3,0.065,15.44,19,9.86,0.019,0.091,0.000,0.019,0.036,0.000
9,natural_prevalence,prm:llama31_8b_prm_deepseek,5,0.747,-3.70,218,2.03,0.156,0.117,0.039,0.107,0.036,0.070
9,natural_prevalence,prm:math_shepherd_mistral_7b,1,0.325,-0.87,95,6.41,0.104,0.124,0.000,0.059,0.040,0.018
9,natural_prevalence,prm:math_shepherd_mistral_7b,3,0.357,-1.87,104,1.82,0.175,0.142,0.033,0.134,0.047,0.087
9,natural_prevalence,prm:math_shepherd_mistral_7b,5,0.487,-3.91,142,-0.87,0.230,0.156,0.074,0.200,0.053,0.146
9,natural_prevalence,prm:qwen25_math_prm_7b,1,0.032,26.66,9,52.78,0.000,0.201,0.000,0.000,0.079,0.000
9,natural_prevalence,prm:qwen25_math_prm_7b,3,0.032,26.66,9,52.78,0.000,0.201,0.000,0.000,0.079,0.000
9,natural_prevalence,prm:qwen25_math_prm_7b,5,0.844,-4.78,246,-0.13,0.173,0.118,0.055,0.127,0.038,0.090
9,natural_prevalence,predictor_D,1,0.000,,0,,,,,,,
9,natural_prevalence,predictor_D,3,0.000,,0,,,,,,,
9,natural_prevalence,predictor_D,5,0.130,-4.91,38,22.37,0.105,0.156,0.000,0.026,0.051,0.000
9,natural_prevalence,predictor_E,1,0.649,-0.03,190,5.69,0.158,0.150,0.008,0.137,0.047,0.090
9,natural_prevalence,predictor_E,3,0.812,-2.75,237,2.39,0.165,0.130,0.035,0.122,0.040,0.081
9,natural_prevalence,predictor_E,5,0.877,-4.19,256,2.01,0.147,0.115,0.032,0.109,0.036,0.073
10,balanced_cohort,random,1,0.987,4.10,292,6.42,0.144,0.120,0.024,0.103,0.040,0.063
10,balanced_cohort,random,3,0.987,4.10,292,6.42,0.144,0.120,0.024,0.103,0.040,0.063
10,balanced_cohort,random,5,0.987,4.10,292,6.42,0.144,0.120,0.024,0.103,0.040,0.063
10,balanced_cohort,rating_first,1,0.987,3.84,292,6.59,0.140,0.119,0.021,0.099,0.039,0.060
10,balanced_cohort,rating_first,3,0.987,3.84,292,6.59,0.140,0.119,0.021,0.099,0.039,0.060
10,balanced_cohort,rating_first,5,0.987,3.84,292,6.59,0.140,0.119,0.021,0.099,0.039,0.060
10,balanced_cohort,harmful_first,1,0.987,3.83,292,6.42,0.144,0.120,0.024,0.103,0.040,0.063
10,balanced_cohort,harmful_first,3,0.987,3.83,292,6.42,0.144,0.120,0.024,0.103,0.040,0.063
10,balanced_cohort,harmful_first,5,0.987,3.83,292,6.42,0.144,0.120,0.024,0.103,0.040,0.063
10,balanced_cohort,intersection_first,1,0.987,3.84,292,6.59,0.140,0.119,0.021,0.099,0.039,0.060
10,balanced_cohort,intersection_first,3,0.987,3.84,292,6.59,0.140,0.119,0.021,0.099,0.039,0.060
10,balanced_cohort,intersection_first,5,0.987,3.84,292,6.59,0.140,0.119,0.021,0.099,0.039,0.060
10,balanced_cohort,prm:llama31_8b_prm_deepseek,1,0.987,3.83,292,6.16,0.147,0.120,0.027,0.103,0.040,0.063
10,balanced_cohort,prm:llama31_8b_prm_deepseek,3,0.987,3.83,292,6.16,0.147,0.120,0.027,0.103,0.040,0.063
10,balanced_cohort,prm:llama31_8b_prm_deepseek,5,0.987,3.83,292,6.16,0.147,0.120,0.027,0.103,0.040,0.063
10,balanced_cohort,prm:math_shepherd_mistral_7b,1,0.987,3.83,292,5.99,0.144,0.117,0.026,0.099,0.039,0.061
10,balanced_cohort,prm:math_shepherd_mistral_7b,3,0.987,3.83,292,5.99,0.144,0.117,0.026,0.099,0.039,0.061
10,balanced_cohort,prm:math_shepherd_mistral_7b,5,0.987,3.83,292,5.99,0.144,0.117,0.026,0.099,0.039,0.061
10,balanced_cohort,prm:qwen25_math_prm_7b,1,0.987,3.83,292,6.51,0.144,0.120,0.024,0.099,0.040,0.060
10,balanced_cohort,prm:qwen25_math_prm_7b,3,0.987,3.83,292,6.51,0.144,0.120,0.024,0.099,0.040,0.060
10,balanced_cohort,prm:qwen25_math_prm_7b,5,0.987,3.83,292,6.51,0.144,0.120,0.024,0.099,0.040,0.060
10,balanced_cohort,predictor_D,1,0.987,3.49,292,6.34,0.147,0.121,0.026,0.103,0.040,0.063
10,balanced_cohort,predictor_D,3,0.987,3.49,292,6.34,0.147,0.121,0.026,0.103,0.040,0.063
10,balanced_cohort,predictor_D,5,0.987,3.49,292,6.34,0.147,0.121,0.026,0.103,0.040,0.063
10,balanced_cohort,predictor_E,1,0.987,3.84,292,6.34,0.147,0.121,0.026,0.103,0.040,0.063
10,balanced_cohort,predictor_E,3,0.987,3.84,292,6.34,0.147,0.121,0.026,0.103,0.040,0.063
10,balanced_cohort,predictor_E,5,0.987,3.84,292,6.34,0.147,0.121,0.026,0.103,0.040,0.063
10,natural_prevalence,random,1,0.000,,0,,,,,,,
10,natural_prevalence,random,3,0.000,,0,,,,,,,
10,natural_prevalence,random,5,0.000,,0,,,,,,,
10,natural_prevalence,rating_first,1,0.329,16.95,97,13.14,0.044,0.087,0.000,0.022,0.029,0.000
10,natural_prevalence,rating_first,3,0.757,-1.79,224,-3.41,0.244,0.156,0.088,0.236,0.053,0.183
10,natural_prevalence,rating_first,5,0.789,-4.40,234,-3.21,0.234,0.145,0.089,0.228,0.050,0.178
10,natural_prevalence,harmful_first,1,0.000,,0,,,,,,,
10,natural_prevalence,harmful_first,3,0.000,,0,,,,,,,
10,natural_prevalence,harmful_first,5,0.888,-4.84,263,1.74,0.196,0.131,0.066,0.137,0.043,0.094
10,natural_prevalence,intersection_first,1,0.329,17.41,97,13.14,0.044,0.087,0.000,0.022,0.029,0.000
10,natural_prevalence,intersection_first,3,0.757,-1.79,224,-3.41,0.244,0.156,0.088,0.236,0.053,0.183
10,natural_prevalence,intersection_first,5,0.789,-4.40,234,-3.21,0.234,0.145,0.089,0.228,0.050,0.178
10,natural_prevalence,prm:llama31_8b_prm_deepseek,1,0.066,-0.22,19,20.76,0.025,0.204,0.000,0.025,0.063,0.000
10,natural_prevalence,prm:llama31_8b_prm_deepseek,3,0.066,-0.22,19,20.76,0.025,0.204,0.000,0.025,0.063,0.000
10,natural_prevalence,prm:llama31_8b_prm_deepseek,5,0.066,-0.22,19,20.76,0.025,0.204,0.000,0.025,0.063,0.000
10,natural_prevalence,prm:math_shepherd_mistral_7b,1,0.296,-0.29,88,18.57,0.079,0.133,0.000,0.023,0.045,0.000
10,natural_prevalence,prm:math_shepherd_mistral_7b,3,0.296,-0.29,88,18.57,0.079,0.133,0.000,0.023,0.045,0.000
10,natural_prevalence,prm:math_shepherd_mistral_7b,5,0.296,-0.29,88,18.57,0.079,0.133,0.000,0.023,0.045,0.000
10,natural_prevalence,prm:qwen25_math_prm_7b,1,0.197,-0.81,58,-6.91,0.308,0.114,0.194,0.001,0.043,0.000
10,natural_prevalence,prm:qwen25_math_prm_7b,3,0.197,-0.81,58,-6.91,0.308,0.114,0.194,0.001,0.043,0.000
10,natural_prevalence,prm:qwen25_math_prm_7b,5,0.197,-0.81,58,-6.91,0.308,0.114,0.194,0.001,0.043,0.000
10,natural_prevalence,predictor_D,1,0.164,5.97,49,11.73,0.102,0.113,0.000,0.041,0.036,0.005
10,natural_prevalence,predictor_D,3,0.164,5.97,49,11.73,0.102,0.113,0.000,0.041,0.036,0.005
10,natural_prevalence,predictor_D,5,0.164,5.97,49,11.73,0.102,0.113,0.000,0.041,0.036,0.005
10,natural_prevalence,predictor_E,1,0.461,-0.08,136,30.03,0.072,0.169,0.000,0.003,0.058,0.000
10,natural_prevalence,predictor_E,3,0.757,-2.85,224,7.28,0.200,0.154,0.046,0.109,0.049,0.061
10,natural_prevalence,predictor_E,5,0.822,-4.69,243,3.45,0.221,0.147,0.074,0.132,0.046,0.086
11,balanced_cohort,random,1,0.994,2.65,286,7.78,0.122,0.122,0.000,0.091,0.042,0.049
11,balanced_cohort,random,3,0.994,2.65,286,7.78,0.122,0.122,0.000,0.091,0.042,0.049
11,balanced_cohort,random,5,0.994,2.65,286,7.78,0.122,0.122,0.000,0.091,0.042,0.049
11,balanced_cohort,rating_first,1,0.994,2.89,286,7.87,0.119,0.121,0.000,0.091,0.042,0.049
11,balanced_cohort,rating_first,3,0.994,2.89,286,7.87,0.119,0.121,0.000,0.091,0.042,0.049
11,balanced_cohort,rating_first,5,0.994,2.89,286,7.87,0.119,0.121,0.000,0.091,0.042,0.049
11,balanced_cohort,harmful_first,1,0.994,2.72,286,7.87,0.119,0.121,0.000,0.091,0.042,0.049
11,balanced_cohort,harmful_first,3,0.994,2.72,286,7.87,0.119,0.121,0.000,0.091,0.042,0.049
11,balanced_cohort,harmful_first,5,0.994,2.72,286,7.87,0.119,0.121,0.000,0.091,0.042,0.049
11,balanced_cohort,intersection_first,1,0.994,2.89,286,7.87,0.119,0.121,0.000,0.091,0.042,0.049
11,balanced_cohort,intersection_first,3,0.994,2.89,286,7.87,0.119,0.121,0.000,0.091,0.042,0.049
11,balanced_cohort,intersection_first,5,0.994,2.89,286,7.87,0.119,0.121,0.000,0.091,0.042,0.049
11,balanced_cohort,prm:llama31_8b_prm_deepseek,1,0.994,2.72,286,7.78,0.122,0.122,0.000,0.091,0.042,0.049
11,balanced_cohort,prm:llama31_8b_prm_deepseek,3,0.994,2.72,286,7.78,0.122,0.122,0.000,0.091,0.042,0.049
11,balanced_cohort,prm:llama31_8b_prm_deepseek,5,0.994,2.72,286,7.78,0.122,0.122,0.000,0.091,0.042,0.049
11,balanced_cohort,prm:math_shepherd_mistral_7b,1,0.994,2.43,286,7.95,0.119,0.121,0.000,0.087,0.042,0.046
11,balanced_cohort,prm:math_shepherd_mistral_7b,3,0.994,2.43,286,7.95,0.119,0.121,0.000,0.087,0.042,0.046
11,balanced_cohort,prm:math_shepherd_mistral_7b,5,0.994,2.43,286,7.95,0.119,0.121,0.000,0.087,0.042,0.046
11,balanced_cohort,prm:qwen25_math_prm_7b,1,0.994,2.72,286,7.78,0.122,0.122,0.000,0.091,0.042,0.049
11,balanced_cohort,prm:qwen25_math_prm_7b,3,0.994,2.72,286,7.78,0.122,0.122,0.000,0.091,0.042,0.049
11,balanced_cohort,prm:qwen25_math_prm_7b,5,0.994,2.72,286,7.78,0.122,0.122,0.000,0.091,0.042,0.049
11,balanced_cohort,predictor_D,1,0.994,2.79,286,7.95,0.119,0.120,0.000,0.087,0.041,0.046
11,balanced_cohort,predictor_D,3,0.994,2.79,286,7.95,0.119,0.120,0.000,0.087,0.041,0.046
11,balanced_cohort,predictor_D,5,0.994,2.79,286,7.95,0.119,0.120,0.000,0.087,0.041,0.046
11,balanced_cohort,predictor_E,1,0.994,2.72,286,8.48,0.115,0.119,0.000,0.084,0.041,0.043
11,balanced_cohort,predictor_E,3,0.994,2.72,286,8.48,0.115,0.119,0.000,0.084,0.041,0.043
11,balanced_cohort,predictor_E,5,0.994,2.72,286,8.48,0.115,0.119,0.000,0.084,0.041,0.043
11,natural_prevalence,random,1,0.064,-0.39,18,-14.46,0.194,0.123,0.071,0.194,0.038,0.156
11,natural_prevalence,random,3,0.064,-0.39,18,-14.46,0.194,0.123,0.071,0.194,0.038,0.156
11,natural_prevalence,random,5,0.064,-0.39,18,-14.46,0.194,0.123,0.071,0.194,0.038,0.156
11,natural_prevalence,rating_first,1,0.288,13.49,83,19.28,0.072,0.128,0.000,0.036,0.045,0.000
11,natural_prevalence,rating_first,3,0.641,-2.99,185,2.32,0.153,0.126,0.027,0.129,0.043,0.085
11,natural_prevalence,rating_first,5,0.673,-4.17,194,2.10,0.149,0.121,0.028,0.127,0.041,0.085
11,natural_prevalence,harmful_first,1,0.192,-0.82,55,21.04,0.024,0.121,0.000,0.024,0.044,0.000
11,natural_prevalence,harmful_first,3,0.224,-1.05,65,19.57,0.045,0.121,0.000,0.022,0.043,0.000
11,natural_prevalence,harmful_first,5,0.224,-1.05,65,19.57,0.045,0.121,0.000,0.022,0.043,0.000
11,natural_prevalence,intersection_first,1,0.288,17.22,83,20.48,0.072,0.142,0.000,0.048,0.051,0.000
11,natural_prevalence,intersection_first,3,0.641,-2.99,185,2.32,0.153,0.126,0.027,0.129,0.043,0.085
11,natural_prevalence,intersection_first,5,0.673,-4.17,194,2.10,0.149,0.121,0.028,0.127,0.041,0.085
11,natural_prevalence,prm:llama31_8b_prm_deepseek,1,0.000,,0,,,,,,,
11,natural_prevalence,prm:llama31_8b_prm_deepseek,3,0.000,,0,,,,,,,
11,natural_prevalence,prm:llama31_8b_prm_deepseek,5,0.641,-4.85,185,7.33,0.104,0.090,0.014,0.044,0.030,0.015
11,natural_prevalence,prm:math_shepherd_mistral_7b,1,0.256,0.20,74,15.73,0.089,0.127,0.000,0.015,0.041,0.000
11,natural_prevalence,prm:math_shepherd_mistral_7b,3,0.417,-2.92,120,5.02,0.188,0.155,0.033,0.149,0.054,0.095
11,natural_prevalence,prm:math_shepherd_mistral_7b,5,0.449,-4.59,129,4.49,0.177,0.145,0.032,0.141,0.050,0.091
11,natural_prevalence,prm:qwen25_math_prm_7b,1,0.032,32.05,9,41.67,0.000,0.197,0.000,0.000,0.073,0.000
11,natural_prevalence,prm:qwen25_math_prm_7b,3,0.032,32.05,9,41.67,0.000,0.197,0.000,0.000,0.073,0.000
11,natural_prevalence,prm:qwen25_math_prm_7b,5,0.032,32.05,9,41.67,0.000,0.197,0.000,0.000,0.073,0.000
11,natural_prevalence,predictor_D,1,0.288,15.80,83,21.08,0.060,0.137,0.000,0.036,0.049,0.000
11,natural_prevalence,predictor_D,3,0.288,15.80,83,21.08,0.060,0.137,0.000,0.036,0.049,0.000
11,natural_prevalence,predictor_D,5,0.288,15.80,83,21.08,0.060,0.137,0.000,0.036,0.049,0.000
11,natural_prevalence,predictor_E,1,0.577,-0.25,166,20.76,0.080,0.152,0.000,0.042,0.050,0.000
11,natural_prevalence,predictor_E,3,0.673,-1.53,194,12.54,0.109,0.134,0.000,0.080,0.045,0.034
11,natural_prevalence,predictor_E,5,0.897,-4.89,258,4.95,0.117,0.104,0.013,0.085,0.035,0.051
12,balanced_cohort,random,1,0.994,4.88,286,5.16,0.119,0.111,0.007,0.091,0.037,0.054
12,balanced_cohort,random,3,0.994,4.88,286,5.16,0.119,0.111,0.007,0.091,0.037,0.054
12,balanced_cohort,random,5,0.994,4.88,286,5.16,0.119,0.111,0.007,0.091,0.037,0.054
12,balanced_cohort,rating_first,1,0.994,4.87,286,5.24,0.122,0.114,0.009,0.091,0.038,0.053
12,balanced_cohort,rating_first,3,0.994,4.87,286,5.24,0.122,0.114,0.009,0.091,0.038,0.053
12,balanced_cohort,rating_first,5,0.994,4.87,286,5.24,0.122,0.114,0.009,0.091,0.038,0.053
12,balanced_cohort,harmful_first,1,0.994,4.87,286,5.24,0.122,0.114,0.009,0.091,0.038,0.053
12,balanced_cohort,harmful_first,3,0.994,4.87,286,5.24,0.122,0.114,0.009,0.091,0.038,0.053
12,balanced_cohort,harmful_first,5,0.994,4.87,286,5.24,0.122,0.114,0.009,0.091,0.038,0.053
12,balanced_cohort,intersection_first,1,0.994,4.87,286,5.24,0.122,0.114,0.009,0.091,0.038,0.053
12,balanced_cohort,intersection_first,3,0.994,4.87,286,5.24,0.122,0.114,0.009,0.091,0.038,0.053
12,balanced_cohort,intersection_first,5,0.994,4.87,286,5.24,0.122,0.114,0.009,0.091,0.038,0.053
12,balanced_cohort,prm:llama31_8b_prm_deepseek,1,0.994,4.79,286,5.24,0.122,0.114,0.009,0.091,0.038,0.053
12,balanced_cohort,prm:llama31_8b_prm_deepseek,3,0.994,4.79,286,5.24,0.122,0.114,0.009,0.091,0.038,0.053
12,balanced_cohort,prm:llama31_8b_prm_deepseek,5,0.994,4.79,286,5.24,0.122,0.114,0.009,0.091,0.038,0.053
12,balanced_cohort,prm:math_shepherd_mistral_7b,1,0.994,4.96,286,5.24,0.122,0.114,0.009,0.091,0.038,0.053
12,balanced_cohort,prm:math_shepherd_mistral_7b,3,0.994,4.96,286,5.24,0.122,0.114,0.009,0.091,0.038,0.053
12,balanced_cohort,prm:math_shepherd_mistral_7b,5,0.994,4.96,286,5.24,0.122,0.114,0.009,0.091,0.038,0.053
12,balanced_cohort,prm:qwen25_math_prm_7b,1,0.994,4.79,286,5.24,0.122,0.114,0.009,0.091,0.038,0.053
12,balanced_cohort,prm:qwen25_math_prm_7b,3,0.994,4.79,286,5.24,0.122,0.114,0.009,0.091,0.038,0.053
12,balanced_cohort,prm:qwen25_math_prm_7b,5,0.994,4.79,286,5.24,0.122,0.114,0.009,0.091,0.038,0.053
12,balanced_cohort,predictor_D,1,0.994,4.63,286,5.24,0.122,0.114,0.009,0.091,0.038,0.053
12,balanced_cohort,predictor_D,3,0.994,4.63,286,5.24,0.122,0.114,0.009,0.091,0.038,0.053
12,balanced_cohort,predictor_D,5,0.994,4.63,286,5.24,0.122,0.114,0.009,0.091,0.038,0.053
12,balanced_cohort,predictor_E,1,0.994,4.88,286,5.24,0.122,0.114,0.009,0.091,0.038,0.053
12,balanced_cohort,predictor_E,3,0.994,4.88,286,5.24,0.122,0.114,0.009,0.091,0.038,0.053
12,balanced_cohort,predictor_E,5,0.994,4.88,286,5.24,0.122,0.114,0.009,0.091,0.038,0.053
12,natural_prevalence,random,1,0.096,1.69,28,-0.79,0.115,0.081,0.034,0.115,0.032,0.083
12,natural_prevalence,random,3,0.096,1.69,28,-0.79,0.115,0.081,0.034,0.115,0.032,0.083
12,natural_prevalence,random,5,0.096,1.69,28,-0.79,0.115,0.081,0.034,0.115,0.032,0.083
12,natural_prevalence,rating_first,1,0.513,1.31,148,0.12,0.175,0.136,0.039,0.154,0.047,0.107
12,natural_prevalence,rating_first,3,0.769,-2.56,222,3.02,0.088,0.086,0.003,0.083,0.027,0.056
12,natural_prevalence,rating_first,5,0.769,-2.56,222,3.02,0.088,0.086,0.003,0.083,0.027,0.056
12,natural_prevalence,harmful_first,1,0.224,9.97,65,0.32,0.062,0.034,0.028,0.041,0.010,0.031
12,natural_prevalence,harmful_first,3,0.224,9.97,65,0.32,0.062,0.034,0.028,0.041,0.010,0.031
12,natural_prevalence,harmful_first,5,0.224,9.97,65,0.32,0.062,0.034,0.028,0.041,0.010,0.031
12,natural_prevalence,intersection_first,1,0.513,1.31,148,0.12,0.175,0.136,0.039,0.154,0.047,0.107
12,natural_prevalence,intersection_first,3,0.769,-2.56,222,3.02,0.088,0.086,0.003,0.083,0.027,0.056
12,natural_prevalence,intersection_first,5,0.769,-2.56,222,3.02,0.088,0.086,0.003,0.083,0.027,0.056
12,natural_prevalence,prm:llama31_8b_prm_deepseek,1,0.064,-0.49,18,-5.62,0.061,0.024,0.037,0.061,0.010,0.052
12,natural_prevalence,prm:llama31_8b_prm_deepseek,3,0.064,-0.49,18,-5.62,0.061,0.024,0.037,0.061,0.010,0.052
12,natural_prevalence,prm:llama31_8b_prm_deepseek,5,0.064,-0.49,18,-5.62,0.061,0.024,0.037,0.061,0.010,0.052
12,natural_prevalence,prm:math_shepherd_mistral_7b,1,0.449,2.96,129,0.57,0.207,0.126,0.081,0.182,0.044,0.137
12,natural_prevalence,prm:math_shepherd_mistral_7b,3,0.449,2.96,129,0.57,0.207,0.126,0.081,0.182,0.044,0.137
12,natural_prevalence,prm:math_shepherd_mistral_7b,5,0.449,2.96,129,0.57,0.207,0.126,0.081,0.182,0.044,0.137
12,natural_prevalence,prm:qwen25_math_prm_7b,1,0.032,26.26,9,30.56,0.111,0.198,0.000,0.111,0.075,0.036
12,natural_prevalence,prm:qwen25_math_prm_7b,3,0.032,26.26,9,30.56,0.111,0.198,0.000,0.111,0.075,0.036
12,natural_prevalence,prm:qwen25_math_prm_7b,5,0.064,-3.80,18,26.39,0.111,0.180,0.000,0.111,0.070,0.042
12,natural_prevalence,predictor_D,1,0.321,9.13,92,13.32,0.076,0.120,0.000,0.043,0.041,0.003
12,natural_prevalence,predictor_D,3,0.321,9.13,92,13.32,0.076,0.120,0.000,0.043,0.041,0.003
12,natural_prevalence,predictor_D,5,0.321,9.13,92,13.32,0.076,0.120,0.000,0.043,0.041,0.003
12,natural_prevalence,predictor_E,1,0.481,0.17,138,29.62,0.075,0.182,0.000,0.008,0.060,0.000
12,natural_prevalence,predictor_E,3,0.481,0.17,138,29.62,0.075,0.182,0.000,0.008,0.060,0.000
12,natural_prevalence,predictor_E,5,0.577,-4.96,166,23.09,0.112,0.186,0.000,0.056,0.059,0.000
13,balanced_cohort,random,1,0.997,5.31,288,4.95,0.132,0.115,0.017,0.097,0.038,0.059
13,balanced_cohort,random,3,0.997,5.31,288,4.95,0.132,0.115,0.017,0.097,0.038,0.059
13,balanced_cohort,random,5,0.997,5.31,288,4.95,0.132,0.115,0.017,0.097,0.038,0.059
13,balanced_cohort,rating_first,1,0.997,5.30,288,5.12,0.132,0.116,0.016,0.097,0.039,0.058
13,balanced_cohort,rating_first,3,0.997,5.30,288,5.12,0.132,0.116,0.016,0.097,0.039,0.058
13,balanced_cohort,rating_first,5,0.997,5.30,288,5.12,0.132,0.116,0.016,0.097,0.039,0.058
13,balanced_cohort,harmful_first,1,0.997,5.22,288,5.12,0.132,0.116,0.016,0.097,0.039,0.058
13,balanced_cohort,harmful_first,3,0.997,5.22,288,5.12,0.132,0.116,0.016,0.097,0.039,0.058
13,balanced_cohort,harmful_first,5,0.997,5.22,288,5.12,0.132,0.116,0.016,0.097,0.039,0.058
13,balanced_cohort,intersection_first,1,0.997,5.30,288,5.12,0.132,0.116,0.016,0.097,0.039,0.058
13,balanced_cohort,intersection_first,3,0.997,5.30,288,5.12,0.132,0.116,0.016,0.097,0.039,0.058
13,balanced_cohort,intersection_first,5,0.997,5.30,288,5.12,0.132,0.116,0.016,0.097,0.039,0.058
13,balanced_cohort,prm:llama31_8b_prm_deepseek,1,0.997,5.22,288,5.12,0.132,0.116,0.016,0.097,0.039,0.058
13,balanced_cohort,prm:llama31_8b_prm_deepseek,3,0.997,5.22,288,5.12,0.132,0.116,0.016,0.097,0.039,0.058
13,balanced_cohort,prm:llama31_8b_prm_deepseek,5,0.997,5.22,288,5.12,0.132,0.116,0.016,0.097,0.039,0.058
13,balanced_cohort,prm:math_shepherd_mistral_7b,1,0.997,5.39,288,5.12,0.132,0.116,0.016,0.097,0.039,0.058
13,balanced_cohort,prm:math_shepherd_mistral_7b,3,0.997,5.39,288,5.12,0.132,0.116,0.016,0.097,0.039,0.058
13,balanced_cohort,prm:math_shepherd_mistral_7b,5,0.997,5.39,288,5.12,0.132,0.116,0.016,0.097,0.039,0.058
13,balanced_cohort,prm:qwen25_math_prm_7b,1,0.997,5.22,288,5.12,0.132,0.116,0.016,0.097,0.039,0.058
13,balanced_cohort,prm:qwen25_math_prm_7b,3,0.997,5.22,288,5.12,0.132,0.116,0.016,0.097,0.039,0.058
13,balanced_cohort,prm:qwen25_math_prm_7b,5,0.997,5.22,288,5.12,0.132,0.116,0.016,0.097,0.039,0.058
13,balanced_cohort,predictor_D,1,0.997,5.22,288,5.12,0.132,0.116,0.016,0.097,0.039,0.058
13,balanced_cohort,predictor_D,3,0.997,5.22,288,5.12,0.132,0.116,0.016,0.097,0.039,0.058
13,balanced_cohort,predictor_D,5,0.997,5.22,288,5.12,0.132,0.116,0.016,0.097,0.039,0.058
13,balanced_cohort,predictor_E,1,0.997,5.22,288,5.21,0.128,0.115,0.013,0.097,0.039,0.059
13,balanced_cohort,predictor_E,3,0.997,5.22,288,5.21,0.128,0.115,0.013,0.097,0.039,0.059
13,balanced_cohort,predictor_E,5,0.997,5.22,288,5.21,0.128,0.115,0.013,0.097,0.039,0.059
13,natural_prevalence,random,1,0.000,,0,,,,,,,
13,natural_prevalence,random,3,0.000,,0,,,,,,,
13,natural_prevalence,random,5,0.000,,0,,,,,,,
13,natural_prevalence,rating_first,1,0.675,-0.52,195,0.90,0.159,0.111,0.049,0.110,0.036,0.074
13,natural_prevalence,rating_first,3,0.675,-0.52,195,0.90,0.159,0.111,0.049,0.110,0.036,0.074
13,natural_prevalence,rating_first,5,0.965,-4.46,279,-0.29,0.161,0.120,0.041,0.123,0.038,0.085
13,natural_prevalence,harmful_first,1,0.000,,0,,,,,,,
13,natural_prevalence,harmful_first,3,0.225,-2.02,65,29.47,0.081,0.208,0.000,0.041,0.069,0.000
13,natural_prevalence,harmful_first,5,0.900,-4.57,260,-0.43,0.159,0.116,0.043,0.115,0.037,0.079
13,natural_prevalence,intersection_first,1,0.675,-0.52,195,0.90,0.159,0.111,0.049,0.110,0.036,0.074
13,natural_prevalence,intersection_first,3,0.675,-0.52,195,0.90,0.159,0.111,0.049,0.110,0.036,0.074
13,natural_prevalence,intersection_first,5,0.965,-4.46,279,-0.29,0.161,0.120,0.041,0.123,0.038,0.085
13,natural_prevalence,prm:llama31_8b_prm_deepseek,1,0.000,,0,,,,,,,
13,natural_prevalence,prm:llama31_8b_prm_deepseek,3,0.064,-1.37,19,15.82,0.019,0.156,0.000,0.019,0.048,0.000
13,natural_prevalence,prm:llama31_8b_prm_deepseek,5,0.064,-1.37,19,15.82,0.019,0.156,0.000,0.019,0.048,0.000
13,natural_prevalence,prm:math_shepherd_mistral_7b,1,0.354,1.09,102,3.46,0.158,0.129,0.029,0.064,0.039,0.025
13,natural_prevalence,prm:math_shepherd_mistral_7b,3,0.482,-2.79,139,-2.49,0.239,0.149,0.090,0.150,0.048,0.102
13,natural_prevalence,prm:math_shepherd_mistral_7b,5,0.932,-4.94,269,-0.75,0.168,0.121,0.047,0.131,0.038,0.092
13,natural_prevalence,prm:qwen25_math_prm_7b,1,0.032,52.08,9,36.11,0.000,0.158,0.000,0.000,0.059,0.000
13,natural_prevalence,prm:qwen25_math_prm_7b,3,0.032,52.08,9,36.11,0.000,0.158,0.000,0.000,0.059,0.000
13,natural_prevalence,prm:qwen25_math_prm_7b,5,0.032,52.08,9,36.11,0.000,0.158,0.000,0.000,0.059,0.000
13,natural_prevalence,predictor_D,1,0.096,5.52,28,14.29,0.071,0.102,0.000,0.071,0.038,0.033
13,natural_prevalence,predictor_D,3,0.257,-1.55,74,16.55,0.068,0.122,0.000,0.054,0.044,0.010
13,natural_prevalence,predictor_D,5,0.257,-1.55,74,16.55,0.068,0.122,0.000,0.054,0.044,0.010
13,natural_prevalence,predictor_E,1,0.772,-0.89,223,3.35,0.138,0.120,0.018,0.097,0.038,0.059
13,natural_prevalence,predictor_E,3,0.804,-1.45,232,3.21,0.137,0.119,0.018,0.096,0.037,0.059
13,natural_prevalence,predictor_E,5,0.868,-3.65,251,2.86,0.124,0.108,0.017,0.088,0.034,0.054
14,balanced_cohort,random,1,0.994,4.78,286,5.86,0.147,0.125,0.022,0.101,0.042,0.060
14,balanced_cohort,random,3,0.994,4.78,286,5.86,0.147,0.125,0.022,0.101,0.042,0.060
14,balanced_cohort,random,5,0.994,4.78,286,5.86,0.147,0.125,0.022,0.101,0.042,0.060
14,balanced_cohort,rating_first,1,0.994,4.53,286,6.21,0.143,0.125,0.018,0.098,0.042,0.056
14,balanced_cohort,rating_first,3,0.994,4.53,286,6.21,0.143,0.125,0.018,0.098,0.042,0.056
14,balanced_cohort,rating_first,5,0.994,4.53,286,6.21,0.143,0.125,0.018,0.098,0.042,0.056
14,balanced_cohort,harmful_first,1,0.994,4.53,286,5.94,0.150,0.127,0.023,0.101,0.042,0.059
14,balanced_cohort,harmful_first,3,0.994,4.53,286,5.94,0.150,0.127,0.023,0.101,0.042,0.059
14,balanced_cohort,harmful_first,5,0.994,4.53,286,5.94,0.150,0.127,0.023,0.101,0.042,0.059
14,balanced_cohort,intersection_first,1,0.994,4.53,286,6.21,0.143,0.125,0.018,0.098,0.042,0.056
14,balanced_cohort,intersection_first,3,0.994,4.53,286,6.21,0.143,0.125,0.018,0.098,0.042,0.056
14,balanced_cohort,intersection_first,5,0.994,4.53,286,6.21,0.143,0.125,0.018,0.098,0.042,0.056
14,balanced_cohort,prm:llama31_8b_prm_deepseek,1,0.994,4.45,286,5.94,0.150,0.127,0.023,0.101,0.042,0.059
14,balanced_cohort,prm:llama31_8b_prm_deepseek,3,0.994,4.45,286,5.94,0.150,0.127,0.023,0.101,0.042,0.059
14,balanced_cohort,prm:llama31_8b_prm_deepseek,5,0.994,4.45,286,5.94,0.150,0.127,0.023,0.101,0.042,0.059
14,balanced_cohort,prm:math_shepherd_mistral_7b,1,0.994,4.45,286,6.12,0.147,0.126,0.021,0.098,0.042,0.056
14,balanced_cohort,prm:math_shepherd_mistral_7b,3,0.994,4.45,286,6.12,0.147,0.126,0.021,0.098,0.042,0.056
14,balanced_cohort,prm:math_shepherd_mistral_7b,5,0.994,4.45,286,6.12,0.147,0.126,0.021,0.098,0.042,0.056
14,balanced_cohort,prm:qwen25_math_prm_7b,1,0.994,4.45,286,5.94,0.150,0.127,0.023,0.101,0.042,0.059
14,balanced_cohort,prm:qwen25_math_prm_7b,3,0.994,4.45,286,5.94,0.150,0.127,0.023,0.101,0.042,0.059
14,balanced_cohort,prm:qwen25_math_prm_7b,5,0.994,4.45,286,5.94,0.150,0.127,0.023,0.101,0.042,0.059
14,balanced_cohort,predictor_D,1,0.994,4.15,286,6.12,0.147,0.126,0.021,0.098,0.042,0.056
14,balanced_cohort,predictor_D,3,0.994,4.15,286,6.12,0.147,0.126,0.021,0.098,0.042,0.056
14,balanced_cohort,predictor_D,5,0.994,4.15,286,6.12,0.147,0.126,0.021,0.098,0.042,0.056
14,balanced_cohort,predictor_E,1,0.994,4.45,286,5.94,0.150,0.127,0.023,0.101,0.042,0.059
14,balanced_cohort,predictor_E,3,0.994,4.45,286,5.94,0.150,0.127,0.023,0.101,0.042,0.059
14,balanced_cohort,predictor_E,5,0.994,4.45,286,5.94,0.150,0.127,0.023,0.101,0.042,0.059
14,natural_prevalence,random,1,0.000,,0,,,,,,,
14,natural_prevalence,random,3,0.064,-1.40,18,-21.78,0.232,0.095,0.137,0.232,0.036,0.196
14,natural_prevalence,random,5,0.064,-1.40,18,-21.78,0.232,0.095,0.137,0.232,0.036,0.196
14,natural_prevalence,rating_first,1,0.481,0.07,138,1.70,0.217,0.140,0.077,0.179,0.048,0.131
14,natural_prevalence,rating_first,3,0.641,-1.37,185,-0.53,0.186,0.125,0.061,0.146,0.043,0.103
14,natural_prevalence,rating_first,5,0.737,-4.69,212,-0.08,0.148,0.107,0.041,0.105,0.033,0.072
14,natural_prevalence,harmful_first,1,0.000,,0,,,,,,,
14,natural_prevalence,harmful_first,3,0.192,-2.44,55,33.61,0.083,0.227,0.000,0.061,0.078,0.000
14,natural_prevalence,harmful_first,5,0.224,-3.30,65,25.93,0.064,0.175,0.000,0.047,0.060,0.000
14,natural_prevalence,intersection_first,1,0.481,0.07,138,1.70,0.217,0.140,0.077,0.179,0.048,0.131
14,natural_prevalence,intersection_first,3,0.641,-1.37,185,-0.53,0.186,0.125,0.061,0.146,0.043,0.103
14,natural_prevalence,intersection_first,5,0.737,-4.69,212,-0.08,0.148,0.107,0.041,0.105,0.033,0.072
14,natural_prevalence,prm:llama31_8b_prm_deepseek,1,0.000,,0,,,,,,,
14,natural_prevalence,prm:llama31_8b_prm_deepseek,3,0.064,-2.70,18,33.44,0.065,0.312,0.000,0.065,0.124,0.000
14,natural_prevalence,prm:llama31_8b_prm_deepseek,5,0.064,-2.70,18,33.44,0.065,0.312,0.000,0.065,0.124,0.000
14,natural_prevalence,prm:math_shepherd_mistral_7b,1,0.481,-0.76,138,-3.78,0.250,0.154,0.096,0.172,0.052,0.119
14,natural_prevalence,prm:math_shepherd_mistral_7b,3,0.481,-0.76,138,-3.78,0.250,0.154,0.096,0.172,0.052,0.119
14,natural_prevalence,prm:math_shepherd_mistral_7b,5,0.513,-3.58,148,-0.48,0.221,0.152,0.069,0.151,0.051,0.100
14,natural_prevalence,prm:qwen25_math_prm_7b,1,0.224,-0.81,65,4.17,0.238,0.161,0.077,0.018,0.056,0.000
14,natural_prevalence,prm:qwen25_math_prm_7b,3,0.224,-0.81,65,4.17,0.238,0.161,0.077,0.018,0.056,0.000
14,natural_prevalence,prm:qwen25_math_prm_7b,5,0.865,-4.96,249,-0.23,0.189,0.134,0.056,0.120,0.042,0.078
14,natural_prevalence,predictor_D,1,0.000,,0,,,,,,,
14,natural_prevalence,predictor_D,3,0.000,,0,,,,,,,
14,natural_prevalence,predictor_D,5,0.000,,0,,,,,,,
14,natural_prevalence,predictor_E,1,0.417,11.81,120,21.61,0.035,0.132,0.000,0.003,0.044,0.000
14,natural_prevalence,predictor_E,3,0.449,-1.29,129,21.56,0.040,0.146,0.000,0.007,0.048,0.000
14,natural_prevalence,predictor_E,5,0.513,-3.22,148,13.98,0.127,0.164,0.000,0.055,0.052,0.003
15,balanced_cohort,random,1,0.993,3.80,306,6.45,0.131,0.117,0.014,0.085,0.039,0.046
15,balanced_cohort,random,3,0.993,3.80,306,6.45,0.131,0.117,0.014,0.085,0.039,0.046
15,balanced_cohort,random,5,0.993,3.80,306,6.45,0.131,0.117,0.014,0.085,0.039,0.046
15,balanced_cohort,rating_first,1,0.993,4.15,306,6.21,0.134,0.118,0.016,0.088,0.039,0.049
15,balanced_cohort,rating_first,3,0.993,4.15,306,6.21,0.134,0.118,0.016,0.088,0.039,0.049
15,balanced_cohort,rating_first,5,0.993,4.15,306,6.21,0.134,0.118,0.016,0.088,0.039,0.049
15,balanced_cohort,harmful_first,1,0.993,3.96,306,6.21,0.134,0.118,0.016,0.088,0.039,0.049
15,balanced_cohort,harmful_first,3,0.993,3.96,306,6.21,0.134,0.118,0.016,0.088,0.039,0.049
15,balanced_cohort,harmful_first,5,0.993,3.96,306,6.21,0.134,0.118,0.016,0.088,0.039,0.049
15,balanced_cohort,intersection_first,1,0.993,4.15,306,6.21,0.134,0.118,0.016,0.088,0.039,0.049
15,balanced_cohort,intersection_first,3,0.993,4.15,306,6.21,0.134,0.118,0.016,0.088,0.039,0.049
15,balanced_cohort,intersection_first,5,0.993,4.15,306,6.21,0.134,0.118,0.016,0.088,0.039,0.049
15,balanced_cohort,prm:llama31_8b_prm_deepseek,1,0.993,3.96,306,6.13,0.137,0.119,0.018,0.088,0.039,0.049
15,balanced_cohort,prm:llama31_8b_prm_deepseek,3,0.993,3.96,306,6.13,0.137,0.119,0.018,0.088,0.039,0.049
15,balanced_cohort,prm:llama31_8b_prm_deepseek,5,0.993,3.96,306,6.13,0.137,0.119,0.018,0.088,0.039,0.049
15,balanced_cohort,prm:math_shepherd_mistral_7b,1,0.993,3.96,306,6.29,0.134,0.118,0.016,0.085,0.039,0.046
15,balanced_cohort,prm:math_shepherd_mistral_7b,3,0.993,3.96,306,6.29,0.134,0.118,0.016,0.085,0.039,0.046
15,balanced_cohort,prm:math_shepherd_mistral_7b,5,0.993,3.96,306,6.29,0.134,0.118,0.016,0.085,0.039,0.046
15,balanced_cohort,prm:qwen25_math_prm_7b,1,0.993,3.76,306,6.13,0.137,0.119,0.018,0.088,0.039,0.049
15,balanced_cohort,prm:qwen25_math_prm_7b,3,0.993,3.76,306,6.13,0.137,0.119,0.018,0.088,0.039,0.049
15,balanced_cohort,prm:qwen25_math_prm_7b,5,0.993,3.76,306,6.13,0.137,0.119,0.018,0.088,0.039,0.049
15,balanced_cohort,predictor_D,1,0.993,3.96,306,6.13,0.137,0.119,0.018,0.088,0.039,0.049
15,balanced_cohort,predictor_D,3,0.993,3.96,306,6.13,0.137,0.119,0.018,0.088,0.039,0.049
15,balanced_cohort,predictor_D,5,0.993,3.96,306,6.13,0.137,0.119,0.018,0.088,0.039,0.049
15,balanced_cohort,predictor_E,1,0.993,3.95,306,6.45,0.134,0.118,0.016,0.085,0.039,0.046
15,balanced_cohort,predictor_E,3,0.993,3.95,306,6.45,0.134,0.118,0.016,0.085,0.039,0.046
15,balanced_cohort,predictor_E,5,0.993,3.95,306,6.45,0.134,0.118,0.016,0.085,0.039,0.046
15,natural_prevalence,random,1,0.000,,0,,,,,,,
15,natural_prevalence,random,3,0.000,,0,,,,,,,
15,natural_prevalence,random,5,0.000,,0,,,,,,,
15,natural_prevalence,rating_first,1,0.342,15.58,105,0.12,0.232,0.144,0.088,0.221,0.046,0.175
15,natural_prevalence,rating_first,3,0.445,-2.30,137,6.65,0.149,0.139,0.011,0.147,0.047,0.100
15,natural_prevalence,rating_first,5,0.651,-3.09,200,-0.23,0.174,0.121,0.053,0.125,0.040,0.085
15,natural_prevalence,harmful_first,1,0.308,1.63,95,1.37,0.240,0.199,0.042,0.231,0.064,0.167
15,natural_prevalence,harmful_first,3,0.308,1.63,95,1.37,0.240,0.199,0.042,0.231,0.064,0.167
15,natural_prevalence,harmful_first,5,0.925,-4.84,285,-0.82,0.155,0.105,0.050,0.108,0.033,0.075
15,natural_prevalence,intersection_first,1,0.342,15.86,105,0.12,0.232,0.144,0.088,0.221,0.046,0.175
15,natural_prevalence,intersection_first,3,0.445,-2.30,137,6.65,0.149,0.139,0.011,0.147,0.047,0.100
15,natural_prevalence,intersection_first,5,0.651,-3.09,200,-0.23,0.174,0.121,0.053,0.125,0.040,0.085
15,natural_prevalence,prm:llama31_8b_prm_deepseek,1,0.000,,0,,,,,,,
15,natural_prevalence,prm:llama31_8b_prm_deepseek,3,0.034,-2.58,11,33.95,0.064,0.315,0.000,0.064,0.125,0.000
15,natural_prevalence,prm:llama31_8b_prm_deepseek,5,0.685,-4.21,211,3.18,0.129,0.100,0.029,0.080,0.033,0.048
15,natural_prevalence,prm:math_shepherd_mistral_7b,1,0.274,2.19,84,16.36,0.042,0.116,0.000,0.030,0.043,0.000
15,natural_prevalence,prm:math_shepherd_mistral_7b,3,0.308,-1.44,95,13.03,0.089,0.126,0.000,0.023,0.044,0.000
15,natural_prevalence,prm:math_shepherd_mistral_7b,5,0.308,-1.44,95,13.03,0.089,0.126,0.000,0.023,0.044,0.000
15,natural_prevalence,prm:qwen25_math_prm_7b,1,0.171,-0.22,53,-18.88,0.849,0.315,0.534,0.003,0.119,0.000
15,natural_prevalence,prm:qwen25_math_prm_7b,3,0.171,-0.22,53,-18.88,0.849,0.315,0.534,0.003,0.119,0.000
15,natural_prevalence,prm:qwen25_math_prm_7b,5,0.171,-0.22,53,-18.88,0.849,0.315,0.534,0.003,0.119,0.000
15,natural_prevalence,predictor_D,1,0.137,9.01,42,20.83,0.119,0.171,0.000,0.071,0.061,0.011
15,natural_prevalence,predictor_D,3,0.137,9.01,42,20.83,0.119,0.171,0.000,0.071,0.061,0.011
15,natural_prevalence,predictor_D,5,0.137,9.01,42,20.83,0.119,0.171,0.000,0.071,0.061,0.011
15,natural_prevalence,predictor_E,1,0.822,-0.89,253,3.61,0.137,0.112,0.025,0.077,0.033,0.043
15,natural_prevalence,predictor_E,3,0.822,-0.89,253,3.61,0.137,0.112,0.025,0.077,0.033,0.043
15,natural_prevalence,predictor_E,5,0.890,-4.95,274,1.76,0.130,0.099,0.030,0.078,0.030,0.048
16,balanced_cohort,random,1,0.987,5.06,292,6.08,0.158,0.126,0.032,0.106,0.042,0.065
16,balanced_cohort,random,3,0.987,5.06,292,6.08,0.158,0.126,0.032,0.106,0.042,0.065
16,balanced_cohort,random,5,0.987,5.06,292,6.08,0.158,0.126,0.032,0.106,0.042,0.065
16,balanced_cohort,rating_first,1,0.987,5.06,292,6.16,0.158,0.127,0.031,0.106,0.042,0.064
16,balanced_cohort,rating_first,3,0.987,5.06,292,6.16,0.158,0.127,0.031,0.106,0.042,0.064
16,balanced_cohort,rating_first,5,0.987,5.06,292,6.16,0.158,0.127,0.031,0.106,0.042,0.064
16,balanced_cohort,harmful_first,1,0.987,5.05,292,5.99,0.161,0.127,0.034,0.106,0.042,0.064
16,balanced_cohort,harmful_first,3,0.987,5.05,292,5.99,0.161,0.127,0.034,0.106,0.042,0.064
16,balanced_cohort,harmful_first,5,0.987,5.05,292,5.99,0.161,0.127,0.034,0.106,0.042,0.064
16,balanced_cohort,intersection_first,1,0.987,5.06,292,6.16,0.158,0.127,0.031,0.106,0.042,0.064
16,balanced_cohort,intersection_first,3,0.987,5.06,292,6.16,0.158,0.127,0.031,0.106,0.042,0.064
16,balanced_cohort,intersection_first,5,0.987,5.06,292,6.16,0.158,0.127,0.031,0.106,0.042,0.064
16,balanced_cohort,prm:llama31_8b_prm_deepseek,1,0.987,5.05,292,5.82,0.168,0.130,0.038,0.110,0.043,0.067
16,balanced_cohort,prm:llama31_8b_prm_deepseek,3,0.987,5.05,292,5.82,0.168,0.130,0.038,0.110,0.043,0.067
16,balanced_cohort,prm:llama31_8b_prm_deepseek,5,0.987,5.05,292,5.82,0.168,0.130,0.038,0.110,0.043,0.067
16,balanced_cohort,prm:math_shepherd_mistral_7b,1,0.987,4.87,292,5.65,0.164,0.128,0.037,0.106,0.042,0.064
16,balanced_cohort,prm:math_shepherd_mistral_7b,3,0.987,4.87,292,5.65,0.164,0.128,0.037,0.106,0.042,0.064
16,balanced_cohort,prm:math_shepherd_mistral_7b,5,0.987,4.87,292,5.65,0.164,0.128,0.037,0.106,0.042,0.064
16,balanced_cohort,prm:qwen25_math_prm_7b,1,0.987,4.87,292,5.82,0.168,0.130,0.038,0.110,0.043,0.067
16,balanced_cohort,prm:qwen25_math_prm_7b,3,0.987,4.87,292,5.82,0.168,0.130,0.038,0.110,0.043,0.067
16,balanced_cohort,prm:qwen25_math_prm_7b,5,0.987,4.87,292,5.82,0.168,0.130,0.038,0.110,0.043,0.067
16,balanced_cohort,predictor_D,1,0.987,5.05,292,5.74,0.168,0.129,0.039,0.110,0.043,0.067
16,balanced_cohort,predictor_D,3,0.987,5.05,292,5.74,0.168,0.129,0.039,0.110,0.043,0.067
16,balanced_cohort,predictor_D,5,0.987,5.05,292,5.74,0.168,0.129,0.039,0.110,0.043,0.067
16,balanced_cohort,predictor_E,1,0.987,5.38,292,5.91,0.164,0.129,0.035,0.110,0.043,0.067
16,balanced_cohort,predictor_E,3,0.987,5.38,292,5.91,0.164,0.129,0.035,0.110,0.043,0.067
16,balanced_cohort,predictor_E,5,0.987,5.38,292,5.91,0.164,0.129,0.035,0.110,0.043,0.067
16,natural_prevalence,random,1,0.000,,0,,,,,,,
16,natural_prevalence,random,3,0.000,,0,,,,,,,
16,natural_prevalence,random,5,0.987,-4.70,292,-1.63,0.201,0.122,0.078,0.132,0.037,0.095
16,natural_prevalence,rating_first,1,0.724,0.25,214,-2.13,0.184,0.120,0.064,0.129,0.033,0.095
16,natural_prevalence,rating_first,3,0.724,0.25,214,-2.13,0.184,0.120,0.064,0.129,0.033,0.095
16,natural_prevalence,rating_first,5,0.987,-4.83,292,-0.77,0.181,0.118,0.063,0.128,0.036,0.092
16,natural_prevalence,harmful_first,1,0.197,0.53,58,13.76,0.035,0.102,0.000,0.017,0.032,0.000
16,natural_prevalence,harmful_first,3,0.197,0.53,58,13.76,0.035,0.102,0.000,0.017,0.032,0.000
16,natural_prevalence,harmful_first,5,0.987,-4.71,292,-1.02,0.189,0.120,0.068,0.127,0.037,0.090
16,natural_prevalence,intersection_first,1,0.724,0.25,214,-2.13,0.184,0.120,0.064,0.129,0.033,0.095
16,natural_prevalence,intersection_first,3,0.724,0.25,214,-2.13,0.184,0.120,0.064,0.129,0.033,0.095
16,natural_prevalence,intersection_first,5,0.987,-4.83,292,-0.77,0.181,0.118,0.063,0.128,0.036,0.092
16,natural_prevalence,prm:llama31_8b_prm_deepseek,1,0.625,-0.78,185,3.70,0.132,0.088,0.044,0.064,0.030,0.035
16,natural_prevalence,prm:llama31_8b_prm_deepseek,3,0.691,-1.89,204,1.29,0.196,0.106,0.090,0.105,0.034,0.071
16,natural_prevalence,prm:llama31_8b_prm_deepseek,5,0.987,-4.79,292,-1.70,0.206,0.125,0.081,0.136,0.038,0.098
16,natural_prevalence,prm:math_shepherd_mistral_7b,1,0.493,-0.75,146,-0.81,0.207,0.117,0.090,0.155,0.040,0.115
16,natural_prevalence,prm:math_shepherd_mistral_7b,3,0.493,-0.75,146,-0.81,0.207,0.117,0.090,0.155,0.040,0.115
16,natural_prevalence,prm:math_shepherd_mistral_7b,5,0.954,-4.82,282,-1.75,0.205,0.124,0.081,0.133,0.038,0.095
16,natural_prevalence,prm:qwen25_math_prm_7b,1,0.197,-0.53,58,-6.85,0.317,0.118,0.199,0.001,0.044,0.000
16,natural_prevalence,prm:qwen25_math_prm_7b,3,0.197,-0.53,58,-6.85,0.317,0.118,0.199,0.001,0.044,0.000
16,natural_prevalence,prm:qwen25_math_prm_7b,5,0.197,-0.53,58,-6.85,0.317,0.118,0.199,0.001,0.044,0.000
16,natural_prevalence,predictor_D,1,0.329,2.71,97,-3.14,0.185,0.109,0.076,0.169,0.040,0.129
16,natural_prevalence,predictor_D,3,0.329,2.71,97,-3.14,0.185,0.109,0.076,0.169,0.040,0.129
16,natural_prevalence,predictor_D,5,0.987,-4.79,292,-1.97,0.209,0.125,0.085,0.138,0.038,0.100
16,natural_prevalence,predictor_E,1,0.691,0.31,204,5.53,0.208,0.164,0.044,0.124,0.048,0.075
16,natural_prevalence,predictor_E,3,0.921,-2.22,273,-0.34,0.192,0.127,0.065,0.126,0.039,0.087
16,natural_prevalence,predictor_E,5,0.987,-3.62,292,-1.46,0.196,0.122,0.074,0.135,0.037,0.098
17,balanced_cohort,random,1,0.989,5.32,333,5.48,0.135,0.119,0.016,0.099,0.040,0.059
17,balanced_cohort,random,3,0.989,5.32,333,5.48,0.135,0.119,0.016,0.099,0.040,0.059
17,balanced_cohort,random,5,0.989,5.32,333,5.48,0.135,0.119,0.016,0.099,0.040,0.059
17,balanced_cohort,rating_first,1,0.989,5.33,333,5.48,0.135,0.120,0.015,0.102,0.041,0.061
17,balanced_cohort,rating_first,3,0.989,5.33,333,5.48,0.135,0.120,0.015,0.102,0.041,0.061
17,balanced_cohort,rating_first,5,0.989,5.33,333,5.48,0.135,0.120,0.015,0.102,0.041,0.061
17,balanced_cohort,harmful_first,1,0.989,5.33,333,5.41,0.138,0.121,0.017,0.102,0.041,0.061
17,balanced_cohort,harmful_first,3,0.989,5.33,333,5.41,0.138,0.121,0.017,0.102,0.041,0.061
17,balanced_cohort,harmful_first,5,0.989,5.33,333,5.41,0.138,0.121,0.017,0.102,0.041,0.061
17,balanced_cohort,intersection_first,1,0.989,5.33,333,5.48,0.135,0.120,0.015,0.102,0.041,0.061
17,balanced_cohort,intersection_first,3,0.989,5.33,333,5.48,0.135,0.120,0.015,0.102,0.041,0.061
17,balanced_cohort,intersection_first,5,0.989,5.33,333,5.48,0.135,0.120,0.015,0.102,0.041,0.061
17,balanced_cohort,prm:llama31_8b_prm_deepseek,1,0.989,5.23,333,5.41,0.138,0.121,0.017,0.102,0.041,0.061
17,balanced_cohort,prm:llama31_8b_prm_deepseek,3,0.989,5.23,333,5.41,0.138,0.121,0.017,0.102,0.041,0.061
17,balanced_cohort,prm:llama31_8b_prm_deepseek,5,0.989,5.23,333,5.41,0.138,0.121,0.017,0.102,0.041,0.061
17,balanced_cohort,prm:math_shepherd_mistral_7b,1,0.989,5.23,333,5.26,0.135,0.119,0.016,0.099,0.040,0.059
17,balanced_cohort,prm:math_shepherd_mistral_7b,3,0.989,5.23,333,5.26,0.135,0.119,0.016,0.099,0.040,0.059
17,balanced_cohort,prm:math_shepherd_mistral_7b,5,0.989,5.23,333,5.26,0.135,0.119,0.016,0.099,0.040,0.059
17,balanced_cohort,prm:qwen25_math_prm_7b,1,0.989,5.22,333,5.18,0.138,0.120,0.018,0.102,0.041,0.061
17,balanced_cohort,prm:qwen25_math_prm_7b,3,0.989,5.22,333,5.18,0.138,0.120,0.018,0.102,0.041,0.061
17,balanced_cohort,prm:qwen25_math_prm_7b,5,0.989,5.22,333,5.18,0.138,0.120,0.018,0.102,0.041,0.061
17,balanced_cohort,predictor_D,1,0.989,5.34,333,5.26,0.138,0.120,0.018,0.102,0.041,0.061
17,balanced_cohort,predictor_D,3,0.989,5.34,333,5.26,0.138,0.120,0.018,0.102,0.041,0.061
17,balanced_cohort,predictor_D,5,0.989,5.34,333,5.26,0.138,0.120,0.018,0.102,0.041,0.061
17,balanced_cohort,predictor_E,1,0.989,6.09,333,5.41,0.138,0.121,0.017,0.102,0.041,0.061
17,balanced_cohort,predictor_E,3,0.989,6.09,333,5.41,0.138,0.121,0.017,0.102,0.041,0.061
17,balanced_cohort,predictor_E,5,0.989,6.09,333,5.41,0.138,0.121,0.017,0.102,0.041,0.061
17,natural_prevalence,random,1,0.913,-0.96,308,-3.62,0.171,0.103,0.067,0.129,0.034,0.095
17,natural_prevalence,random,3,0.989,-1.97,333,-4.34,0.175,0.102,0.074,0.136,0.033,0.103
17,natural_prevalence,random,5,0.989,-1.97,333,-4.34,0.175,0.102,0.074,0.136,0.033,0.103
17,natural_prevalence,rating_first,1,0.875,-0.82,295,-3.69,0.179,0.109,0.070,0.131,0.036,0.095
17,natural_prevalence,rating_first,3,0.989,-1.73,333,-4.24,0.171,0.102,0.070,0.141,0.033,0.107
17,natural_prevalence,rating_first,5,0.989,-1.73,333,-4.24,0.171,0.102,0.070,0.141,0.033,0.107
17,natural_prevalence,harmful_first,1,0.837,-0.87,282,-5.82,0.207,0.121,0.086,0.155,0.040,0.116
17,natural_prevalence,harmful_first,3,0.989,-1.73,333,-4.36,0.176,0.102,0.074,0.137,0.034,0.103
17,natural_prevalence,harmful_first,5,0.989,-1.73,333,-4.36,0.176,0.102,0.074,0.137,0.034,0.103
17,natural_prevalence,intersection_first,1,0.875,-0.82,295,-3.69,0.179,0.109,0.070,0.131,0.036,0.095
17,natural_prevalence,intersection_first,3,0.989,-1.73,333,-4.24,0.171,0.102,0.070,0.141,0.033,0.107
17,natural_prevalence,intersection_first,5,0.989,-1.73,333,-4.24,0.171,0.102,0.070,0.141,0.033,0.107
17,natural_prevalence,prm:llama31_8b_prm_deepseek,1,0.076,4.99,26,-33.79,0.445,0.161,0.284,0.444,0.061,0.383
17,natural_prevalence,prm:llama31_8b_prm_deepseek,3,0.989,-2.00,333,-4.40,0.178,0.103,0.075,0.138,0.034,0.104
17,natural_prevalence,prm:llama31_8b_prm_deepseek,5,0.989,-2.00,333,-4.40,0.178,0.103,0.075,0.138,0.034,0.104
17,natural_prevalence,prm:math_shepherd_mistral_7b,1,0.798,-0.45,269,-5.18,0.204,0.115,0.089,0.150,0.038,0.112
17,natural_prevalence,prm:math_shepherd_mistral_7b,3,0.989,-2.00,333,-3.94,0.168,0.100,0.068,0.129,0.033,0.096
17,natural_prevalence,prm:math_shepherd_mistral_7b,5,0.989,-2.00,333,-3.94,0.168,0.100,0.068,0.129,0.033,0.096
17,natural_prevalence,prm:qwen25_math_prm_7b,1,0.837,-0.21,282,-6.50,0.164,0.088,0.076,0.134,0.030,0.104
17,natural_prevalence,prm:qwen25_math_prm_7b,3,0.989,-2.00,333,-5.17,0.181,0.102,0.079,0.141,0.033,0.107
17,natural_prevalence,prm:qwen25_math_prm_7b,5,0.989,-2.00,333,-5.17,0.181,0.102,0.079,0.141,0.033,0.107
17,natural_prevalence,predictor_D,1,0.076,6.98,26,27.88,0.115,0.194,0.000,0.038,0.066,0.000
17,natural_prevalence,predictor_D,3,0.989,-1.44,333,-4.94,0.181,0.102,0.079,0.141,0.033,0.107
17,natural_prevalence,predictor_D,5,0.989,-1.44,333,-4.94,0.181,0.102,0.079,0.141,0.033,0.107
17,natural_prevalence,predictor_E,1,0.951,0.36,320,-3.46,0.169,0.101,0.068,0.130,0.033,0.097
17,natural_prevalence,predictor_E,3,0.989,-1.79,333,-4.33,0.175,0.101,0.073,0.136,0.033,0.103
17,natural_prevalence,predictor_E,5,0.989,-1.79,333,-4.33,0.175,0.101,0.073,0.136,0.033,0.103
18,balanced_cohort,random,1,0.994,4.37,286,5.77,0.150,0.125,0.025,0.112,0.043,0.069
18,balanced_cohort,random,3,0.994,4.37,286,5.77,0.150,0.125,0.025,0.112,0.043,0.069
18,balanced_cohort,random,5,0.994,4.37,286,5.77,0.150,0.125,0.025,0.112,0.043,0.069
18,balanced_cohort,rating_first,1,0.994,4.53,286,5.77,0.150,0.125,0.025,0.112,0.043,0.069
18,balanced_cohort,rating_first,3,0.994,4.53,286,5.77,0.150,0.125,0.025,0.112,0.043,0.069
18,balanced_cohort,rating_first,5,0.994,4.53,286,5.77,0.150,0.125,0.025,0.112,0.043,0.069
18,balanced_cohort,harmful_first,1,0.994,4.53,286,5.68,0.154,0.126,0.028,0.112,0.043,0.069
18,balanced_cohort,harmful_first,3,0.994,4.53,286,5.68,0.154,0.126,0.028,0.112,0.043,0.069
18,balanced_cohort,harmful_first,5,0.994,4.53,286,5.68,0.154,0.126,0.028,0.112,0.043,0.069
18,balanced_cohort,intersection_first,1,0.994,4.53,286,5.77,0.150,0.125,0.025,0.112,0.043,0.069
18,balanced_cohort,intersection_first,3,0.994,4.53,286,5.77,0.150,0.125,0.025,0.112,0.043,0.069
18,balanced_cohort,intersection_first,5,0.994,4.53,286,5.77,0.150,0.125,0.025,0.112,0.043,0.069
18,balanced_cohort,prm:llama31_8b_prm_deepseek,1,0.994,4.53,286,5.68,0.154,0.126,0.028,0.112,0.043,0.069
18,balanced_cohort,prm:llama31_8b_prm_deepseek,3,0.994,4.53,286,5.68,0.154,0.126,0.028,0.112,0.043,0.069
18,balanced_cohort,prm:llama31_8b_prm_deepseek,5,0.994,4.53,286,5.68,0.154,0.126,0.028,0.112,0.043,0.069
18,balanced_cohort,prm:math_shepherd_mistral_7b,1,0.994,4.53,286,5.86,0.150,0.125,0.026,0.108,0.043,0.065
18,balanced_cohort,prm:math_shepherd_mistral_7b,3,0.994,4.53,286,5.86,0.150,0.125,0.026,0.108,0.043,0.065
18,balanced_cohort,prm:math_shepherd_mistral_7b,5,0.994,4.53,286,5.86,0.150,0.125,0.026,0.108,0.043,0.065
18,balanced_cohort,prm:qwen25_math_prm_7b,1,0.994,4.53,286,5.68,0.154,0.126,0.028,0.112,0.043,0.069
18,balanced_cohort,prm:qwen25_math_prm_7b,3,0.994,4.53,286,5.68,0.154,0.126,0.028,0.112,0.043,0.069
18,balanced_cohort,prm:qwen25_math_prm_7b,5,0.994,4.53,286,5.68,0.154,0.126,0.028,0.112,0.043,0.069
18,balanced_cohort,predictor_D,1,0.994,4.23,286,5.77,0.150,0.125,0.025,0.112,0.043,0.069
18,balanced_cohort,predictor_D,3,0.994,4.23,286,5.77,0.150,0.125,0.025,0.112,0.043,0.069
18,balanced_cohort,predictor_D,5,0.994,4.23,286,5.77,0.150,0.125,0.025,0.112,0.043,0.069
18,balanced_cohort,predictor_E,1,0.994,4.53,286,6.03,0.150,0.125,0.026,0.108,0.043,0.066
18,balanced_cohort,predictor_E,3,0.994,4.53,286,6.03,0.150,0.125,0.026,0.108,0.043,0.066
18,balanced_cohort,predictor_E,5,0.994,4.53,286,6.03,0.150,0.125,0.026,0.108,0.043,0.066
18,natural_prevalence,random,1,0.128,0.74,37,-9.50,0.159,0.109,0.050,0.159,0.039,0.121
18,natural_prevalence,random,3,0.128,0.74,37,-9.50,0.159,0.109,0.050,0.159,0.039,0.121
18,natural_prevalence,random,5,0.994,-4.11,286,-2.25,0.182,0.114,0.069,0.139,0.038,0.101
18,natural_prevalence,rating_first,1,0.673,0.28,194,-3.44,0.186,0.101,0.085,0.133,0.034,0.098
18,natural_prevalence,rating_first,3,0.673,0.28,194,-3.44,0.186,0.101,0.085,0.133,0.034,0.098
18,natural_prevalence,rating_first,5,0.994,-4.15,286,-2.04,0.175,0.112,0.063,0.141,0.038,0.103
18,natural_prevalence,harmful_first,1,0.000,,0,,,,,,,
18,natural_prevalence,harmful_first,3,0.224,-2.49,65,26.05,0.067,0.181,0.000,0.050,0.062,0.000
18,natural_prevalence,harmful_first,5,0.994,-4.15,286,-2.25,0.182,0.113,0.069,0.138,0.038,0.100
18,natural_prevalence,intersection_first,1,0.673,0.28,194,-3.44,0.186,0.101,0.085,0.133,0.034,0.098
18,natural_prevalence,intersection_first,3,0.673,0.28,194,-3.44,0.186,0.101,0.085,0.133,0.034,0.098
18,natural_prevalence,intersection_first,5,0.994,-4.15,286,-2.04,0.175,0.112,0.063,0.141,0.038,0.103
18,natural_prevalence,prm:llama31_8b_prm_deepseek,1,0.705,-0.48,203,-1.40,0.228,0.133,0.095,0.161,0.047,0.114
18,natural_prevalence,prm:llama31_8b_prm_deepseek,3,0.737,-2.10,212,-2.44,0.220,0.130,0.090,0.161,0.045,0.116
18,natural_prevalence,prm:llama31_8b_prm_deepseek,5,0.994,-4.11,286,-2.29,0.185,0.115,0.070,0.141,0.038,0.102
18,natural_prevalence,prm:math_shepherd_mistral_7b,1,0.256,3.41,74,11.10,0.058,0.099,0.000,0.044,0.036,0.007
18,natural_prevalence,prm:math_shepherd_mistral_7b,3,0.288,-1.26,83,13.97,0.045,0.104,0.000,0.034,0.038,0.000
18,natural_prevalence,prm:math_shepherd_mistral_7b,5,0.994,-4.15,286,-1.79,0.175,0.112,0.063,0.131,0.037,0.093
18,natural_prevalence,prm:qwen25_math_prm_7b,1,0.353,-0.99,102,7.44,0.222,0.186,0.036,0.115,0.066,0.049
18,natural_prevalence,prm:qwen25_math_prm_7b,3,0.385,-2.23,111,14.06,0.160,0.179,0.000,0.086,0.061,0.025
18,natural_prevalence,prm:qwen25_math_prm_7b,5,0.994,-4.15,286,-2.29,0.185,0.115,0.070,0.141,0.038,0.102
18,natural_prevalence,predictor_D,1,0.000,,0,,,,,,,
18,natural_prevalence,predictor_D,3,0.000,,0,,,,,,,
18,natural_prevalence,predictor_D,5,0.994,-4.15,286,-2.23,0.181,0.113,0.068,0.138,0.037,0.101
18,natural_prevalence,predictor_E,1,0.417,4.24,120,26.64,0.003,0.122,0.000,0.000,0.044,0.000
18,natural_prevalence,predictor_E,3,0.833,-2.61,240,4.51,0.155,0.124,0.030,0.107,0.041,0.066
18,natural_prevalence,predictor_E,5,0.994,-4.11,286,-2.17,0.181,0.113,0.068,0.137,0.037,0.100
19,balanced_cohort,random,1,0.993,2.97,296,7.77,0.142,0.132,0.010,0.098,0.044,0.054
19,balanced_cohort,random,3,0.993,2.97,296,7.77,0.142,0.132,0.010,0.098,0.044,0.054
19,balanced_cohort,random,5,0.993,2.97,296,7.77,0.142,0.132,0.010,0.098,0.044,0.054
19,balanced_cohort,rating_first,1,0.993,3.12,296,7.60,0.142,0.132,0.010,0.101,0.044,0.057
19,balanced_cohort,rating_first,3,0.993,3.12,296,7.60,0.142,0.132,0.010,0.101,0.044,0.057
19,balanced_cohort,rating_first,5,0.993,3.12,296,7.60,0.142,0.132,0.010,0.101,0.044,0.057
19,balanced_cohort,harmful_first,1,0.993,3.04,296,7.52,0.145,0.133,0.012,0.101,0.045,0.057
19,balanced_cohort,harmful_first,3,0.993,3.04,296,7.52,0.145,0.133,0.012,0.101,0.045,0.057
19,balanced_cohort,harmful_first,5,0.993,3.04,296,7.52,0.145,0.133,0.012,0.101,0.045,0.057
19,balanced_cohort,intersection_first,1,0.993,3.12,296,7.60,0.142,0.132,0.010,0.101,0.044,0.057
19,balanced_cohort,intersection_first,3,0.993,3.12,296,7.60,0.142,0.132,0.010,0.101,0.044,0.057
19,balanced_cohort,intersection_first,5,0.993,3.12,296,7.60,0.142,0.132,0.010,0.101,0.044,0.057
19,balanced_cohort,prm:llama31_8b_prm_deepseek,1,0.993,3.04,296,7.52,0.145,0.133,0.012,0.101,0.045,0.057
19,balanced_cohort,prm:llama31_8b_prm_deepseek,3,0.993,3.04,296,7.52,0.145,0.133,0.012,0.101,0.045,0.057
19,balanced_cohort,prm:llama31_8b_prm_deepseek,5,0.993,3.04,296,7.52,0.145,0.133,0.012,0.101,0.045,0.057
19,balanced_cohort,prm:math_shepherd_mistral_7b,1,0.993,2.91,296,7.52,0.145,0.133,0.012,0.101,0.045,0.057
19,balanced_cohort,prm:math_shepherd_mistral_7b,3,0.993,2.91,296,7.52,0.145,0.133,0.012,0.101,0.045,0.057
19,balanced_cohort,prm:math_shepherd_mistral_7b,5,0.993,2.91,296,7.52,0.145,0.133,0.012,0.101,0.045,0.057
19,balanced_cohort,prm:qwen25_math_prm_7b,1,0.993,3.04,296,7.52,0.145,0.133,0.012,0.101,0.045,0.057
19,balanced_cohort,prm:qwen25_math_prm_7b,3,0.993,3.04,296,7.52,0.145,0.133,0.012,0.101,0.045,0.057
19,balanced_cohort,prm:qwen25_math_prm_7b,5,0.993,3.04,296,7.52,0.145,0.133,0.012,0.101,0.045,0.057
19,balanced_cohort,predictor_D,1,0.993,2.95,296,7.01,0.145,0.130,0.015,0.101,0.044,0.057
19,balanced_cohort,predictor_D,3,0.993,2.95,296,7.01,0.145,0.130,0.015,0.101,0.044,0.057
19,balanced_cohort,predictor_D,5,0.993,2.95,296,7.01,0.145,0.130,0.015,0.101,0.044,0.057
19,balanced_cohort,predictor_E,1,0.993,3.21,296,7.52,0.145,0.133,0.012,0.101,0.045,0.057
19,balanced_cohort,predictor_E,3,0.993,3.21,296,7.52,0.145,0.133,0.012,0.101,0.045,0.057
19,balanced_cohort,predictor_E,5,0.993,3.21,296,7.52,0.145,0.133,0.012,0.101,0.045,0.057
19,natural_prevalence,random,1,0.000,,0,,,,,,,
19,natural_prevalence,random,3,0.000,,0,,,,,,,
19,natural_prevalence,random,5,0.000,,0,,,,,,,
19,natural_prevalence,rating_first,1,0.298,13.94,89,19.66,0.067,0.120,0.000,0.022,0.042,0.000
19,natural_prevalence,rating_first,3,0.662,-1.78,197,0.81,0.168,0.122,0.046,0.136,0.041,0.094
19,natural_prevalence,rating_first,5,0.695,-4.63,207,-0.47,0.119,0.082,0.037,0.099,0.028,0.071
19,natural_prevalence,harmful_first,1,0.000,,0,,,,,,,
19,natural_prevalence,harmful_first,3,0.000,,0,,,,,,,
19,natural_prevalence,harmful_first,5,0.000,,0,,,,,,,
19,natural_prevalence,intersection_first,1,0.298,16.88,89,22.19,0.067,0.144,0.000,0.034,0.052,0.000
19,natural_prevalence,intersection_first,3,0.662,-1.78,197,0.81,0.168,0.122,0.046,0.136,0.041,0.094
19,natural_prevalence,intersection_first,5,0.695,-4.63,207,-0.47,0.119,0.082,0.037,0.099,0.028,0.071
19,natural_prevalence,prm:llama31_8b_prm_deepseek,1,0.033,-0.39,10,24.24,0.000,0.175,0.000,0.000,0.070,0.000
19,natural_prevalence,prm:llama31_8b_prm_deepseek,3,0.033,-0.39,10,24.24,0.000,0.175,0.000,0.000,0.070,0.000
19,natural_prevalence,prm:llama31_8b_prm_deepseek,5,0.033,-0.39,10,24.24,0.000,0.175,0.000,0.000,0.070,0.000
19,natural_prevalence,prm:math_shepherd_mistral_7b,1,0.298,-0.31,89,14.38,0.071,0.122,0.000,0.063,0.043,0.020
19,natural_prevalence,prm:math_shepherd_mistral_7b,3,0.298,-0.31,89,14.38,0.071,0.122,0.000,0.063,0.043,0.020
19,natural_prevalence,prm:math_shepherd_mistral_7b,5,0.298,-0.31,89,14.38,0.071,0.122,0.000,0.063,0.043,0.020
19,natural_prevalence,prm:qwen25_math_prm_7b,1,0.166,11.48,49,-9.40,0.431,0.161,0.270,0.002,0.061,0.000
19,natural_prevalence,prm:qwen25_math_prm_7b,3,0.166,11.48,49,-9.40,0.431,0.161,0.270,0.002,0.061,0.000
19,natural_prevalence,prm:qwen25_math_prm_7b,5,0.166,11.48,49,-9.40,0.431,0.161,0.270,0.002,0.061,0.000
19,natural_prevalence,predictor_D,1,0.199,11.21,59,24.58,0.068,0.156,0.000,0.051,0.058,0.000
19,natural_prevalence,predictor_D,3,0.199,11.21,59,24.58,0.068,0.156,0.000,0.051,0.058,0.000
19,natural_prevalence,predictor_D,5,0.629,-4.48,187,-1.55,0.174,0.131,0.043,0.147,0.041,0.106
19,natural_prevalence,predictor_E,1,0.695,-0.16,207,6.26,0.154,0.137,0.017,0.107,0.044,0.064
19,natural_prevalence,predictor_E,3,0.795,-2.46,237,6.35,0.146,0.135,0.011,0.105,0.042,0.063
19,natural_prevalence,predictor_E,5,0.795,-2.46,237,6.35,0.146,0.135,0.011,0.105,0.042,0.063
