"id","displayOrder","rating","position","oldRemovable","newRemovable","removableChanged","oldStepType","newStepType","stepTypeChanged","oldModel","newConfidence","newReason"
"prm-c1da18d5eb32eafe","1","1","early","no","yes","True","essential","harmful","True","deepseek/deepseek-v4-flash","0.95","该步骤推导出d1=0和r1=1，但后续推理错误地认为整个序列为常数，与正确答案矛盾，属于有害步骤。"
"prm-23439bf6a10e0389","2","1","middle","yes","yes","False","redundant","redundant","False","deepseek/deepseek-v4-flash","1","该步骤只是举例说明2是196的一个因数，并未提供新的数学信息或推导工具，删除后不影响后续推理的连贯性。"
"prm-9a6f73708a6d6a9f","3","1","early","no","no","False","essential","essential","False","deepseek/deepseek-v4-flash","1","该步骤给出了正弦函数的一般解形式，是后续筛选正确角度所必需的前提知识，移除后无法确定角度范围。"
"prm-7c4b728ac8b7ff8c","4","0","early","yes","yes","False","redundant","redundant","False","deepseek/deepseek-v4-flash","0.95","该步骤只是提出要验证答案，并未实际执行验证或提供新的数学信息，移除后不影响推理连贯性。"
"prm-b4172ae8c86b6f76","5","0","early","yes","yes","False","redundant","redundant","False","deepseek/deepseek-v4-flash","0.95","该步骤只提出了一个解题方向（代入消元），没有进行任何具体计算或推导，移除后不影响推理连贯性。"
"prm-a9976436ac395dce","6","0","middle","no","no","False","essential","essential","False","deepseek/deepseek-v4-pro","1","该步骤是化简平方根的关键计算，没有它后续无法得到精确值或近似小数。"
"prm-57f3dc0fcc359327","7","-1","early","no","yes","True","essential","harmful","True","deepseek/deepseek-v4-pro","0.9","该步骤声称ω的辐角只能是0、2π/3或4π/3，但ω=1的辐角为0，而ω=1代入原式得到1，但正确答案只有1，因此该步骤包含了错误信息（ω=1是解但导致错误结果），属于有害步骤。"
"prm-3e4ac009eae25363","8","-1","late","yes","yes","False","harmful","harmful","False","deepseek/deepseek-v4-flash","1","该步骤声称1331和9999互质，但实际可约去公因数11，导致后续答案错误。"
"prm-734c17ddd0cff62a","9","1","early","no","yes","True","essential","redundant","True","deepseek/deepseek-v4-flash","1","该步骤只是定义了变量名称，没有提供新的数学信息或推导，移除后推理依然完整。"
"prm-0cbc0287aab226af","10","0","middle","no","yes","True","harmful","harmful","False","deepseek/deepseek-v4-pro","1","该步骤错误地假设最小公倍数为24，并尝试将24加到5上，但正确的第一个解应为21，导致后续所有推理偏离正确方向。"
"prm-bfc1c5c3c815660c","11","-1","early","no","no","False","harmful","essential","True","deepseek/deepseek-v4-pro","1","该步骤是合并同类项后的正确表达式，是后续建立方程组的关键前提，缺少它则无法进行系数对比。"
"prm-5464f1648525f7ea","12","1","middle","no","yes","True","essential","harmful","True","deepseek/deepseek-v4-flash","0.9","该步骤声称当x很大时14/x^2可忽略，但分母中还有-5x项，简化后的表达式2/(x-5)并不正确，导致后续对水平渐近线的判断错误。"
"prm-7a2c9794408559fd","13","1","late","yes","yes","False","redundant","redundant","False","deepseek/deepseek-v4-flash","1","该步骤只是重复了最终答案，没有提供任何新的推理或计算信息。"
"prm-526e2011568d24e6","14","1","middle","no","no","False","essential","essential","False","deepseek/deepseek-v4-flash","0.9","该步骤本身是代数替换的正确操作，但后续步骤错误地将表达式与0相等，导致最终答案错误；然而仅删除此步会破坏推理的连贯性，因为它是从x^3=x^2+x到x^2-x+1的必要转换。"
"prm-010e43e3a679e690","15","1","middle","no","no","False","essential","essential","False","deepseek/deepseek-v4-flash","1","该步骤是必要的代数操作，通过两边乘以x消去分母，是求解方程的关键计算步骤。"
"prm-8866ba0f5b250195","16","-1","middle","no","yes","True","harmful","harmful","False","deepseek/deepseek-v4-flash","0.95","该步骤在展开二项式时符号和系数完全错误，导致后续所有推导偏离正确方向，最终得到错误的d值。"
"prm-9c4e4a7aac1b200e","17","-1","middle","no","yes","True","harmful","harmful","False","deepseek/deepseek-v4-flash","0.9","该步骤声称有28组7个奇数，但实际从1到197的奇数个数为99个，99/7=14余1，因此分组数量错误，导致后续推理偏离正确方向。"
"prm-75ab2c1847631c14","18","0","middle","yes","no","True","redundant","essential","True","deepseek/deepseek-v4-flash","1","该步骤是加法竖式中记录当前列结果和进位值的必要环节，缺少它会导致后续计算无法正确进行。"
"prm-8b05d5d648e57f29","19","-1","late","no","no","False","harmful","harmful","False","deepseek/deepseek-v4-flash","0.95","该步骤给出了一个错误的最终表达式，与正确答案不符，会误导解题方向。"
"prm-dc55f1d7dc4e178f","20","-1","middle","no","no","False","harmful","essential","True","deepseek/deepseek-v4-flash","0.95","该步骤给出了t^2项系数的正确表达式，是后续求解a的关键方程，缺少它无法得到a的值。"
"prm-0a02ab06b394a416","21","1","early","no","no","False","essential","essential","False","deepseek/deepseek-v4-flash","1","该步骤是消除分母、将方程转化为多项式形式的必要操作，没有它后续无法应用韦达定理。"
"prm-dbc12362d53ec14f","22","1","early","yes","yes","False","redundant","redundant","False","deepseek/deepseek-v4-flash","1","该步骤本身是正确的，但删除后不影响后续推理，因为后续步骤并未依赖此结论，且整个推理链已偏离正确方向。"
"prm-8bf0d8a37d2eb018","23","1","early","no","yes","True","harmful","harmful","False","deepseek/deepseek-v4-pro","0.9","该步骤声称三角形AGD、BGE、CGF与ABC相似且缩放比例为1/2，这是错误的，因为AGD等三角形并非与ABC相似，后续推理基于此错误前提，导致最终答案错误。"
"prm-bedcbd8166cb0b0f","24","1","late","no","no","False","essential","essential","False","deepseek/deepseek-v4-flash","1","该步骤是求解x的关键计算，直接得出最终数值，删除后后续推理无法完成。"
"prm-859d5c93d5ea0f57","25","0","middle","yes","yes","False","harmful","harmful","False","deepseek/deepseek-v4-pro","0.95","该步骤将√49错误地分解为√7×√7，导致后续计算错误，属于有害步骤。"
"prm-44f81fba1d026488","26","0","middle","yes","yes","False","redundant","redundant","False","deepseek/deepseek-v4-flash","1","该步骤给出了arcsin(sin x)=x这一性质，但此性质在本题中并未被使用，且后续步骤实际使用的是sin(arcsin x)=x，因此该步骤是冗余的。"
"prm-0835351a60d3a191","27","1","early","no","no","False","essential","essential","False","deepseek/deepseek-v4-flash","1","该步骤是等式两边同时除以bc的代数操作，是后续推导的必要计算步骤，移除后无法继续化简。"
"prm-87593f72c0253cec","28","1","middle","no","no","False","essential","essential","False","deepseek/deepseek-v4-pro","0.98","该步骤将已知的直角边长度代入勾股定理，是后续所有计算的基础，缺少它则无法得到距离。"
"prm-6ecf2965f1e68c18","29","0","middle","yes","no","True","redundant","essential","True","deepseek/deepseek-v4-flash","0.98","该步骤明确解释了为什么需要除以2!×2!来避免重复计数，是理解排列公式的关键推理环节。"
"prm-14e2f6c826426674","30","0","early","yes","yes","False","redundant","redundant","False","deepseek/deepseek-v4-flash","1","该步骤只是提出了一个尝试方向，没有进行实际计算或提供必要信息。"
"prm-2d92ce0491f2f56a","31","1","middle","no","yes","True","essential","redundant","True","deepseek/deepseek-v4-flash","0.95","该步骤只是展示了合成除法的初始设置，没有进行任何实际计算或提供新的数学信息，移除后直接从下一步开始推理依然完整。"
"prm-666a954e3bca4a2f","32","1","late","no","no","False","essential","essential","False","deepseek/deepseek-v4-flash","1","该步骤完成了组合数的具体计算，是后续概率计算中不可或缺的数值依据。"
"prm-6eb49d110f10f5c9","33","0","late","yes","no","True","harmful","essential","True","deepseek/deepseek-v4-pro","1","该步骤是求解过程中一个关键候选方案的枚举和计算，缺少它会导致推理不完整。"
"prm-695b2bd8829139af","34","-1","early","no","yes","True","harmful","harmful","False","deepseek/deepseek-v4-flash","1","该步骤选取的点(1,3)和(-1,-1)并不在直线y=2x+1上，导致后续计算错误，最终答案错误。"
"prm-14c0129055d497b2","35","1","late","no","yes","True","essential","redundant","True","deepseek/deepseek-v4-flash","1","该步骤只是重复了最终答案，没有提供新的数学信息或推导，删除后不影响推理的完整性。"
"prm-d987eb66b5f962dd","36","1","middle","yes","yes","False","harmful","harmful","False","deepseek/deepseek-v4-pro","0.95","该步骤错误地将a^4+b^8拆成四个相等项，导致AM-GM应用后得到错误的下界100，而正确最小值应为50。"
"prm-372caf3f76fece1c","37","0","late","no","yes","True","essential","redundant","True","deepseek/deepseek-v4-pro","1","该步骤只是重复了最终答案，没有提供任何新的推理或计算信息。"
"prm-9a884b78e7527ff9","38","-1","middle","no","yes","True","harmful","harmful","False","deepseek/deepseek-v4-flash","0.95","该步骤声称圆排列中反向顺序视为相同，这是错误的；对于圆排列，5个人的线性排列数5!已经考虑了所有相对顺序，不需要再除以2。此错误直接导致后续计算偏小。"
"prm-236816577f8edaf6","39","1","early","no","no","False","essential","essential","False","deepseek/deepseek-v4-flash","1","该步骤将“60% off”正确转化为“40% of original price”，是建立方程的关键前提。"
"prm-9f3753744da09c38","40","-1","middle","no","yes","True","harmful","harmful","False","deepseek/deepseek-v4-pro","0.95","该步骤化简方程时遗漏了x=0的解，且后续推导基于错误的前提，导致最终答案错误。"
"prm-f80db588fbe79fa9","41","1","middle","yes","yes","False","harmful","redundant","True","deepseek/deepseek-v4-pro","0.9","该步骤提出交换因子顺序，但并未给出具体计算或新信息，且后续推理基于错误的分组方式，最终得到错误答案。"
"prm-32b52a14659d1e3f","42","-1","early","yes","yes","False","redundant","redundant","False","deepseek/deepseek-v4-pro","1","该步骤只是对题目中底数与真数关系的观察性描述，没有提供新的数学信息或推导工具，移除后不影响后续推理。"
"prm-12c0e402310b4521","43","1","late","yes","yes","False","redundant","redundant","False","deepseek/deepseek-v4-flash","0.95","该步骤只是说将数值代入公式计算，没有提供新的数学信息或实际计算。"
"prm-2c6c822e00040ba8","44","-1","late","no","yes","True","harmful","harmful","False","deepseek/deepseek-v4-pro","0.9","该步骤声称GD是AD的三分之一，但实际GD是AD的三分之一（因为重心分中线为2:1，AG:GD=2:1，所以GD=AD/3），该表述本身正确；然而后续推理中错误地将此比例直接套用到GN与AN上，导致最终答案错误。但仅评价该步骤本身，它陈述了一个正确事实，并非错误。"
"prm-6a6a0bdb19ba41d4","45","0","late","yes","yes","False","redundant","redundant","False","deepseek/deepseek-v4-flash","1","该步骤只是重复了三角形边长必须大于另一条边的常识，没有提供新的数学信息或推动推理。"
"prm-e46e6f9adff3443b","46","1","late","no","no","False","essential","essential","False","deepseek/deepseek-v4-flash","1","该步骤是最终答案，删除后整个推理链不完整，无法得到结果。"
"prm-60717bf0ef4716f2","47","0","late","yes","yes","False","redundant","redundant","False","deepseek/deepseek-v4-pro","0.95","该步骤只是重复了前面已经说明的逻辑，即对于其他颜色情况相同，没有提供新的数学信息或计算，移除后推理依然完整。"
"prm-d018213d57c7afde","48","1","middle","yes","no","True","redundant","essential","True","deepseek/deepseek-v4-flash","1","该步骤计算了两人都选奇数的概率，是后续求总概率的必要组成部分。"
"prm-4fe0f9ece87f57df","49","1","early","yes","yes","False","redundant","redundant","False","deepseek/deepseek-v4-flash","0.95","该步骤只是重复了题目要求，没有提供新的数学信息或推导，移除后不影响推理。"
"prm-26cc0e5d412214d1","50","1","late","no","no","False","essential","essential","False","deepseek/deepseek-v4-flash","1","该步骤利用三角函数的周期性计算出cos(6π)=1和sin(6π)=0，是得出最终结果16的关键计算环节，不可或缺。"
"prm-14b4f8d6eb13ea00","51","1","late","yes","yes","False","redundant","redundant","False","deepseek/deepseek-v4-flash","1","该步骤只是重复了最终答案，没有提供新的数学信息或推理，移除后不影响整个推理的完整性。"
"prm-23547b2809b8fcf4","52","-1","middle","no","yes","True","harmful","harmful","False","deepseek/deepseek-v4-pro","0.99","该步骤计算错误，正确的速度应为 (1/2.5)*(1000/3600) ≈ 0.1111 m/s，而非 0.1 m/s，导致后续结果错误。"
"prm-76b2b2177dea50be","53","1","late","no","no","False","essential","essential","False","deepseek/deepseek-v4-flash","0.99","该步骤是建立边长方程的关键代数变换，没有它就无法得到后续的方程并求解。"
"prm-aca8e5373e4b0749","54","1","middle","no","no","False","essential","essential","False","deepseek/deepseek-v4-flash","1","该步骤提出了用特征值求解C的关键思路，是后续推导的基础。"
"prm-ee1dd46f28f6c0e7","55","-1","late","no","yes","True","harmful","harmful","False","deepseek/deepseek-v4-flash","0.95","该步骤基于前面错误的计算（6C5=6/1=1）得出了错误结论，且该结论与正确答案6矛盾，属于有害步骤。"
"prm-5145212ea7e026b0","56","-1","late","no","no","False","harmful","essential","True","deepseek/deepseek-v4-pro","1","该步骤利用原方程进行代入化简，是得到最终表达式值的关键推理环节。"
"prm-84a947c7d146af3f","57","0","middle","no","no","False","essential","essential","False","deepseek/deepseek-v4-pro","1","该步骤是长除法过程中的一个必要计算环节，缺少它会导致后续减法无法进行。"
"prm-0e94635dc190f6f1","58","0","middle","yes","yes","False","redundant","harmful","True","deepseek/deepseek-v4-flash","1","该步骤错误地假设k=0开始尝试，且后续尝试的k值均未考虑模8同余条件，导致找到的x=5不满足总硬币数大于200的条件，最终答案错误。"
"prm-0638bc02d0338441","59","1","middle","no","yes","True","essential","redundant","True","deepseek/deepseek-v4-flash","1","该步骤提出了验证a=2是否满足条件的方向，但未进行具体计算或得出任何结论，删除后不影响后续推理的连贯性。"
"prm-f6029ddde78e932f","60","1","late","no","yes","True","harmful","harmful","False","deepseek/deepseek-v4-pro","0.9","该步骤错误地除以2来区分盒子不可区分，但盒子不可区分时正确计数应为3种分配方式，此处计算得到3是巧合，推理本身有误。"
"prm-6d0334ee1141425e","61","0","late","no","no","False","essential","essential","False","deepseek/deepseek-v4-pro","1","该步骤得出了53是质数的关键结论，是后续判断没有平方因子、从而保持根号形式的直接依据。"
"prm-f1ec503f118b2646","62","-1","early","no","yes","True","harmful","harmful","False","deepseek/deepseek-v4-flash","0.95","该步骤错误地认为500=10^3，实际上500=5×10^2，因此将分母视为10的幂次是错误的，导致后续小数展开错误。"
"prm-55db6c6b79c6e553","63","1","late","yes","no","True","redundant","essential","True","deepseek/deepseek-v4-flash","1","该步骤给出了最终求和结果1940，是解题的必要结论。"
"prm-e26a030a97cd7abe","64","1","middle","yes","yes","False","redundant","redundant","False","deepseek/deepseek-v4-flash","0.95","该步骤只是重复了已知结果，没有提供新的计算或推理，移除后不影响后续步骤的连贯性。"
"prm-768b381d1efb643a","65","-1","middle","no","yes","True","harmful","harmful","False","deepseek/deepseek-v4-flash","0.95","该步骤错误地假设底数为-1，而题目中底数为1，因此检查指数奇偶性完全多余且误导，导致最终答案错误。"
"prm-d9d73e3c7b609d81","66","0","late","yes","yes","False","redundant","redundant","False","deepseek/deepseek-v4-flash","1","该步骤只是对前面列举过程的概括性结束语，没有提供新的数学信息或计数依据，移除后不影响推理连贯性。"
"prm-a540f461a25e3009","67","1","late","yes","yes","False","redundant","redundant","False","deepseek/deepseek-v4-flash","0.95","该步骤只是描述已经完成的工作，没有提供新的数学信息或必要推导。"
"prm-70a8ec8eb124a0b7","68","-1","early","no","yes","True","harmful","harmful","False","deepseek/deepseek-v4-flash","0.95","该步骤中的图示标注错误：将角OAB标为29度，但题目中29度是向量a与b的夹角，即角AOB，而非角OAB。该错误导致后续所有角度计算偏离正确方向。"
"prm-32376b54c0a0b41a","69","1","late","no","no","False","essential","essential","False","deepseek/deepseek-v4-flash","1","该步骤给出了3的倍数的具体个数，是后续计算概率的直接依据。"
"prm-decee9499f5fb0d7","70","-1","late","no","no","False","harmful","harmful","False","deepseek/deepseek-v4-flash","1","该步骤给出了错误的最终答案，且错误源于前面步骤的计算错误，删除后无法得到正确结果。"
"prm-059a20c710a38a1d","71","0","middle","yes","no","True","redundant","essential","True","deepseek/deepseek-v4-pro","0.95","该步骤指出64是16的倍数且16是完全平方数，这是后续分解计算平方根的必要前提，没有它则无法正确得出平方根的值。"
"prm-7b9dea52f656c0bc","72","1","middle","no","no","False","essential","essential","False","deepseek/deepseek-v4-pro","1","该步骤是解方程的关键一步，得出x的值，为后续代入表达式提供基础。"
"prm-ab761a525cce7441","73","1","middle","no","no","False","essential","essential","False","deepseek/deepseek-v4-flash","0.95","该步骤直接给出了a和b的具体值，是得出最终答案的关键结论。"
"prm-65c1f64f7a99498a","74","1","early","no","no","False","essential","essential","False","deepseek/deepseek-v4-flash","1","该步骤给出了y-intercept的定义，即x=0的点，这是后续所有计算的基础，没有它就无法建立方程。"
"prm-8bd9e6649bc32eb5","75","1","middle","no","no","False","essential","essential","False","deepseek/deepseek-v4-flash","1","该步骤是尝试将和设为191并求解x的具体计算，是解题过程中的必要尝试步骤，移除后推理链条断裂。"
"prm-85a7807d849d0e61","76","0","late","yes","yes","False","redundant","redundant","False","deepseek/deepseek-v4-flash","0.97","该步骤只是将分数 5/4 转换为小数 1.25，属于简单的数值转换，移除后推理链依然完整。"
"prm-02ed1bb8af1a120d","77","1","early","yes","yes","False","redundant","harmful","True","deepseek/deepseek-v4-flash","0.97","该步骤错误地将两个平行四边形的面积差异归因于高度差异，而实际上它们的底边和高度都不同，导致后续所有推导偏离正确方向。"
"prm-d4c3a3c1d1cb0d1f","78","-1","middle","yes","yes","False","harmful","harmful","False","deepseek/deepseek-v4-flash","1","该步骤错误地认为四个点构成正八边形，导致后续所有推导偏离正确方向。"
"prm-cb73032ead9c7309","79","0","middle","no","yes","True","harmful","harmful","False","deepseek/deepseek-v4-pro","0.9","该步骤错误地认为gcd(a,b)=210意味着a和b的每个质因子指数都必须为1，忽略了指数可以分配的情况，导致后续推理完全错误，属于有害步骤。"
"prm-45906351f0903519","80","1","middle","no","yes","True","essential","harmful","True","deepseek/deepseek-v4-pro","1","该步骤错误地认为函数最小值出现在x=0处，忽略了x>0的条件和AM-GM方法，导致结论错误。"
"prm-00c77d8adaa4cb57","81","-1","early","no","yes","True","harmful","harmful","False","deepseek/deepseek-v4-flash","1","该步骤提出了一个错误的假设（多项式是立方关系），导致后续所有推导偏离正确方向。"
"prm-eb13f69f057980c9","82","0","late","yes","yes","False","redundant","redundant","False","deepseek/deepseek-v4-flash","1","该步骤只是重复了已求出的橡皮擦价格，并未提供新的数学信息或推动推理，删除后不影响答案的正确性。"
"prm-77fc0b169d8585bc","83","-1","early","no","yes","True","harmful","harmful","False","deepseek/deepseek-v4-flash","1","该步骤声称原点不在矩形内部，但矩形顶点为(5,4),(-5,4),(-5,-4),(5,-4)，原点(0,0)显然在矩形内部，该陈述错误且导致后续分割方法无效。"
"prm-2595a51b9bc687a5","84","0","late","yes","yes","False","redundant","redundant","False","deepseek/deepseek-v4-flash","0.95","该步骤只是说明最终答案的表示形式，没有提供新的数学信息或计算，删除后不影响推理的完整性。"
"prm-310884399c5179a6","85","-1","middle","yes","yes","False","harmful","harmful","False","deepseek/deepseek-v4-flash","1","该步骤错误地应用了平方差公式，导致后续计算全部偏离正确方向。"
"prm-98214e328bc84341","86","-1","middle","yes","yes","False","harmful","harmful","False","deepseek/deepseek-v4-flash","0.95","该步骤列出的比例2/3=834/x是错误的，正确比例应为2/3=834/总人数，即2/3=834/x，但这里x被设为三分之一的值，导致方程和后续计算错误。"
"prm-16428e60085cafa9","87","1","late","no","no","False","essential","essential","False","deepseek/deepseek-v4-flash","1","该步骤通过符号分析判断区间是否满足不等式，是推导最终答案的必要推理环节。"
"prm-ac91d34d7871bcbc","88","0","middle","no","no","False","essential","essential","False","deepseek/deepseek-v4-pro","0.95","该步骤正确代入数值，是后续计算的基础，移除后无法得到最终结果。"
"prm-923c29c44fa03eb6","89","-1","late","no","yes","True","essential","redundant","True","deepseek/deepseek-v4-pro","0.95","该步骤将乘法符号写为字母x，但数学上仍可识别为乘法，且后续化简正确，移除后不影响推理连贯性。"
"prm-a774fd18d4116fb7","90","0","early","yes","yes","False","redundant","redundant","False","deepseek/deepseek-v4-flash","1","该步骤只是对题目要求的重复性描述，没有提供任何新的数学信息或推导步骤，移除后不影响后续推理。"
"prm-bc4cdb54673acb6b","91","0","early","yes","yes","False","redundant","redundant","False","deepseek/deepseek-v4-flash","0.95","该步骤只是提出了一个解题方向，没有进行具体计算或推导。"
"prm-911d5b9b5b289e39","92","-1","early","yes","yes","False","harmful","harmful","False","deepseek/deepseek-v4-flash","0.95","该步骤在代数化简时出现严重计算错误，导致后续得出F(z)总是实数的错误结论，使整个解题方向完全偏离正确轨道。"
"prm-76efc721b39b6bd3","93","1","late","no","yes","True","essential","redundant","True","deepseek/deepseek-v4-flash","1","该步骤只是提出解方程时需要考虑正负根，但并未进行实际计算，且后续步骤立即排除了负根。"
"prm-f902409b4b69ac6a","94","1","middle","no","yes","True","essential","redundant","True","deepseek/deepseek-v4-flash","1","该步骤只是重复题目条件，没有提供新的数学信息或推导，删除后推理链依然完整。"
"prm-b78ab37efb3ac6fe","95","-1","late","no","yes","True","harmful","harmful","False","deepseek/deepseek-v4-flash","0.95","该步骤错误地计算了最小公倍数和通分方式，导致后续加法结果错误，最终答案与正确答案不符。"
"prm-afff103ac71bacae","96","-1","late","yes","yes","False","harmful","harmful","False","deepseek/deepseek-v4-flash","1","该步骤验证x=-2时等式不成立，但实际x=-2是正确解，因此该步骤包含错误判断，误导后续推理。"
"prm-94f01424485d8634","97","-1","middle","yes","yes","False","harmful","harmful","False","deepseek/deepseek-v4-flash","0.95","该步骤错误地提取公因子2，导致最终答案形式错误，属于有害步骤。"
"prm-74cbbc536681f443","98","0","early","yes","yes","False","redundant","redundant","False","deepseek/deepseek-v4-flash","1","该步骤只是对连分数性质的一般性描述，并未针对本题进行任何具体计算或推导，删除后不影响后续解题。"
"prm-e4c8f952bd2bcb69","99","0","middle","no","no","False","essential","essential","False","deepseek/deepseek-v4-pro","1","该步骤是对方程进行移项以分离变量m的代数操作，是后续求解m的必要计算步骤。"
"prm-b16889ee222c85e0","100","0","middle","yes","no","True","harmful","essential","True","deepseek/deepseek-v4-pro","0.96","该步骤给出了简化后的汇率表达式，是后续计算 1,000,000  lire 对应美元数额的直接依据。"
"prm-11c64fcd9adf9a8d","101","0","early","yes","yes","False","harmful","harmful","False","deepseek/deepseek-v4-pro","0.92","该步骤对递归关系的定性描述（“每次减少2f(n)”）不准确，且“最终会变为负再变正”的猜测没有数学依据，容易误导后续推理。"
"prm-2e89a40cec48c042","102","-1","early","no","yes","True","harmful","harmful","False","deepseek/deepseek-v4-flash","1","该步骤错误地将2△=5◇解释为△等于5倍◇，导致后续推理全部错误。"
"prm-d400c2ab50349260","103","-1","late","no","yes","True","harmful","harmful","False","deepseek/deepseek-v4-flash","0.95","该步骤是错误代数操作的结果，从前面步骤推导出的等式不正确，导致最终答案错误，属于有害步骤。"
"prm-bf49cda9c1b58b99","104","-1","early","yes","yes","False","harmful","harmful","False","deepseek/deepseek-v4-flash","1","该步骤在约分时错误地保留了分母中的28!，导致后续所有计算偏离正确结果。"
"prm-5c13d28d0d1e26be","105","0","early","yes","yes","False","redundant","redundant","False","deepseek/deepseek-v4-flash","1","该步骤只是重复了题目要求，没有提供任何新的数学信息或推导步骤。"
"prm-6a8171dd86016c13","106","1","late","yes","yes","False","redundant","redundant","False","deepseek/deepseek-v4-flash","1","该步骤只是对已找到的可行解进行确认性描述，没有提供新的计算或推理，删除后不影响后续步骤。"
"prm-4397a2362fedc5a3","107","1","late","no","no","False","essential","essential","False","deepseek/deepseek-v4-flash","1","该步骤是验证x=1是否满足实数条件的必要检查，是得出最终答案的关键环节。"
"prm-2f5e5f1e6dacb0f7","108","-1","late","yes","yes","False","harmful","harmful","False","deepseek/deepseek-v4-flash","0.95","该步骤指出37比33多4，但33不是9的倍数（9×3=27，9×4=36），正确应为37-36=1，此处计算错误导致最终答案错误。"
"prm-4b587d923463065a","109","-1","middle","no","yes","True","essential","harmful","True","deepseek/deepseek-v4-pro","1","该步骤得到的二次方程错误，导致后续求出的根7和9不正确，且遗漏了正确根3。"
"prm-a304fbad5368565d","110","-1","late","no","yes","True","harmful","harmful","False","deepseek/deepseek-v4-flash","0.95","该步骤合并同类项时出现计算错误，-u-3u+4u应为0，而不是-4u，导致最终结果错误。"
"prm-2d2be0a20e1f55eb","111","0","middle","no","no","False","essential","essential","False","deepseek/deepseek-v4-pro","1","该步骤是代入猜测的通项公式到递推关系中的关键代数操作，是后续推导的基础。"
"prm-b93ffe4952ee0425","112","-1","early","yes","yes","False","harmful","harmful","False","deepseek/deepseek-v4-flash","0.95","该步骤乘以2的操作是错误的，导致后续计算偏离正确结果，属于有害步骤。"
"prm-71ed47ae96c446e4","113","0","early","yes","yes","False","redundant","redundant","False","deepseek/deepseek-v4-flash","0.95","该步骤是对题目的主观评价，不包含任何数学信息或推理，移除后直接从下一步开始推理完全可行。"
"prm-1368cc3f0e85c6c9","114","1","middle","yes","no","True","redundant","essential","True","deepseek/deepseek-v4-flash","1","该步骤给出了初始牛奶量这一关键数值，是后续所有计算的基础，缺少它则无法进行任何数值运算。"
"prm-de41ade60ddfc393","115","0","early","yes","yes","False","redundant","redundant","False","deepseek/deepseek-v4-flash","0.95","该步骤只是表达了一种想法，没有提供具体的数学信息或推导。"
"prm-b35e05ba41e78a12","116","1","early","no","no","False","essential","essential","False","deepseek/deepseek-v4-flash","0.95","该步骤正确指出了双曲线中心是两焦点中点，这是后续求h、k以及确定a、b的基础，缺少它无法进行任何坐标计算。"
"prm-321715581e0e716b","117","0","late","no","yes","True","harmful","harmful","False","deepseek/deepseek-v4-pro","1","该步骤对第二个因子的最大值计算错误，导致后续整个乘积结果错误。"
"prm-1a376cfa6cfa9af8","118","-1","late","no","no","False","harmful","harmful","False","deepseek/deepseek-v4-flash","1","该步骤基于错误的假设（认为a和b的指数必须分别为1和3），导致后续所有推导错误，删除后无法得到正确结果。"
"prm-f5ad90a250e816d4","119","0","late","yes","yes","False","redundant","redundant","False","deepseek/deepseek-v4-pro","0.95","该步骤只是提出了一个方向（求二次因式的根），没有进行实际计算或给出结论，移除后不影响推理连贯性。"
"prm-64bd046dccaa7a10","120","0","late","yes","yes","False","redundant","redundant","False","deepseek/deepseek-v4-pro","1","该步骤仅检查了202020是否能被2整除，但之前已通过末位0隐含了该条件，删除不影响推理。"
"prm-dfc9bfdaf9a344b2","121","1","middle","yes","no","True","redundant","essential","True","deepseek/deepseek-v4-flash","0.95","该步骤是分解220的中间计算，属于必要的因式分解过程，移除后后续的质因数分解和求因子和将无法进行。"
"prm-170a156ef3602f11","122","-1","early","no","no","False","harmful","essential","True","deepseek/deepseek-v4-flash","0.95","该步骤是对方程进行代数化简的关键一步，直接推导出后续所需的线性关系，缺失后无法继续求解。"
"prm-bd5151d40527ffa0","123","0","middle","yes","yes","False","redundant","redundant","False","deepseek/deepseek-v4-flash","0.9","该步骤只是基于前一步计算结果的合理推断，但并未提供新的数学信息或必要推导；移除后从Step 6直接跳到Step 8，推理依然连贯。"
"prm-55383ac51f763ea4","124","-1","early","yes","yes","False","redundant","redundant","False","deepseek/deepseek-v4-pro","1","该步骤只是将题目中的数字以竖式形式写出，没有进行任何实际计算或提供新的数学信息，移除后推理依然完整。"
"prm-8169dadf3bfeafa7","125","1","late","no","no","False","essential","essential","False","deepseek/deepseek-v4-flash","1","该步骤是应用棣莫弗定理进行幂运算的关键表达式，缺少它则无法从极坐标形式过渡到最终结果。"
"prm-d87fe43bca23d224","126","-1","middle","yes","yes","False","harmful","harmful","False","deepseek/deepseek-v4-flash","1","该步骤计算错误，移除2本书后剩余数学书应为8本而非6本，导致后续分数错误。"
"prm-fe7cc1b1ef70d69f","127","0","early","yes","yes","False","redundant","redundant","False","deepseek/deepseek-v4-flash","0.95","该步骤只是选择了一种计算方法，没有提供任何数学事实或推导，移除后直接从第5步开始推理依然完整。"
"prm-bf052d7ceb54371a","128","-1","early","yes","yes","False","harmful","harmful","False","deepseek/deepseek-v4-flash","0.95","该步骤错误地将三角形AHB和CHB视为直角三角形，实际上AHB不是直角三角形，导致后续所有推理偏离正确方向。"
"prm-85d7c7d738bdc28f","129","0","middle","yes","yes","False","redundant","redundant","False","deepseek/deepseek-v4-flash","0.9","该步骤只是提及了公式的存在，没有实际应用公式进行计算，移除后不影响后续推理的连贯性。"
"prm-4e116a81462e9a1c","130","-1","middle","no","yes","True","harmful","harmful","False","deepseek/deepseek-v4-flash","1","该步骤对1092的质因数分解错误，正确的分解应为2^2×3×7×13，错误导致后续答案错误。"
"prm-f06f20e73957e088","131","1","middle","no","no","False","essential","essential","False","deepseek/deepseek-v4-flash","0.9","该步骤是代数变形中的关键一步，利用z^5=1替换z^5和z^6，是后续推导的必要计算，删除后推理链断裂。"
"prm-f59567dc389816f6","132","-1","early","yes","yes","False","harmful","harmful","False","deepseek/deepseek-v4-flash","1","该步骤错误地将三角形边长的不等式转化为关于2、3、5的指数对数不等式，完全偏离了正确的解题方向，导致后续所有推导无效。"
"prm-a7a5bc91e1e562b3","133","0","middle","yes","no","True","redundant","essential","True","deepseek/deepseek-v4-pro","1","该步骤展示了加法过程中进位后的中间结果，是后续正确计算的基础，缺少它会导致计算链条断裂。"
"prm-c03abfd4982e0b4e","134","-1","middle","no","yes","True","harmful","redundant","True","deepseek/deepseek-v4-flash","0.95","该步骤只是描述了概率计算的一般方法（面积比），没有进行任何具体计算或提供新的数学信息，移除后推理链依然完整。"
"prm-9f8de872e85deb1c","135","1","late","no","yes","True","essential","redundant","True","deepseek/deepseek-v4-flash","1","该步骤只是重复了最终答案，没有提供新的数学信息或推理过程。"
"prm-39445cabc3c247f3","136","-1","late","yes","no","True","harmful","harmful","False","deepseek/deepseek-v4-flash","1","该步骤声称只有2和log_2(8)保留，但实际正确化简后应只剩log_2(8)=3，因此该步骤包含错误结论，导致后续计算偏离正确答案。"
"prm-08ffb439fa587578","137","1","middle","no","no","False","essential","essential","False","deepseek/deepseek-v4-flash","1","该步骤明确给出了Pam的折扣比例和实际支付比例，是后续计算Pam每张票价格和总价的必要前提。"
"prm-94b3b2909358d23e","138","1","early","yes","yes","False","redundant","redundant","False","deepseek/deepseek-v4-flash","1","该步骤只是提出需要比较每个参数与4的大小，属于方向性描述，没有提供新的数学信息或计算，移除后推理依然完整。"
"prm-e4f8aa072f5528f6","139","1","early","yes","no","True","redundant","essential","True","deepseek/deepseek-v4-flash","1","该步骤指出284是偶数，从而2是它的一个真因子，这是后续分解和求和的必要前提。"
"prm-b59d428fdeb2db81","140","1","late","no","no","False","essential","essential","False","deepseek/deepseek-v4-flash","1","该步骤直接给出了最终方向判断，是推理链条中不可或缺的结论性步骤。"
"prm-69589edd55211e2d","141","1","early","yes","yes","False","redundant","redundant","False","deepseek/deepseek-v4-flash","0.95","该步骤只是泛泛描述减法算法，没有进行任何具体计算或提供必要信息，移除后推理依然完整。"
"prm-ca8fbd8bc5e76268","142","1","early","no","yes","True","essential","redundant","True","deepseek/deepseek-v4-flash","0.9","该步骤只是观察到了左侧是四个分母为二次式的分数之和，没有提供任何新的数学信息或推导工具，移除后不影响后续推理的连贯性。"
"prm-a0bf5d5817e64ebf","143","1","late","no","no","False","essential","essential","False","deepseek/deepseek-v4-flash","1","该步骤明确指出了取公因式中最低幂次的原则，是正确计算最大公因数的关键推理环节。"
"prm-e742e4e78ed351e6","144","-1","middle","no","yes","True","essential","redundant","True","deepseek/deepseek-v4-pro","1","该步骤声称a和b必须等于0，但题目要求的是x<a或x>b的形式，a和b应分别为0和0，但该步骤的表述“a和b必须等于零”是正确的，且后续计算a+b=0也正确。然而，该步骤只是重复了前一步的结论，没有提供新的数学信息或推导，因此是冗余的。"
"prm-2e47da03eaad232d","145","0","early","yes","yes","False","redundant","redundant","False","deepseek/deepseek-v4-pro","0.95","该步骤只提出了一个可用的方法（数字和整除规则），但并未实际执行计算或提供必要信息，移除后直接从第7步开始推理依然完整。"
"prm-a1fd67bb0e47eb99","146","0","late","no","no","False","harmful","essential","True","deepseek/deepseek-v4-pro","0.95","该步骤完成了右侧括号的展开，是合并同类项前必不可少的计算环节。"
"prm-729feeaa6d7fd49e","147","1","middle","no","no","False","essential","essential","False","deepseek/deepseek-v4-flash","0.9","该步骤明确指出了下一步的操作方向（使用综合除法），是连接根与因式分解的关键过渡，缺少它会导致后续步骤缺乏依据。"
"prm-4d106f224c1f1477","148","0","middle","yes","yes","False","redundant","harmful","True","deepseek/deepseek-v4-flash","1","该步骤错误地将一个三次方程降次为二次方程，并引入了不存在的二次公式求解过程，导致后续推理偏离正确方向。"
"prm-e2765e9155dae75b","149","1","early","no","no","False","essential","essential","False","deepseek/deepseek-v4-flash","1","该步骤明确指出了代入的具体数值，是后续所有计算的前提，缺少它则无法进行任何运算。"
"prm-85a91c7360442cec","150","-1","middle","no","yes","True","harmful","harmful","False","deepseek/deepseek-v4-flash","1","该步骤结论错误，a应为41而非49，导致后续推理矛盾。"
"prm-685fe7b1359fce4f","151","1","middle","yes","no","True","redundant","essential","True","deepseek/deepseek-v4-flash","0.95","该步骤是计算ceil(12.96)的必要中间结果，缺少它后续减法无法进行。"
"prm-2694ff7bb4a98ca8","152","0","early","yes","yes","False","redundant","redundant","False","deepseek/deepseek-v4-flash","0.95","该步骤只是设置除法竖式的格式，没有提供任何数学信息或计算，移除后不影响推理。"
"prm-8115590161527562","153","-1","early","no","yes","True","harmful","harmful","False","deepseek/deepseek-v4-flash","0.95","该步骤给出的因式分解结果错误，导致后续所有计算偏离正确方向。"
"prm-21c4281b443f082f","154","1","early","no","no","False","harmful","essential","True","deepseek/deepseek-v4-pro","1","该步骤是对方程两边乘以2后的正确结果，是后续求解x的必要计算步骤。"
"prm-c3c805b2888f0c71","155","-1","early","no","yes","True","harmful","harmful","False","deepseek/deepseek-v4-flash","0.95","该步骤声称129和96都模11同余于-1，但实际129≡-3(mod 11)，96≡-3(mod 11)，因此该前提错误，导致后续所有推理偏离正确方向。"
"prm-49db7302a176b729","156","0","early","yes","yes","False","harmful","redundant","True","deepseek/deepseek-v4-pro","1","该步骤只是对题目中数字27的一个观察，没有提供任何具体的数学推导或必要信息，移除后不影响推理的连贯性。"
"prm-9d7450aa50a1cc3f","157","-1","middle","no","yes","True","harmful","harmful","False","deepseek/deepseek-v4-flash","1","该步骤错误地认为分子为零也会使分式无定义，实际上分子为零时分式值为零，是有定义的，因此该步骤引入了错误信息。"
"prm-24a570f07e4ce807","158","1","late","yes","no","True","redundant","essential","True","deepseek/deepseek-v4-flash","0.95","该步骤是化简根式的必要中间计算，将√(9·13)拆分为√9·√13，为后续得出最终答案3√13提供了直接依据。"
"prm-f28e06b3ccb9dfd8","159","1","early","yes","yes","False","redundant","redundant","False","deepseek/deepseek-v4-flash","1","该步骤只提出了尝试写出前几项的想法，没有进行具体计算或得出任何结论。"
"prm-1c1e7874f91737bc","160","-1","early","yes","yes","False","harmful","harmful","False","deepseek/deepseek-v4-flash","1","该步骤包含两个错误：sin40°不等于sin20°×2，且sin80°不等于sin100°（实际上sin80°=sin100°），导致后续推导完全错误。"
"prm-f9aa238ea730d105","161","-1","late","no","yes","True","harmful","harmful","False","deepseek/deepseek-v4-flash","1","该步骤中的数值代入和近似计算是错误的，正确的表达式应利用恒等式化简得到精确值0.09，而非0.09212。"
"prm-2e5c19fc0f94ad0f","162","1","middle","yes","yes","False","redundant","redundant","False","deepseek/deepseek-v4-pro","1","该步骤描述了画维恩图这一可视化方法，但并未进行实际计算或提供必要推理，移除后直接从列举集合元素到求交集依然连贯。"
"prm-b659045eab2bbc92","163","0","early","yes","yes","False","harmful","redundant","True","deepseek/deepseek-v4-pro","1","该步骤只是用图示重复了前一步的进位操作，没有提供新的数学信息。"
"prm-579dd704ce645be9","164","-1","middle","no","yes","True","harmful","harmful","False","deepseek/deepseek-v4-flash","1","该步骤声称4是3的倍数，数学上错误，导致后续推理偏离正确方向。"
"prm-42aea905c1b49570","165","0","middle","yes","yes","False","redundant","redundant","False","deepseek/deepseek-v4-flash","0.9","该步骤只是对余弦符号的讨论，但题目中角A是锐角（直角三角形中），且前面已通过tan直接得到答案，此步对最终结果无实质贡献。"
"prm-db5fb9c45b89211e","166","1","middle","no","no","False","essential","essential","False","deepseek/deepseek-v4-flash","0.9","该步骤是化简方程的关键代数运算，移除此步后后续代入和求解将失去依据。"
"prm-b1b1d1fed6ca6e88","167","0","early","yes","yes","False","redundant","redundant","False","deepseek/deepseek-v4-flash","1","该步骤仅提出了一个解题方向（展开房间），没有进行具体计算或提供必要信息。"
"prm-e165ab188607be7d","168","-1","early","no","yes","True","essential","redundant","True","deepseek/deepseek-v4-pro","1","该步骤只是提出了一个可能的思路（用平方差公式分解），但没有进行任何具体计算或推导，移除后不影响后续推理的连贯性。"
"prm-a17bb33b5cced852","169","1","late","yes","no","True","redundant","essential","True","deepseek/deepseek-v4-flash","0.95","该步骤是通分计算的具体操作，是得到最终答案14/3的必要中间步骤，移除后后续加法无法进行。"
"prm-57b082ca295d4211","170","0","late","yes","yes","False","redundant","redundant","False","deepseek/deepseek-v4-flash","0.95","该步骤只是重复了最终答案，没有提供新的数学信息或推导。"
"prm-67c15cd755da8374","171","1","early","no","no","False","essential","essential","False","deepseek/deepseek-v4-flash","0.9","该步骤给出了因式分解所需的具体数值，是后续分解和确定定义域的必要计算步骤。"
"prm-0c1ebea011e80ccd","172","-1","middle","no","yes","True","harmful","harmful","False","deepseek/deepseek-v4-flash","1","该步骤声称存在另一个答案，但根据反正弦函数的主值范围，只有一个正确答案，此步骤引入了错误的多值性。"
"prm-b2a4ce5f01127d75","173","1","late","yes","no","True","redundant","essential","True","deepseek/deepseek-v4-flash","1","该步骤总结了前面求解的结果，并直接引出最终答案，是推理链条中不可或缺的结论性陈述。"
"prm-e8da447d3e7aeca5","174","-1","early","no","no","False","harmful","essential","True","deepseek/deepseek-v4-pro","1","该步骤是计算只选微积分人数的关键推导，缺少它则后续方程无法建立。"
"prm-56f31f0da676983f","175","-1","middle","no","yes","True","harmful","harmful","False","deepseek/deepseek-v4-flash","0.95","该步骤的变换是错误的，因为分子分母同时乘以ω后分母变为ω+ω²，并非原分母，导致后续所有推导偏离正确方向。"
"prm-1988846108e0f682","176","0","early","no","no","False","essential","essential","False","deepseek/deepseek-v4-pro","0.95","该步骤是递归计算的第一步，为后续寻找模式提供了必要的数值基础，是推导的关键起点。"
"prm-1363a310736c9808","177","-1","early","no","yes","True","harmful","harmful","False","deepseek/deepseek-v4-flash","0.95","该步骤引用的公式（平方和公式）错误，且与后续推导矛盾，导致整个解题方向错误。"
"prm-1ef2f094b18fa4d5","178","-1","early","no","yes","True","harmful","harmful","False","deepseek/deepseek-v4-flash","1","该步骤声称500是10的立方，但500=5×100，并非完全立方数，这一错误导致后续所有计算偏离正确方向。"
"prm-b4ce181080c6935d","179","-1","middle","yes","yes","False","redundant","redundant","False","deepseek/deepseek-v4-pro","0.9","该步骤只是建议画图，没有提供任何数学信息或推导，删除后不影响推理的连贯性。"
"prm-e5218a9b5d49ef04","180","-1","early","no","yes","True","harmful","harmful","False","deepseek/deepseek-v4-flash","1","该步骤错误地将256^(1/2)写成了2^(4*1/2)，实际上256=2^8，正确的指数应为8*1/2=4，导致后续计算错误。"
"prm-934ae181dbf1e5d6","181","-1","late","no","yes","True","harmful","harmful","False","deepseek/deepseek-v4-flash","1","该步骤错误地认为7^2=49是第五个数，实际上第五个是11^2=121，因此该步骤给出了错误的结论。"
"prm-4a41ea6ca0473740","182","0","late","yes","yes","False","redundant","redundant","False","deepseek/deepseek-v4-pro","0.95","该步骤只是提出了一个可能的化简方向（提取负号），没有进行实际计算或得出任何新结论，移除后不影响后续推理。"
"prm-df9bfb129e27eea5","183","0","middle","no","no","False","harmful","essential","True","deepseek/deepseek-v4-pro","1","该步骤是分析质因数3的指数时得出的关键中间结论，是后续枚举x取值的基础。"
"prm-cfbe55fef530eeea","184","1","early","no","no","False","essential","essential","False","deepseek/deepseek-v4-flash","1","该步骤正确给出了log x^2的定义域，是后续错误推理的起点，但本身是正确且必要的结论。"
"prm-c5d23e135f1567c3","185","-1","middle","no","yes","True","harmful","harmful","False","deepseek/deepseek-v4-flash","1","该步骤中的欧几里得算法计算错误，导致后续GCD结果错误（正确应为21，而非9）。"
"prm-17ba4f9e4d89154f","186","-1","late","no","yes","True","harmful","harmful","False","deepseek/deepseek-v4-flash","1","该步骤错误地得出最大公因数为6，实际应为12，属于计算错误，导致后续答案错误。"
"prm-6a5663499dcdfb6e","187","1","early","no","yes","True","essential","redundant","True","deepseek/deepseek-v4-flash","1","该步骤只是用文字复述了题目条件，没有进行任何计算或推导。"
"prm-9e945c5a20713eba","188","0","late","no","no","False","essential","essential","False","deepseek/deepseek-v4-pro","1","该步骤执行了必要的平方计算，是得出最终答案的关键操作。"
"prm-bf79591055298bcd","189","-1","late","no","yes","True","harmful","harmful","False","deepseek/deepseek-v4-flash","0.98","该步骤声称(√7+√5)^6 < 6769，但实际值远大于6769，该断言错误且导致最终答案错误。"
"prm-61fb797f33ef26d1","190","-1","late","no","yes","True","harmful","harmful","False","deepseek/deepseek-v4-flash","0.9","该步骤错误地认为每个质因子有2种选择（取或不取），而正确方法是指数有3种选择（0,1,2），因此该步骤是导致最终答案错误的根源。"
"prm-d828d740ba9cd096","191","1","early","no","no","False","essential","essential","False","deepseek/deepseek-v4-flash","1","该步骤是连续除法过程中得出的第一个余数，是构成最终六进制数的最低位数字，不可或缺。"
"prm-81dd96c2af2f5b96","192","1","early","no","no","False","essential","essential","False","deepseek/deepseek-v4-pro","1","该步骤提出了用矩阵表示反射的方法，是后续建立方程和求解的基础，属于必要的解题方向设定。"
"prm-53e6ba65d64de23f","193","-1","middle","no","yes","True","harmful","harmful","False","deepseek/deepseek-v4-flash","0.95","该步骤设置了一个错误的多项式长除法格式，导致后续所有系数推导和答案完全错误，属于有害步骤。"
"prm-569d7cf9abe65f34","194","1","early","no","no","False","essential","essential","False","deepseek/deepseek-v4-flash","0.95","该步骤是移项以分离根号的关键操作，是后续平方消去根号的必要前提。"
"prm-51383cc20140c6d4","195","0","middle","yes","yes","False","redundant","redundant","False","deepseek/deepseek-v4-flash","0.9","该步骤只是一个分隔线，不包含任何数学信息或推理，移除后完全不影响后续计算。"
"prm-60b56f07df1c7db4","196","-1","middle","no","yes","True","harmful","harmful","False","deepseek/deepseek-v4-flash","1","该步骤关于四次多项式无实根则无极值点的断言是错误的，导致后续得出整个正方形区域的错误结论。"
"prm-738ac1e91010e501","197","1","early","yes","no","True","redundant","essential","True","deepseek/deepseek-v4-flash","1","该步骤确定了消去分母的具体方法（乘以最小公倍数），是后续所有代数操作的基础。"
"prm-ebe33b841de11dec","198","1","late","no","no","False","essential","essential","False","deepseek/deepseek-v4-flash","1","该步骤是求解方程的最后一步，直接得出最终答案，不可或缺。"
"prm-178620daeb1c879c","199","1","late","no","no","False","essential","essential","False","deepseek/deepseek-v4-flash","0.95","该步骤给出了最终答案，是解题的结论性步骤，移除后推理不完整。"
"prm-0ea143eb25e18743","200","0","middle","no","no","False","essential","essential","False","deepseek/deepseek-v4-pro","0.95","该步骤将P(1)和P(4)的具体表达式代入方程，是建立方程组求解未知数的必要计算步骤。"
"prm-48b0d62a1035c5eb","201","-1","early","no","no","False","harmful","essential","True","deepseek/deepseek-v4-flash","0.95","该步骤正确指出了多项式还有一个因式，是后续推理的必要前提。"
"prm-1eb61d347e7307c6","202","1","late","yes","yes","False","redundant","redundant","False","deepseek/deepseek-v4-flash","1","该步骤只是重复了最终答案，不包含任何新的推理或计算，删除后不影响推理的完整性。"
"prm-6c647c9d900edecf","203","0","late","no","yes","True","essential","harmful","True","deepseek/deepseek-v4-pro","0.95","该步骤使用近似数值计算，但题目要求精确值，且该近似结果与正确答案1/8不符，属于误导性步骤。"
"prm-7616aa089b45809c","204","0","late","no","no","False","essential","essential","False","deepseek/deepseek-v4-pro","1","该步骤给出了方程的解r=3，是求解过程的最终结论，移除后整个推理链条不完整。"
"prm-c5d0b2ae9f6de94a","205","1","middle","yes","yes","False","redundant","redundant","False","deepseek/deepseek-v4-flash","1","该步骤只是泛泛地提出消元策略，没有进行任何具体计算或推导，移除后不影响后续推理的连贯性。"
"prm-32ce22f0573267db","206","1","early","yes","no","True","redundant","essential","True","deepseek/deepseek-v4-flash","0.95","该步骤给出了求解公因数问题的关键定理：两数的公因数必为其最大公约数的因数，是后续所有推理的基础。"
"prm-73806d5bdc6ee15f","207","0","late","yes","no","True","redundant","essential","True","deepseek/deepseek-v4-pro","1","该步骤是代入n=1计算对应x值的必要计算过程，是枚举所有可能值的一部分。"
"prm-44adc004d54b0a92","208","0","middle","yes","yes","False","redundant","redundant","False","deepseek/deepseek-v4-pro","1","该步骤只是重复了题目条件，没有提供新的数学信息或推导，移除后不影响推理连贯性。"
"prm-e853a7a5555f3056","209","1","early","no","yes","True","essential","redundant","True","deepseek/deepseek-v4-flash","1","该步骤只是复述了题目要求，没有提供新的数学信息或推导，移除后不影响推理连贯性。"
"prm-def1910362f8da38","210","1","early","no","no","False","essential","essential","False","deepseek/deepseek-v4-flash","1","该步骤明确了问题的等价条件，是后续所有推理的基础，缺少它则无法确定求解方向。"
"prm-2d520973414e1dcb","211","1","middle","yes","yes","False","redundant","redundant","False","deepseek/deepseek-v4-flash","1","该步骤计算了n=6的情况，但后续步骤已证明n=3才是最小解，因此该步骤对最终结论没有贡献。"
"prm-0000660f74dea7ea","212","0","middle","no","yes","True","harmful","harmful","False","deepseek/deepseek-v4-pro","1","该步骤错误地假设所有指数必须同时为1或3，忽略了每个质因数指数可以独立选择，导致后续结论完全错误。"
"prm-6fb0c8f8ee2ebabd","213","0","middle","no","yes","True","harmful","redundant","True","deepseek/deepseek-v4-pro","0.95","该步骤只是举例说明3×2=6比5多1，没有提供新的数学信息或推动推理，移除后不影响后续推导。"
"prm-3d9ad8daca3b8faa","214","-1","late","no","yes","True","harmful","harmful","False","deepseek/deepseek-v4-flash","0.9","该步骤错误地将D赋值为0，而正确结果中D应为6，因此该步骤包含错误信息，导致最终答案错误。"
"prm-2413c903941648a5","215","-1","early","no","yes","True","essential","harmful","True","deepseek/deepseek-v4-pro","1","该步骤提出的有理化分母方法在此处并非必要，且后续计算因未正确处理外层根号而导致最终答案错误。"
"prm-45c25b865bce0fe1","216","-1","early","no","no","False","essential","essential","False","deepseek/deepseek-v4-pro","1","该步骤将不等式转化为几何描述，并提出了使抛物线尽可能宽的想法，为后续构造具体二次函数提供了方向，是必要的推理步骤。"
"prm-c7fdd3c01ea7968c","217","1","late","no","no","False","essential","essential","False","deepseek/deepseek-v4-flash","0.95","该步骤计算了原面积与新面积的差值，是后续求百分比减少量的直接前提，属于必要计算。"
"prm-b30d7b8afa669a70","218","-1","early","no","no","False","essential","essential","False","deepseek/deepseek-v4-pro","0.95","该步骤是求解分母零点方程的关键代数变形，直接得到后续用于排除的数值。"
"prm-9d4dfc92d2809bdb","219","0","late","yes","no","True","redundant","essential","True","deepseek/deepseek-v4-pro","0.9","该步骤是验证答案正确性的具体计算，属于解题收尾的必要环节，移除后无法确认答案的正确性。"
"prm-d22d355799e3baaf","220","-1","middle","no","yes","True","harmful","harmful","False","deepseek/deepseek-v4-flash","1","该步骤在代入时错误地将5B=3A-8直接替换为3A-8，忽略了B的系数5，导致后续所有计算错误。"
"prm-735ea9ae49ab1cf2","221","0","early","no","yes","True","essential","redundant","True","deepseek/deepseek-v4-pro","1","该步骤只是说明选择参数值以简化计算，但并未提供新的数学信息或必要推导，移除后直接从步骤2跳到步骤4依然连贯。"
"prm-fe9bce2e8059e597","222","-1","middle","no","yes","True","harmful","harmful","False","deepseek/deepseek-v4-flash","1","该步骤对模式的归纳错误，导致最终答案-100不正确，正确应为-50。"
"prm-caf345262620d432","223","0","late","yes","yes","False","redundant","redundant","False","deepseek/deepseek-v4-flash","0.95","该步骤只是重复了最终答案，没有提供新的数学信息或推导。"
"prm-2a5b9be75f2130c8","224","-1","early","no","yes","True","harmful","harmful","False","deepseek/deepseek-v4-flash","0.95","该步骤错误地将4又5/8化简为4乘以5/37，忽略了整数部分4与分数5/8的加法关系，导致后续计算完全错误。"
"prm-7cf98f01d85acf4d","225","1","middle","no","no","False","harmful","essential","True","deepseek/deepseek-v4-pro","0.9","该步骤是配方法中的具体代数操作，是后续化简和判断曲线类型的关键计算步骤。"
"prm-f43ad1cb6c3aa6ba","226","0","late","no","no","False","essential","essential","False","deepseek/deepseek-v4-pro","1","该步骤正确得出k的最小整数值为26，是后续代入求解x的必要中间结论。"
"prm-f66c436ea5314143","227","-1","late","yes","yes","False","redundant","redundant","False","deepseek/deepseek-v4-pro","0.9","该步骤只是对已得方程进行解释性说明，没有提供新的数学信息或推导，删除后不影响后续步骤。"
"prm-e457a6097bf292ad","228","1","late","no","no","False","essential","essential","False","deepseek/deepseek-v4-flash","1","该步骤给出了最终答案，是解题过程的必要结论，移除后推理不完整。"
"prm-d43403303ce7ca47","229","0","late","yes","no","True","redundant","essential","True","deepseek/deepseek-v4-flash","1","该步骤明确了求垂心坐标的具体方法，是后续求解H坐标的必要前提，缺少它会导致推导无法进行。"
"prm-91db4cb8cb67916a","230","1","early","yes","no","True","redundant","essential","True","deepseek/deepseek-v4-flash","0.95","该步骤通过具体数值例子说明了函数在整数点上的取值行为，为后续归纳出值域中的三个值提供了直观依据。"
"prm-24135c674fb88634","231","-1","middle","no","yes","True","harmful","harmful","False","deepseek/deepseek-v4-flash","1","该步骤的代数操作（乘以-1）导致后续推导方向错误，无法得到正确的逆元。"
"prm-d139e98806701b02","232","0","late","yes","yes","False","redundant","redundant","False","deepseek/deepseek-v4-flash","1","该步骤只是说明分母已经是9，没有进行实际计算，移除后直接从分子运算开始推理依然完整。"
"prm-499e50d1f2d6148c","233","-1","early","yes","yes","False","harmful","harmful","False","deepseek/deepseek-v4-flash","1","该步骤错误地认为除以20等价于将小数点左移两位（实际应左移一位并考虑20=2×10），导致后续结果错误。"
"prm-e31d87a5f18e7b0e","234","1","middle","no","no","False","essential","essential","False","deepseek/deepseek-v4-flash","1","该步骤指出x=0总是不动点，这是后续排除该解并寻找周期2点的重要前提，缺少它会导致推理不完整。"
"prm-02dc733a400c8a44","235","-1","early","no","yes","True","harmful","harmful","False","deepseek/deepseek-v4-flash","1","该步骤在求解逆函数时进行了错误的代数变形，导致后续所有推导偏离正确方向。"
"prm-d9a76b21965836c2","236","-1","late","no","yes","True","harmful","harmful","False","deepseek/deepseek-v4-flash","1","该步骤在化简向量时错误地将系数8/49写成了16/49，导致最终答案错误。"
"prm-a3a05daf8f16a52f","237","0","early","no","no","False","essential","essential","False","deepseek/deepseek-v4-pro","0.98","该步骤指出(7x+53)/8必须为整数，这是后续求解x的必要条件，没有它就无法进行整除性分析。"
"prm-47679397406393e0","238","1","early","yes","yes","False","redundant","redundant","False","deepseek/deepseek-v4-flash","0.9","该步骤只是说明将应用之前演示的方法，没有进行任何实际计算或提供新信息，移除后直接从除法步骤开始推理依然完整。"
"prm-1b82baadae1514fc","239","-1","early","no","yes","True","harmful","harmful","False","deepseek/deepseek-v4-flash","1","该步骤对等式两边取对数时，错误地将加法项 log(19) 分离出来，违反了运算法则，导致后续推导完全错误。"
"prm-01441d1b7d95366c","240","1","middle","no","no","False","essential","essential","False","deepseek/deepseek-v4-flash","1","该步骤明确指出了下一步的操作：代入已知值求解x，是连接已知常数和未知变量的关键过渡，移除后推理会中断。"
"prm-8acbcd62bf310d16","241","1","middle","yes","no","True","redundant","essential","True","deepseek/deepseek-v4-flash","0.95","该步骤明确给出了一个具体的解，是后续归纳出一般规律（n为24的约数）所必需的示例和支撑。"
"prm-14fb1048eb99d376","242","-1","late","yes","yes","False","redundant","redundant","False","deepseek/deepseek-v4-pro","1","该步骤只是重复了最终答案，没有提供任何新的推理或计算信息。"
"prm-295680b6ca231154","243","-1","early","no","no","False","essential","essential","False","deepseek/deepseek-v4-pro","1","该步骤是计算5的因子个数的标准方法，是后续所有推理的基础，删除后无法得到正确结果。"
"prm-f2aca719a99dc3e9","244","-1","late","no","yes","True","harmful","harmful","False","deepseek/deepseek-v4-flash","1","该步骤使用了图形计算器得到近似根，但正确根是6，因此该步骤提供了错误信息，导致后续答案错误。"
"prm-47a902d41e673ff6","245","0","middle","yes","yes","False","redundant","redundant","False","deepseek/deepseek-v4-flash","0.95","该步骤只是举例说明两个数的乘积与和的差，没有提供新的数学信息或推动推理，移除后不影响后续分析。"
"prm-0700321e0038e3d1","246","0","early","yes","yes","False","redundant","redundant","False","deepseek/deepseek-v4-flash","0.9","该步骤只是泛泛地描述了解题方向（隔离x），没有提供任何具体的数学操作或新信息，移除后推理依然连贯。"
"prm-9156dcd21a3e42c0","247","1","middle","no","no","False","essential","essential","False","deepseek/deepseek-v4-flash","1","该步骤正确计算了5^2·5^1=5^3，是后续化简和抵消的关键中间结果，缺少它则推理不完整。"
"prm-14c85f1b92bf8cfb","248","-1","middle","no","yes","True","harmful","harmful","False","deepseek/deepseek-v4-flash","1","该步骤在化简时错误地将70/10与7/10相乘，导致结果49/10，而正确结果应为49。"
"prm-8fb8c12bb402ec2d","249","0","late","yes","yes","False","redundant","redundant","False","deepseek/deepseek-v4-flash","1","该步骤是代入验证，移除后不影响推理的连贯性和最终答案的正确性，属于可删除的冗余步骤。"
"prm-65435eea6f0c0b9a","250","0","late","yes","yes","False","redundant","redundant","False","deepseek/deepseek-v4-flash","1","该步骤只是将前一步的句子截断后补全，没有提供任何新的数学信息或推理，删除后不影响连贯性。"
"prm-66bc41cfa62d57e2","251","1","late","no","no","False","essential","essential","False","deepseek/deepseek-v4-flash","1","该步骤计算了每个面的面积，是后续求总表面积的关键中间结果，缺少它则无法得出最终答案。"
"prm-2dfd8218ce19b305","252","0","late","yes","yes","False","redundant","redundant","False","deepseek/deepseek-v4-pro","1","该步骤只是重复了最终答案，没有提供新的推理或计算，删除后不影响推理的完整性。"
"prm-b7f05eda927bf837","253","0","middle","yes","yes","False","redundant","redundant","False","deepseek/deepseek-v4-pro","0.9","该步骤只是对递归定义中第三种情况的文字复述，没有提供新的数学信息或计算，移除后不影响后续推理。"
"prm-57a23b7d9d387a2d","254","0","middle","no","yes","True","harmful","harmful","False","deepseek/deepseek-v4-pro","0.95","该步骤将平方根错误地应用于5/4，而实际正确结果应为√(25/16)=5/4，因此该步骤引入了错误，属于有害步骤。"
"prm-e0c68e2f69c92ce1","255","0","middle","no","no","False","harmful","essential","True","deepseek/deepseek-v4-pro","0.9","该步骤是合成除法中必要的乘法操作，是后续加法的基础，缺少它会导致计算中断。"
"prm-ac01250021f796d9","256","0","middle","yes","no","True","redundant","essential","True","deepseek/deepseek-v4-pro","0.95","该步骤将整除条件转化为方程形式，是后续枚举求解的基础，缺少它则无法进行整数解的搜索。"
"prm-0ade6393f937db17","257","1","middle","yes","no","True","redundant","essential","True","deepseek/deepseek-v4-flash","0.95","该步骤明确指出了所需整数必须满足的数值范围，是连接小数比较与最终整数选取的关键推理环节。"
"prm-77a86cb6e4dfd1aa","258","1","middle","no","no","False","essential","essential","False","deepseek/deepseek-v4-flash","1","该步骤明确给出了第一个数字的选择数，是后续乘法计数中不可或缺的因子。"
"prm-99891d43a5e736a5","259","0","late","yes","no","True","redundant","essential","True","deepseek/deepseek-v4-pro","0.95","该步骤验证了所得因式分解的正确性，是确保后续计算AB+B正确的前提，缺少此步则无法确认系数匹配无误。"
"prm-977f248f4b7b1084","260","0","middle","yes","yes","False","redundant","redundant","False","deepseek/deepseek-v4-pro","0.9","该步骤本身是正确且必要的计算示例，但移除后不影响后续推理，因为后续步骤直接处理了本题的重复小数，没有依赖这个例子。"
"prm-f77af5e177e450d9","261","0","late","no","no","False","essential","essential","False","deepseek/deepseek-v4-pro","0.95","该步骤总结了符号图表的结果，直接给出了解集区间，是连接图表与最终答案的关键推理结论，缺少它后续答案将失去依据。"
"prm-55ea704e2707c428","262","0","middle","yes","yes","False","redundant","redundant","False","deepseek/deepseek-v4-flash","0.9","该步骤只是对已知恒等式进行验证性说明，并未提供新的推导或计算，移除后不影响后续代入和化简的连贯性。"
"prm-3ef9d1189683f74d","263","-1","late","no","no","False","harmful","essential","True","deepseek/deepseek-v4-flash","1","该步骤给出了最终答案，是解题过程的必要结论。"
"prm-51eccaad45590836","264","-1","middle","no","no","False","harmful","essential","True","deepseek/deepseek-v4-flash","0.95","该步骤是求解复合逆函数的关键中间推理，缺失后无法从已知条件推导出最终结果。"
"prm-ac1c971aefdf8aad","265","0","early","no","yes","True","harmful","redundant","True","deepseek/deepseek-v4-pro","0.9","该步骤只是提出了一个可能的变形方向，并未进行实际计算或推导，移除后不影响后续推理。"
"prm-14d4896af9e2f42b","266","-1","early","no","yes","True","harmful","harmful","False","deepseek/deepseek-v4-pro","1","该步骤提出的变换方向是错误的，导致后续推导偏离正确解法，最终得到错误答案。"
"prm-e5b42c42ddfdfe89","267","0","early","yes","yes","False","redundant","redundant","False","deepseek/deepseek-v4-flash","1","该步骤只是对递归函数的一般性描述，没有提供具体的计算或推导，删除后不影响后续推理的连贯性。"
"prm-24a4a38cf78a16b4","268","-1","late","no","yes","True","harmful","harmful","False","deepseek/deepseek-v4-flash","1","该步骤仅说明要相乘，但后续计算基于错误的最大值选取，且最终结果错误，因此该步骤本身虽无计算错误，但引导了错误方向。"
"prm-4dbc982a4c31d7d8","269","1","late","no","no","False","harmful","essential","True","deepseek/deepseek-v4-pro","0.98","该步骤计算了a=2时二次部分在x=2处的函数值，是后续判断水平线是否被覆盖的关键依据。"
"prm-92cd9c4d155c7994","270","0","early","yes","yes","False","redundant","redundant","False","deepseek/deepseek-v4-flash","0.9","该步骤只是观察到了数字是平方数，但并未进行任何计算或推导，移除后后续步骤仍可独立进行。"
"prm-d86397c6b2e063ff","271","0","early","no","yes","True","essential","redundant","True","deepseek/deepseek-v4-pro","1","该步骤仅陈述了求和的模运算通用方法，没有进行具体计算或提供新信息，移除后不影响后续推理。"
"prm-fb4120427f491cb1","272","1","late","no","no","False","harmful","essential","True","deepseek/deepseek-v4-pro","1","该步骤列出了所有不可约因式，是后续求值计算的前提和基础。"
"prm-b141684d5ef466c9","273","0","middle","yes","yes","False","redundant","redundant","False","deepseek/deepseek-v4-flash","1","该步骤是长除法过程中的一个中间记录，移除后后续步骤仍可独立进行，不影响推理的连贯性。"
"prm-00177cb1b6246e3e","274","1","late","no","no","False","essential","essential","False","deepseek/deepseek-v4-flash","1","该步骤给出了最终化简结果，是推理链条的结论性步骤，删除后整个推导不完整。"
"prm-edfe3301d75e7278","275","-1","late","no","yes","True","harmful","harmful","False","deepseek/deepseek-v4-flash","1","该步骤基于之前错误的推导（使用了不紧的三角不等式上界）得出最大值5，而正确答案是13/4，因此该步骤是错误结论。"
"prm-64c48353bed266ed","276","0","early","no","yes","True","essential","redundant","True","deepseek/deepseek-v4-pro","1","该步骤提出了将因子分组为n个相等组的想法，但并未进行具体计算或得出关键结论，删除后直接从步骤5开始推理依然连贯。"
"prm-9aefc3c8b6098bf4","277","0","early","no","yes","True","essential","redundant","True","deepseek/deepseek-v4-pro","0.9","该步骤提出了使用AM-GM的想法，但表述有误（需要找到相乘为a^4+b^8的表达式），且未进行实际计算，移除后直接从正确应用AM-GM开始推理更清晰。"
"prm-210861cfb25add07","278","0","late","yes","no","True","redundant","essential","True","deepseek/deepseek-v4-pro","0.95","该步骤是验证答案的必要计算，提供了表面面积的具体数值，是推理链中不可或缺的一环。"
"prm-fa87724dc0063e72","279","-1","late","no","yes","True","harmful","harmful","False","deepseek/deepseek-v4-flash","0.9","该步骤错误地将5乘以6/5简化为6/5乘以1，导致最终答案错误。"
"prm-7a6e2d9a9da28f78","280","-1","early","no","yes","True","harmful","harmful","False","deepseek/deepseek-v4-flash","0.98","该步骤列举的三位回文数不完整，遗漏了171等可能的和，导致后续推理遗漏正确解。"
"prm-656a46c9640db820","281","0","early","yes","yes","False","redundant","redundant","False","deepseek/deepseek-v4-pro","0.9","该步骤只提出了一个可视化方向，没有进行任何具体计算或推导，移除后不影响后续推理。"
"prm-d9e44ee7bd1dadc6","282","-1","late","no","yes","True","harmful","harmful","False","deepseek/deepseek-v4-flash","1","该步骤在代入a=8后计算错误，8^(2/9)不等于2^(6/3)，导致最终答案错误。"
"prm-7a821b119f49c100","283","1","early","yes","yes","False","redundant","redundant","False","deepseek/deepseek-v4-flash","0.95","该步骤只是提出一个疑问，没有提供任何数学信息或推导，移除后不影响推理的连贯性。"
"prm-76baed35df6fb032","284","1","middle","yes","no","True","redundant","essential","True","deepseek/deepseek-v4-flash","0.95","该步骤正确识别了n和r的值，是后续使用排列公式的必要前提，移除后无法进行后续计算。"
"prm-f418b9680e5a9dc1","285","-1","early","no","yes","True","harmful","redundant","True","deepseek/deepseek-v4-pro","0.95","该步骤只是提出了一个估算方向，没有进行任何实际计算或提供必要信息，移除后直接从“53是质数”跳到“无法化简”依然连贯。"
"prm-33b6dd3dabd31070","286","-1","middle","yes","yes","False","harmful","harmful","False","deepseek/deepseek-v4-flash","0.95","该步骤错误地认为sin x的最小正值出现在x=1°处，导致后续范围计算错误，属于有害步骤。"
"prm-23e4bf45fefddfca","287","-1","late","no","yes","True","harmful","harmful","False","deepseek/deepseek-v4-flash","1","计算错误，正确结果应为1250美元。"
"prm-ea4bf8ee91052d6e","288","0","early","yes","yes","False","redundant","redundant","False","deepseek/deepseek-v4-flash","0.98","该步骤只是重复了题目中已给出的定义，没有提供新的数学信息或计算。"
"prm-22008191f0fcf07c","289","0","late","yes","no","True","redundant","essential","True","deepseek/deepseek-v4-flash","0.95","该步骤是长除法过程中的一个中间结果记录，是后续继续除法的必要基础。"
"prm-d53813f5acf46dc2","290","1","late","no","no","False","essential","essential","False","deepseek/deepseek-v4-flash","1","该步骤明确指出需要考虑端点，是得出正确区间表示的关键环节。"
"prm-27543090e207be07","291","0","early","yes","no","True","redundant","essential","True","deepseek/deepseek-v4-flash","1","该步骤说明了二进制转八进制时左侧补零的规则，是转换过程中必要的操作说明，删除后可能导致分组错误。"
"prm-374f893a0a7e07c4","292","1","early","yes","no","True","redundant","essential","True","deepseek/deepseek-v4-flash","1","该步骤明确了代入求解的方法，是后续所有计算的前提，缺少它则推理不完整。"
"prm-6b443c0ab9016cf3","293","0","middle","yes","yes","False","redundant","redundant","False","deepseek/deepseek-v4-flash","0.97","该步骤只是复述了乘法原理的一般性描述，没有进行具体计算或提供新信息，移除后推理依然完整。"
"prm-9b09489564767b9d","294","0","early","no","no","False","essential","essential","False","deepseek/deepseek-v4-pro","0.95","该步骤指出三角形是等腰的，这是后续利用等腰三角形性质（如三线合一）进行正确推理的关键前提。"
"prm-b02cba206762c771","295","1","middle","no","no","False","essential","essential","False","deepseek/deepseek-v4-flash","1","该步骤正确计算了蛋糕的收入，是总收入计算中不可或缺的一部分，缺少它则收入总和无法得出。"
"prm-1590d85cae7720a6","296","1","late","yes","yes","False","redundant","redundant","False","deepseek/deepseek-v4-flash","1","该步骤只是重复了前一步已经得出的结果，没有提供新的数学信息。"
"prm-8d9aac49538338f6","297","1","early","no","yes","True","essential","redundant","True","deepseek/deepseek-v4-flash","1","该步骤只是对女巫握手情况的描述性说明，没有提供新的数学信息或计算，移除后推理依然完整。"
"prm-d14414ada709f204","298","0","early","yes","yes","False","redundant","redundant","False","deepseek/deepseek-v4-flash","1","该步骤只是重复了前面已经列出的三种情况，没有提供新的数学信息或推导，删除后后续计算依然完整。"
"prm-c00e9d4b22a619cf","299","0","early","no","no","False","harmful","essential","True","deepseek/deepseek-v4-pro","1","该步骤提出了从给定方程推导出x^3 = x^2 + x的关键变换，是后续代入化简的基础，缺少它则推理无法进行。"
"prm-6994d64b52995162","300","-1","middle","no","yes","True","harmful","harmful","False","deepseek/deepseek-v4-flash","1","该步骤计算错误，错误地认为每层拿走2本书后数学书剩下6本（实际应为8本），总书数18本正确但数学书数量错误，导致后续分数错误。"
"prm-3490f4298028248f","301","0","middle","no","yes","True","harmful","redundant","True","deepseek/deepseek-v4-pro","0.9","该步骤声称对分数25/16进行约分，但25和16的最大公因数是1，该操作无实际意义且多余，移除后不影响后续正确计算。"
"prm-896614eb571273fb","302","1","middle","no","no","False","essential","essential","False","deepseek/deepseek-v4-flash","0.95","该步骤是建立方程组的关键一步，提供了常数项的关系式，是后续求解a和b的必要前提。"
"prm-5163da324c8a2bc9","303","1","early","no","no","False","essential","essential","False","deepseek/deepseek-v4-flash","0.9","该步骤提出了正确的展开方向，是后续所有计算的前提。"
"prm-060b37de44a23f9c","304","1","late","yes","yes","False","redundant","redundant","False","deepseek/deepseek-v4-flash","0.95","该步骤只是重复了前文已得出的条件，没有提供新的数学信息或计算。"
"prm-6a48687cd49dd67e","305","-1","late","yes","no","True","harmful","essential","True","deepseek/deepseek-v4-flash","0.95","该步骤给出了最终答案的完整表达式，是解题过程的必要结论输出。"
"prm-bcf33e68e625980e","306","-1","early","yes","yes","False","harmful","harmful","False","deepseek/deepseek-v4-flash","1","该步骤对平行四边形面积公式的理解错误，将距离与斜率差直接相乘，导致后续所有推导偏离正确方向。"
"prm-4f8665f0a19739c3","307","0","late","no","yes","True","harmful","harmful","False","deepseek/deepseek-v4-pro","0.95","该步骤错误地认为8^(2/3)大于4，实际上8^(2/3)=4，导致后续取整错误，最终答案错误。"
"prm-a3fb1524920e2118","308","0","middle","yes","no","True","redundant","essential","True","deepseek/deepseek-v4-flash","0.95","该步骤通过代入x=2验证了分母为零导致函数无定义，是排除该值的关键推理，移除后会导致遗漏重要排除条件。"
"prm-b776a9c2dead1877","309","0","late","yes","yes","False","redundant","redundant","False","deepseek/deepseek-v4-flash","0.95","该步骤只是说明已经得到两个根并准备进行减法，没有提供新的数学信息或计算，移除后直接从“平方根是8，立方根是4”跳到“差是4”依然完整。"
"prm-31f315049adee361","310","0","late","yes","no","True","redundant","essential","True","deepseek/deepseek-v4-pro","0.95","该步骤总结了前面的计算结果并得出最终答案，是解题的必要结论，移除后推理不完整。"
"prm-0796ce8561574c8c","311","1","late","no","yes","True","essential","redundant","True","deepseek/deepseek-v4-flash","1","该步骤只是描述了下一步要做什么，没有实际计算或提供新信息。"
"prm-fa241fc7e4a6f419","312","1","late","yes","yes","False","redundant","redundant","False","deepseek/deepseek-v4-flash","0.97","该步骤只是陈述了题目中已给出的条件，没有进行任何新的推理或计算。"
"prm-a619a9e3e9a63362","313","1","late","yes","yes","False","redundant","redundant","False","deepseek/deepseek-v4-flash","0.95","该步骤只是对已得到的结果进行总结性陈述，没有提供新的数学信息或计算。"
"prm-b3c55327f85d52bf","314","-1","late","no","no","False","essential","essential","False","deepseek/deepseek-v4-pro","1","该步骤通过具体数值验证了二次表达式在区间内的符号，是确定定义域的必要计算。"
"prm-4c7b0daf67f174f2","315","0","middle","no","yes","True","harmful","harmful","False","deepseek/deepseek-v4-pro","1","该步骤试图通过乘以8来简化方程，但操作错误（应乘以64），导致后续推导偏离正确方向。"
"prm-bd9c89c30ff0439e","316","1","late","no","no","False","essential","essential","False","deepseek/deepseek-v4-flash","1","该步骤利用二次函数开口方向判断符号区间，是得出正确定义域的关键推理环节。"
"prm-8cc3ef6509ad6fbf","317","1","early","no","no","False","essential","essential","False","deepseek/deepseek-v4-flash","0.99","该步骤给出了求除数个数的标准公式，是后续所有因子分解和计数的基础。"
"prm-649bf3fbe6231218","318","1","late","no","no","False","essential","essential","False","deepseek/deepseek-v4-flash","0.95","该步骤明确指出了最终计算的目标（求差值），是连接中间结果与最终答案的必要过渡。"
"prm-42aa85293ce04d6c","319","1","middle","yes","yes","False","redundant","redundant","False","deepseek/deepseek-v4-flash","1","该步骤只是描述了继续除法的通用过程，没有实际计算或提供新信息，移除后推理依然连贯。"
"prm-1032a7112c293158","320","1","early","yes","yes","False","redundant","redundant","False","deepseek/deepseek-v4-flash","1","该步骤只是泛泛地重述了题目要求，没有进行任何具体的推导或计算。"
"prm-2d19813fccf4dac9","321","0","late","yes","yes","False","redundant","harmful","True","deepseek/deepseek-v4-pro","1","该步骤是验证202020是否能被5整除，但202020并非正确答案，此验证步骤基于错误的前提，对正确解题无帮助。"
"prm-1fa85012955acc38","322","1","early","no","no","False","essential","essential","False","deepseek/deepseek-v4-flash","1","该步骤是质因数分解过程中的关键中间结果，为后续得到正确的质因数分解式提供了必要支撑。"
"prm-6a679885fe24ca4d","323","-1","middle","no","yes","True","harmful","harmful","False","deepseek/deepseek-v4-flash","1","该步骤使用计算器得到近似值，但正确的解法应通过三角恒等式得到精确值46°，因此该步骤导致最终答案错误。"
"prm-bbdc2cbce9d5d71d","324","1","middle","no","no","False","essential","essential","False","deepseek/deepseek-v4-flash","1","该步骤正确地将除法转换为乘法，并写出了乘积形式，是后续约分计算的关键中间步骤，缺少它会导致推理不完整。"
"prm-61500888ffe32624","325","1","early","no","no","False","essential","essential","False","deepseek/deepseek-v4-flash","0.9","该步骤正确计算了第二个齿轮每秒的转数，是后续求最小公倍数所必需的前提计算。"
"prm-3b8fc6d3080aade1","326","0","late","yes","yes","False","redundant","redundant","False","deepseek/deepseek-v4-flash","0.95","该步骤尝试通过减去一个接近的倍数来求余数，但9999不是7的倍数，这个尝试是无效的，没有提供有用信息，可以删除。"
"prm-24d79d07da1abeb8","327","0","middle","no","no","False","essential","essential","False","deepseek/deepseek-v4-pro","0.9","该步骤是配方法中必要的计算，缺少它无法完成配方。"
"prm-b8457436293d4e60","328","-1","late","yes","yes","False","harmful","harmful","False","deepseek/deepseek-v4-flash","0.98","该步骤给出的数字202020不是满足条件的最小整数，正确的答案是2220，因此该结论错误。"
"prm-9ef4a4362f8a777c","329","0","middle","no","no","False","essential","essential","False","deepseek/deepseek-v4-pro","0.95","该步骤是计算第二个乘积的第一步，是后续合并同类项的必要前提。"
"prm-7af50adf0a42982f","330","1","early","yes","yes","False","redundant","redundant","False","deepseek/deepseek-v4-flash","1","该步骤只是泛泛描述求定义域的一般原则，没有提供任何具体计算或新信息。"
"prm-4c8c15a6cba67d79","331","1","early","yes","yes","False","redundant","harmful","True","deepseek/deepseek-v4-flash","0.95","该步骤虽然陈述了奇函数图像关于原点对称这一正确事实，但后续推理中错误地应用了奇偶性组合规则，导致最终结论错误。"
"prm-242890b88c115e2c","332","1","late","no","yes","True","essential","redundant","True","deepseek/deepseek-v4-flash","0.9","该步骤只是提出了比较各底数大小的方向，没有进行任何实际比较或计算，移除后不影响后续推理的连贯性。"
"prm-2c5e0537236b9a03","333","1","early","no","no","False","essential","essential","False","deepseek/deepseek-v4-flash","0.95","该步骤是计算f(2)的具体数值，是嵌套函数求值过程中不可或缺的一步，缺少它后续的代入和化简无法进行。"
"prm-64052b65a1c192c7","334","-1","late","no","yes","True","harmful","harmful","False","deepseek/deepseek-v4-flash","0.95","该步骤中的代数化简计算错误，导致后续k值求解错误，属于有害步骤。"
"prm-05db80661c2eea87","335","0","late","yes","yes","False","redundant","harmful","True","deepseek/deepseek-v4-pro","1","该步骤重复了之前的计算，并导致后续错误地除以2，得到错误答案。"
"prm-dfed03ca959f8315","336","1","middle","no","no","False","essential","essential","False","deepseek/deepseek-v4-flash","0.96","该步骤计算了向量AO的长度，是后续求面积所必需的数值。"
"prm-ca096eb77c3d707b","337","0","early","yes","yes","False","redundant","redundant","False","deepseek/deepseek-v4-flash","0.9","该步骤只是提出了一个想法，没有进行实际计算或推导，移除后不影响后续步骤的连贯性。"
"prm-dbb76c0284dc2629","338","-1","early","yes","yes","False","harmful","harmful","False","deepseek/deepseek-v4-flash","1","该步骤错误地认为53°和81°互余，导致后续所有推导偏离正确方向，最终得出无解的结论。"
"prm-c93b572ed45d09e3","339","-1","middle","no","yes","True","harmful","harmful","False","deepseek/deepseek-v4-flash","1","该步骤错误地将上界从12.25截断为12，忽略了t=12也是满足条件的整数，导致最终答案错误。"
"prm-7805f2fb660af82c","340","1","middle","no","no","False","essential","essential","False","deepseek/deepseek-v4-flash","1","该步骤通过代入恒等式进行具体计算，是验证和确认tanA值的重要过程。"
"prm-694eda0133adae37","341","0","middle","yes","yes","False","redundant","redundant","False","deepseek/deepseek-v4-flash","0.96","该步骤只是重复了x=2不满足条件这一已知事实，没有提供新信息，移除后不影响推理。"
"prm-6c4e585fba73949f","342","-1","middle","no","no","False","harmful","harmful","False","deepseek/deepseek-v4-flash","0.95","该步骤声称29是满足条件的N值，但实际29除以6余5而非3，因此该结论错误，并导致后续遗漏了正确解21和45。"
"prm-2953ceb48c3d11eb","343","0","early","no","yes","True","harmful","redundant","True","deepseek/deepseek-v4-pro","1","该步骤只是提出了补零对齐的方法，没有进行实际计算，移除后直接从对齐后的竖式开始推理依然完整。"
"prm-5be58b31f228d28e","344","-1","early","yes","yes","False","harmful","harmful","False","deepseek/deepseek-v4-flash","1","该步骤错误地描述了边界线段的长度，导致后续计数全部出错。"
"prm-de2964131ac70829","345","1","early","no","yes","True","harmful","redundant","True","deepseek/deepseek-v4-pro","1","该步骤声称存在一个捷径，但并未给出具体计算或有效推理，移除后不影响后续步骤的进行。"
"prm-a9006452bf5662ee","346","-1","early","yes","yes","False","redundant","redundant","False","deepseek/deepseek-v4-pro","1","该步骤只是描述了将要进行的操作方向，没有执行任何实际计算或提供新的数学信息，删除后直接从第5步开始不影响推理。"
"prm-9def3665fa2dd260","347","1","middle","no","yes","True","harmful","harmful","False","deepseek/deepseek-v4-pro","1","该步骤对2009的因子分组方式错误，导致后续推理偏离正确方向，最终得到错误答案287。"
"prm-317d37656fcc5ddd","348","0","middle","no","no","False","essential","essential","False","deepseek/deepseek-v4-pro","1","该步骤提出了利用对称性质将组合数转化为更易计算的形式，是简化计算的关键思路，缺少它后续计算将失去依据。"
"prm-7aacc6952228d379","349","1","late","no","no","False","essential","essential","False","deepseek/deepseek-v4-flash","0.9","该步骤将化简结果与目标形式进行对比并提取系数，是得出最终答案的必要收尾步骤。"
"prm-ac7f15288ce11c38","350","-1","early","yes","yes","False","harmful","harmful","False","deepseek/deepseek-v4-flash","0.95","该步骤提出的化简操作是错误的，因为无法直接约去x(x+1)(x+2)项，导致后续推导完全偏离正确方向。"
"prm-7a422bc7fddfdf54","351","-1","middle","no","yes","True","harmful","harmful","False","deepseek/deepseek-v4-flash","0.9","该步骤基于错误的中间换算得出错误结论，导致后续所有计算偏离正确方向。"
"prm-3fb0a1041b0e6522","352","-1","early","yes","yes","False","harmful","harmful","False","deepseek/deepseek-v4-flash","0.98","该步骤声称12整除2000，但2000÷12=166余8，并非整除，因此前提错误导致后续推理无效。"
"prm-fa4778df65d9a289","353","-1","middle","no","yes","True","harmful","harmful","False","deepseek/deepseek-v4-flash","0.95","该步骤在化简方程时出现了代数错误，导致后续求解结果错误。"
"prm-4dece02217f93500","354","0","late","yes","yes","False","redundant","redundant","False","deepseek/deepseek-v4-flash","1","该步骤只是对已得到的结果进行总结性陈述，没有提供新的数学信息或计算。"
"prm-2d6ec7aa85de8014","355","0","middle","yes","yes","False","redundant","redundant","False","deepseek/deepseek-v4-pro","0.95","该步骤只是说需要计算f(16)，没有提供新的数学信息或计算，移除后直接从下一步开始计算f(16)即可。"
"prm-dc919cb80f6423eb","356","0","early","yes","yes","False","redundant","redundant","False","deepseek/deepseek-v4-pro","0.9","该步骤只是对长除法可能耗时的评论，没有提供任何数学信息或推导，移除后直接从下一步开始推理依然完整。"
"prm-c7bf20109ee3402e","357","-1","late","no","no","False","harmful","essential","True","deepseek/deepseek-v4-flash","0.95","该步骤基于前面错误的k值（应为奇数且大于197/7，但实际最小奇数是29吗？197/7≈28.14，最小奇数是29，但代入后n=104，而正确答案是103，说明前面推导有误，但该步骤本身是执行代入计算，结论错误源于前面条件设定错误，该步骤本身是必要的计算步骤。"
"prm-7449b3260474567e","358","1","late","no","no","False","essential","essential","False","deepseek/deepseek-v4-flash","0.95","该步骤执行了必要的合并同类项计算，是得出最终答案的关键环节。"
"prm-370bf73e2c4bd7d0","359","1","middle","no","yes","True","essential","redundant","True","deepseek/deepseek-v4-flash","1","该步骤只是提出了一个方向，没有进行具体计算或提供必要信息。"
"prm-6c8f717ff62b444b","360","0","early","no","no","False","essential","essential","False","deepseek/deepseek-v4-pro","0.98","该步骤给出了二进制转八进制的核心方法，是后续所有转换操作的基础。"
"prm-52a853240fdce958","361","-1","late","no","yes","True","harmful","harmful","False","deepseek/deepseek-v4-flash","1","该步骤计算了1.59×100=159，但题目要求的是兑换成整元后剩余的硬币金额（即总金额模100的余数），而159模100等于59，因此该步骤给出的159并非最终答案，且未进行模运算，属于错误结论。"
"prm-1fdd16bd5ee2ebb1","362","0","early","no","yes","True","harmful","harmful","False","deepseek/deepseek-v4-pro","0.9","该步骤将1/729错误地写成了(1/9)^3，实际上729=9^3，但1/729=(1/9)^3是正确的，然而后续化简方向错误，导致最终答案错误。"
"prm-4b2cde83a58c010f","363","0","late","no","no","False","harmful","essential","True","deepseek/deepseek-v4-pro","1","该步骤是加法竖式中关键的一步，记录了当前列的和以及进位，是后续计算的基础。"
"prm-e3b1b8595fa68428","364","0","early","no","yes","True","harmful","redundant","True","deepseek/deepseek-v4-pro","0.95","该步骤只是重复了前文已观察到的结论，没有提供新的数学信息或推动推理。"
"prm-9b1fccc8cdbe2d3c","365","0","early","yes","no","True","redundant","essential","True","deepseek/deepseek-v4-pro","1","该步骤明确了要分析复合函数的奇偶性，是后续所有推理的出发点和核心问题，缺少它则整个推导失去目标。"
"prm-07ed10b9917c2389","366","-1","late","no","no","False","harmful","essential","True","deepseek/deepseek-v4-pro","1","该步骤是计算最小距离平方的关键代入和化简过程，缺少它无法得到最终数值。"
"prm-a15fb929dff59e97","367","-1","middle","yes","yes","False","harmful","harmful","False","deepseek/deepseek-v4-flash","1","该步骤错误地将条件理解为比值与原始比值相等，而题目要求的是两种新情形下的比值相等，导致后续推导完全偏离正确方向。"
"prm-12bc5c8b425e5765","368","1","late","no","no","False","essential","essential","False","deepseek/deepseek-v4-flash","0.95","该步骤给出了从序列中数出的行走次数，是后续计算总里程的直接依据，缺少它则无法得出最终答案。"
"prm-9df86fcdc40baf88","369","1","early","no","yes","True","essential","redundant","True","deepseek/deepseek-v4-flash","1","该步骤只是泛泛地说明化简方向，没有进行任何具体计算或提供新的数学信息，移除后不影响后续推理的连贯性。"
"prm-68e9514e2eb03142","370","-1","middle","no","no","False","harmful","essential","True","deepseek/deepseek-v4-pro","1","该步骤给出了叉积的具体展开式，是后续建立方程组的关键计算，缺少它无法继续求解。"
"prm-ae5ba6e191f09528","371","-1","early","yes","no","True","harmful","essential","True","deepseek/deepseek-v4-flash","0.95","该步骤提出了利用对称性简化计数的策略，是后续所有计算的基础，缺少它会导致解题方向不明确。"
"prm-315d6ba30914293a","372","0","late","yes","yes","False","redundant","redundant","False","deepseek/deepseek-v4-pro","0.95","该步骤只是继续枚举k值，没有提供新的数学信息或推导，移除后推理链依然完整。"
"prm-92e6c6de9151c528","373","1","early","no","yes","True","essential","redundant","True","deepseek/deepseek-v4-flash","1","该步骤只是提出了解题的整体方向，即求比值，没有进行任何具体计算或提供必要信息，移除后不影响推理的连贯性。"
"prm-2fbe6edf19120d31","374","-1","late","yes","yes","False","harmful","harmful","False","deepseek/deepseek-v4-flash","0.9","该步骤提出了一个错误的公式，与后续计算矛盾，且与标准组合计数方法不符，属于有害步骤。"
"prm-5bd12286ca047ec0","375","1","early","no","no","False","essential","essential","False","deepseek/deepseek-v4-pro","1","该步骤计算了双曲线的中心坐标，是后续所有推导的基础，缺少它无法确定h和k的值。"
"prm-64828b0b15ca157c","376","1","late","yes","no","True","redundant","essential","True","deepseek/deepseek-v4-flash","1","该步骤给出了最终计算结果，是解题的必要收尾步骤，删除后推理链不完整。"
"prm-f2ca2a7324883c6d","377","-1","late","no","yes","True","essential","harmful","True","deepseek/deepseek-v4-pro","1","该步骤计算错误，正确的消元结果应为 8t = 2s 即 4t = s，但实际正确结果是 s = 3t，因此该步骤给出了错误的等式，导致后续答案错误。"
"prm-6810d2c059913e28","378","0","middle","no","no","False","essential","essential","False","deepseek/deepseek-v4-pro","1","该步骤是代入二次公式的具体操作，是后续计算的基础，缺少它会导致推导中断。"
"prm-c01bc07ec8bcb448","379","-1","early","yes","yes","False","harmful","redundant","True","deepseek/deepseek-v4-flash","0.9","该步骤只是机械地写出前几项，没有提供任何新的数学信息或推导，移除后不影响后续推理。"
"prm-ab1c7130781f0c6b","380","0","middle","no","yes","True","harmful","harmful","False","deepseek/deepseek-v4-pro","1","该步骤基于前面错误的LCM计算得出错误结论，直接导致最终答案错误"
"prm-f17b27e710e8f147","381","-1","early","yes","yes","False","harmful","harmful","False","deepseek/deepseek-v4-flash","1","该步骤声称λ=0或4时存在两周期，但λ=0时f(x)=0，只有不动点0，不存在满足f(x)≠x且f(f(x))=x的点；λ=4时也并非直接得到两周期。该断言数学上错误，且误导后续推理。"
"prm-6bdba3a9023070a1","382","-1","middle","no","yes","True","harmful","harmful","False","deepseek/deepseek-v4-pro","1","该步骤从错误的线性组合直接得出模逆，后续计算均基于此错误结论，导致最终答案错误。"
"prm-6ee8687119787677","383","1","early","yes","no","True","redundant","essential","True","deepseek/deepseek-v4-pro","1","该步骤明确指出了使用二项式定理这一关键方法，是后续所有推导的出发点，缺少它则推理无法展开。"
"prm-3d7ee20871a31c85","384","0","middle","yes","yes","False","redundant","redundant","False","deepseek/deepseek-v4-flash","0.9","该步骤只是提出一个试探方向，没有进行任何实际计算或推导，移除后不影响后续推理的连贯性。"
"prm-cbc588184fc6053c","385","1","middle","no","no","False","essential","essential","False","deepseek/deepseek-v4-flash","1","该步骤提出了利用已知条件建立方程组求解未知常数k和j的方法，是后续所有计算的基础，缺少这一步将无法得到成本函数。"
"prm-5da3ed1afff5caaa","386","-1","early","yes","yes","False","harmful","harmful","False","deepseek/deepseek-v4-flash","0.95","该步骤声称两个因子同号且为正，但a为负、1/b为正时，a+1/b可能为负，1/b-a为正，乘积为负，该判断错误，导致后续最大化方向完全错误。"
"prm-49dfa9357a3a5686","387","0","late","no","no","False","essential","essential","False","deepseek/deepseek-v4-pro","1","该步骤验证了所得解是否满足原方程，是排除增根的必要环节。"
"prm-3dc58ac2c43483b2","388","-1","late","no","yes","True","harmful","harmful","False","deepseek/deepseek-v4-flash","0.98","该步骤错误地将60除以2得到30，而实际握手次数就是60，不需要除以2，因此该步骤导致最终答案错误。"
"prm-2cb8f0ea41668c12","389","-1","late","yes","yes","False","harmful","harmful","False","deepseek/deepseek-v4-flash","1","该步骤给出了一个具体的错误例子（11支铅笔，每袋2支），其结论5与正确答案2不符，会误导后续推理。"
"prm-91df52b1208ea81d","390","1","late","no","no","False","essential","essential","False","deepseek/deepseek-v4-flash","1","该步骤给出了民主党与共和党内部排列的具体数值，是计算总数不可或缺的乘法因子。"
"prm-951e8e518dae1077","391","1","late","no","no","False","essential","essential","False","deepseek/deepseek-v4-flash","1","该步骤完成了分数的加法运算，是得出最终答案的关键计算步骤。"
"prm-ef29966d7a6bd3e2","392","0","early","yes","yes","False","redundant","redundant","False","deepseek/deepseek-v4-flash","0.98","该步骤仅说明选择使用长除法，并未提供任何数学计算或必要信息，删除后推理依然完整。"
"prm-7f470224e279c9a5","393","-1","early","yes","yes","False","harmful","harmful","False","deepseek/deepseek-v4-flash","1","该步骤引入了一个错误的代数变形，将4y^2和4z^4错误地改写为含有(xyz)^{2/3}的项，导致后续所有推导偏离正确方向，最终得到错误的最小值12。"
"prm-27e89528dea4c565","394","0","early","yes","yes","False","redundant","redundant","False","deepseek/deepseek-v4-pro","1","该步骤只是提出了一种通用的试除策略，没有进行具体计算或提供新信息，移除后推理依然完整。"
"prm-f254e3a090dbe70a","395","1","late","no","yes","True","essential","redundant","True","deepseek/deepseek-v4-flash","0.98","该步骤只是重复了题目中已知的项数n=2003，没有提供新的数学信息或推导，移除后推理依然完整。"
"prm-64b92977ff492b9b","396","-1","late","no","no","False","essential","essential","False","deepseek/deepseek-v4-pro","0.98","该步骤是求解a的关键计算，代入b=2后得到a的具体数值，是后续求a+b的必要前提。"
"prm-5aef13ef62a287fc","397","0","late","yes","yes","False","redundant","harmful","True","deepseek/deepseek-v4-pro","1","该步骤中的表格包含多处错误：n=8时x应为2^3=8，n=12时x应为2^2=4，n=24时x应为2^1=2，这些错误直接导致后续结论错误。"
"prm-fde519a4d71d112d","398","1","late","no","yes","True","essential","redundant","True","deepseek/deepseek-v4-flash","0.95","该步骤只是描述下一步要做什么，没有实际计算或推理，移除后不影响后续推导的连贯性。"
"prm-b09e1aa4bb87ee7c","399","1","late","no","no","False","harmful","essential","True","deepseek/deepseek-v4-pro","1","该步骤建立了圆的半径c与椭圆顶点坐标之间的等式关系，是求解k的关键方程。"
"prm-c9fe17645948c6da","400","0","middle","yes","yes","False","redundant","redundant","False","deepseek/deepseek-v4-pro","1","该步骤仅是一个具体数值的例子，不提供新的数学信息或推理，删除后不影响后续推导。"
"prm-1989a099acb06f53","401","0","late","yes","yes","False","redundant","redundant","False","deepseek/deepseek-v4-flash","1","该步骤只是继续列举 n=12 的情况，与前面 n=3,6,9 的列举模式相同，并未提供新的推理或结论，移除后不影响推理的连贯性。"
"prm-d4926e70a53c8c17","402","1","early","yes","yes","False","redundant","redundant","False","deepseek/deepseek-v4-pro","1","该步骤仅提出有理化分母的通用方向，未进行任何具体计算或提供新信息。"
"prm-707a079b8cebba7e","403","-1","early","yes","yes","False","harmful","harmful","False","deepseek/deepseek-v4-flash","0.95","该步骤错误地认为最大化斜率需要A和B都在顶部，实际上应取A的y最小、B的y最大，因此该步骤是错误的方向，导致后续全错。"
"prm-da9a80d73183841e","404","0","early","yes","yes","False","redundant","redundant","False","deepseek/deepseek-v4-flash","1","该步骤只是用π的例子说明连分数的近似效果，没有推动本题的求解"
"prm-4d125d919f106dbe","405","0","late","no","yes","True","essential","harmful","True","deepseek/deepseek-v4-pro","1","该步骤计算错误：550÷4=137.5，但写成137½时计算过程有误（550÷4=137余2，正确应为137½，但步骤中写为550÷4=137/4+2/4，逻辑混乱且数值错误）。"
"prm-b46df73b9c7f1dd9","406","-1","late","no","yes","True","harmful","harmful","False","deepseek/deepseek-v4-flash","1","该步骤将加速度比计算为4/3，但正确比值应为3/4，属于计算错误。"
"prm-9ceaed5b974155d1","407","-1","middle","yes","yes","False","redundant","harmful","True","deepseek/deepseek-v4-pro","1","该步骤将方程两边除以10，但原方程右边是10，除以10后右边应为1，而左边各项未正确除以10，导致后续系数错误，属于计算错误。"
"prm-b61370dd7f97aa7c","408","1","early","no","yes","True","essential","harmful","True","deepseek/deepseek-v4-pro","0.95","该步骤提出了一个错误的对称性假设，导致后续计数方法错误，最终得到错误答案48，属于有害步骤。"
"prm-158ef0683bb8bf70","409","-1","late","yes","yes","False","harmful","harmful","False","deepseek/deepseek-v4-flash","1","该步骤错误地认为n从-10到10共21个值，但n必须满足0≤n≤10（因为√(120-√x)非负），实际只有11个值，导致最终答案错误。"
"prm-c95d41ec650cb773","410","-1","middle","yes","yes","False","harmful","harmful","False","deepseek/deepseek-v4-flash","0.95","该步骤错误地认为a=7时和为7是完美平方，但7不是完全平方数，且忽略了a=4这一更小可行解，导致最终答案错误。"
"prm-762ceff54735d7f1","411","0","middle","yes","yes","False","redundant","redundant","False","deepseek/deepseek-v4-flash","1","该步骤只是中间计算的一个分解写法，并不提供新的数学思想或必要信息。"
"prm-e9f04531a844d980","412","-1","late","no","yes","True","harmful","harmful","False","deepseek/deepseek-v4-flash","0.98","该步骤给出的基5表示4201_5是错误的，正确结果应为4210_5，因此该步骤直接导致答案错误。"
"prm-9db27c5e8855d8c2","413","-1","late","yes","yes","False","harmful","harmful","False","deepseek/deepseek-v4-flash","1","该步骤给出的不等式关系是错误的，因为左边乘积展开后并不等于右边各项之和，导致后续得出错误的最小值8。"
"prm-08169263b46b6a22","414","1","middle","no","no","False","essential","essential","False","deepseek/deepseek-v4-flash","1","该步骤是长除法中确定商的一位数字的关键计算，缺少它会导致除法过程不完整。"
"prm-5636d3dc1eb6633f","415","-1","middle","no","yes","True","harmful","harmful","False","deepseek/deepseek-v4-pro","1","该步骤错误地认为只需9个1即可满足数字和为9的倍数，忽略了数字和必须为9的倍数且末两位为00的条件，导致后续候选数错误。"
"prm-c502b3dc0f88dfaf","416","-1","early","yes","yes","False","harmful","harmful","False","deepseek/deepseek-v4-flash","0.99","该步骤错误地将AQ当作直角三角形的斜边，而实际上AQ和QB都是直角边，导致后续方程完全错误。"
"prm-8dfa8dc3890bcfef","417","-1","middle","yes","yes","False","harmful","harmful","False","deepseek/deepseek-v4-flash","1","该步骤在化简方程时出现计算错误，将x^2 + (x^2/8)^2 = 4x^2两边乘以8后错误地得到8x^2 + x^4 = 32x^2，正确的化简应为8x^2 + x^4/8 = 32x^2，导致后续求解的边长错误。"
"prm-e340bad68ddf9e2d","418","0","late","yes","yes","False","redundant","redundant","False","deepseek/deepseek-v4-flash","1","该步骤是对已得结果的验证性说明，不提供新的数学信息，移除后不影响推理的连贯性。"
"prm-f8d5e2b8c3ae4947","419","0","late","yes","yes","False","redundant","redundant","False","deepseek/deepseek-v4-flash","0.97","该步骤只是将已经得到的精确值1.25进行四舍五入，但1.25本身已经是两位小数，无需额外操作，移除后不影响答案。"
"prm-32cacde29c588ce5","420","1","late","no","yes","True","essential","redundant","True","deepseek/deepseek-v4-flash","0.99","该步骤只是输出最终答案，不包含任何推理或计算，移除后不影响推理的连贯性。"
"prm-78bd280e7dee8d22","421","1","middle","yes","no","True","redundant","essential","True","deepseek/deepseek-v4-flash","1","该步骤给出了242的质因数分解结果，是后续提取平方因子和化简根式的直接依据，缺少它则无法进行化简。"
"prm-84b3c6777c806334","422","-1","middle","no","no","False","harmful","essential","True","deepseek/deepseek-v4-flash","0.95","该步骤是必要的计算步骤，给出了求和结果，是后续求平均的基础。"
"prm-0219e874907d9144","423","0","late","no","yes","True","essential","redundant","True","deepseek/deepseek-v4-pro","1","该步骤只是继续枚举k值，并未得到有效整数解，移除后不影响后续找到正确解的过程。"
"prm-090c92a536a6f7cf","424","0","early","yes","yes","False","redundant","redundant","False","deepseek/deepseek-v4-pro","1","该步骤只是对欧几里得算法的一般性描述，没有进行具体计算，删除后不影响后续步骤的连贯性。"
"prm-2ec389700747f531","425","0","late","yes","yes","False","redundant","redundant","False","deepseek/deepseek-v4-pro","1","该步骤是对已得结果（第10项为129）的后续验证性说明，并非推导出该结果所必需的计算或推理，移除后不影响解题逻辑。"
"prm-c95bf35f36e49166","426","0","late","yes","yes","False","redundant","redundant","False","deepseek/deepseek-v4-flash","1","该步骤是解题完成后的总结性陈述，不包含新的数学推理或必要信息。"
"prm-dba05e0cd479b592","427","-1","middle","no","yes","True","harmful","harmful","False","deepseek/deepseek-v4-flash","0.95","该步骤错误地将问题简化为只考虑f(1)的约束，忽略了区间内部点的约束，导致后续推理完全偏离正确方向。"
"prm-de925ec448909016","428","1","middle","no","no","False","essential","essential","False","deepseek/deepseek-v4-flash","1","该步骤给出了11年级男女校车乘客比例的具体数值，是后续比较的关键计算"
"prm-4f0a1eb97f47668a","429","1","late","yes","yes","False","redundant","redundant","False","deepseek/deepseek-v4-flash","1","该步骤只是重复了前面已得出的结论，没有提供新的数学信息或计算，删除后不影响推理连贯性。"
"prm-c724e22efcbb6540","430","-1","early","yes","yes","False","harmful","harmful","False","deepseek/deepseek-v4-flash","1","该步骤假设p(x)可写为x/((x-1)(x+1))乘以一个低次多项式，这一分解没有依据且导致后续推导完全错误。"
"prm-c1d4d174440821f2","431","0","late","no","no","False","essential","essential","False","deepseek/deepseek-v4-pro","1","该步骤是求解目标表达式AF^2+BF^2+CF^2的直接操作，缺少它就无法得到最终结果。"
"prm-43a5c71b96bc6a02","432","-1","middle","yes","yes","False","harmful","redundant","True","deepseek/deepseek-v4-flash","0.9","该步骤只是对当前状态的描述性总结，没有提供新的数学信息或推导，移除后直接从下一步继续求解不影响连贯性。"
"prm-359b37145eea0ad1","433","1","middle","yes","yes","False","redundant","redundant","False","deepseek/deepseek-v4-pro","1","该步骤认为x=1是可能的取值，但题目要求x^3是10!的正因子，1^3=1确实是因子，但后续枚举不完整，且该步骤本身正确，但移除后不影响后续错误结论。"
"prm-b22345a73912d695","434","1","middle","no","yes","True","essential","redundant","True","deepseek/deepseek-v4-flash","0.9","该步骤只是排除了k=0的情况，没有提供新的数学信息或计算，移除后推理依然连贯。"
"prm-70a2e3a4f8362a3d","435","1","middle","no","no","False","harmful","essential","True","deepseek/deepseek-v4-pro","1","该步骤明确了需要计算的概率，是后续建立递推关系的关键。"
"prm-a7ee94dec2e0a9cc","436","-1","late","yes","yes","False","harmful","harmful","False","deepseek/deepseek-v4-flash","0.97","该步骤使用了计算器近似值，导致最终答案不精确，而题目要求精确值，因此该步骤有害。"
"prm-62cd37cf091fe105","437","1","early","yes","no","True","redundant","essential","True","deepseek/deepseek-v4-flash","1","该步骤建立了末尾零与因子10、2、5之间的关键联系，是后续所有计数推理的基础。"
"prm-27d0dda20005b851","438","-1","late","yes","no","True","harmful","essential","True","deepseek/deepseek-v4-flash","1","该步骤明确指出了25的倍数贡献两个因子5，是正确计算总因子5个数的必要推理。"
"prm-d7cd2fc406477b13","439","0","middle","no","yes","True","essential","redundant","True","deepseek/deepseek-v4-pro","1","该步骤只是重复了前面已经进行的尝试模式，没有提供新的数学信息或推动推理。"
"prm-b5f8d24593f1e708","440","0","late","yes","yes","False","redundant","redundant","False","deepseek/deepseek-v4-flash","0.98","该步骤只是对两种计算方法得到相同结果的总结性评论，不包含新的数学信息或必要推导。"
"prm-d3fcbd13ec57a842","441","1","middle","yes","yes","False","redundant","redundant","False","deepseek/deepseek-v4-pro","1","该步骤提出要化简分数72/8，但并未实际执行计算，只是说明了方向，移除后直接从3^x=9继续推理依然完整。"
"prm-b8e3cc348f791b5a","442","-1","late","yes","yes","False","harmful","harmful","False","deepseek/deepseek-v4-flash","1","该步骤计算错误，9除以2的小数部分应为0.5而非0.45，导致最终答案错误。"
"prm-5c51e282ba7208e7","443","0","middle","no","no","False","harmful","harmful","False","deepseek/deepseek-v4-pro","0.99","该步骤描述的代数操作（两边同时加3x/2并减x）在数学上不成立，会导致后续推导错误，是解题过程中的关键错误步骤。"
"prm-f65a99197bf57f66","444","-1","middle","no","yes","True","harmful","harmful","False","deepseek/deepseek-v4-flash","0.97","该步骤错误地认为多项式只有三个根，忽略了题目中给出的六个条件，导致后续所有推导偏离正确方向。"
"prm-1e1ebbda6644be84","445","1","late","yes","no","True","redundant","essential","True","deepseek/deepseek-v4-flash","1","该步骤是最终答案，移除后整个推理过程缺少结论，不完整。"
"prm-8d743a4306b744df","446","0","late","yes","no","True","redundant","essential","True","deepseek/deepseek-v4-flash","0.9","该步骤是试错过程中的一个具体计算，虽然最终方向错误，但在此推理路径中是必要的中间步骤。"
"prm-939dcfcb80f17717","447","1","late","yes","yes","False","redundant","redundant","False","deepseek/deepseek-v4-flash","1","该步骤只说明要用公差求x，没有提供新的数学信息或计算，移除后推理依然连贯。"
"prm-eadb47af80561526","448","-1","late","no","yes","True","harmful","harmful","False","deepseek/deepseek-v4-flash","1","该步骤的代数操作（乘以5再相减）是错误的，导致后续计算偏离正确方向，属于有害步骤。"
"prm-d7fbf32a29279602","449","-1","middle","no","yes","True","harmful","harmful","False","deepseek/deepseek-v4-flash","1","该步骤在化简方程时系数计算错误，正确的化简结果应为 a^2+b^2+c^2=36，而该步骤给出的错误方程导致后续所有关于椭球体的分析偏离正确方向。"
"prm-60c1493204964b2e","450","0","early","yes","yes","False","redundant","redundant","False","deepseek/deepseek-v4-flash","1","该步骤是对题目的主观评价，不提供任何数学信息或推导步骤。"
"prm-6b1c6a29b6d1c9f7","451","0","early","no","yes","True","harmful","harmful","False","deepseek/deepseek-v4-pro","0.9","该步骤错误地描述了兑换过程（不是简单舍入到美元），导致后续计算与正确方法不符，但移除后不影响正确推理的建立。"
"prm-378914f040c48223","452","0","late","yes","yes","False","redundant","redundant","False","deepseek/deepseek-v4-pro","1","该步骤只说了要做什么，没有实际执行任何计算或推导"
"prm-9c5520ebe88a1852","453","0","early","yes","yes","False","redundant","redundant","False","deepseek/deepseek-v4-flash","1","该步骤只是泛泛描述二项式乘法的规则，没有进行具体计算或推导，删除后直接从展开式开始推理依然完整。"
"prm-1d89b199249c7358","454","-1","late","no","yes","True","harmful","harmful","False","deepseek/deepseek-v4-flash","1","该步骤错误地认为q(8)=q(7)，并代入数值得到0，这一推理不成立，导致最终答案错误。"
"prm-0d673acec3561559","455","-1","middle","no","yes","True","harmful","harmful","False","deepseek/deepseek-v4-flash","1","该步骤将比例关系写反了，正确的比例应为650/x = 520/y，但这里推导出的y=(650/520)x是错误的，导致后续计算偏离正确方向。"
"prm-82a7dbd4bea9c49f","456","-1","late","no","no","False","harmful","essential","True","deepseek/deepseek-v4-flash","0.95","该步骤是长除法中的关键计算步骤，给出了商的下一位数字，是得到最终小数表示的必要环节。"
"prm-677329b0cf4a5ef0","457","-1","late","no","yes","True","harmful","harmful","False","deepseek/deepseek-v4-flash","1","该步骤错误地认为三角形ENG与ABC相似且面积比为1:9，实际上ENG与三角形ECB相似且面积比为1:9，而ECB面积为72，故ENG面积为8，该步骤结论错误。"
"prm-6a11cd36a6d48aac","458","0","middle","yes","no","True","harmful","essential","True","deepseek/deepseek-v4-pro","0.95","该步骤给出了通过扩展欧几里得算法得到的一个特解，是后续寻找正解和计算平均值的必要基础。"
"prm-b4b221e907450223","459","0","late","yes","yes","False","redundant","redundant","False","deepseek/deepseek-v4-flash","1","该步骤只是对前一步结果的总结性说明，移除后不影响推理的连贯性。"
"prm-ae250ba55293ea93","460","1","early","no","yes","True","essential","redundant","True","deepseek/deepseek-v4-flash","0.95","该步骤只是提出了使用链式法则的想法，没有进行任何实际计算或推导，移除后不影响推理的连贯性。"
"prm-e8138a79d9f11b5f","461","1","late","yes","no","True","redundant","essential","True","deepseek/deepseek-v4-flash","1","该步骤完成了从平方根到具体数值的关键计算，是得出最终答案60的必要环节。"
"prm-a795bb4c871ed999","462","-1","middle","no","no","False","harmful","harmful","False","deepseek/deepseek-v4-flash","1","该步骤中的除法计算错误（378×7=2646，余数应为315而非287），导致后续所有欧几里得算法步骤偏离正确结果。"
"prm-afb60f3ac0dd9a0b","463","0","middle","no","yes","True","harmful","harmful","False","deepseek/deepseek-v4-pro","1","该步骤错误地认为x的取值受限于每个质因数的最高幂次不超过3，而正确条件是x^3整除10!，即x的每个质因数指数不超过10!中该质因数指数的三分之一，导致后续列举大量错误候选值。"
"prm-ce91b518cab83f12","464","-1","early","no","yes","True","harmful","harmful","False","deepseek/deepseek-v4-flash","0.99","该步骤的因式分解和改写是错误的，导致后续所有不等式推导偏离正确方向，最终得到错误的最小值。"
"prm-c3e6885bc7f884e7","465","1","late","yes","no","True","redundant","essential","True","deepseek/deepseek-v4-flash","1","该步骤给出了水平渐近线的具体数值结论，是前面系数比分析的自然结果，也是最终答案的直接陈述，缺少这一步则推理链条不完整。"
"prm-8d8817bd48cf495e","466","-1","late","no","no","False","harmful","essential","True","deepseek/deepseek-v4-flash","1","该步骤是旋转计算的核心代数运算，直接得出最终结果，缺少它则无法得到答案。"
"prm-e319831ecda4ad73","467","-1","late","no","yes","True","harmful","harmful","False","deepseek/deepseek-v4-flash","0.98","该步骤试图对乘积进行约分，但约分方式错误（26×25×10×9中并无公因子10和5可同时约去），导致最终答案错误。"
"prm-8be5e8ce53ce132a","468","0","late","yes","yes","False","redundant","redundant","False","deepseek/deepseek-v4-flash","0.95","该步骤只是继续枚举k值，没有提供新的数学信息或推导，移除后推理链依然完整。"
"prm-5699f280aa96d018","469","1","early","no","no","False","essential","essential","False","deepseek/deepseek-v4-flash","1","该步骤是通分后得到的关键方程，是后续所有代数运算的基础，缺少它则无法求解C和D。"
"prm-015f040f29e2b298","470","0","early","no","yes","True","essential","redundant","True","deepseek/deepseek-v4-pro","0.9","该步骤提出了一个通用的代数操作方法，但未进行具体计算，移除后直接从下一步开始推理依然完整。"
"prm-a136374e0913b303","471","1","late","yes","yes","False","redundant","redundant","False","deepseek/deepseek-v4-flash","1","该步骤只是描述合并同类项的操作方向，没有实际计算，移除后不影响后续步骤。"
"prm-2e1055ac659ff29f","472","0","middle","yes","yes","False","redundant","harmful","True","deepseek/deepseek-v4-pro","1","该步骤声称选择因式分解，但后续的因式分解过程（将n-1和n+1分别等于-4）是错误的，导致最终答案错误。"
"prm-36e206fe8afae4f8","473","0","late","yes","yes","False","redundant","redundant","False","deepseek/deepseek-v4-flash","1","该步骤只是陈述了同分母分数加减法的通用规则，并未执行具体计算，移除后直接从第10步跳到第12步，推理依然完整。"
"prm-64b8dd81d152bc1a","474","-1","late","no","no","False","harmful","essential","True","deepseek/deepseek-v4-flash","1","该步骤计算了叉积的模长，是求三角形面积的关键计算，缺少它无法得出最终答案。"
"prm-1d5a5cb08ca68e3d","475","-1","middle","no","yes","True","harmful","harmful","False","deepseek/deepseek-v4-flash","0.95","该步骤错误地认为任何偶数N都能使数字被3整除，忽略了N本身必须被3整除的条件，导致结论错误。"
"prm-151724cd1bbe2b32","476","1","middle","no","no","False","essential","essential","False","deepseek/deepseek-v4-flash","1","该步骤完成了90分和100分学生总分的关键乘法计算，是求总分和平均分不可或缺的一步"
"prm-4eb77ebc633f7a2d","477","1","late","yes","yes","False","redundant","redundant","False","deepseek/deepseek-v4-flash","1","该步骤只是简单求和-1+5=4，属于非常基础的算术，且前面已明确a=-1、b=5，删除后不影响推理连贯性。"
"prm-58392d69449f6f68","478","-1","middle","no","yes","True","harmful","harmful","False","deepseek/deepseek-v4-flash","1","该步骤错误地认为只有交换相同颜色的球才能使两袋内容相同，忽略了Bob可能从两个同色球中选一个的情况，导致概率计算错误。"
"prm-e5a3f23bd55fe87a","479","-1","middle","no","yes","True","harmful","harmful","False","deepseek/deepseek-v4-flash","1","该步骤只检查了x=1时y^2=24无整数解，但忽略了不等式≤5，即x^2+y^2≤25，而不仅仅是等于25，导致遗漏了大量整数点，计数严重偏少。"
"prm-67027b02bd4348a7","480","1","middle","no","no","False","essential","essential","False","deepseek/deepseek-v4-pro","0.95","该步骤将a和b表示为质因数幂的乘积形式，是后续利用gcd和lcm条件确定指数的必要前提。"
"prm-901a3aa77c6c4dc2","481","1","middle","no","yes","True","harmful","redundant","True","deepseek/deepseek-v4-pro","0.9","该步骤只提出了一个分组方向，没有进行实际计算或提供必要信息，移除后推理仍可继续。"
"prm-bda20d3dc84e4528","482","0","early","yes","yes","False","redundant","redundant","False","deepseek/deepseek-v4-flash","1","该步骤只是对分数化小数的通用方法作描述性说明，没有提供任何新的数学信息或具体计算，移除后推理依然完整。"
"prm-6f55f9ad3924eda5","483","0","late","yes","yes","False","redundant","redundant","False","deepseek/deepseek-v4-flash","0.9","该步骤只是提出一个方向性的想法，没有进行任何具体计算或推导，移除后不影响后续推理的连贯性。"
"prm-a32a5104eb5cd351","484","-1","late","yes","yes","False","harmful","harmful","False","deepseek/deepseek-v4-flash","1","该步骤计算错误，正确的化简应为两边同时除以-1得到(1/2)^n=1/256，而不是除以-1/2得到1/128，导致最终答案错误。"
"prm-3f6d462098747631","485","-1","middle","yes","yes","False","harmful","harmful","False","deepseek/deepseek-v4-flash","0.95","该步骤绘制的房间展开图与题目描述不符，导致后续所有坐标计算错误，最终答案错误。"
"prm-335e21a88e0969e0","486","0","early","yes","yes","False","redundant","redundant","False","deepseek/deepseek-v4-pro","1","该步骤只是提出了一个解题方向（寻找完全平方因子），没有进行任何具体计算或提供必要信息，移除后不影响推理连贯性。"
"prm-1984cb49b132bdb6","487","0","middle","yes","yes","False","harmful","redundant","True","deepseek/deepseek-v4-pro","0.95","该步骤只是列举了一个不满足条件的数值，没有提供新的数学信息或推导，移除后不影响推理连贯性。"
"prm-6340032015881710","488","0","middle","yes","yes","False","redundant","redundant","False","deepseek/deepseek-v4-flash","1","该步骤只是提出要验证答案，并未进行任何实际计算或提供新的数学信息，移除后推理链依然完整。"
"prm-7ca8bf8fc95e2b20","489","-1","middle","yes","yes","False","harmful","harmful","False","deepseek/deepseek-v4-flash","0.95","该步骤错误地将之前得到的 sinA/2 表达式直接代入 tan^2A 的关系式，忽略了 sinA 与 (a+b-c)(a-b+c)/(bc) 之间的系数关系，导致后续推导完全偏离正确方向。"
"prm-ff4d90cf78aa30d8","490","1","middle","yes","no","True","redundant","essential","True","deepseek/deepseek-v4-flash","1","该步骤明确指出了需要合并的常数项，是后续计算的基础，缺少它会导致推理不完整。"
"prm-b51dfeb3b8305067","491","1","early","no","no","False","essential","essential","False","deepseek/deepseek-v4-flash","1","该步骤给出了叉积的具体简化形式，是后续建立方程组和求解的必要前提。"
"prm-a6f6b01911605940","492","-1","early","no","yes","True","harmful","harmful","False","deepseek/deepseek-v4-flash","0.9","该步骤错误地列出了所有可能的整数根，但忽略了±66，导致后续推理不完整，属于有害步骤。"
"prm-21878507d8f59c4d","493","1","late","yes","no","True","redundant","essential","True","deepseek/deepseek-v4-flash","1","该步骤给出了最终余数的结论，是推理链条中不可或缺的一环。"
"prm-cb3eed5635ac46b4","494","0","early","yes","yes","False","harmful","redundant","True","deepseek/deepseek-v4-pro","1","该步骤只是提出了一个解题方向（隔离平方根），没有进行任何实际计算或提供必要信息，移除后直接从第二步开始推理依然完整。"
"prm-4ed42d1c12397218","495","-1","middle","no","yes","True","harmful","harmful","False","deepseek/deepseek-v4-flash","0.95","该步骤声称序列以8为周期重复，但实际周期为10，因此该结论是错误的，会污染后续推理。"
"prm-80def83e2346512b","496","-1","middle","no","yes","True","harmful","harmful","False","deepseek/deepseek-v4-flash","0.95","该步骤在计算顶点时符号错误，正确的顶点应为 y = -(4x+3)/2，导致后续所有推导偏离正确方向。"
"prm-52cd0d7cc6b4cdfc","497","1","early","no","yes","True","essential","redundant","True","deepseek/deepseek-v4-flash","1","该步骤只是指出最内层根式的形式，没有进行计算或推导，移除后不影响后续推理的连贯性。"
"prm-836cfecb0a834014","498","-1","middle","no","yes","True","harmful","harmful","False","deepseek/deepseek-v4-flash","0.95","该步骤尝试因式分解，但分解结果(x+1)(x-2)=0与正确方程x^2+x-2=0不符，正确分解应为(x+2)(x-1)=0，因此该步骤是错误的，且导致后续得出错误答案。"
"prm-e164a92c13c4f1d6","499","0","early","no","yes","True","essential","redundant","True","deepseek/deepseek-v4-pro","1","该步骤只是提出了一个通用的解题方向（观察无穷远处的行为），没有进行任何具体计算或推导，移除后不影响后续推理的连贯性。"
"prm-fea1ec494dc61cd4","500","1","early","no","no","False","harmful","essential","True","deepseek/deepseek-v4-pro","0.9","该步骤是代数化简的关键中间结果，为后续消去公因子和求解方程提供了必要依据，删除后推理链断裂。"
"prm-f3b8d8282dd5fc21","501","0","early","yes","yes","False","redundant","redundant","False","deepseek/deepseek-v4-pro","1","该步骤只是对题目的主观评价，没有提供任何数学信息或推导方向"
"prm-a50457954dbd885f","502","1","middle","yes","yes","False","redundant","redundant","False","deepseek/deepseek-v4-flash","1","该步骤描述了将方程化为斜截式的操作方向，但并未执行任何具体计算或提供新的数学信息，移除后直接从第9步开始推理依然完整。"
"prm-d7691ac94c48e3a4","503","1","middle","no","no","False","essential","essential","False","deepseek/deepseek-v4-flash","1","该步骤陈述了反射的基本规则，是后续计算所依赖的数学依据，删除后无法进行第二次反射。"
"prm-9eb976f5fba8a1ea","504","-1","early","no","yes","True","harmful","harmful","False","deepseek/deepseek-v4-flash","0.95","该步骤给出的展开尺寸24'×18'是错误的，导致后续所有计算偏离正确路径。"
"prm-15473e963522ff7f","505","1","early","no","no","False","essential","essential","False","deepseek/deepseek-v4-flash","1","该步骤应用了立方和公式，是后续化简和求解方程的关键前提。"
"prm-554fe1d6b58f094f","506","0","late","yes","yes","False","harmful","harmful","False","deepseek/deepseek-v4-pro","1","该步骤声称“每隔一个偶数就能被3整除”，这一观察是错误的，导致后续计数严重偏离正确答案。"
"prm-36b1999ceae59aea","507","1","middle","no","no","False","essential","essential","False","deepseek/deepseek-v4-flash","0.95","该步骤是解方程的关键代数操作，将方程两边乘以3/2，是得到最终答案的必要计算步骤。"
"prm-52ebf116b73ecf1a","508","-1","early","no","yes","True","harmful","harmful","False","deepseek/deepseek-v4-flash","1","该步骤声称底为AC=8但不知道高CD，然而三角形ACD的底应为AD而非AC，且后续推理错误地将CD等同于CB，该步骤本身是错误推理链条的起点。"
"prm-dfdb549c682c7822","509","-1","early","no","yes","True","harmful","harmful","False","deepseek/deepseek-v4-flash","0.95","该步骤将256错误地分解为2^4，应为2^8，导致后续指数计算错误。"
"prm-4376ee5dd1ec051f","510","0","early","yes","yes","False","redundant","redundant","False","deepseek/deepseek-v4-pro","1","该步骤引用了勾股定理，但题目中并未直接给出边长，且后续步骤并未使用该定理进行正确推导，反而直接通过三角恒等式得出答案，因此该步骤是多余的。"
"prm-5b638cc553a8f6cc","511","0","late","no","no","False","essential","essential","False","deepseek/deepseek-v4-pro","1","该步骤是得出最终答案的关键计算，缺少它则无法得到结果。"
"prm-a89889ad37cbc7e2","512","-1","late","no","yes","True","harmful","harmful","False","deepseek/deepseek-v4-flash","1","该步骤错误地认为排列计数包含了重复，而题目明确说明顺序不同视为不同组合，因此该步骤的论断是误导性的，导致后续错误地除以2。"
"prm-a4aa6a22f3134565","513","0","late","yes","yes","False","redundant","redundant","False","deepseek/deepseek-v4-flash","0.95","该步骤只是重复了前面已经多次说明的相同逻辑，没有提供新的数学信息或计算。"
"prm-cd2eef413f1492b7","514","1","middle","no","no","False","essential","essential","False","deepseek/deepseek-v4-flash","1","该步骤给出了通项公式，是求解第2003项的关键，缺少它无法进行后续计算。"
"prm-e57bd8bedd80b00d","515","-1","early","no","yes","True","harmful","harmful","False","deepseek/deepseek-v4-flash","1","该步骤的代数变形错误，导致后续推导完全偏离正确方向。"
"prm-932de7bca0e7c93d","516","0","early","yes","no","True","redundant","essential","True","deepseek/deepseek-v4-flash","0.95","该步骤是对方程进行简单代数变形，是后续求解的必要计算步骤。"
"prm-da7d81c2f0986b42","517","-1","late","no","yes","True","harmful","harmful","False","deepseek/deepseek-v4-flash","1","该步骤在合并同类项时符号处理错误，导致最终结果与正确答案不符。"
"prm-297fe2bd5193998f","518","0","early","yes","yes","False","redundant","redundant","False","deepseek/deepseek-v4-pro","1","该步骤只是对题目形式的观察，没有提供任何数学推导或必要信息，移除后直接从第二步开始推理依然完整。"
"prm-d10dadbf854a3250","519","-1","late","no","yes","True","harmful","harmful","False","deepseek/deepseek-v4-flash","0.95","该步骤错误地将点坐标写为(1/2, √3/2)，对应角度60°，但实际sinθ=1/2的最小角度是30°。该错误直接导致最终答案错误。"
"prm-cea36bdf052fa8d6","520","-1","early","no","yes","True","harmful","harmful","False","deepseek/deepseek-v4-flash","0.95","该步骤错误地认为下一个操作是乘以3，而实际应为加4，导致后续所有项都错误。"
"prm-f7aa110cdcd4de1b","521","-1","middle","no","no","False","harmful","harmful","False","deepseek/deepseek-v4-flash","1","该步骤错误地将体积变化率直接等于导数，忽略了高度变化率，导致后续方程错误，是致命错误。"
"prm-200cc16bd7b20d90","522","1","early","yes","yes","False","redundant","redundant","False","deepseek/deepseek-v4-flash","0.95","该步骤仅是一个举例说明，不提供任何新的数学信息或推导，移除后不影响推理的连贯性和正确性。"
"prm-372a06491c3ab4c3","523","1","late","no","no","False","essential","essential","False","deepseek/deepseek-v4-flash","1","该步骤明确解释了为什么需要将两个组合数相乘，是连接中间结果与最终答案的关键推理环节，缺少它会导致逻辑跳跃。"
"prm-7c8b800f666a8d2b","524","0","late","yes","yes","False","redundant","redundant","False","deepseek/deepseek-v4-flash","0.9","该步骤只是描述了接下来要进行的运算顺序，没有提供新的数学信息或计算结果，删除后不影响推理连贯性。"
"prm-ad9e7fa994103189","525","0","middle","yes","yes","False","redundant","redundant","False","deepseek/deepseek-v4-flash","1","该步骤只是展开平方公式，没有实际计算数值，移除后不影响后续推理"
"prm-39b8f0d9babefef6","526","0","early","yes","yes","False","redundant","redundant","False","deepseek/deepseek-v4-flash","1","该步骤只是对前一步的重复性说明，没有提供新的数学信息或推导，移除后不影响推理的连贯性。"
"prm-a8f0f0d569ae9708","527","-1","late","no","yes","True","harmful","harmful","False","deepseek/deepseek-v4-pro","1","该步骤计算了k=29时n=104，但正确答案是103，因此该步骤包含计算错误，导致最终答案错误。"
"prm-17fa230838c04542","528","-1","early","yes","yes","False","redundant","harmful","True","deepseek/deepseek-v4-pro","0.95","该步骤错误地将分子描述为线性项，而实际分子是二次的，导致后续对多项式次数的判断完全错误。"
"prm-79304f2f93ee36e7","529","-1","late","no","no","False","essential","essential","False","deepseek/deepseek-v4-pro","1","该步骤计算了角度乘积，是后续利用余弦周期性化简的必要中间结果。"
"prm-f209abf6bbcf46bb","530","-1","late","no","no","False","harmful","essential","True","deepseek/deepseek-v4-flash","1","该步骤是微分方程推导的关键环节，将体积变化率与高度变化率联系起来，缺少它则无法建立求解半径的方程。"
"prm-5f58d3f9cdbdd4cd","531","1","middle","yes","no","True","redundant","essential","True","deepseek/deepseek-v4-flash","0.95","该步骤是通分操作的必要组成部分，它具体说明了如何将Jack的分数转换为分母15，是后续加法运算的前提。"
"prm-23e70faea1873d2b","532","-1","late","no","yes","True","harmful","redundant","True","deepseek/deepseek-v4-flash","1","该步骤只给出了最终答案，没有提供任何计算或推理过程，移除后不影响推理连贯性。"
"prm-1aa633a0cb723ff0","533","0","early","yes","yes","False","redundant","redundant","False","deepseek/deepseek-v4-flash","0.95","该步骤只是预告后续需要验根，没有提供任何数学信息或计算，移除后推理依然完整。"
"prm-d8dd25afa49d220a","534","1","early","yes","yes","False","redundant","redundant","False","deepseek/deepseek-v4-flash","1","该步骤描述了交叉相乘的方法，但未执行具体计算，移除后直接从比例式跳到下一步计算仍保持连贯。"
"prm-b8a1339e40d14487","535","0","middle","no","yes","True","harmful","harmful","False","deepseek/deepseek-v4-pro","1","该步骤基于错误的数字（202020）进行判断，导致后续推理偏离正确方向，最终答案错误。"
"prm-bdb3ede8ec7d1902","536","0","middle","yes","yes","False","redundant","redundant","False","deepseek/deepseek-v4-pro","1","该步骤只是给一个虚构人物命名，没有提供任何数学信息或推理，移除后完全不影响后续计算。"
"prm-ac1b5da6715754b0","537","-1","early","no","yes","True","harmful","harmful","False","deepseek/deepseek-v4-pro","0.95","该步骤声称方程关于 x 和 13x-1 对称，但原方程 x^{10}+(13x-1)^{10}=0 并不具有这种对称性，这是一个错误的观察，导致后续所有推导偏离正确方向。"
"prm-f15246b50fdc7a05","538","-1","early","no","yes","True","harmful","harmful","False","deepseek/deepseek-v4-flash","1","该步骤错误地判断了多项式在无穷远处的符号，导致后续所有推理偏离正确方向。"
"prm-f3ade9b68838159b","539","1","early","no","yes","True","harmful","harmful","False","deepseek/deepseek-v4-pro","1","该步骤错误地假设了最大回文数212，但未检查其是否为3的倍数，导致后续所有尝试均无效。"
"prm-ea9c90dcf0197292","540","0","middle","yes","yes","False","redundant","redundant","False","deepseek/deepseek-v4-flash","0.9","该步骤只是陈述了一个事实（不知道cos A），没有提供新的数学信息或推导，移除后不影响推理连贯性。"
"prm-81d72916fff41df2","541","0","early","yes","yes","False","redundant","harmful","True","deepseek/deepseek-v4-flash","1","该步骤错误地认为8的立方根是8，导致后续所有计算基于错误前提。"
"prm-30611e95e1fdab2f","542","1","early","yes","yes","False","redundant","redundant","False","deepseek/deepseek-v4-flash","1","该步骤只是泛泛地回忆双曲线性质，没有针对本题进行任何具体计算或推导，移除后直接从第七步开始推理依然完整。"
"prm-5b41ee9b9b0d17ba","543","0","early","no","yes","True","essential","redundant","True","deepseek/deepseek-v4-pro","0.95","该步骤提出了一个方向（部分分式分解），但并未执行任何具体计算或得出有效结论，移除后不影响推理连贯性。"
"prm-8b98fbc7066216ce","544","-1","early","no","yes","True","essential","redundant","True","deepseek/deepseek-v4-pro","0.9","该步骤只是提出了一个可能的解题方向（因式分解），没有进行任何具体计算或提供必要信息。"
"prm-933bbb6ef939eb1f","545","-1","early","no","no","False","harmful","harmful","False","deepseek/deepseek-v4-flash","1","该步骤声称三角形相似，但实际图形中并不满足AA相似条件，导致后续所有比例关系错误。"
"prm-0b28d0082685012b","546","0","early","yes","yes","False","redundant","redundant","False","deepseek/deepseek-v4-flash","0.95","该步骤只是对问题难度的主观评价，没有提供任何数学推导或必要信息，移除后不影响后续推理。"
"prm-9cdea0642dfb0680","547","0","middle","no","yes","True","harmful","redundant","True","deepseek/deepseek-v4-pro","1","该步骤只是举了一个具体的数值例子来说明“乘积与和的差”这一概念，但并未对当前问题做出任何有效推理或计算，移除后不影响后续错误方向的发展。"
"prm-a1de62b9ef1cf246","548","0","early","no","no","False","essential","essential","False","deepseek/deepseek-v4-pro","0.9","该步骤正确指出了问题的核心是求两个齿轮完成整数圈的时间，为后续计算提供了正确的方向，是必要的前提。"
"prm-925200af07947f5c","549","0","middle","yes","no","True","redundant","essential","True","deepseek/deepseek-v4-pro","1","该步骤讨论了非整数和零的情况，是后续分析函数值域的关键前提"
"prm-bbc52970464fbf13","550","0","middle","no","no","False","essential","essential","False","deepseek/deepseek-v4-pro","1","该步骤是必要的代数展开计算，为后续合并同类项提供了直接依据，缺少它会导致推理链条断裂。"
"prm-0ff002313a594db0","551","0","early","yes","yes","False","redundant","redundant","False","deepseek/deepseek-v4-flash","1","该步骤只是描述了替换操作的一般过程，没有进行任何具体计算或提供新信息，删除后不影响推理。"
"prm-cfef1e0669eb8eee","552","1","early","no","no","False","essential","essential","False","deepseek/deepseek-v4-flash","0.95","该步骤是连续除法过程中的关键一步，提供了必要的中间商和余数，缺少它则后续数字无法正确推导。"
"prm-809326ad29e9fe7f","553","0","middle","no","yes","True","harmful","harmful","False","deepseek/deepseek-v4-pro","1","该步骤错误地认为分母为负时分数为正，导致后续得出错误结论。"
"prm-542b09ca81c2a59d","554","1","middle","no","yes","True","harmful","redundant","True","deepseek/deepseek-v4-pro","1","该步骤只提出了一个方向性的想法（避免大因子），没有进行任何具体计算或得出新结论，移除后推理依然连贯。"
"prm-f20b3a116ae0c86a","555","0","late","no","no","False","essential","essential","False","deepseek/deepseek-v4-pro","0.95","该步骤是代入数值进行乘法运算的关键计算步骤，是得到最终答案的必要环节。"
"prm-ce7da7c55243f250","556","-1","early","no","yes","True","harmful","harmful","False","deepseek/deepseek-v4-flash","1","该步骤声称若r是根则(1-r)/13也是根，但代入验证时符号错误，正确的对称性应为(1-13r)/13，该错误导致后续所有推导偏离正确方向。"
"prm-a8a8bda6701d4be2","557","0","middle","no","yes","True","harmful","harmful","False","deepseek/deepseek-v4-pro","0.95","该步骤基于错误的单调性判断，认为最小值在x趋近0时取得，导致最终答案错误。"
"prm-b1821859ea0c9d57","558","1","middle","yes","yes","False","redundant","redundant","False","deepseek/deepseek-v4-flash","1","该步骤只是说明需要简化右侧表达式，没有进行实际计算，移除后不影响后续步骤的连贯性。"
"prm-7e6bdad2d7a80ef9","559","-1","middle","no","yes","True","harmful","harmful","False","deepseek/deepseek-v4-flash","1","该步骤错误地假设QM是角平分线，导致后续相似三角形和方程推导完全错误，最终得出错误答案。"
"prm-d2f74008879c56dd","560","0","middle","yes","no","True","redundant","essential","True","deepseek/deepseek-v4-flash","1","该步骤指出需要检验增根，这是解平方根方程的必要验证环节，为后续代入检验提供了逻辑依据。"
"prm-1f8e288adb17d18c","561","-1","middle","no","yes","True","harmful","harmful","False","deepseek/deepseek-v4-flash","0.95","该步骤错误地声称绝对值表达式在 x^2-81=0 时无定义，实际上绝对值对任何实数都有定义，只是分子为零时整个分式值为零，不满足严格小于零的条件，因此应排除 x=±9 而非认为无定义。"
"prm-cc448d173bf0a3b0","562","1","early","yes","yes","False","redundant","redundant","False","deepseek/deepseek-v4-flash","1","该步骤只是重复了已知条件（根号内不能为负），没有提供新的数学信息或计算。"
"prm-f928a55daeb136c0","563","1","early","no","yes","True","harmful","harmful","False","deepseek/deepseek-v4-pro","1","该步骤提出的策略（使偏导为零）在本题中不适用，且后续计算错误，导致最终答案错误。"
"prm-4e153a707e488ac9","564","0","middle","no","yes","True","harmful","harmful","False","deepseek/deepseek-v4-pro","0.95","该步骤提出了一个错误的方向（认为最大值在区间端点），导致后续得出错误结论，属于有害步骤。"
"prm-0914b22e28651211","565","0","early","yes","yes","False","redundant","redundant","False","deepseek/deepseek-v4-pro","1","该步骤只是复述了题目要求，没有提供新的数学信息或推导。"
"prm-a33bd2bed39c0904","566","1","early","yes","yes","False","redundant","redundant","False","deepseek/deepseek-v4-flash","1","该步骤只是对27进行因数分解的观察，没有进行任何实际计算或提供必要信息，移除后直接从第四步开始推理依然完整。"
"prm-9689f5a49ddfdb3e","567","0","late","no","no","False","essential","essential","False","deepseek/deepseek-v4-pro","0.95","该步骤是必要的中间计算，将组合数展开为具体数值，为后续求和提供了直接依据。"
"prm-95090e247bc58e1e","568","-1","middle","yes","yes","False","harmful","harmful","False","deepseek/deepseek-v4-pro","0.95","该步骤的计算结果与题目条件矛盾，但模型却据此错误地否定了之前正确的推导，导致后续走向错误。"
"prm-d96f1fc3f096f50e","569","0","early","no","yes","True","essential","redundant","True","deepseek/deepseek-v4-pro","1","该步骤只是复述等差数列的定义，没有提供新的数学信息或推导，移除后直接从第二步开始依然完整。"
"prm-ee33bfc442fd8af0","570","1","late","yes","no","True","redundant","essential","True","deepseek/deepseek-v4-flash","0.95","该步骤是分组转换过程中的一个中间结果，是后续得出完整八进制数所必需的计算环节。"
"prm-7b57deaaa0d16f28","571","-1","early","no","yes","True","harmful","harmful","False","deepseek/deepseek-v4-flash","1","该步骤基于错误的数学推理（认为2△=5◇意味着△和◇必须是10的因子），得出了错误的可能取值列表，直接导致后续所有推导偏离正确方向。"
"prm-cb4a5cbf9bb5b458","572","1","early","no","no","False","essential","essential","False","deepseek/deepseek-v4-flash","0.9","该步骤指出当前方程数不足，需要更多信息，这是引导后续建立新方程的必要过渡，删除后推理不完整。"
"prm-4657ae2feebcdcab","573","-1","middle","no","yes","True","harmful","harmful","False","deepseek/deepseek-v4-flash","1","该步骤错误地假设n的最小值为2，忽略了n=3等更优情况，导致后续答案错误"
"prm-7fa27f0af15756ce","574","1","middle","no","no","False","essential","essential","False","deepseek/deepseek-v4-flash","1","该步骤列出了奇数集合，是后续求交集和计数的必要前提，缺少它则无法进行交集运算。"
"prm-b51944c22596b644","575","1","late","no","no","False","essential","essential","False","deepseek/deepseek-v4-flash","1","该步骤完成了关键的计算代入，将表达式简化为√(2^16)，是后续化简的必要前提。"
"prm-b10138ab1454a3dc","576","1","middle","yes","yes","False","redundant","redundant","False","deepseek/deepseek-v4-flash","0.95","该步骤只是对已求出的解进行解释性说明，没有提供新的数学信息或必要推理。"
"prm-7df4ff373ff4bd62","577","1","middle","no","yes","True","essential","redundant","True","deepseek/deepseek-v4-flash","0.9","该步骤只是重复了转换方法，没有提供新的计算或信息，移除后直接从具体除法开始推理依然完整。"
"prm-abe53d5b468a1ebc","578","-1","late","no","yes","True","harmful","harmful","False","deepseek/deepseek-v4-flash","1","该步骤直接给出了一个数值答案，但题目要求回答的是人名（谁赚得最多），因此该步骤不仅没有回答问题，还给出了错误形式的答案，对解题构成误导。"
"prm-c796e9f10b13c8d1","579","0","middle","no","no","False","essential","essential","False","deepseek/deepseek-v4-pro","0.95","该步骤将原问题转化为一个等价的组合模型（球与盒子），为后续使用公式提供了正确的数学框架，是推导的关键。"
"prm-102acf97bfdd07f4","580","0","late","yes","yes","False","redundant","redundant","False","deepseek/deepseek-v4-flash","1","该步骤是重复前文已得出的结论，没有提供新的数学信息，移除后推理依然完整。"
"prm-6fae419daf3fea6a","581","1","late","yes","no","True","redundant","essential","True","deepseek/deepseek-v4-flash","0.95","该步骤是最终答案，但题目要求的是排列数，该步骤正确给出了答案6，是必要的结论。"
"prm-04b463c60fdb3f38","582","0","late","yes","yes","False","redundant","harmful","True","deepseek/deepseek-v4-pro","1","该步骤将64分解为16×4，但平方根的正确分解应为√64=√(16×4)=√16×√4，此处表述为“平方根是平方根16乘以平方根4”，虽然结果正确但分解方式不准确，且该步骤并非必要，因为可以直接得出√64=8。"
"prm-cb956bad5ee66d16","583","1","middle","no","no","False","essential","essential","False","deepseek/deepseek-v4-flash","1","该步骤是计算Martha行走距离的关键简化步骤，缺少它则无法得到后续比较所需的数值。"
"prm-a3120089f800f1e1","584","-1","middle","no","yes","True","harmful","harmful","False","deepseek/deepseek-v4-flash","1","该步骤给出的除法等式计算错误，导致后续得到错误的余数5，从而得出错误答案。"
"prm-0b2c173096bce7b5","585","1","early","no","yes","True","essential","redundant","True","deepseek/deepseek-v4-flash","0.95","该步骤只是对问题类型的描述性说明，没有提供任何具体的数学推导或计算，移除后不影响推理的连贯性。"
"prm-ea5630c2b42fdb9a","586","0","early","yes","yes","False","redundant","redundant","False","deepseek/deepseek-v4-flash","1","该步骤只是提出了一个方向性描述，没有进行具体计算或提供必要信息。"
"prm-a081faca165fd59b","587","-1","early","no","yes","True","harmful","harmful","False","deepseek/deepseek-v4-flash","1","该步骤尝试提取公因式2x，但多项式并非可分解为2x乘以二次式，导致后续推导完全错误。"
"prm-dd448bdba8557edf","588","-1","middle","yes","yes","False","harmful","harmful","False","deepseek/deepseek-v4-flash","0.95","该步骤的推理错误，3和5的乘积是15，是5的倍数，因此该步骤的结论错误，属于有害步骤。"
"prm-fa7b948140b07d8f","589","-1","early","no","yes","True","harmful","harmful","False","deepseek/deepseek-v4-flash","1","该步骤的因式分解结果错误，导致后续所有推导偏离正确方向。"
"prm-8eab1f56bd806ddc","590","1","late","yes","no","True","redundant","essential","True","deepseek/deepseek-v4-flash","1","该步骤是化简过程中的关键一步，将分子中的1 - sin^2 x替换为cos^2 x，是后续约分和得到最终答案的必要计算。"
"prm-68f28d955828cf44","591","-1","middle","no","yes","True","harmful","harmful","False","deepseek/deepseek-v4-flash","0.95","该步骤中x的系数表达式错误，应为3A - 8B，而非-B + 3A，导致后续检验全部基于错误方程，最终答案错误。"
"prm-9719f2f944491556","592","-1","early","no","yes","True","harmful","harmful","False","deepseek/deepseek-v4-flash","0.95","该步骤声称可以利用对称性只算第一象限再乘以4，但忽略了坐标轴上的点会被重复计算，导致计数错误。"
"prm-198f47bbf6394d9d","593","1","middle","no","no","False","harmful","harmful","False","deepseek/deepseek-v4-pro","1","该步骤错误地认为两袋内容相同必须交换同色球，忽略了Bob可能从自己袋中取出原本就有的同色球的情况，导致概率计算错误。"
"prm-dbc1373a79928aa0","594","1","late","yes","no","True","redundant","essential","True","deepseek/deepseek-v4-flash","0.95","该步骤是化简根式的关键一步，将√117分解为√9×√13，是得出最终答案3√13的必要计算。"
"prm-df2ec95ccf5f161f","595","0","middle","no","yes","True","harmful","harmful","False","deepseek/deepseek-v4-pro","1","该步骤是对方程两边乘以x后的错误化简结果，正确的化简应为3x+1=7，但这里写成了3x+1=7（实际应为3x+1=7，但后续计算基于此错误等式，导致最终答案错误）。"
"prm-a625e035a295d2bd","596","0","early","no","no","False","essential","essential","False","deepseek/deepseek-v4-pro","0.9","该步骤正确设定了变量并明确了目标条件，是建立方程和后续求解的基础，删除后整个推理无法展开。"
"prm-ddb44dca9b82bb3d","597","1","early","no","yes","True","essential","redundant","True","deepseek/deepseek-v4-flash","1","该步骤只提出了使用勾股定理的方向，没有进行任何实际计算"
"prm-f1c09b6fd89155cf","598","-1","late","no","yes","True","harmful","harmful","False","deepseek/deepseek-v4-flash","1","该步骤的计算结果错误，导致最终答案错误，对解题产生误导。"
"prm-7b6647a191e51a48","599","0","early","yes","yes","False","redundant","redundant","False","deepseek/deepseek-v4-flash","1","该步骤仅举了一个反例说明a=5不满足条件，并未提供求解最小a的有效方法或必要信息，删除后不影响后续推理。"
"prm-feab03f43e4af912","600","0","late","yes","yes","False","redundant","redundant","False","deepseek/deepseek-v4-flash","0.95","该步骤只是继续尝试k值，没有得出有效结果，移除后不影响推理的连贯性。"
