step_id,problem_id,run_id,pair_id,fold,prm_rating,step_type_analysis,position_bin,target_tokens,prefix_tokens,control_correct_frequency,control_correct,target_correct,danger_outcome,benefit_outcome
prm-c1da18d5eb32eafe,problem-ced521d94764b4a3,1,prm-c1da18d5eb32eafe|run1,1,1,essential,early,75,624,0/4,0,0,0,0
prm-c1da18d5eb32eafe,problem-ced521d94764b4a3,2,prm-c1da18d5eb32eafe|run2,1,1,essential,early,75,624,0/4,0,0,0,0
prm-c1da18d5eb32eafe,problem-ced521d94764b4a3,3,prm-c1da18d5eb32eafe|run3,1,1,essential,early,75,624,0/4,0,0,0,0
prm-c1da18d5eb32eafe,problem-ced521d94764b4a3,4,prm-c1da18d5eb32eafe|run4,1,1,essential,early,75,624,0/4,0,0,0,0
prm-23439bf6a10e0389,problem-32c3cda4fa5ff5d1,1,prm-23439bf6a10e0389|run1,2,1,redundant,middle,29,795,4/4,1,1,0,0
prm-23439bf6a10e0389,problem-32c3cda4fa5ff5d1,2,prm-23439bf6a10e0389|run2,2,1,redundant,middle,29,795,4/4,1,1,0,0
prm-23439bf6a10e0389,problem-32c3cda4fa5ff5d1,3,prm-23439bf6a10e0389|run3,2,1,redundant,middle,29,795,4/4,1,1,0,0
prm-23439bf6a10e0389,problem-32c3cda4fa5ff5d1,4,prm-23439bf6a10e0389|run4,2,1,redundant,middle,29,795,4/4,1,1,0,0
prm-9a6f73708a6d6a9f,problem-21b63c00bc0a7ef6,1,prm-9a6f73708a6d6a9f|run1,1,1,essential,early,91,384,4/4,1,0,1,0
prm-9a6f73708a6d6a9f,problem-21b63c00bc0a7ef6,2,prm-9a6f73708a6d6a9f|run2,1,1,essential,early,91,384,4/4,1,0,1,0
prm-9a6f73708a6d6a9f,problem-21b63c00bc0a7ef6,3,prm-9a6f73708a6d6a9f|run3,1,1,essential,early,91,384,4/4,1,0,1,0
prm-9a6f73708a6d6a9f,problem-21b63c00bc0a7ef6,4,prm-9a6f73708a6d6a9f|run4,1,1,essential,early,91,384,4/4,1,0,1,0
prm-7c4b728ac8b7ff8c,problem-3d1f09ed5cfd53dc,1,prm-7c4b728ac8b7ff8c|run1,0,0,redundant,early,25,422,4/4,1,1,0,0
prm-7c4b728ac8b7ff8c,problem-3d1f09ed5cfd53dc,2,prm-7c4b728ac8b7ff8c|run2,0,0,redundant,early,25,422,4/4,1,1,0,0
prm-7c4b728ac8b7ff8c,problem-3d1f09ed5cfd53dc,3,prm-7c4b728ac8b7ff8c|run3,0,0,redundant,early,25,422,4/4,1,1,0,0
prm-7c4b728ac8b7ff8c,problem-3d1f09ed5cfd53dc,4,prm-7c4b728ac8b7ff8c|run4,0,0,redundant,early,25,422,4/4,1,1,0,0
prm-b4172ae8c86b6f76,problem-d3610a7a74514575,1,prm-b4172ae8c86b6f76|run1,3,0,redundant,early,36,659,1/4,0,1,0,1
prm-b4172ae8c86b6f76,problem-d3610a7a74514575,2,prm-b4172ae8c86b6f76|run2,3,0,redundant,early,36,659,1/4,1,1,0,0
prm-b4172ae8c86b6f76,problem-d3610a7a74514575,3,prm-b4172ae8c86b6f76|run3,3,0,redundant,early,36,659,1/4,0,1,0,1
prm-b4172ae8c86b6f76,problem-d3610a7a74514575,4,prm-b4172ae8c86b6f76|run4,3,0,redundant,early,36,659,1/4,0,1,0,1
prm-a9976436ac395dce,problem-32b099c0f5aec3b1,1,prm-a9976436ac395dce|run1,1,0,essential,middle,38,664,0/4,0,0,0,0
prm-a9976436ac395dce,problem-32b099c0f5aec3b1,2,prm-a9976436ac395dce|run2,1,0,essential,middle,38,664,0/4,0,0,0,0
prm-a9976436ac395dce,problem-32b099c0f5aec3b1,3,prm-a9976436ac395dce|run3,1,0,essential,middle,38,664,0/4,0,0,0,0
prm-a9976436ac395dce,problem-32b099c0f5aec3b1,4,prm-a9976436ac395dce|run4,1,0,essential,middle,38,664,0/4,0,0,0,0
prm-57f3dc0fcc359327,problem-6bb3caecbae2a0c3,1,prm-57f3dc0fcc359327|run1,3,-1,essential,early,54,354,1/4,0,0,0,0
prm-57f3dc0fcc359327,problem-6bb3caecbae2a0c3,2,prm-57f3dc0fcc359327|run2,3,-1,essential,early,54,354,1/4,0,1,0,1
prm-57f3dc0fcc359327,problem-6bb3caecbae2a0c3,3,prm-57f3dc0fcc359327|run3,3,-1,essential,early,54,354,1/4,0,0,0,0
prm-57f3dc0fcc359327,problem-6bb3caecbae2a0c3,4,prm-57f3dc0fcc359327|run4,3,-1,essential,early,54,354,1/4,1,0,1,0
prm-3e4ac009eae25363,problem-71eae2be9ad19da7,1,prm-3e4ac009eae25363|run1,3,-1,harmful,late,58,619,0/4,0,1,0,1
prm-3e4ac009eae25363,problem-71eae2be9ad19da7,2,prm-3e4ac009eae25363|run2,3,-1,harmful,late,58,619,0/4,0,1,0,1
prm-3e4ac009eae25363,problem-71eae2be9ad19da7,3,prm-3e4ac009eae25363|run3,3,-1,harmful,late,58,619,0/4,0,1,0,1
prm-3e4ac009eae25363,problem-71eae2be9ad19da7,4,prm-3e4ac009eae25363|run4,3,-1,harmful,late,58,619,0/4,0,1,0,1
prm-734c17ddd0cff62a,problem-6c70163ce817add4,1,prm-734c17ddd0cff62a|run1,3,1,essential,early,24,401,4/4,1,1,0,0
prm-734c17ddd0cff62a,problem-6c70163ce817add4,2,prm-734c17ddd0cff62a|run2,3,1,essential,early,24,401,4/4,1,1,0,0
prm-734c17ddd0cff62a,problem-6c70163ce817add4,3,prm-734c17ddd0cff62a|run3,3,1,essential,early,24,401,4/4,1,1,0,0
prm-734c17ddd0cff62a,problem-6c70163ce817add4,4,prm-734c17ddd0cff62a|run4,3,1,essential,early,24,401,4/4,1,1,0,0
prm-0cbc0287aab226af,problem-5932169135a7e725,1,prm-0cbc0287aab226af|run1,4,0,harmful,middle,34,485,2/4,1,0,1,0
prm-0cbc0287aab226af,problem-5932169135a7e725,2,prm-0cbc0287aab226af|run2,4,0,harmful,middle,34,485,2/4,1,0,1,0
prm-0cbc0287aab226af,problem-5932169135a7e725,3,prm-0cbc0287aab226af|run3,4,0,harmful,middle,34,485,2/4,0,0,0,0
prm-0cbc0287aab226af,problem-5932169135a7e725,4,prm-0cbc0287aab226af|run4,4,0,harmful,middle,34,485,2/4,0,0,0,0
prm-bfc1c5c3c815660c,problem-f604ddc238c9c584,1,prm-bfc1c5c3c815660c|run1,0,-1,harmful,early,26,658,4/4,1,1,0,0
prm-bfc1c5c3c815660c,problem-f604ddc238c9c584,2,prm-bfc1c5c3c815660c|run2,0,-1,harmful,early,26,658,4/4,1,1,0,0
prm-bfc1c5c3c815660c,problem-f604ddc238c9c584,3,prm-bfc1c5c3c815660c|run3,0,-1,harmful,early,26,658,4/4,1,1,0,0
prm-bfc1c5c3c815660c,problem-f604ddc238c9c584,4,prm-bfc1c5c3c815660c|run4,0,-1,harmful,early,26,658,4/4,1,1,0,0
prm-5464f1648525f7ea,problem-86e623556487463d,1,prm-5464f1648525f7ea|run1,0,1,essential,middle,44,459,4/4,1,1,0,0
prm-5464f1648525f7ea,problem-86e623556487463d,2,prm-5464f1648525f7ea|run2,0,1,essential,middle,44,459,4/4,1,1,0,0
prm-5464f1648525f7ea,problem-86e623556487463d,3,prm-5464f1648525f7ea|run3,0,1,essential,middle,44,459,4/4,1,1,0,0
prm-5464f1648525f7ea,problem-86e623556487463d,4,prm-5464f1648525f7ea|run4,0,1,essential,middle,44,459,4/4,1,1,0,0
prm-7a2c9794408559fd,problem-9c713fb13ae435bf,1,prm-7a2c9794408559fd|run1,4,1,redundant,late,9,581,4/4,1,1,0,0
prm-7a2c9794408559fd,problem-9c713fb13ae435bf,2,prm-7a2c9794408559fd|run2,4,1,redundant,late,9,581,4/4,1,1,0,0
prm-7a2c9794408559fd,problem-9c713fb13ae435bf,3,prm-7a2c9794408559fd|run3,4,1,redundant,late,9,581,4/4,1,1,0,0
prm-7a2c9794408559fd,problem-9c713fb13ae435bf,4,prm-7a2c9794408559fd|run4,4,1,redundant,late,9,581,4/4,1,1,0,0
prm-526e2011568d24e6,problem-f5c172c898474116,1,prm-526e2011568d24e6|run1,1,1,essential,middle,52,414,4/4,1,1,0,0
prm-526e2011568d24e6,problem-f5c172c898474116,2,prm-526e2011568d24e6|run2,1,1,essential,middle,52,414,4/4,1,1,0,0
prm-526e2011568d24e6,problem-f5c172c898474116,3,prm-526e2011568d24e6|run3,1,1,essential,middle,52,414,4/4,1,1,0,0
prm-526e2011568d24e6,problem-f5c172c898474116,4,prm-526e2011568d24e6|run4,1,1,essential,middle,52,414,4/4,1,1,0,0
prm-010e43e3a679e690,problem-a325f288a314fe56,1,prm-010e43e3a679e690|run1,3,1,essential,middle,30,324,4/4,1,1,0,0
prm-010e43e3a679e690,problem-a325f288a314fe56,2,prm-010e43e3a679e690|run2,3,1,essential,middle,30,324,4/4,1,1,0,0
prm-010e43e3a679e690,problem-a325f288a314fe56,3,prm-010e43e3a679e690|run3,3,1,essential,middle,30,324,4/4,1,1,0,0
prm-010e43e3a679e690,problem-a325f288a314fe56,4,prm-010e43e3a679e690|run4,3,1,essential,middle,30,324,4/4,1,1,0,0
prm-8866ba0f5b250195,problem-ca5be300c2084b2c,1,prm-8866ba0f5b250195|run1,0,-1,harmful,middle,129,641,0/4,0,0,0,0
prm-8866ba0f5b250195,problem-ca5be300c2084b2c,2,prm-8866ba0f5b250195|run2,0,-1,harmful,middle,129,641,0/4,0,0,0,0
prm-8866ba0f5b250195,problem-ca5be300c2084b2c,3,prm-8866ba0f5b250195|run3,0,-1,harmful,middle,129,641,0/4,0,0,0,0
prm-8866ba0f5b250195,problem-ca5be300c2084b2c,4,prm-8866ba0f5b250195|run4,0,-1,harmful,middle,129,641,0/4,0,0,0,0
prm-9c4e4a7aac1b200e,problem-498bac6c50d80f1b,1,prm-9c4e4a7aac1b200e|run1,0,-1,harmful,middle,44,538,0/4,0,1,0,1
prm-9c4e4a7aac1b200e,problem-498bac6c50d80f1b,2,prm-9c4e4a7aac1b200e|run2,0,-1,harmful,middle,44,538,0/4,0,0,0,0
prm-9c4e4a7aac1b200e,problem-498bac6c50d80f1b,3,prm-9c4e4a7aac1b200e|run3,0,-1,harmful,middle,44,538,0/4,0,1,0,1
prm-9c4e4a7aac1b200e,problem-498bac6c50d80f1b,4,prm-9c4e4a7aac1b200e|run4,0,-1,harmful,middle,44,538,0/4,0,1,0,1
prm-75ab2c1847631c14,problem-c4f4fd84bb522f70,1,prm-75ab2c1847631c14|run1,2,0,redundant,middle,20,419,4/4,1,1,0,0
prm-75ab2c1847631c14,problem-c4f4fd84bb522f70,2,prm-75ab2c1847631c14|run2,2,0,redundant,middle,20,419,4/4,1,1,0,0
prm-75ab2c1847631c14,problem-c4f4fd84bb522f70,3,prm-75ab2c1847631c14|run3,2,0,redundant,middle,20,419,4/4,1,1,0,0
prm-75ab2c1847631c14,problem-c4f4fd84bb522f70,4,prm-75ab2c1847631c14|run4,2,0,redundant,middle,20,419,4/4,1,1,0,0
prm-8b05d5d648e57f29,problem-ab8474b5c891f6bb,1,prm-8b05d5d648e57f29|run1,0,-1,harmful,late,27,1022,0/4,0,0,0,0
prm-8b05d5d648e57f29,problem-ab8474b5c891f6bb,2,prm-8b05d5d648e57f29|run2,0,-1,harmful,late,27,1022,0/4,0,0,0,0
prm-8b05d5d648e57f29,problem-ab8474b5c891f6bb,3,prm-8b05d5d648e57f29|run3,0,-1,harmful,late,27,1022,0/4,0,0,0,0
prm-8b05d5d648e57f29,problem-ab8474b5c891f6bb,4,prm-8b05d5d648e57f29|run4,0,-1,harmful,late,27,1022,0/4,0,0,0,0
prm-dc55f1d7dc4e178f,problem-e684634d63b6e43e,1,prm-dc55f1d7dc4e178f|run1,2,-1,harmful,middle,38,480,0/4,0,1,0,1
prm-dc55f1d7dc4e178f,problem-e684634d63b6e43e,2,prm-dc55f1d7dc4e178f|run2,2,-1,harmful,middle,38,480,0/4,0,1,0,1
prm-dc55f1d7dc4e178f,problem-e684634d63b6e43e,3,prm-dc55f1d7dc4e178f|run3,2,-1,harmful,middle,38,480,0/4,0,1,0,1
prm-dc55f1d7dc4e178f,problem-e684634d63b6e43e,4,prm-dc55f1d7dc4e178f|run4,2,-1,harmful,middle,38,480,0/4,0,1,0,1
prm-0a02ab06b394a416,problem-5d38b315c24ca703,1,prm-0a02ab06b394a416|run1,3,1,essential,early,22,372,3/4,1,0,1,0
prm-0a02ab06b394a416,problem-5d38b315c24ca703,2,prm-0a02ab06b394a416|run2,3,1,essential,early,22,372,3/4,1,0,1,0
prm-0a02ab06b394a416,problem-5d38b315c24ca703,3,prm-0a02ab06b394a416|run3,3,1,essential,early,22,372,3/4,1,1,0,0
prm-0a02ab06b394a416,problem-5d38b315c24ca703,4,prm-0a02ab06b394a416|run4,3,1,essential,early,22,372,3/4,0,0,0,0
prm-dbc12362d53ec14f,problem-7402b093e77ab835,1,prm-dbc12362d53ec14f|run1,3,1,redundant,early,17,307,4/4,1,1,0,0
prm-dbc12362d53ec14f,problem-7402b093e77ab835,2,prm-dbc12362d53ec14f|run2,3,1,redundant,early,17,307,4/4,1,1,0,0
prm-dbc12362d53ec14f,problem-7402b093e77ab835,3,prm-dbc12362d53ec14f|run3,3,1,redundant,early,17,307,4/4,1,1,0,0
prm-dbc12362d53ec14f,problem-7402b093e77ab835,4,prm-dbc12362d53ec14f|run4,3,1,redundant,early,17,307,4/4,1,1,0,0
prm-8bf0d8a37d2eb018,problem-bf1b475d2d82a865,1,prm-8bf0d8a37d2eb018|run1,1,1,harmful,early,46,393,0/4,0,0,0,0
prm-8bf0d8a37d2eb018,problem-bf1b475d2d82a865,2,prm-8bf0d8a37d2eb018|run2,1,1,harmful,early,46,393,0/4,0,0,0,0
prm-8bf0d8a37d2eb018,problem-bf1b475d2d82a865,3,prm-8bf0d8a37d2eb018|run3,1,1,harmful,early,46,393,0/4,0,0,0,0
prm-8bf0d8a37d2eb018,problem-bf1b475d2d82a865,4,prm-8bf0d8a37d2eb018|run4,1,1,harmful,early,46,393,0/4,0,0,0,0
prm-bedcbd8166cb0b0f,problem-d66a40c796e80963,1,prm-bedcbd8166cb0b0f|run1,3,1,essential,late,41,401,4/4,1,1,0,0
prm-bedcbd8166cb0b0f,problem-d66a40c796e80963,2,prm-bedcbd8166cb0b0f|run2,3,1,essential,late,41,401,4/4,1,1,0,0
prm-bedcbd8166cb0b0f,problem-d66a40c796e80963,3,prm-bedcbd8166cb0b0f|run3,3,1,essential,late,41,401,4/4,1,1,0,0
prm-bedcbd8166cb0b0f,problem-d66a40c796e80963,4,prm-bedcbd8166cb0b0f|run4,3,1,essential,late,41,401,4/4,1,1,0,0
prm-859d5c93d5ea0f57,problem-4eb54cd64aed6e3c,1,prm-859d5c93d5ea0f57|run1,1,0,harmful,middle,47,604,0/4,0,1,0,1
prm-859d5c93d5ea0f57,problem-4eb54cd64aed6e3c,2,prm-859d5c93d5ea0f57|run2,1,0,harmful,middle,47,604,0/4,0,1,0,1
prm-859d5c93d5ea0f57,problem-4eb54cd64aed6e3c,3,prm-859d5c93d5ea0f57|run3,1,0,harmful,middle,47,604,0/4,0,1,0,1
prm-859d5c93d5ea0f57,problem-4eb54cd64aed6e3c,4,prm-859d5c93d5ea0f57|run4,1,0,harmful,middle,47,604,0/4,0,1,0,1
prm-44f81fba1d026488,problem-9c621effde8b49ca,1,prm-44f81fba1d026488|run1,2,0,redundant,middle,50,631,4/4,1,1,0,0
prm-44f81fba1d026488,problem-9c621effde8b49ca,2,prm-44f81fba1d026488|run2,2,0,redundant,middle,50,631,4/4,1,1,0,0
prm-44f81fba1d026488,problem-9c621effde8b49ca,3,prm-44f81fba1d026488|run3,2,0,redundant,middle,50,631,4/4,1,1,0,0
prm-44f81fba1d026488,problem-9c621effde8b49ca,4,prm-44f81fba1d026488|run4,2,0,redundant,middle,50,631,4/4,1,1,0,0
prm-0835351a60d3a191,problem-7b5a516cad6a7a6d,1,prm-0835351a60d3a191|run1,2,1,essential,early,44,450,2/4,0,0,0,0
prm-0835351a60d3a191,problem-7b5a516cad6a7a6d,2,prm-0835351a60d3a191|run2,2,1,essential,early,44,450,2/4,0,0,0,0
prm-0835351a60d3a191,problem-7b5a516cad6a7a6d,3,prm-0835351a60d3a191|run3,2,1,essential,early,44,450,2/4,1,0,1,0
prm-0835351a60d3a191,problem-7b5a516cad6a7a6d,4,prm-0835351a60d3a191|run4,2,1,essential,early,44,450,2/4,1,0,1,0
prm-87593f72c0253cec,problem-32b099c0f5aec3b1,1,prm-87593f72c0253cec|run1,1,1,essential,middle,30,597,4/4,1,1,0,0
prm-87593f72c0253cec,problem-32b099c0f5aec3b1,2,prm-87593f72c0253cec|run2,1,1,essential,middle,30,597,4/4,1,1,0,0
prm-87593f72c0253cec,problem-32b099c0f5aec3b1,3,prm-87593f72c0253cec|run3,1,1,essential,middle,30,597,4/4,1,1,0,0
prm-87593f72c0253cec,problem-32b099c0f5aec3b1,4,prm-87593f72c0253cec|run4,1,1,essential,middle,30,597,4/4,1,1,0,0
prm-6ecf2965f1e68c18,problem-9e0b1d33f87ca8ab,1,prm-6ecf2965f1e68c18|run1,2,0,redundant,middle,59,371,3/4,1,0,1,0
prm-6ecf2965f1e68c18,problem-9e0b1d33f87ca8ab,2,prm-6ecf2965f1e68c18|run2,2,0,redundant,middle,59,371,3/4,1,0,1,0
prm-6ecf2965f1e68c18,problem-9e0b1d33f87ca8ab,3,prm-6ecf2965f1e68c18|run3,2,0,redundant,middle,59,371,3/4,1,0,1,0
prm-6ecf2965f1e68c18,problem-9e0b1d33f87ca8ab,4,prm-6ecf2965f1e68c18|run4,2,0,redundant,middle,59,371,3/4,0,0,0,0
prm-14e2f6c826426674,problem-8e94732caeed5f9b,1,prm-14e2f6c826426674|run1,0,0,redundant,early,28,415,4/4,1,1,0,0
prm-14e2f6c826426674,problem-8e94732caeed5f9b,2,prm-14e2f6c826426674|run2,0,0,redundant,early,28,415,4/4,1,1,0,0
prm-14e2f6c826426674,problem-8e94732caeed5f9b,3,prm-14e2f6c826426674|run3,0,0,redundant,early,28,415,4/4,1,1,0,0
prm-14e2f6c826426674,problem-8e94732caeed5f9b,4,prm-14e2f6c826426674|run4,0,0,redundant,early,28,415,4/4,1,1,0,0
prm-2d92ce0491f2f56a,problem-5d4e128b653312de,1,prm-2d92ce0491f2f56a|run1,2,1,essential,middle,36,440,3/4,1,1,0,0
prm-2d92ce0491f2f56a,problem-5d4e128b653312de,2,prm-2d92ce0491f2f56a|run2,2,1,essential,middle,36,440,3/4,1,1,0,0
prm-2d92ce0491f2f56a,problem-5d4e128b653312de,3,prm-2d92ce0491f2f56a|run3,2,1,essential,middle,36,440,3/4,1,1,0,0
prm-2d92ce0491f2f56a,problem-5d4e128b653312de,4,prm-2d92ce0491f2f56a|run4,2,1,essential,middle,36,440,3/4,0,1,0,1
prm-666a954e3bca4a2f,problem-9d135f320cbe07b9,1,prm-666a954e3bca4a2f|run1,2,1,essential,late,33,548,3/4,1,0,1,0
prm-666a954e3bca4a2f,problem-9d135f320cbe07b9,2,prm-666a954e3bca4a2f|run2,2,1,essential,late,33,548,3/4,1,0,1,0
prm-666a954e3bca4a2f,problem-9d135f320cbe07b9,3,prm-666a954e3bca4a2f|run3,2,1,essential,late,33,548,3/4,1,0,1,0
prm-666a954e3bca4a2f,problem-9d135f320cbe07b9,4,prm-666a954e3bca4a2f|run4,2,1,essential,late,33,548,3/4,0,0,0,0
prm-6eb49d110f10f5c9,problem-116237dfe3dbfe5a,1,prm-6eb49d110f10f5c9|run1,2,0,harmful,late,47,473,0/4,0,0,0,0
prm-6eb49d110f10f5c9,problem-116237dfe3dbfe5a,2,prm-6eb49d110f10f5c9|run2,2,0,harmful,late,47,473,0/4,0,0,0,0
prm-6eb49d110f10f5c9,problem-116237dfe3dbfe5a,3,prm-6eb49d110f10f5c9|run3,2,0,harmful,late,47,473,0/4,0,0,0,0
prm-6eb49d110f10f5c9,problem-116237dfe3dbfe5a,4,prm-6eb49d110f10f5c9|run4,2,0,harmful,late,47,473,0/4,0,1,0,1
prm-695b2bd8829139af,problem-f83aecab9faccb6c,1,prm-695b2bd8829139af|run1,3,-1,harmful,early,58,477,0/4,0,0,0,0
prm-695b2bd8829139af,problem-f83aecab9faccb6c,2,prm-695b2bd8829139af|run2,3,-1,harmful,early,58,477,0/4,0,0,0,0
prm-695b2bd8829139af,problem-f83aecab9faccb6c,3,prm-695b2bd8829139af|run3,3,-1,harmful,early,58,477,0/4,0,0,0,0
prm-695b2bd8829139af,problem-f83aecab9faccb6c,4,prm-695b2bd8829139af|run4,3,-1,harmful,early,58,477,0/4,0,0,0,0
prm-14c0129055d497b2,problem-f75c04ea2e983a23,1,prm-14c0129055d497b2|run1,2,1,essential,late,10,579,4/4,1,1,0,0
prm-14c0129055d497b2,problem-f75c04ea2e983a23,2,prm-14c0129055d497b2|run2,2,1,essential,late,10,579,4/4,1,1,0,0
prm-14c0129055d497b2,problem-f75c04ea2e983a23,3,prm-14c0129055d497b2|run3,2,1,essential,late,10,579,4/4,1,1,0,0
prm-14c0129055d497b2,problem-f75c04ea2e983a23,4,prm-14c0129055d497b2|run4,2,1,essential,late,10,579,4/4,1,1,0,0
prm-d987eb66b5f962dd,problem-89ee4e5ddd25b8e0,1,prm-d987eb66b5f962dd|run1,2,1,harmful,middle,40,513,0/4,0,1,0,1
prm-d987eb66b5f962dd,problem-89ee4e5ddd25b8e0,2,prm-d987eb66b5f962dd|run2,2,1,harmful,middle,40,513,0/4,0,1,0,1
prm-d987eb66b5f962dd,problem-89ee4e5ddd25b8e0,3,prm-d987eb66b5f962dd|run3,2,1,harmful,middle,40,513,0/4,0,1,0,1
prm-d987eb66b5f962dd,problem-89ee4e5ddd25b8e0,4,prm-d987eb66b5f962dd|run4,2,1,harmful,middle,40,513,0/4,0,0,0,0
prm-372caf3f76fece1c,problem-cf3312d83cf0bc46,1,prm-372caf3f76fece1c|run1,1,0,essential,late,10,408,0/4,0,0,0,0
prm-372caf3f76fece1c,problem-cf3312d83cf0bc46,2,prm-372caf3f76fece1c|run2,1,0,essential,late,10,408,0/4,0,0,0,0
prm-372caf3f76fece1c,problem-cf3312d83cf0bc46,3,prm-372caf3f76fece1c|run3,1,0,essential,late,10,408,0/4,0,0,0,0
prm-372caf3f76fece1c,problem-cf3312d83cf0bc46,4,prm-372caf3f76fece1c|run4,1,0,essential,late,10,408,0/4,0,0,0,0
prm-9a884b78e7527ff9,problem-4928f50ac88f7a16,1,prm-9a884b78e7527ff9|run1,1,-1,harmful,middle,41,488,4/4,1,1,0,0
prm-9a884b78e7527ff9,problem-4928f50ac88f7a16,2,prm-9a884b78e7527ff9|run2,1,-1,harmful,middle,41,488,4/4,1,1,0,0
prm-9a884b78e7527ff9,problem-4928f50ac88f7a16,3,prm-9a884b78e7527ff9|run3,1,-1,harmful,middle,41,488,4/4,1,1,0,0
prm-9a884b78e7527ff9,problem-4928f50ac88f7a16,4,prm-9a884b78e7527ff9|run4,1,-1,harmful,middle,41,488,4/4,1,1,0,0
prm-236816577f8edaf6,problem-f6faf09783c45a37,1,prm-236816577f8edaf6|run1,0,1,essential,early,35,316,4/4,1,1,0,0
prm-236816577f8edaf6,problem-f6faf09783c45a37,2,prm-236816577f8edaf6|run2,0,1,essential,early,35,316,4/4,1,0,1,0
prm-236816577f8edaf6,problem-f6faf09783c45a37,3,prm-236816577f8edaf6|run3,0,1,essential,early,35,316,4/4,1,0,1,0
prm-236816577f8edaf6,problem-f6faf09783c45a37,4,prm-236816577f8edaf6|run4,0,1,essential,early,35,316,4/4,1,0,1,0
prm-9f3753744da09c38,problem-81dd044c95a0fca3,1,prm-9f3753744da09c38|run1,0,-1,harmful,middle,26,576,0/4,0,0,0,0
prm-9f3753744da09c38,problem-81dd044c95a0fca3,2,prm-9f3753744da09c38|run2,0,-1,harmful,middle,26,576,0/4,0,0,0,0
prm-9f3753744da09c38,problem-81dd044c95a0fca3,3,prm-9f3753744da09c38|run3,0,-1,harmful,middle,26,576,0/4,0,0,0,0
prm-9f3753744da09c38,problem-81dd044c95a0fca3,4,prm-9f3753744da09c38|run4,0,-1,harmful,middle,26,576,0/4,0,0,0,0
prm-f80db588fbe79fa9,problem-3b95366916efe8e8,1,prm-f80db588fbe79fa9|run1,4,1,harmful,middle,45,617,4/4,1,1,0,0
prm-f80db588fbe79fa9,problem-3b95366916efe8e8,2,prm-f80db588fbe79fa9|run2,4,1,harmful,middle,45,617,4/4,1,1,0,0
prm-f80db588fbe79fa9,problem-3b95366916efe8e8,3,prm-f80db588fbe79fa9|run3,4,1,harmful,middle,45,617,4/4,1,1,0,0
prm-f80db588fbe79fa9,problem-3b95366916efe8e8,4,prm-f80db588fbe79fa9|run4,4,1,harmful,middle,45,617,4/4,1,1,0,0
prm-32b52a14659d1e3f,problem-89f1d351159d3b1e,1,prm-32b52a14659d1e3f|run1,2,-1,redundant,early,42,328,4/4,1,1,0,0
prm-32b52a14659d1e3f,problem-89f1d351159d3b1e,2,prm-32b52a14659d1e3f|run2,2,-1,redundant,early,42,328,4/4,1,1,0,0
prm-32b52a14659d1e3f,problem-89f1d351159d3b1e,3,prm-32b52a14659d1e3f|run3,2,-1,redundant,early,42,328,4/4,1,1,0,0
prm-32b52a14659d1e3f,problem-89f1d351159d3b1e,4,prm-32b52a14659d1e3f|run4,2,-1,redundant,early,42,328,4/4,1,1,0,0
prm-12c0e402310b4521,problem-f63d2aeb1dcb4877,1,prm-12c0e402310b4521|run1,0,1,redundant,late,19,541,3/4,1,1,0,0
prm-12c0e402310b4521,problem-f63d2aeb1dcb4877,2,prm-12c0e402310b4521|run2,0,1,redundant,late,19,541,3/4,0,1,0,1
prm-12c0e402310b4521,problem-f63d2aeb1dcb4877,3,prm-12c0e402310b4521|run3,0,1,redundant,late,19,541,3/4,1,1,0,0
prm-12c0e402310b4521,problem-f63d2aeb1dcb4877,4,prm-12c0e402310b4521|run4,0,1,redundant,late,19,541,3/4,1,1,0,0
prm-2c6c822e00040ba8,problem-bf1b475d2d82a865,1,prm-2c6c822e00040ba8|run1,1,-1,harmful,late,16,765,0/4,0,0,0,0
prm-2c6c822e00040ba8,problem-bf1b475d2d82a865,2,prm-2c6c822e00040ba8|run2,1,-1,harmful,late,16,765,0/4,0,0,0,0
prm-2c6c822e00040ba8,problem-bf1b475d2d82a865,3,prm-2c6c822e00040ba8|run3,1,-1,harmful,late,16,765,0/4,0,0,0,0
prm-2c6c822e00040ba8,problem-bf1b475d2d82a865,4,prm-2c6c822e00040ba8|run4,1,-1,harmful,late,16,765,0/4,0,0,0,0
prm-6a6a0bdb19ba41d4,problem-5567e2ebab5e0f67,1,prm-6a6a0bdb19ba41d4|run1,0,0,redundant,late,24,744,4/4,1,1,0,0
prm-6a6a0bdb19ba41d4,problem-5567e2ebab5e0f67,2,prm-6a6a0bdb19ba41d4|run2,0,0,redundant,late,24,744,4/4,1,1,0,0
prm-6a6a0bdb19ba41d4,problem-5567e2ebab5e0f67,3,prm-6a6a0bdb19ba41d4|run3,0,0,redundant,late,24,744,4/4,1,1,0,0
prm-6a6a0bdb19ba41d4,problem-5567e2ebab5e0f67,4,prm-6a6a0bdb19ba41d4|run4,0,0,redundant,late,24,744,4/4,1,1,0,0
prm-e46e6f9adff3443b,problem-5b29870e6b483cee,1,prm-e46e6f9adff3443b|run1,2,1,essential,late,14,436,4/4,1,1,0,0
prm-e46e6f9adff3443b,problem-5b29870e6b483cee,2,prm-e46e6f9adff3443b|run2,2,1,essential,late,14,436,4/4,1,1,0,0
prm-e46e6f9adff3443b,problem-5b29870e6b483cee,3,prm-e46e6f9adff3443b|run3,2,1,essential,late,14,436,4/4,1,1,0,0
prm-e46e6f9adff3443b,problem-5b29870e6b483cee,4,prm-e46e6f9adff3443b|run4,2,1,essential,late,14,436,4/4,1,1,0,0
prm-60717bf0ef4716f2,problem-a8c4001358470f25,1,prm-60717bf0ef4716f2|run1,2,0,redundant,late,35,900,2/4,1,1,0,0
prm-60717bf0ef4716f2,problem-a8c4001358470f25,2,prm-60717bf0ef4716f2|run2,2,0,redundant,late,35,900,2/4,0,1,0,1
prm-60717bf0ef4716f2,problem-a8c4001358470f25,3,prm-60717bf0ef4716f2|run3,2,0,redundant,late,35,900,2/4,1,1,0,0
prm-60717bf0ef4716f2,problem-a8c4001358470f25,4,prm-60717bf0ef4716f2|run4,2,0,redundant,late,35,900,2/4,0,1,0,1
prm-d018213d57c7afde,problem-db4c0ed2fbf94208,1,prm-d018213d57c7afde|run1,4,1,redundant,middle,28,434,3/4,1,1,0,0
prm-d018213d57c7afde,problem-db4c0ed2fbf94208,2,prm-d018213d57c7afde|run2,4,1,redundant,middle,28,434,3/4,1,1,0,0
prm-d018213d57c7afde,problem-db4c0ed2fbf94208,3,prm-d018213d57c7afde|run3,4,1,redundant,middle,28,434,3/4,1,1,0,0
prm-d018213d57c7afde,problem-db4c0ed2fbf94208,4,prm-d018213d57c7afde|run4,4,1,redundant,middle,28,434,3/4,0,1,0,1
prm-4fe0f9ece87f57df,problem-e684634d63b6e43e,1,prm-4fe0f9ece87f57df|run1,2,1,redundant,early,27,447,4/4,1,1,0,0
prm-4fe0f9ece87f57df,problem-e684634d63b6e43e,2,prm-4fe0f9ece87f57df|run2,2,1,redundant,early,27,447,4/4,1,1,0,0
prm-4fe0f9ece87f57df,problem-e684634d63b6e43e,3,prm-4fe0f9ece87f57df|run3,2,1,redundant,early,27,447,4/4,1,1,0,0
prm-4fe0f9ece87f57df,problem-e684634d63b6e43e,4,prm-4fe0f9ece87f57df|run4,2,1,redundant,early,27,447,4/4,1,1,0,0
prm-26cc0e5d412214d1,problem-7fc009d3f808cafe,1,prm-26cc0e5d412214d1|run1,1,1,essential,late,40,791,4/4,1,1,0,0
prm-26cc0e5d412214d1,problem-7fc009d3f808cafe,2,prm-26cc0e5d412214d1|run2,1,1,essential,late,40,791,4/4,1,1,0,0
prm-26cc0e5d412214d1,problem-7fc009d3f808cafe,3,prm-26cc0e5d412214d1|run3,1,1,essential,late,40,791,4/4,1,1,0,0
prm-26cc0e5d412214d1,problem-7fc009d3f808cafe,4,prm-26cc0e5d412214d1|run4,1,1,essential,late,40,791,4/4,1,1,0,0
prm-14b4f8d6eb13ea00,problem-25b30ae82b7937f0,1,prm-14b4f8d6eb13ea00|run1,2,1,redundant,late,8,458,4/4,1,1,0,0
prm-14b4f8d6eb13ea00,problem-25b30ae82b7937f0,2,prm-14b4f8d6eb13ea00|run2,2,1,redundant,late,8,458,4/4,1,1,0,0
prm-14b4f8d6eb13ea00,problem-25b30ae82b7937f0,3,prm-14b4f8d6eb13ea00|run3,2,1,redundant,late,8,458,4/4,1,1,0,0
prm-14b4f8d6eb13ea00,problem-25b30ae82b7937f0,4,prm-14b4f8d6eb13ea00|run4,2,1,redundant,late,8,458,4/4,1,1,0,0
prm-23547b2809b8fcf4,problem-02480d2c0415a281,1,prm-23547b2809b8fcf4|run1,3,-1,harmful,middle,57,441,0/4,0,1,0,1
prm-23547b2809b8fcf4,problem-02480d2c0415a281,2,prm-23547b2809b8fcf4|run2,3,-1,harmful,middle,57,441,0/4,0,1,0,1
prm-23547b2809b8fcf4,problem-02480d2c0415a281,3,prm-23547b2809b8fcf4|run3,3,-1,harmful,middle,57,441,0/4,0,1,0,1
prm-23547b2809b8fcf4,problem-02480d2c0415a281,4,prm-23547b2809b8fcf4|run4,3,-1,harmful,middle,57,441,0/4,0,1,0,1
prm-76b2b2177dea50be,problem-27304254dfee5d97,1,prm-76b2b2177dea50be|run1,1,1,essential,late,37,645,0/4,0,1,0,1
prm-76b2b2177dea50be,problem-27304254dfee5d97,2,prm-76b2b2177dea50be|run2,1,1,essential,late,37,645,0/4,0,1,0,1
prm-76b2b2177dea50be,problem-27304254dfee5d97,3,prm-76b2b2177dea50be|run3,1,1,essential,late,37,645,0/4,0,0,0,0
prm-76b2b2177dea50be,problem-27304254dfee5d97,4,prm-76b2b2177dea50be|run4,1,1,essential,late,37,645,0/4,0,1,0,1
prm-aca8e5373e4b0749,problem-f5ace075c490ab02,1,prm-aca8e5373e4b0749|run1,2,1,essential,middle,57,503,0/4,0,0,0,0
prm-aca8e5373e4b0749,problem-f5ace075c490ab02,2,prm-aca8e5373e4b0749|run2,2,1,essential,middle,57,503,0/4,0,0,0,0
prm-aca8e5373e4b0749,problem-f5ace075c490ab02,3,prm-aca8e5373e4b0749|run3,2,1,essential,middle,57,503,0/4,0,0,0,0
prm-aca8e5373e4b0749,problem-f5ace075c490ab02,4,prm-aca8e5373e4b0749|run4,2,1,essential,middle,57,503,0/4,0,0,0,0
prm-ee1dd46f28f6c0e7,problem-7edb000570e7a5ad,1,prm-ee1dd46f28f6c0e7|run1,2,-1,harmful,late,37,492,4/4,1,1,0,0
prm-ee1dd46f28f6c0e7,problem-7edb000570e7a5ad,2,prm-ee1dd46f28f6c0e7|run2,2,-1,harmful,late,37,492,4/4,1,1,0,0
prm-ee1dd46f28f6c0e7,problem-7edb000570e7a5ad,3,prm-ee1dd46f28f6c0e7|run3,2,-1,harmful,late,37,492,4/4,1,1,0,0
prm-ee1dd46f28f6c0e7,problem-7edb000570e7a5ad,4,prm-ee1dd46f28f6c0e7|run4,2,-1,harmful,late,37,492,4/4,1,1,0,0
prm-5145212ea7e026b0,problem-f5c172c898474116,1,prm-5145212ea7e026b0|run1,1,-1,harmful,late,46,508,0/4,0,1,0,1
prm-5145212ea7e026b0,problem-f5c172c898474116,2,prm-5145212ea7e026b0|run2,1,-1,harmful,late,46,508,0/4,0,1,0,1
prm-5145212ea7e026b0,problem-f5c172c898474116,3,prm-5145212ea7e026b0|run3,1,-1,harmful,late,46,508,0/4,0,1,0,1
prm-5145212ea7e026b0,problem-f5c172c898474116,4,prm-5145212ea7e026b0|run4,1,-1,harmful,late,46,508,0/4,0,1,0,1
prm-84a947c7d146af3f,problem-18a164d5c1185eef,1,prm-84a947c7d146af3f|run1,4,0,essential,middle,52,500,4/4,1,1,0,0
prm-84a947c7d146af3f,problem-18a164d5c1185eef,2,prm-84a947c7d146af3f|run2,4,0,essential,middle,52,500,4/4,1,1,0,0
prm-84a947c7d146af3f,problem-18a164d5c1185eef,3,prm-84a947c7d146af3f|run3,4,0,essential,middle,52,500,4/4,1,1,0,0
prm-84a947c7d146af3f,problem-18a164d5c1185eef,4,prm-84a947c7d146af3f|run4,4,0,essential,middle,52,500,4/4,1,1,0,0
prm-0e94635dc190f6f1,problem-4639686b328fdf30,1,prm-0e94635dc190f6f1|run1,0,0,redundant,middle,31,746,0/4,0,1,0,1
prm-0e94635dc190f6f1,problem-4639686b328fdf30,2,prm-0e94635dc190f6f1|run2,0,0,redundant,middle,31,746,0/4,0,1,0,1
prm-0e94635dc190f6f1,problem-4639686b328fdf30,3,prm-0e94635dc190f6f1|run3,0,0,redundant,middle,31,746,0/4,0,0,0,0
prm-0e94635dc190f6f1,problem-4639686b328fdf30,4,prm-0e94635dc190f6f1|run4,0,0,redundant,middle,31,746,0/4,0,1,0,1
prm-0638bc02d0338441,problem-2ac3a772d4b2a706,1,prm-0638bc02d0338441|run1,0,1,essential,middle,43,695,4/4,1,1,0,0
prm-0638bc02d0338441,problem-2ac3a772d4b2a706,2,prm-0638bc02d0338441|run2,0,1,essential,middle,43,695,4/4,1,1,0,0
prm-0638bc02d0338441,problem-2ac3a772d4b2a706,3,prm-0638bc02d0338441|run3,0,1,essential,middle,43,695,4/4,1,1,0,0
prm-0638bc02d0338441,problem-2ac3a772d4b2a706,4,prm-0638bc02d0338441|run4,0,1,essential,middle,43,695,4/4,1,1,0,0
prm-f6029ddde78e932f,problem-1274ec9221321d04,1,prm-f6029ddde78e932f|run1,4,1,harmful,late,59,473,4/4,1,0,1,0
prm-f6029ddde78e932f,problem-1274ec9221321d04,2,prm-f6029ddde78e932f|run2,4,1,harmful,late,59,473,4/4,1,1,0,0
prm-f6029ddde78e932f,problem-1274ec9221321d04,3,prm-f6029ddde78e932f|run3,4,1,harmful,late,59,473,4/4,1,0,1,0
prm-f6029ddde78e932f,problem-1274ec9221321d04,4,prm-f6029ddde78e932f|run4,4,1,harmful,late,59,473,4/4,1,0,1,0
prm-6d0334ee1141425e,problem-80883c8d718e7942,1,prm-6d0334ee1141425e|run1,4,0,essential,late,28,505,4/4,1,1,0,0
prm-6d0334ee1141425e,problem-80883c8d718e7942,2,prm-6d0334ee1141425e|run2,4,0,essential,late,28,505,4/4,1,1,0,0
prm-6d0334ee1141425e,problem-80883c8d718e7942,3,prm-6d0334ee1141425e|run3,4,0,essential,late,28,505,4/4,1,1,0,0
prm-6d0334ee1141425e,problem-80883c8d718e7942,4,prm-6d0334ee1141425e|run4,4,0,essential,late,28,505,4/4,1,1,0,0
prm-f1ec503f118b2646,problem-f23b30541989c47c,1,prm-f1ec503f118b2646|run1,1,-1,harmful,early,83,322,0/4,0,1,0,1
prm-f1ec503f118b2646,problem-f23b30541989c47c,2,prm-f1ec503f118b2646|run2,1,-1,harmful,early,83,322,0/4,0,1,0,1
prm-f1ec503f118b2646,problem-f23b30541989c47c,3,prm-f1ec503f118b2646|run3,1,-1,harmful,early,83,322,0/4,0,1,0,1
prm-f1ec503f118b2646,problem-f23b30541989c47c,4,prm-f1ec503f118b2646|run4,1,-1,harmful,early,83,322,0/4,0,1,0,1
prm-55db6c6b79c6e553,problem-4d7f93151214ef76,1,prm-55db6c6b79c6e553|run1,4,1,redundant,late,23,672,4/4,1,1,0,0
prm-55db6c6b79c6e553,problem-4d7f93151214ef76,2,prm-55db6c6b79c6e553|run2,4,1,redundant,late,23,672,4/4,1,1,0,0
prm-55db6c6b79c6e553,problem-4d7f93151214ef76,3,prm-55db6c6b79c6e553|run3,4,1,redundant,late,23,672,4/4,1,1,0,0
prm-55db6c6b79c6e553,problem-4d7f93151214ef76,4,prm-55db6c6b79c6e553|run4,4,1,redundant,late,23,672,4/4,1,1,0,0
prm-e26a030a97cd7abe,problem-7f3bd86e5e9247de,1,prm-e26a030a97cd7abe|run1,0,1,redundant,middle,30,433,0/4,0,1,0,1
prm-e26a030a97cd7abe,problem-7f3bd86e5e9247de,2,prm-e26a030a97cd7abe|run2,0,1,redundant,middle,30,433,0/4,0,0,0,0
prm-e26a030a97cd7abe,problem-7f3bd86e5e9247de,3,prm-e26a030a97cd7abe|run3,0,1,redundant,middle,30,433,0/4,0,1,0,1
prm-e26a030a97cd7abe,problem-7f3bd86e5e9247de,4,prm-e26a030a97cd7abe|run4,0,1,redundant,middle,30,433,0/4,0,0,0,0
prm-768b381d1efb643a,problem-0f8bfc43c716b9e1,1,prm-768b381d1efb643a|run1,4,-1,harmful,middle,31,429,4/4,1,1,0,0
prm-768b381d1efb643a,problem-0f8bfc43c716b9e1,2,prm-768b381d1efb643a|run2,4,-1,harmful,middle,31,429,4/4,1,1,0,0
prm-768b381d1efb643a,problem-0f8bfc43c716b9e1,3,prm-768b381d1efb643a|run3,4,-1,harmful,middle,31,429,4/4,1,1,0,0
prm-768b381d1efb643a,problem-0f8bfc43c716b9e1,4,prm-768b381d1efb643a|run4,4,-1,harmful,middle,31,429,4/4,1,1,0,0
prm-d9d73e3c7b609d81,problem-32c3cda4fa5ff5d1,1,prm-d9d73e3c7b609d81|run1,2,0,redundant,late,9,585,4/4,1,1,0,0
prm-d9d73e3c7b609d81,problem-32c3cda4fa5ff5d1,2,prm-d9d73e3c7b609d81|run2,2,0,redundant,late,9,585,4/4,1,1,0,0
prm-d9d73e3c7b609d81,problem-32c3cda4fa5ff5d1,3,prm-d9d73e3c7b609d81|run3,2,0,redundant,late,9,585,4/4,1,1,0,0
prm-d9d73e3c7b609d81,problem-32c3cda4fa5ff5d1,4,prm-d9d73e3c7b609d81|run4,2,0,redundant,late,9,585,4/4,1,1,0,0
prm-a540f461a25e3009,problem-93d733b48692eae6,1,prm-a540f461a25e3009|run1,0,1,redundant,late,28,548,4/4,1,1,0,0
prm-a540f461a25e3009,problem-93d733b48692eae6,2,prm-a540f461a25e3009|run2,0,1,redundant,late,28,548,4/4,1,1,0,0
prm-a540f461a25e3009,problem-93d733b48692eae6,3,prm-a540f461a25e3009|run3,0,1,redundant,late,28,548,4/4,1,1,0,0
prm-a540f461a25e3009,problem-93d733b48692eae6,4,prm-a540f461a25e3009|run4,0,1,redundant,late,28,548,4/4,1,1,0,0
prm-70a8ec8eb124a0b7,problem-bd24d198763397d2,1,prm-70a8ec8eb124a0b7|run1,2,-1,harmful,early,59,409,0/4,0,0,0,0
prm-70a8ec8eb124a0b7,problem-bd24d198763397d2,2,prm-70a8ec8eb124a0b7|run2,2,-1,harmful,early,59,409,0/4,0,0,0,0
prm-70a8ec8eb124a0b7,problem-bd24d198763397d2,3,prm-70a8ec8eb124a0b7|run3,2,-1,harmful,early,59,409,0/4,0,1,0,1
prm-70a8ec8eb124a0b7,problem-bd24d198763397d2,4,prm-70a8ec8eb124a0b7|run4,2,-1,harmful,early,59,409,0/4,0,0,0,0
prm-32376b54c0a0b41a,problem-c16492850cbf8813,1,prm-32376b54c0a0b41a|run1,3,1,essential,late,27,651,4/4,1,1,0,0
prm-32376b54c0a0b41a,problem-c16492850cbf8813,2,prm-32376b54c0a0b41a|run2,3,1,essential,late,27,651,4/4,1,1,0,0
prm-32376b54c0a0b41a,problem-c16492850cbf8813,3,prm-32376b54c0a0b41a|run3,3,1,essential,late,27,651,4/4,1,1,0,0
prm-32376b54c0a0b41a,problem-c16492850cbf8813,4,prm-32376b54c0a0b41a|run4,3,1,essential,late,27,651,4/4,1,1,0,0
prm-decee9499f5fb0d7,problem-ab7e10c4af73c9ed,1,prm-decee9499f5fb0d7|run1,1,-1,harmful,late,30,504,0/4,0,1,0,1
prm-decee9499f5fb0d7,problem-ab7e10c4af73c9ed,2,prm-decee9499f5fb0d7|run2,1,-1,harmful,late,30,504,0/4,0,1,0,1
prm-decee9499f5fb0d7,problem-ab7e10c4af73c9ed,3,prm-decee9499f5fb0d7|run3,1,-1,harmful,late,30,504,0/4,0,1,0,1
prm-decee9499f5fb0d7,problem-ab7e10c4af73c9ed,4,prm-decee9499f5fb0d7|run4,1,-1,harmful,late,30,504,0/4,0,1,0,1
prm-059a20c710a38a1d,problem-5acc6365946cc933,1,prm-059a20c710a38a1d|run1,4,0,redundant,middle,27,507,4/4,1,1,0,0
prm-059a20c710a38a1d,problem-5acc6365946cc933,2,prm-059a20c710a38a1d|run2,4,0,redundant,middle,27,507,4/4,1,1,0,0
prm-059a20c710a38a1d,problem-5acc6365946cc933,3,prm-059a20c710a38a1d|run3,4,0,redundant,middle,27,507,4/4,1,1,0,0
prm-059a20c710a38a1d,problem-5acc6365946cc933,4,prm-059a20c710a38a1d|run4,4,0,redundant,middle,27,507,4/4,1,1,0,0
prm-7b9dea52f656c0bc,problem-fdd18857dfc203ee,1,prm-7b9dea52f656c0bc|run1,4,1,essential,middle,24,403,4/4,1,1,0,0
prm-7b9dea52f656c0bc,problem-fdd18857dfc203ee,2,prm-7b9dea52f656c0bc|run2,4,1,essential,middle,24,403,4/4,1,1,0,0
prm-7b9dea52f656c0bc,problem-fdd18857dfc203ee,3,prm-7b9dea52f656c0bc|run3,4,1,essential,middle,24,403,4/4,1,1,0,0
prm-7b9dea52f656c0bc,problem-fdd18857dfc203ee,4,prm-7b9dea52f656c0bc|run4,4,1,essential,middle,24,403,4/4,1,1,0,0
prm-ab761a525cce7441,problem-af2fadb634c99ff9,1,prm-ab761a525cce7441|run1,2,1,essential,middle,45,385,0/4,0,1,0,1
prm-ab761a525cce7441,problem-af2fadb634c99ff9,2,prm-ab761a525cce7441|run2,2,1,essential,middle,45,385,0/4,0,1,0,1
prm-ab761a525cce7441,problem-af2fadb634c99ff9,3,prm-ab761a525cce7441|run3,2,1,essential,middle,45,385,0/4,0,1,0,1
prm-ab761a525cce7441,problem-af2fadb634c99ff9,4,prm-ab761a525cce7441|run4,2,1,essential,middle,45,385,0/4,0,1,0,1
prm-65c1f64f7a99498a,problem-150eaf9aec741382,1,prm-65c1f64f7a99498a|run1,0,1,essential,early,36,294,4/4,1,1,0,0
prm-65c1f64f7a99498a,problem-150eaf9aec741382,2,prm-65c1f64f7a99498a|run2,0,1,essential,early,36,294,4/4,1,1,0,0
prm-65c1f64f7a99498a,problem-150eaf9aec741382,3,prm-65c1f64f7a99498a|run3,0,1,essential,early,36,294,4/4,1,1,0,0
prm-65c1f64f7a99498a,problem-150eaf9aec741382,4,prm-65c1f64f7a99498a|run4,0,1,essential,early,36,294,4/4,1,1,0,0
prm-8bd9e6649bc32eb5,problem-cb95bc64c75cf167,1,prm-8bd9e6649bc32eb5|run1,4,1,essential,middle,39,662,4/4,1,1,0,0
prm-8bd9e6649bc32eb5,problem-cb95bc64c75cf167,2,prm-8bd9e6649bc32eb5|run2,4,1,essential,middle,39,662,4/4,1,1,0,0
prm-8bd9e6649bc32eb5,problem-cb95bc64c75cf167,3,prm-8bd9e6649bc32eb5|run3,4,1,essential,middle,39,662,4/4,1,1,0,0
prm-8bd9e6649bc32eb5,problem-cb95bc64c75cf167,4,prm-8bd9e6649bc32eb5|run4,4,1,essential,middle,39,662,4/4,1,1,0,0
prm-85a7807d849d0e61,problem-32b099c0f5aec3b1,1,prm-85a7807d849d0e61|run1,1,0,redundant,late,17,631,4/4,1,1,0,0
prm-85a7807d849d0e61,problem-32b099c0f5aec3b1,2,prm-85a7807d849d0e61|run2,1,0,redundant,late,17,631,4/4,1,1,0,0
prm-85a7807d849d0e61,problem-32b099c0f5aec3b1,3,prm-85a7807d849d0e61|run3,1,0,redundant,late,17,631,4/4,1,1,0,0
prm-85a7807d849d0e61,problem-32b099c0f5aec3b1,4,prm-85a7807d849d0e61|run4,1,0,redundant,late,17,631,4/4,1,1,0,0
prm-02ed1bb8af1a120d,problem-dbe25f76577aa227,1,prm-02ed1bb8af1a120d|run1,0,1,redundant,early,56,396,0/4,0,0,0,0
prm-02ed1bb8af1a120d,problem-dbe25f76577aa227,2,prm-02ed1bb8af1a120d|run2,0,1,redundant,early,56,396,0/4,0,0,0,0
prm-02ed1bb8af1a120d,problem-dbe25f76577aa227,3,prm-02ed1bb8af1a120d|run3,0,1,redundant,early,56,396,0/4,0,0,0,0
prm-02ed1bb8af1a120d,problem-dbe25f76577aa227,4,prm-02ed1bb8af1a120d|run4,0,1,redundant,early,56,396,0/4,0,0,0,0
prm-d4c3a3c1d1cb0d1f,problem-b498a7ba21bcc97c,1,prm-d4c3a3c1d1cb0d1f|run1,3,-1,harmful,middle,27,459,4/4,1,1,0,0
prm-d4c3a3c1d1cb0d1f,problem-b498a7ba21bcc97c,2,prm-d4c3a3c1d1cb0d1f|run2,3,-1,harmful,middle,27,459,4/4,1,1,0,0
prm-d4c3a3c1d1cb0d1f,problem-b498a7ba21bcc97c,3,prm-d4c3a3c1d1cb0d1f|run3,3,-1,harmful,middle,27,459,4/4,1,1,0,0
prm-d4c3a3c1d1cb0d1f,problem-b498a7ba21bcc97c,4,prm-d4c3a3c1d1cb0d1f|run4,3,-1,harmful,middle,27,459,4/4,1,1,0,0
prm-cb73032ead9c7309,problem-eed9594538d18b57,1,prm-cb73032ead9c7309|run1,3,0,harmful,middle,25,523,0/4,0,0,0,0
prm-cb73032ead9c7309,problem-eed9594538d18b57,2,prm-cb73032ead9c7309|run2,3,0,harmful,middle,25,523,0/4,0,0,0,0
prm-cb73032ead9c7309,problem-eed9594538d18b57,3,prm-cb73032ead9c7309|run3,3,0,harmful,middle,25,523,0/4,0,0,0,0
prm-cb73032ead9c7309,problem-eed9594538d18b57,4,prm-cb73032ead9c7309|run4,3,0,harmful,middle,25,523,0/4,0,0,0,0
prm-45906351f0903519,problem-a66962fe3ac65ca5,1,prm-45906351f0903519|run1,0,1,essential,middle,35,491,0/4,0,0,0,0
prm-45906351f0903519,problem-a66962fe3ac65ca5,2,prm-45906351f0903519|run2,0,1,essential,middle,35,491,0/4,0,0,0,0
prm-45906351f0903519,problem-a66962fe3ac65ca5,3,prm-45906351f0903519|run3,0,1,essential,middle,35,491,0/4,0,0,0,0
prm-45906351f0903519,problem-a66962fe3ac65ca5,4,prm-45906351f0903519|run4,0,1,essential,middle,35,491,0/4,0,0,0,0
prm-00c77d8adaa4cb57,problem-81b70497c6720b0f,1,prm-00c77d8adaa4cb57|run1,0,-1,harmful,early,23,339,0/4,0,0,0,0
prm-00c77d8adaa4cb57,problem-81b70497c6720b0f,2,prm-00c77d8adaa4cb57|run2,0,-1,harmful,early,23,339,0/4,0,0,0,0
prm-00c77d8adaa4cb57,problem-81b70497c6720b0f,3,prm-00c77d8adaa4cb57|run3,0,-1,harmful,early,23,339,0/4,0,0,0,0
prm-00c77d8adaa4cb57,problem-81b70497c6720b0f,4,prm-00c77d8adaa4cb57|run4,0,-1,harmful,early,23,339,0/4,0,0,0,0
prm-eb13f69f057980c9,problem-ad5b14b23ed9a9ea,1,prm-eb13f69f057980c9|run1,3,0,redundant,late,19,532,4/4,1,1,0,0
prm-eb13f69f057980c9,problem-ad5b14b23ed9a9ea,2,prm-eb13f69f057980c9|run2,3,0,redundant,late,19,532,4/4,1,1,0,0
prm-eb13f69f057980c9,problem-ad5b14b23ed9a9ea,3,prm-eb13f69f057980c9|run3,3,0,redundant,late,19,532,4/4,1,1,0,0
prm-eb13f69f057980c9,problem-ad5b14b23ed9a9ea,4,prm-eb13f69f057980c9|run4,3,0,redundant,late,19,532,4/4,1,1,0,0
prm-77fc0b169d8585bc,problem-dedb35fff0a06a5e,1,prm-77fc0b169d8585bc|run1,3,-1,harmful,early,23,365,0/4,0,1,0,1
prm-77fc0b169d8585bc,problem-dedb35fff0a06a5e,2,prm-77fc0b169d8585bc|run2,3,-1,harmful,early,23,365,0/4,0,1,0,1
prm-77fc0b169d8585bc,problem-dedb35fff0a06a5e,3,prm-77fc0b169d8585bc|run3,3,-1,harmful,early,23,365,0/4,0,1,0,1
prm-77fc0b169d8585bc,problem-dedb35fff0a06a5e,4,prm-77fc0b169d8585bc|run4,3,-1,harmful,early,23,365,0/4,0,1,0,1
prm-2595a51b9bc687a5,problem-4eb54cd64aed6e3c,1,prm-2595a51b9bc687a5|run1,1,0,redundant,late,26,604,4/4,1,1,0,0
prm-2595a51b9bc687a5,problem-4eb54cd64aed6e3c,2,prm-2595a51b9bc687a5|run2,1,0,redundant,late,26,604,4/4,1,1,0,0
prm-2595a51b9bc687a5,problem-4eb54cd64aed6e3c,3,prm-2595a51b9bc687a5|run3,1,0,redundant,late,26,604,4/4,1,1,0,0
prm-2595a51b9bc687a5,problem-4eb54cd64aed6e3c,4,prm-2595a51b9bc687a5|run4,1,0,redundant,late,26,604,4/4,1,1,0,0
prm-310884399c5179a6,problem-de4a1c58ecef901b,1,prm-310884399c5179a6|run1,1,-1,harmful,middle,72,393,0/4,0,1,0,1
prm-310884399c5179a6,problem-de4a1c58ecef901b,2,prm-310884399c5179a6|run2,1,-1,harmful,middle,72,393,0/4,0,1,0,1
prm-310884399c5179a6,problem-de4a1c58ecef901b,3,prm-310884399c5179a6|run3,1,-1,harmful,middle,72,393,0/4,0,1,0,1
prm-310884399c5179a6,problem-de4a1c58ecef901b,4,prm-310884399c5179a6|run4,1,-1,harmful,middle,72,393,0/4,0,1,0,1
prm-98214e328bc84341,problem-210778075950cc2d,1,prm-98214e328bc84341|run1,4,-1,harmful,middle,37,407,0/4,0,1,0,1
prm-98214e328bc84341,problem-210778075950cc2d,2,prm-98214e328bc84341|run2,4,-1,harmful,middle,37,407,0/4,0,1,0,1
prm-98214e328bc84341,problem-210778075950cc2d,3,prm-98214e328bc84341|run3,4,-1,harmful,middle,37,407,0/4,0,1,0,1
prm-98214e328bc84341,problem-210778075950cc2d,4,prm-98214e328bc84341|run4,4,-1,harmful,middle,37,407,0/4,0,1,0,1
prm-16428e60085cafa9,problem-30257ce512a9dbe4,1,prm-16428e60085cafa9|run1,0,1,essential,late,25,684,4/4,1,1,0,0
prm-16428e60085cafa9,problem-30257ce512a9dbe4,2,prm-16428e60085cafa9|run2,0,1,essential,late,25,684,4/4,1,1,0,0
prm-16428e60085cafa9,problem-30257ce512a9dbe4,3,prm-16428e60085cafa9|run3,0,1,essential,late,25,684,4/4,1,1,0,0
prm-16428e60085cafa9,problem-30257ce512a9dbe4,4,prm-16428e60085cafa9|run4,0,1,essential,late,25,684,4/4,1,1,0,0
prm-ac91d34d7871bcbc,problem-f63d2aeb1dcb4877,1,prm-ac91d34d7871bcbc|run1,0,0,essential,middle,36,475,4/4,1,0,1,0
prm-ac91d34d7871bcbc,problem-f63d2aeb1dcb4877,2,prm-ac91d34d7871bcbc|run2,0,0,essential,middle,36,475,4/4,1,0,1,0
prm-ac91d34d7871bcbc,problem-f63d2aeb1dcb4877,3,prm-ac91d34d7871bcbc|run3,0,0,essential,middle,36,475,4/4,1,0,1,0
prm-ac91d34d7871bcbc,problem-f63d2aeb1dcb4877,4,prm-ac91d34d7871bcbc|run4,0,0,essential,middle,36,475,4/4,1,1,0,0
prm-923c29c44fa03eb6,problem-c0364fc64487e4ec,1,prm-923c29c44fa03eb6|run1,0,-1,essential,late,25,629,4/4,1,1,0,0
prm-923c29c44fa03eb6,problem-c0364fc64487e4ec,2,prm-923c29c44fa03eb6|run2,0,-1,essential,late,25,629,4/4,1,1,0,0
prm-923c29c44fa03eb6,problem-c0364fc64487e4ec,3,prm-923c29c44fa03eb6|run3,0,-1,essential,late,25,629,4/4,1,1,0,0
prm-923c29c44fa03eb6,problem-c0364fc64487e4ec,4,prm-923c29c44fa03eb6|run4,0,-1,essential,late,25,629,4/4,1,1,0,0
prm-a774fd18d4116fb7,problem-7f472ed5afd0fbc0,1,prm-a774fd18d4116fb7|run1,2,0,redundant,early,12,284,4/4,1,1,0,0
prm-a774fd18d4116fb7,problem-7f472ed5afd0fbc0,2,prm-a774fd18d4116fb7|run2,2,0,redundant,early,12,284,4/4,1,1,0,0
prm-a774fd18d4116fb7,problem-7f472ed5afd0fbc0,3,prm-a774fd18d4116fb7|run3,2,0,redundant,early,12,284,4/4,1,1,0,0
prm-a774fd18d4116fb7,problem-7f472ed5afd0fbc0,4,prm-a774fd18d4116fb7|run4,2,0,redundant,early,12,284,4/4,1,1,0,0
prm-bc4cdb54673acb6b,problem-4639686b328fdf30,1,prm-bc4cdb54673acb6b|run1,0,0,redundant,early,27,362,0/4,0,0,0,0
prm-bc4cdb54673acb6b,problem-4639686b328fdf30,2,prm-bc4cdb54673acb6b|run2,0,0,redundant,early,27,362,0/4,0,0,0,0
prm-bc4cdb54673acb6b,problem-4639686b328fdf30,3,prm-bc4cdb54673acb6b|run3,0,0,redundant,early,27,362,0/4,0,0,0,0
prm-bc4cdb54673acb6b,problem-4639686b328fdf30,4,prm-bc4cdb54673acb6b|run4,0,0,redundant,early,27,362,0/4,0,0,0,0
prm-911d5b9b5b289e39,problem-234b319021dcf2a6,1,prm-911d5b9b5b289e39|run1,3,-1,harmful,early,111,398,0/4,0,0,0,0
prm-911d5b9b5b289e39,problem-234b319021dcf2a6,2,prm-911d5b9b5b289e39|run2,3,-1,harmful,early,111,398,0/4,0,0,0,0
prm-911d5b9b5b289e39,problem-234b319021dcf2a6,3,prm-911d5b9b5b289e39|run3,3,-1,harmful,early,111,398,0/4,0,0,0,0
prm-911d5b9b5b289e39,problem-234b319021dcf2a6,4,prm-911d5b9b5b289e39|run4,3,-1,harmful,early,111,398,0/4,0,0,0,0
prm-76efc721b39b6bd3,problem-8c8f96252d975acd,1,prm-76efc721b39b6bd3|run1,2,1,essential,late,45,680,4/4,1,1,0,0
prm-76efc721b39b6bd3,problem-8c8f96252d975acd,2,prm-76efc721b39b6bd3|run2,2,1,essential,late,45,680,4/4,1,1,0,0
prm-76efc721b39b6bd3,problem-8c8f96252d975acd,3,prm-76efc721b39b6bd3|run3,2,1,essential,late,45,680,4/4,1,1,0,0
prm-76efc721b39b6bd3,problem-8c8f96252d975acd,4,prm-76efc721b39b6bd3|run4,2,1,essential,late,45,680,4/4,1,1,0,0
prm-f902409b4b69ac6a,problem-4639686b328fdf30,1,prm-f902409b4b69ac6a|run1,0,1,essential,middle,21,578,0/4,0,0,0,0
prm-f902409b4b69ac6a,problem-4639686b328fdf30,2,prm-f902409b4b69ac6a|run2,0,1,essential,middle,21,578,0/4,0,0,0,0
prm-f902409b4b69ac6a,problem-4639686b328fdf30,3,prm-f902409b4b69ac6a|run3,0,1,essential,middle,21,578,0/4,0,0,0,0
prm-f902409b4b69ac6a,problem-4639686b328fdf30,4,prm-f902409b4b69ac6a|run4,0,1,essential,middle,21,578,0/4,0,0,0,0
prm-b78ab37efb3ac6fe,problem-dd48d65e326606be,1,prm-b78ab37efb3ac6fe|run1,1,-1,harmful,late,55,671,4/4,1,1,0,0
prm-b78ab37efb3ac6fe,problem-dd48d65e326606be,2,prm-b78ab37efb3ac6fe|run2,1,-1,harmful,late,55,671,4/4,1,1,0,0
prm-b78ab37efb3ac6fe,problem-dd48d65e326606be,3,prm-b78ab37efb3ac6fe|run3,1,-1,harmful,late,55,671,4/4,1,1,0,0
prm-b78ab37efb3ac6fe,problem-dd48d65e326606be,4,prm-b78ab37efb3ac6fe|run4,1,-1,harmful,late,55,671,4/4,1,1,0,0
prm-afff103ac71bacae,problem-0410748c1e76e3d4,1,prm-afff103ac71bacae|run1,0,-1,harmful,late,48,499,0/4,0,1,0,1
prm-afff103ac71bacae,problem-0410748c1e76e3d4,2,prm-afff103ac71bacae|run2,0,-1,harmful,late,48,499,0/4,0,1,0,1
prm-afff103ac71bacae,problem-0410748c1e76e3d4,3,prm-afff103ac71bacae|run3,0,-1,harmful,late,48,499,0/4,0,1,0,1
prm-afff103ac71bacae,problem-0410748c1e76e3d4,4,prm-afff103ac71bacae|run4,0,-1,harmful,late,48,499,0/4,0,1,0,1
prm-94f01424485d8634,problem-76bb173b20d420b6,1,prm-94f01424485d8634|run1,1,-1,harmful,middle,48,530,4/4,1,1,0,0
prm-94f01424485d8634,problem-76bb173b20d420b6,2,prm-94f01424485d8634|run2,1,-1,harmful,middle,48,530,4/4,1,1,0,0
prm-94f01424485d8634,problem-76bb173b20d420b6,3,prm-94f01424485d8634|run3,1,-1,harmful,middle,48,530,4/4,1,1,0,0
prm-94f01424485d8634,problem-76bb173b20d420b6,4,prm-94f01424485d8634|run4,1,-1,harmful,middle,48,530,4/4,1,1,0,0
prm-74cbbc536681f443,problem-71fc61f49bcfcd8f,1,prm-74cbbc536681f443|run1,4,0,redundant,early,24,439,2/4,1,1,0,0
prm-74cbbc536681f443,problem-71fc61f49bcfcd8f,2,prm-74cbbc536681f443|run2,4,0,redundant,early,24,439,2/4,0,1,0,1
prm-74cbbc536681f443,problem-71fc61f49bcfcd8f,3,prm-74cbbc536681f443|run3,4,0,redundant,early,24,439,2/4,0,1,0,1
prm-74cbbc536681f443,problem-71fc61f49bcfcd8f,4,prm-74cbbc536681f443|run4,4,0,redundant,early,24,439,2/4,1,1,0,0
prm-e4c8f952bd2bcb69,problem-59b3380466ff1adb,1,prm-e4c8f952bd2bcb69|run1,1,0,essential,middle,45,537,4/4,1,1,0,0
prm-e4c8f952bd2bcb69,problem-59b3380466ff1adb,2,prm-e4c8f952bd2bcb69|run2,1,0,essential,middle,45,537,4/4,1,1,0,0
prm-e4c8f952bd2bcb69,problem-59b3380466ff1adb,3,prm-e4c8f952bd2bcb69|run3,1,0,essential,middle,45,537,4/4,1,1,0,0
prm-e4c8f952bd2bcb69,problem-59b3380466ff1adb,4,prm-e4c8f952bd2bcb69|run4,1,0,essential,middle,45,537,4/4,1,1,0,0
prm-b16889ee222c85e0,problem-20855ff8e775267f,1,prm-b16889ee222c85e0|run1,1,0,harmful,middle,24,563,1/4,0,0,0,0
prm-b16889ee222c85e0,problem-20855ff8e775267f,2,prm-b16889ee222c85e0|run2,1,0,harmful,middle,24,563,1/4,0,0,0,0
prm-b16889ee222c85e0,problem-20855ff8e775267f,3,prm-b16889ee222c85e0|run3,1,0,harmful,middle,24,563,1/4,0,0,0,0
prm-b16889ee222c85e0,problem-20855ff8e775267f,4,prm-b16889ee222c85e0|run4,1,0,harmful,middle,24,563,1/4,1,0,1,0
prm-11c64fcd9adf9a8d,problem-4e48831b718f7ba2,1,prm-11c64fcd9adf9a8d|run1,4,0,harmful,early,44,392,0/4,0,0,0,0
prm-11c64fcd9adf9a8d,problem-4e48831b718f7ba2,2,prm-11c64fcd9adf9a8d|run2,4,0,harmful,early,44,392,0/4,0,0,0,0
prm-11c64fcd9adf9a8d,problem-4e48831b718f7ba2,3,prm-11c64fcd9adf9a8d|run3,4,0,harmful,early,44,392,0/4,0,0,0,0
prm-11c64fcd9adf9a8d,problem-4e48831b718f7ba2,4,prm-11c64fcd9adf9a8d|run4,4,0,harmful,early,44,392,0/4,0,0,0,0
prm-2e89a40cec48c042,problem-d3161eafd1210d42,1,prm-2e89a40cec48c042|run1,4,-1,harmful,early,16,359,0/4,0,1,0,1
prm-2e89a40cec48c042,problem-d3161eafd1210d42,2,prm-2e89a40cec48c042|run2,4,-1,harmful,early,16,359,0/4,0,1,0,1
prm-2e89a40cec48c042,problem-d3161eafd1210d42,3,prm-2e89a40cec48c042|run3,4,-1,harmful,early,16,359,0/4,0,1,0,1
prm-2e89a40cec48c042,problem-d3161eafd1210d42,4,prm-2e89a40cec48c042|run4,4,-1,harmful,early,16,359,0/4,0,1,0,1
prm-d400c2ab50349260,problem-a4a92af384d88e0b,1,prm-d400c2ab50349260|run1,1,-1,harmful,late,17,490,2/4,0,1,0,1
prm-d400c2ab50349260,problem-a4a92af384d88e0b,2,prm-d400c2ab50349260|run2,1,-1,harmful,late,17,490,2/4,0,1,0,1
prm-d400c2ab50349260,problem-a4a92af384d88e0b,3,prm-d400c2ab50349260|run3,1,-1,harmful,late,17,490,2/4,1,1,0,0
prm-d400c2ab50349260,problem-a4a92af384d88e0b,4,prm-d400c2ab50349260|run4,1,-1,harmful,late,17,490,2/4,1,1,0,0
prm-bf49cda9c1b58b99,problem-24416ee05263b731,1,prm-bf49cda9c1b58b99|run1,0,-1,harmful,early,69,407,4/4,1,1,0,0
prm-bf49cda9c1b58b99,problem-24416ee05263b731,2,prm-bf49cda9c1b58b99|run2,0,-1,harmful,early,69,407,4/4,1,1,0,0
prm-bf49cda9c1b58b99,problem-24416ee05263b731,3,prm-bf49cda9c1b58b99|run3,0,-1,harmful,early,69,407,4/4,1,1,0,0
prm-bf49cda9c1b58b99,problem-24416ee05263b731,4,prm-bf49cda9c1b58b99|run4,0,-1,harmful,early,69,407,4/4,1,1,0,0
prm-5c13d28d0d1e26be,problem-bdd43ed050657861,1,prm-5c13d28d0d1e26be|run1,0,0,redundant,early,11,289,4/4,1,1,0,0
prm-5c13d28d0d1e26be,problem-bdd43ed050657861,2,prm-5c13d28d0d1e26be|run2,0,0,redundant,early,11,289,4/4,1,1,0,0
prm-5c13d28d0d1e26be,problem-bdd43ed050657861,3,prm-5c13d28d0d1e26be|run3,0,0,redundant,early,11,289,4/4,1,1,0,0
prm-5c13d28d0d1e26be,problem-bdd43ed050657861,4,prm-5c13d28d0d1e26be|run4,0,0,redundant,early,11,289,4/4,1,1,0,0
prm-6a8171dd86016c13,problem-eb20fcfbc7fe587d,1,prm-6a8171dd86016c13|run1,4,1,redundant,late,12,724,4/4,1,1,0,0
prm-6a8171dd86016c13,problem-eb20fcfbc7fe587d,2,prm-6a8171dd86016c13|run2,4,1,redundant,late,12,724,4/4,1,1,0,0
prm-6a8171dd86016c13,problem-eb20fcfbc7fe587d,3,prm-6a8171dd86016c13|run3,4,1,redundant,late,12,724,4/4,1,1,0,0
prm-6a8171dd86016c13,problem-eb20fcfbc7fe587d,4,prm-6a8171dd86016c13|run4,4,1,redundant,late,12,724,4/4,1,1,0,0
prm-4397a2362fedc5a3,problem-eb3187c38ab27028,1,prm-4397a2362fedc5a3|run1,1,1,essential,late,23,478,4/4,1,1,0,0
prm-4397a2362fedc5a3,problem-eb3187c38ab27028,2,prm-4397a2362fedc5a3|run2,1,1,essential,late,23,478,4/4,1,1,0,0
prm-4397a2362fedc5a3,problem-eb3187c38ab27028,3,prm-4397a2362fedc5a3|run3,1,1,essential,late,23,478,4/4,1,1,0,0
prm-4397a2362fedc5a3,problem-eb3187c38ab27028,4,prm-4397a2362fedc5a3|run4,1,1,essential,late,23,478,4/4,1,1,0,0
prm-2f5e5f1e6dacb0f7,problem-ded0ffd3643d0130,1,prm-2f5e5f1e6dacb0f7|run1,3,-1,harmful,late,38,577,0/4,0,1,0,1
prm-2f5e5f1e6dacb0f7,problem-ded0ffd3643d0130,2,prm-2f5e5f1e6dacb0f7|run2,3,-1,harmful,late,38,577,0/4,0,1,0,1
prm-2f5e5f1e6dacb0f7,problem-ded0ffd3643d0130,3,prm-2f5e5f1e6dacb0f7|run3,3,-1,harmful,late,38,577,0/4,0,1,0,1
prm-2f5e5f1e6dacb0f7,problem-ded0ffd3643d0130,4,prm-2f5e5f1e6dacb0f7|run4,3,-1,harmful,late,38,577,0/4,0,1,0,1
prm-4b587d923463065a,problem-5b1d584cfe23d7df,1,prm-4b587d923463065a|run1,2,-1,essential,middle,24,670,0/4,0,0,0,0
prm-4b587d923463065a,problem-5b1d584cfe23d7df,2,prm-4b587d923463065a|run2,2,-1,essential,middle,24,670,0/4,0,0,0,0
prm-4b587d923463065a,problem-5b1d584cfe23d7df,3,prm-4b587d923463065a|run3,2,-1,essential,middle,24,670,0/4,0,0,0,0
prm-4b587d923463065a,problem-5b1d584cfe23d7df,4,prm-4b587d923463065a|run4,2,-1,essential,middle,24,670,0/4,0,0,0,0
prm-a304fbad5368565d,problem-edc76d80b3d26c0a,1,prm-a304fbad5368565d|run1,3,-1,harmful,late,45,608,1/4,0,1,0,1
prm-a304fbad5368565d,problem-edc76d80b3d26c0a,2,prm-a304fbad5368565d|run2,3,-1,harmful,late,45,608,1/4,1,1,0,0
prm-a304fbad5368565d,problem-edc76d80b3d26c0a,3,prm-a304fbad5368565d|run3,3,-1,harmful,late,45,608,1/4,0,1,0,1
prm-a304fbad5368565d,problem-edc76d80b3d26c0a,4,prm-a304fbad5368565d|run4,3,-1,harmful,late,45,608,1/4,0,1,0,1
prm-2d2be0a20e1f55eb,problem-4e48831b718f7ba2,1,prm-2d2be0a20e1f55eb|run1,4,0,essential,middle,61,592,0/4,0,0,0,0
prm-2d2be0a20e1f55eb,problem-4e48831b718f7ba2,2,prm-2d2be0a20e1f55eb|run2,4,0,essential,middle,61,592,0/4,0,0,0,0
prm-2d2be0a20e1f55eb,problem-4e48831b718f7ba2,3,prm-2d2be0a20e1f55eb|run3,4,0,essential,middle,61,592,0/4,0,0,0,0
prm-2d2be0a20e1f55eb,problem-4e48831b718f7ba2,4,prm-2d2be0a20e1f55eb|run4,4,0,essential,middle,61,592,0/4,0,0,0,0
prm-b93ffe4952ee0425,problem-2bb95410df5e904e,1,prm-b93ffe4952ee0425|run1,0,-1,harmful,early,26,419,4/4,1,1,0,0
prm-b93ffe4952ee0425,problem-2bb95410df5e904e,2,prm-b93ffe4952ee0425|run2,0,-1,harmful,early,26,419,4/4,1,1,0,0
prm-b93ffe4952ee0425,problem-2bb95410df5e904e,3,prm-b93ffe4952ee0425|run3,0,-1,harmful,early,26,419,4/4,1,1,0,0
prm-b93ffe4952ee0425,problem-2bb95410df5e904e,4,prm-b93ffe4952ee0425|run4,0,-1,harmful,early,26,419,4/4,1,1,0,0
prm-71ed47ae96c446e4,problem-06d5aeabb535b6a9,1,prm-71ed47ae96c446e4|run1,1,0,redundant,early,4,336,0/4,0,0,0,0
prm-71ed47ae96c446e4,problem-06d5aeabb535b6a9,2,prm-71ed47ae96c446e4|run2,1,0,redundant,early,4,336,0/4,0,0,0,0
prm-71ed47ae96c446e4,problem-06d5aeabb535b6a9,3,prm-71ed47ae96c446e4|run3,1,0,redundant,early,4,336,0/4,0,0,0,0
prm-71ed47ae96c446e4,problem-06d5aeabb535b6a9,4,prm-71ed47ae96c446e4|run4,1,0,redundant,early,4,336,0/4,0,0,0,0
prm-1368cc3f0e85c6c9,problem-6c70163ce817add4,1,prm-1368cc3f0e85c6c9|run1,3,1,redundant,middle,16,531,4/4,1,1,0,0
prm-1368cc3f0e85c6c9,problem-6c70163ce817add4,2,prm-1368cc3f0e85c6c9|run2,3,1,redundant,middle,16,531,4/4,1,1,0,0
prm-1368cc3f0e85c6c9,problem-6c70163ce817add4,3,prm-1368cc3f0e85c6c9|run3,3,1,redundant,middle,16,531,4/4,1,1,0,0
prm-1368cc3f0e85c6c9,problem-6c70163ce817add4,4,prm-1368cc3f0e85c6c9|run4,3,1,redundant,middle,16,531,4/4,1,1,0,0
prm-de41ade60ddfc393,problem-8c8f96252d975acd,1,prm-de41ade60ddfc393|run1,2,0,redundant,early,11,352,4/4,1,1,0,0
prm-de41ade60ddfc393,problem-8c8f96252d975acd,2,prm-de41ade60ddfc393|run2,2,0,redundant,early,11,352,4/4,1,1,0,0
prm-de41ade60ddfc393,problem-8c8f96252d975acd,3,prm-de41ade60ddfc393|run3,2,0,redundant,early,11,352,4/4,1,1,0,0
prm-de41ade60ddfc393,problem-8c8f96252d975acd,4,prm-de41ade60ddfc393|run4,2,0,redundant,early,11,352,4/4,1,1,0,0
prm-b35e05ba41e78a12,problem-26def20db88cf572,1,prm-b35e05ba41e78a12|run1,0,1,essential,early,33,489,4/4,1,1,0,0
prm-b35e05ba41e78a12,problem-26def20db88cf572,2,prm-b35e05ba41e78a12|run2,0,1,essential,early,33,489,4/4,1,1,0,0
prm-b35e05ba41e78a12,problem-26def20db88cf572,3,prm-b35e05ba41e78a12|run3,0,1,essential,early,33,489,4/4,1,1,0,0
prm-b35e05ba41e78a12,problem-26def20db88cf572,4,prm-b35e05ba41e78a12|run4,0,1,essential,early,33,489,4/4,1,1,0,0
prm-321715581e0e716b,problem-b884ea4dff439d89,1,prm-321715581e0e716b|run1,4,0,harmful,late,33,614,1/4,0,0,0,0
prm-321715581e0e716b,problem-b884ea4dff439d89,2,prm-321715581e0e716b|run2,4,0,harmful,late,33,614,1/4,0,0,0,0
prm-321715581e0e716b,problem-b884ea4dff439d89,3,prm-321715581e0e716b|run3,4,0,harmful,late,33,614,1/4,1,0,1,0
prm-321715581e0e716b,problem-b884ea4dff439d89,4,prm-321715581e0e716b|run4,4,0,harmful,late,33,614,1/4,0,0,0,0
prm-1a376cfa6cfa9af8,problem-eed9594538d18b57,1,prm-1a376cfa6cfa9af8|run1,3,-1,harmful,late,69,584,0/4,0,0,0,0
prm-1a376cfa6cfa9af8,problem-eed9594538d18b57,2,prm-1a376cfa6cfa9af8|run2,3,-1,harmful,late,69,584,0/4,0,0,0,0
prm-1a376cfa6cfa9af8,problem-eed9594538d18b57,3,prm-1a376cfa6cfa9af8|run3,3,-1,harmful,late,69,584,0/4,0,0,0,0
prm-1a376cfa6cfa9af8,problem-eed9594538d18b57,4,prm-1a376cfa6cfa9af8|run4,3,-1,harmful,late,69,584,0/4,0,0,0,0
prm-f5ad90a250e816d4,problem-5a8c50102096a59a,1,prm-f5ad90a250e816d4|run1,0,0,redundant,late,17,1192,2/4,1,0,1,0
prm-f5ad90a250e816d4,problem-5a8c50102096a59a,2,prm-f5ad90a250e816d4|run2,0,0,redundant,late,17,1192,2/4,1,0,1,0
prm-f5ad90a250e816d4,problem-5a8c50102096a59a,3,prm-f5ad90a250e816d4|run3,0,0,redundant,late,17,1192,2/4,0,0,0,0
prm-f5ad90a250e816d4,problem-5a8c50102096a59a,4,prm-f5ad90a250e816d4|run4,0,0,redundant,late,17,1192,2/4,0,0,0,0
prm-64bd046dccaa7a10,problem-92992c0e162b3d6d,1,prm-64bd046dccaa7a10|run1,2,0,redundant,late,40,579,0/4,0,0,0,0
prm-64bd046dccaa7a10,problem-92992c0e162b3d6d,2,prm-64bd046dccaa7a10|run2,2,0,redundant,late,40,579,0/4,0,0,0,0
prm-64bd046dccaa7a10,problem-92992c0e162b3d6d,3,prm-64bd046dccaa7a10|run3,2,0,redundant,late,40,579,0/4,0,0,0,0
prm-64bd046dccaa7a10,problem-92992c0e162b3d6d,4,prm-64bd046dccaa7a10|run4,2,0,redundant,late,40,579,0/4,0,0,0,0
prm-dfc9bfdaf9a344b2,problem-a3f40663ba19390b,1,prm-dfc9bfdaf9a344b2|run1,3,1,redundant,middle,22,662,4/4,1,1,0,0
prm-dfc9bfdaf9a344b2,problem-a3f40663ba19390b,2,prm-dfc9bfdaf9a344b2|run2,3,1,redundant,middle,22,662,4/4,1,1,0,0
prm-dfc9bfdaf9a344b2,problem-a3f40663ba19390b,3,prm-dfc9bfdaf9a344b2|run3,3,1,redundant,middle,22,662,4/4,1,1,0,0
prm-dfc9bfdaf9a344b2,problem-a3f40663ba19390b,4,prm-dfc9bfdaf9a344b2|run4,3,1,redundant,middle,22,662,4/4,1,1,0,0
prm-170a156ef3602f11,problem-5932169135a7e725,1,prm-170a156ef3602f11|run1,4,-1,harmful,early,26,451,0/4,0,0,0,0
prm-170a156ef3602f11,problem-5932169135a7e725,2,prm-170a156ef3602f11|run2,4,-1,harmful,early,26,451,0/4,0,0,0,0
prm-170a156ef3602f11,problem-5932169135a7e725,3,prm-170a156ef3602f11|run3,4,-1,harmful,early,26,451,0/4,0,0,0,0
prm-170a156ef3602f11,problem-5932169135a7e725,4,prm-170a156ef3602f11|run4,4,-1,harmful,early,26,451,0/4,0,0,0,0
prm-bd5151d40527ffa0,problem-80883c8d718e7942,1,prm-bd5151d40527ffa0|run1,4,0,redundant,middle,24,453,0/4,0,0,0,0
prm-bd5151d40527ffa0,problem-80883c8d718e7942,2,prm-bd5151d40527ffa0|run2,4,0,redundant,middle,24,453,0/4,0,0,0,0
prm-bd5151d40527ffa0,problem-80883c8d718e7942,3,prm-bd5151d40527ffa0|run3,4,0,redundant,middle,24,453,0/4,0,0,0,0
prm-bd5151d40527ffa0,problem-80883c8d718e7942,4,prm-bd5151d40527ffa0|run4,4,0,redundant,middle,24,453,0/4,0,0,0,0
prm-55383ac51f763ea4,problem-c4f4fd84bb522f70,1,prm-55383ac51f763ea4|run1,2,-1,redundant,early,29,300,4/4,1,1,0,0
prm-55383ac51f763ea4,problem-c4f4fd84bb522f70,2,prm-55383ac51f763ea4|run2,2,-1,redundant,early,29,300,4/4,1,1,0,0
prm-55383ac51f763ea4,problem-c4f4fd84bb522f70,3,prm-55383ac51f763ea4|run3,2,-1,redundant,early,29,300,4/4,1,1,0,0
prm-55383ac51f763ea4,problem-c4f4fd84bb522f70,4,prm-55383ac51f763ea4|run4,2,-1,redundant,early,29,300,4/4,1,1,0,0
prm-8169dadf3bfeafa7,problem-7fc009d3f808cafe,1,prm-8169dadf3bfeafa7|run1,1,1,essential,late,45,709,4/4,1,1,0,0
prm-8169dadf3bfeafa7,problem-7fc009d3f808cafe,2,prm-8169dadf3bfeafa7|run2,1,1,essential,late,45,709,4/4,1,1,0,0
prm-8169dadf3bfeafa7,problem-7fc009d3f808cafe,3,prm-8169dadf3bfeafa7|run3,1,1,essential,late,45,709,4/4,1,1,0,0
prm-8169dadf3bfeafa7,problem-7fc009d3f808cafe,4,prm-8169dadf3bfeafa7|run4,1,1,essential,late,45,709,4/4,1,1,0,0
prm-d87fe43bca23d224,problem-5c91e3632a6bed3d,1,prm-d87fe43bca23d224|run1,4,-1,harmful,middle,26,399,0/4,0,0,0,0
prm-d87fe43bca23d224,problem-5c91e3632a6bed3d,2,prm-d87fe43bca23d224|run2,4,-1,harmful,middle,26,399,0/4,0,0,0,0
prm-d87fe43bca23d224,problem-5c91e3632a6bed3d,3,prm-d87fe43bca23d224|run3,4,-1,harmful,middle,26,399,0/4,0,0,0,0
prm-d87fe43bca23d224,problem-5c91e3632a6bed3d,4,prm-d87fe43bca23d224|run4,4,-1,harmful,middle,26,399,0/4,0,0,0,0
prm-fe7cc1b1ef70d69f,problem-e684634d63b6e43e,1,prm-fe7cc1b1ef70d69f|run1,2,0,redundant,early,21,426,4/4,1,1,0,0
prm-fe7cc1b1ef70d69f,problem-e684634d63b6e43e,2,prm-fe7cc1b1ef70d69f|run2,2,0,redundant,early,21,426,4/4,1,0,1,0
prm-fe7cc1b1ef70d69f,problem-e684634d63b6e43e,3,prm-fe7cc1b1ef70d69f|run3,2,0,redundant,early,21,426,4/4,1,0,1,0
prm-fe7cc1b1ef70d69f,problem-e684634d63b6e43e,4,prm-fe7cc1b1ef70d69f|run4,2,0,redundant,early,21,426,4/4,1,1,0,0
prm-bf052d7ceb54371a,problem-d95c31385ad98554,1,prm-bf052d7ceb54371a|run1,4,-1,harmful,early,39,511,0/4,0,0,0,0
prm-bf052d7ceb54371a,problem-d95c31385ad98554,2,prm-bf052d7ceb54371a|run2,4,-1,harmful,early,39,511,0/4,0,0,0,0
prm-bf052d7ceb54371a,problem-d95c31385ad98554,3,prm-bf052d7ceb54371a|run3,4,-1,harmful,early,39,511,0/4,0,0,0,0
prm-bf052d7ceb54371a,problem-d95c31385ad98554,4,prm-bf052d7ceb54371a|run4,4,-1,harmful,early,39,511,0/4,0,1,0,1
prm-85d7c7d738bdc28f,problem-6fe518888bc76580,1,prm-85d7c7d738bdc28f|run1,3,0,redundant,middle,34,973,4/4,1,1,0,0
prm-85d7c7d738bdc28f,problem-6fe518888bc76580,2,prm-85d7c7d738bdc28f|run2,3,0,redundant,middle,34,973,4/4,1,1,0,0
prm-85d7c7d738bdc28f,problem-6fe518888bc76580,3,prm-85d7c7d738bdc28f|run3,3,0,redundant,middle,34,973,4/4,1,1,0,0
prm-85d7c7d738bdc28f,problem-6fe518888bc76580,4,prm-85d7c7d738bdc28f|run4,3,0,redundant,middle,34,973,4/4,1,1,0,0
prm-4e116a81462e9a1c,problem-9f3b9f8d7ae2958e,1,prm-4e116a81462e9a1c|run1,2,-1,harmful,middle,55,450,0/4,0,1,0,1
prm-4e116a81462e9a1c,problem-9f3b9f8d7ae2958e,2,prm-4e116a81462e9a1c|run2,2,-1,harmful,middle,55,450,0/4,0,1,0,1
prm-4e116a81462e9a1c,problem-9f3b9f8d7ae2958e,3,prm-4e116a81462e9a1c|run3,2,-1,harmful,middle,55,450,0/4,0,1,0,1
prm-4e116a81462e9a1c,problem-9f3b9f8d7ae2958e,4,prm-4e116a81462e9a1c|run4,2,-1,harmful,middle,55,450,0/4,0,1,0,1
prm-f06f20e73957e088,problem-4aec4eb79c20b809,1,prm-f06f20e73957e088|run1,4,1,essential,middle,63,567,4/4,1,1,0,0
prm-f06f20e73957e088,problem-4aec4eb79c20b809,2,prm-f06f20e73957e088|run2,4,1,essential,middle,63,567,4/4,1,1,0,0
prm-f06f20e73957e088,problem-4aec4eb79c20b809,3,prm-f06f20e73957e088|run3,4,1,essential,middle,63,567,4/4,1,1,0,0
prm-f06f20e73957e088,problem-4aec4eb79c20b809,4,prm-f06f20e73957e088|run4,4,1,essential,middle,63,567,4/4,1,1,0,0
prm-f59567dc389816f6,problem-4090b3789beffe72,1,prm-f59567dc389816f6|run1,4,-1,harmful,early,132,420,0/4,0,0,0,0
prm-f59567dc389816f6,problem-4090b3789beffe72,2,prm-f59567dc389816f6|run2,4,-1,harmful,early,132,420,0/4,0,0,0,0
prm-f59567dc389816f6,problem-4090b3789beffe72,3,prm-f59567dc389816f6|run3,4,-1,harmful,early,132,420,0/4,0,0,0,0
prm-f59567dc389816f6,problem-4090b3789beffe72,4,prm-f59567dc389816f6|run4,4,-1,harmful,early,132,420,0/4,0,0,0,0
prm-a7a5bc91e1e562b3,problem-c4f4fd84bb522f70,1,prm-a7a5bc91e1e562b3|run1,2,0,redundant,middle,26,419,4/4,1,1,0,0
prm-a7a5bc91e1e562b3,problem-c4f4fd84bb522f70,2,prm-a7a5bc91e1e562b3|run2,2,0,redundant,middle,26,419,4/4,1,1,0,0
prm-a7a5bc91e1e562b3,problem-c4f4fd84bb522f70,3,prm-a7a5bc91e1e562b3|run3,2,0,redundant,middle,26,419,4/4,1,1,0,0
prm-a7a5bc91e1e562b3,problem-c4f4fd84bb522f70,4,prm-a7a5bc91e1e562b3|run4,2,0,redundant,middle,26,419,4/4,1,1,0,0
prm-c03abfd4982e0b4e,problem-4c1c2d962a0e65a5,1,prm-c03abfd4982e0b4e|run1,0,-1,harmful,middle,22,505,0/4,0,1,0,1
prm-c03abfd4982e0b4e,problem-4c1c2d962a0e65a5,2,prm-c03abfd4982e0b4e|run2,0,-1,harmful,middle,22,505,0/4,0,1,0,1
prm-c03abfd4982e0b4e,problem-4c1c2d962a0e65a5,3,prm-c03abfd4982e0b4e|run3,0,-1,harmful,middle,22,505,0/4,0,1,0,1
prm-c03abfd4982e0b4e,problem-4c1c2d962a0e65a5,4,prm-c03abfd4982e0b4e|run4,0,-1,harmful,middle,22,505,0/4,0,1,0,1
prm-9f8de872e85deb1c,problem-45e5f7656e796fc9,1,prm-9f8de872e85deb1c|run1,3,1,essential,late,32,654,4/4,1,1,0,0
prm-9f8de872e85deb1c,problem-45e5f7656e796fc9,2,prm-9f8de872e85deb1c|run2,3,1,essential,late,32,654,4/4,1,1,0,0
prm-9f8de872e85deb1c,problem-45e5f7656e796fc9,3,prm-9f8de872e85deb1c|run3,3,1,essential,late,32,654,4/4,1,1,0,0
prm-9f8de872e85deb1c,problem-45e5f7656e796fc9,4,prm-9f8de872e85deb1c|run4,3,1,essential,late,32,654,4/4,1,1,0,0
prm-39445cabc3c247f3,problem-89f1d351159d3b1e,1,prm-39445cabc3c247f3|run1,2,-1,harmful,late,34,1108,0/4,0,0,0,0
prm-39445cabc3c247f3,problem-89f1d351159d3b1e,2,prm-39445cabc3c247f3|run2,2,-1,harmful,late,34,1108,0/4,0,0,0,0
prm-39445cabc3c247f3,problem-89f1d351159d3b1e,3,prm-39445cabc3c247f3|run3,2,-1,harmful,late,34,1108,0/4,0,0,0,0
prm-39445cabc3c247f3,problem-89f1d351159d3b1e,4,prm-39445cabc3c247f3|run4,2,-1,harmful,late,34,1108,0/4,0,0,0,0
prm-08ffb439fa587578,problem-1e70b4456ea54b6e,1,prm-08ffb439fa587578|run1,1,1,essential,middle,33,511,4/4,1,1,0,0
prm-08ffb439fa587578,problem-1e70b4456ea54b6e,2,prm-08ffb439fa587578|run2,1,1,essential,middle,33,511,4/4,1,1,0,0
prm-08ffb439fa587578,problem-1e70b4456ea54b6e,3,prm-08ffb439fa587578|run3,1,1,essential,middle,33,511,4/4,1,1,0,0
prm-08ffb439fa587578,problem-1e70b4456ea54b6e,4,prm-08ffb439fa587578|run4,1,1,essential,middle,33,511,4/4,1,1,0,0
prm-94b3b2909358d23e,problem-48e7b5d5a1bb68e8,1,prm-94b3b2909358d23e|run1,3,1,redundant,early,20,417,4/4,1,1,0,0
prm-94b3b2909358d23e,problem-48e7b5d5a1bb68e8,2,prm-94b3b2909358d23e|run2,3,1,redundant,early,20,417,4/4,1,1,0,0
prm-94b3b2909358d23e,problem-48e7b5d5a1bb68e8,3,prm-94b3b2909358d23e|run3,3,1,redundant,early,20,417,4/4,1,1,0,0
prm-94b3b2909358d23e,problem-48e7b5d5a1bb68e8,4,prm-94b3b2909358d23e|run4,3,1,redundant,early,20,417,4/4,1,1,0,0
prm-e4f8aa072f5528f6,problem-a3f40663ba19390b,1,prm-e4f8aa072f5528f6|run1,3,1,redundant,early,22,402,0/4,0,1,0,1
prm-e4f8aa072f5528f6,problem-a3f40663ba19390b,2,prm-e4f8aa072f5528f6|run2,3,1,redundant,early,22,402,0/4,0,1,0,1
prm-e4f8aa072f5528f6,problem-a3f40663ba19390b,3,prm-e4f8aa072f5528f6|run3,3,1,redundant,early,22,402,0/4,0,1,0,1
prm-e4f8aa072f5528f6,problem-a3f40663ba19390b,4,prm-e4f8aa072f5528f6|run4,3,1,redundant,early,22,402,0/4,0,1,0,1
prm-b59d428fdeb2db81,problem-ecdad8d7b2a1a133,1,prm-b59d428fdeb2db81|run1,1,1,essential,late,26,491,4/4,1,1,0,0
prm-b59d428fdeb2db81,problem-ecdad8d7b2a1a133,2,prm-b59d428fdeb2db81|run2,1,1,essential,late,26,491,4/4,1,1,0,0
prm-b59d428fdeb2db81,problem-ecdad8d7b2a1a133,3,prm-b59d428fdeb2db81|run3,1,1,essential,late,26,491,4/4,1,0,1,0
prm-b59d428fdeb2db81,problem-ecdad8d7b2a1a133,4,prm-b59d428fdeb2db81|run4,1,1,essential,late,26,491,4/4,1,1,0,0
prm-69589edd55211e2d,problem-5b29870e6b483cee,1,prm-69589edd55211e2d|run1,2,1,redundant,early,39,284,4/4,1,1,0,0
prm-69589edd55211e2d,problem-5b29870e6b483cee,2,prm-69589edd55211e2d|run2,2,1,redundant,early,39,284,4/4,1,1,0,0
prm-69589edd55211e2d,problem-5b29870e6b483cee,3,prm-69589edd55211e2d|run3,2,1,redundant,early,39,284,4/4,1,1,0,0
prm-69589edd55211e2d,problem-5b29870e6b483cee,4,prm-69589edd55211e2d|run4,2,1,redundant,early,39,284,4/4,1,1,0,0
prm-ca8fbd8bc5e76268,problem-3cd65d338d7fdcc9,1,prm-ca8fbd8bc5e76268|run1,2,1,essential,early,51,357,0/4,0,0,0,0
prm-ca8fbd8bc5e76268,problem-3cd65d338d7fdcc9,2,prm-ca8fbd8bc5e76268|run2,2,1,essential,early,51,357,0/4,0,0,0,0
prm-ca8fbd8bc5e76268,problem-3cd65d338d7fdcc9,3,prm-ca8fbd8bc5e76268|run3,2,1,essential,early,51,357,0/4,0,0,0,0
prm-ca8fbd8bc5e76268,problem-3cd65d338d7fdcc9,4,prm-ca8fbd8bc5e76268|run4,2,1,essential,early,51,357,0/4,0,0,0,0
prm-a0bf5d5817e64ebf,problem-e8bbc51e4f0cedba,1,prm-a0bf5d5817e64ebf|run1,0,1,essential,late,39,807,4/4,1,1,0,0
prm-a0bf5d5817e64ebf,problem-e8bbc51e4f0cedba,2,prm-a0bf5d5817e64ebf|run2,0,1,essential,late,39,807,4/4,1,1,0,0
prm-a0bf5d5817e64ebf,problem-e8bbc51e4f0cedba,3,prm-a0bf5d5817e64ebf|run3,0,1,essential,late,39,807,4/4,1,1,0,0
prm-a0bf5d5817e64ebf,problem-e8bbc51e4f0cedba,4,prm-a0bf5d5817e64ebf|run4,0,1,essential,late,39,807,4/4,1,1,0,0
prm-e742e4e78ed351e6,problem-af2fadb634c99ff9,1,prm-e742e4e78ed351e6|run1,2,-1,essential,middle,39,363,0/4,0,0,0,0
prm-e742e4e78ed351e6,problem-af2fadb634c99ff9,2,prm-e742e4e78ed351e6|run2,2,-1,essential,middle,39,363,0/4,0,0,0,0
prm-e742e4e78ed351e6,problem-af2fadb634c99ff9,3,prm-e742e4e78ed351e6|run3,2,-1,essential,middle,39,363,0/4,0,0,0,0
prm-e742e4e78ed351e6,problem-af2fadb634c99ff9,4,prm-e742e4e78ed351e6|run4,2,-1,essential,middle,39,363,0/4,0,0,0,0
prm-2e47da03eaad232d,problem-c16492850cbf8813,1,prm-2e47da03eaad232d|run1,3,0,redundant,early,40,374,3/4,0,1,0,1
prm-2e47da03eaad232d,problem-c16492850cbf8813,2,prm-2e47da03eaad232d|run2,3,0,redundant,early,40,374,3/4,1,1,0,0
prm-2e47da03eaad232d,problem-c16492850cbf8813,3,prm-2e47da03eaad232d|run3,3,0,redundant,early,40,374,3/4,1,1,0,0
prm-2e47da03eaad232d,problem-c16492850cbf8813,4,prm-2e47da03eaad232d|run4,3,0,redundant,early,40,374,3/4,1,1,0,0
prm-a1fd67bb0e47eb99,problem-a03b6b4ae366f630,1,prm-a1fd67bb0e47eb99|run1,1,0,harmful,late,50,399,4/4,1,1,0,0
prm-a1fd67bb0e47eb99,problem-a03b6b4ae366f630,2,prm-a1fd67bb0e47eb99|run2,1,0,harmful,late,50,399,4/4,1,1,0,0
prm-a1fd67bb0e47eb99,problem-a03b6b4ae366f630,3,prm-a1fd67bb0e47eb99|run3,1,0,harmful,late,50,399,4/4,1,1,0,0
prm-a1fd67bb0e47eb99,problem-a03b6b4ae366f630,4,prm-a1fd67bb0e47eb99|run4,1,0,harmful,late,50,399,4/4,1,1,0,0
prm-729feeaa6d7fd49e,problem-1d11f9ffbe4eb325,1,prm-729feeaa6d7fd49e|run1,1,1,essential,middle,43,671,4/4,1,0,1,0
prm-729feeaa6d7fd49e,problem-1d11f9ffbe4eb325,2,prm-729feeaa6d7fd49e|run2,1,1,essential,middle,43,671,4/4,1,0,1,0
prm-729feeaa6d7fd49e,problem-1d11f9ffbe4eb325,3,prm-729feeaa6d7fd49e|run3,1,1,essential,middle,43,671,4/4,1,0,1,0
prm-729feeaa6d7fd49e,problem-1d11f9ffbe4eb325,4,prm-729feeaa6d7fd49e|run4,1,1,essential,middle,43,671,4/4,1,0,1,0
prm-4d106f224c1f1477,problem-9762de06228ca9c9,1,prm-4d106f224c1f1477|run1,3,0,redundant,middle,47,532,4/4,1,1,0,0
prm-4d106f224c1f1477,problem-9762de06228ca9c9,2,prm-4d106f224c1f1477|run2,3,0,redundant,middle,47,532,4/4,1,1,0,0
prm-4d106f224c1f1477,problem-9762de06228ca9c9,3,prm-4d106f224c1f1477|run3,3,0,redundant,middle,47,532,4/4,1,1,0,0
prm-4d106f224c1f1477,problem-9762de06228ca9c9,4,prm-4d106f224c1f1477|run4,3,0,redundant,middle,47,532,4/4,1,1,0,0
prm-e2765e9155dae75b,problem-5df990bd825bcc70,1,prm-e2765e9155dae75b|run1,4,1,essential,early,41,308,4/4,1,1,0,0
prm-e2765e9155dae75b,problem-5df990bd825bcc70,2,prm-e2765e9155dae75b|run2,4,1,essential,early,41,308,4/4,1,0,1,0
prm-e2765e9155dae75b,problem-5df990bd825bcc70,3,prm-e2765e9155dae75b|run3,4,1,essential,early,41,308,4/4,1,1,0,0
prm-e2765e9155dae75b,problem-5df990bd825bcc70,4,prm-e2765e9155dae75b|run4,4,1,essential,early,41,308,4/4,1,0,1,0
prm-85a91c7360442cec,problem-3b95366916efe8e8,1,prm-85a91c7360442cec|run1,4,-1,harmful,middle,13,457,0/4,0,0,0,0
prm-85a91c7360442cec,problem-3b95366916efe8e8,2,prm-85a91c7360442cec|run2,4,-1,harmful,middle,13,457,0/4,0,0,0,0
prm-85a91c7360442cec,problem-3b95366916efe8e8,3,prm-85a91c7360442cec|run3,4,-1,harmful,middle,13,457,0/4,0,0,0,0
prm-85a91c7360442cec,problem-3b95366916efe8e8,4,prm-85a91c7360442cec|run4,4,-1,harmful,middle,13,457,0/4,0,0,0,0
prm-685fe7b1359fce4f,problem-4bf09b4453a890ca,1,prm-685fe7b1359fce4f|run1,2,1,redundant,middle,18,431,4/4,1,1,0,0
prm-685fe7b1359fce4f,problem-4bf09b4453a890ca,2,prm-685fe7b1359fce4f|run2,2,1,redundant,middle,18,431,4/4,1,1,0,0
prm-685fe7b1359fce4f,problem-4bf09b4453a890ca,3,prm-685fe7b1359fce4f|run3,2,1,redundant,middle,18,431,4/4,1,1,0,0
prm-685fe7b1359fce4f,problem-4bf09b4453a890ca,4,prm-685fe7b1359fce4f|run4,2,1,redundant,middle,18,431,4/4,1,1,0,0
prm-2694ff7bb4a98ca8,problem-d43b5b59260aea9d,1,prm-2694ff7bb4a98ca8|run1,2,0,redundant,early,26,296,4/4,1,1,0,0
prm-2694ff7bb4a98ca8,problem-d43b5b59260aea9d,2,prm-2694ff7bb4a98ca8|run2,2,0,redundant,early,26,296,4/4,1,1,0,0
prm-2694ff7bb4a98ca8,problem-d43b5b59260aea9d,3,prm-2694ff7bb4a98ca8|run3,2,0,redundant,early,26,296,4/4,1,1,0,0
prm-2694ff7bb4a98ca8,problem-d43b5b59260aea9d,4,prm-2694ff7bb4a98ca8|run4,2,0,redundant,early,26,296,4/4,1,1,0,0
prm-8115590161527562,problem-c4af92bf4d3d000a,1,prm-8115590161527562|run1,3,-1,harmful,early,34,487,0/4,0,0,0,0
prm-8115590161527562,problem-c4af92bf4d3d000a,2,prm-8115590161527562|run2,3,-1,harmful,early,34,487,0/4,0,0,0,0
prm-8115590161527562,problem-c4af92bf4d3d000a,3,prm-8115590161527562|run3,3,-1,harmful,early,34,487,0/4,0,0,0,0
prm-8115590161527562,problem-c4af92bf4d3d000a,4,prm-8115590161527562|run4,3,-1,harmful,early,34,487,0/4,0,0,0,0
prm-21c4281b443f082f,problem-3d1f09ed5cfd53dc,1,prm-21c4281b443f082f|run1,0,1,harmful,early,19,354,4/4,1,1,0,0
prm-21c4281b443f082f,problem-3d1f09ed5cfd53dc,2,prm-21c4281b443f082f|run2,0,1,harmful,early,19,354,4/4,1,0,1,0
prm-21c4281b443f082f,problem-3d1f09ed5cfd53dc,3,prm-21c4281b443f082f|run3,0,1,harmful,early,19,354,4/4,1,0,1,0
prm-21c4281b443f082f,problem-3d1f09ed5cfd53dc,4,prm-21c4281b443f082f|run4,0,1,harmful,early,19,354,4/4,1,1,0,0
prm-c3c805b2888f0c71,problem-ef20b746da9beeb2,1,prm-c3c805b2888f0c71|run1,0,-1,harmful,early,21,290,4/4,1,0,1,0
prm-c3c805b2888f0c71,problem-ef20b746da9beeb2,2,prm-c3c805b2888f0c71|run2,0,-1,harmful,early,21,290,4/4,1,0,1,0
prm-c3c805b2888f0c71,problem-ef20b746da9beeb2,3,prm-c3c805b2888f0c71|run3,0,-1,harmful,early,21,290,4/4,1,0,1,0
prm-c3c805b2888f0c71,problem-ef20b746da9beeb2,4,prm-c3c805b2888f0c71|run4,0,-1,harmful,early,21,290,4/4,1,0,1,0
prm-49db7302a176b729,problem-59b3380466ff1adb,1,prm-49db7302a176b729|run1,1,0,harmful,early,22,282,4/4,1,0,1,0
prm-49db7302a176b729,problem-59b3380466ff1adb,2,prm-49db7302a176b729|run2,1,0,harmful,early,22,282,4/4,1,1,0,0
prm-49db7302a176b729,problem-59b3380466ff1adb,3,prm-49db7302a176b729|run3,1,0,harmful,early,22,282,4/4,1,0,1,0
prm-49db7302a176b729,problem-59b3380466ff1adb,4,prm-49db7302a176b729|run4,1,0,harmful,early,22,282,4/4,1,1,0,0
prm-9d7450aa50a1cc3f,problem-25b30ae82b7937f0,1,prm-9d7450aa50a1cc3f|run1,2,-1,harmful,middle,48,493,4/4,1,1,0,0
prm-9d7450aa50a1cc3f,problem-25b30ae82b7937f0,2,prm-9d7450aa50a1cc3f|run2,2,-1,harmful,middle,48,493,4/4,1,1,0,0
prm-9d7450aa50a1cc3f,problem-25b30ae82b7937f0,3,prm-9d7450aa50a1cc3f|run3,2,-1,harmful,middle,48,493,4/4,1,1,0,0
prm-9d7450aa50a1cc3f,problem-25b30ae82b7937f0,4,prm-9d7450aa50a1cc3f|run4,2,-1,harmful,middle,48,493,4/4,1,1,0,0
prm-24a570f07e4ce807,problem-c0364fc64487e4ec,1,prm-24a570f07e4ce807|run1,0,1,redundant,late,24,661,4/4,1,0,1,0
prm-24a570f07e4ce807,problem-c0364fc64487e4ec,2,prm-24a570f07e4ce807|run2,0,1,redundant,late,24,661,4/4,1,1,0,0
prm-24a570f07e4ce807,problem-c0364fc64487e4ec,3,prm-24a570f07e4ce807|run3,0,1,redundant,late,24,661,4/4,1,0,1,0
prm-24a570f07e4ce807,problem-c0364fc64487e4ec,4,prm-24a570f07e4ce807|run4,0,1,redundant,late,24,661,4/4,1,0,1,0
prm-f28e06b3ccb9dfd8,problem-4e48831b718f7ba2,1,prm-f28e06b3ccb9dfd8|run1,4,1,redundant,early,44,383,0/4,0,0,0,0
prm-f28e06b3ccb9dfd8,problem-4e48831b718f7ba2,2,prm-f28e06b3ccb9dfd8|run2,4,1,redundant,early,44,383,0/4,0,0,0,0
prm-f28e06b3ccb9dfd8,problem-4e48831b718f7ba2,3,prm-f28e06b3ccb9dfd8|run3,4,1,redundant,early,44,383,0/4,0,0,0,0
prm-f28e06b3ccb9dfd8,problem-4e48831b718f7ba2,4,prm-f28e06b3ccb9dfd8|run4,4,1,redundant,early,44,383,0/4,0,0,0,0
prm-1c1e7874f91737bc,problem-d3823d137562e66d,1,prm-1c1e7874f91737bc|run1,3,-1,harmful,early,62,391,0/4,0,0,0,0
prm-1c1e7874f91737bc,problem-d3823d137562e66d,2,prm-1c1e7874f91737bc|run2,3,-1,harmful,early,62,391,0/4,0,0,0,0
prm-1c1e7874f91737bc,problem-d3823d137562e66d,3,prm-1c1e7874f91737bc|run3,3,-1,harmful,early,62,391,0/4,0,0,0,0
prm-1c1e7874f91737bc,problem-d3823d137562e66d,4,prm-1c1e7874f91737bc|run4,3,-1,harmful,early,62,391,0/4,0,0,0,0
prm-f9aa238ea730d105,problem-9c621effde8b49ca,1,prm-f9aa238ea730d105|run1,2,-1,harmful,late,268,854,0/4,0,0,0,0
prm-f9aa238ea730d105,problem-9c621effde8b49ca,2,prm-f9aa238ea730d105|run2,2,-1,harmful,late,268,854,0/4,0,0,0,0
prm-f9aa238ea730d105,problem-9c621effde8b49ca,3,prm-f9aa238ea730d105|run3,2,-1,harmful,late,268,854,0/4,0,0,0,0
prm-f9aa238ea730d105,problem-9c621effde8b49ca,4,prm-f9aa238ea730d105|run4,2,-1,harmful,late,268,854,0/4,0,0,0,0
prm-2e5c19fc0f94ad0f,problem-6195174aabf201f9,1,prm-2e5c19fc0f94ad0f|run1,4,1,redundant,middle,20,455,2/4,0,1,0,1
prm-2e5c19fc0f94ad0f,problem-6195174aabf201f9,2,prm-2e5c19fc0f94ad0f|run2,4,1,redundant,middle,20,455,2/4,1,1,0,0
prm-2e5c19fc0f94ad0f,problem-6195174aabf201f9,3,prm-2e5c19fc0f94ad0f|run3,4,1,redundant,middle,20,455,2/4,1,1,0,0
prm-2e5c19fc0f94ad0f,problem-6195174aabf201f9,4,prm-2e5c19fc0f94ad0f|run4,4,1,redundant,middle,20,455,2/4,0,1,0,1
prm-b659045eab2bbc92,problem-c4f4fd84bb522f70,1,prm-b659045eab2bbc92|run1,2,0,harmful,early,26,387,4/4,1,1,0,0
prm-b659045eab2bbc92,problem-c4f4fd84bb522f70,2,prm-b659045eab2bbc92|run2,2,0,harmful,early,26,387,4/4,1,1,0,0
prm-b659045eab2bbc92,problem-c4f4fd84bb522f70,3,prm-b659045eab2bbc92|run3,2,0,harmful,early,26,387,4/4,1,1,0,0
prm-b659045eab2bbc92,problem-c4f4fd84bb522f70,4,prm-b659045eab2bbc92|run4,2,0,harmful,early,26,387,4/4,1,1,0,0
prm-579dd704ce645be9,problem-b5dc33c4111f2507,1,prm-579dd704ce645be9|run1,2,-1,harmful,middle,29,507,0/4,0,0,0,0
prm-579dd704ce645be9,problem-b5dc33c4111f2507,2,prm-579dd704ce645be9|run2,2,-1,harmful,middle,29,507,0/4,0,0,0,0
prm-579dd704ce645be9,problem-b5dc33c4111f2507,3,prm-579dd704ce645be9|run3,2,-1,harmful,middle,29,507,0/4,0,0,0,0
prm-579dd704ce645be9,problem-b5dc33c4111f2507,4,prm-579dd704ce645be9|run4,2,-1,harmful,middle,29,507,0/4,0,0,0,0
prm-42aea905c1b49570,problem-e560d5cf6d3fecc5,1,prm-42aea905c1b49570|run1,0,0,redundant,middle,44,601,4/4,1,1,0,0
prm-42aea905c1b49570,problem-e560d5cf6d3fecc5,2,prm-42aea905c1b49570|run2,0,0,redundant,middle,44,601,4/4,1,1,0,0
prm-42aea905c1b49570,problem-e560d5cf6d3fecc5,3,prm-42aea905c1b49570|run3,0,0,redundant,middle,44,601,4/4,1,1,0,0
prm-42aea905c1b49570,problem-e560d5cf6d3fecc5,4,prm-42aea905c1b49570|run4,0,0,redundant,middle,44,601,4/4,1,1,0,0
prm-db5fb9c45b89211e,problem-e86aeb48607d14cf,1,prm-db5fb9c45b89211e|run1,4,1,essential,middle,24,580,4/4,1,0,1,0
prm-db5fb9c45b89211e,problem-e86aeb48607d14cf,2,prm-db5fb9c45b89211e|run2,4,1,essential,middle,24,580,4/4,1,0,1,0
prm-db5fb9c45b89211e,problem-e86aeb48607d14cf,3,prm-db5fb9c45b89211e|run3,4,1,essential,middle,24,580,4/4,1,0,1,0
prm-db5fb9c45b89211e,problem-e86aeb48607d14cf,4,prm-db5fb9c45b89211e|run4,4,1,essential,middle,24,580,4/4,1,0,1,0
prm-b1b1d1fed6ca6e88,problem-88bd1d429ff4da88,1,prm-b1b1d1fed6ca6e88|run1,3,0,redundant,early,40,498,0/4,0,0,0,0
prm-b1b1d1fed6ca6e88,problem-88bd1d429ff4da88,2,prm-b1b1d1fed6ca6e88|run2,3,0,redundant,early,40,498,0/4,0,0,0,0
prm-b1b1d1fed6ca6e88,problem-88bd1d429ff4da88,3,prm-b1b1d1fed6ca6e88|run3,3,0,redundant,early,40,498,0/4,0,0,0,0
prm-b1b1d1fed6ca6e88,problem-88bd1d429ff4da88,4,prm-b1b1d1fed6ca6e88|run4,3,0,redundant,early,40,498,0/4,0,0,0,0
prm-e165ab188607be7d,problem-137a333dfafa51d5,1,prm-e165ab188607be7d|run1,1,-1,essential,early,31,456,0/4,0,0,0,0
prm-e165ab188607be7d,problem-137a333dfafa51d5,2,prm-e165ab188607be7d|run2,1,-1,essential,early,31,456,0/4,0,0,0,0
prm-e165ab188607be7d,problem-137a333dfafa51d5,3,prm-e165ab188607be7d|run3,1,-1,essential,early,31,456,0/4,0,0,0,0
prm-e165ab188607be7d,problem-137a333dfafa51d5,4,prm-e165ab188607be7d|run4,1,-1,essential,early,31,456,0/4,0,0,0,0
prm-a17bb33b5cced852,problem-dd48d65e326606be,1,prm-a17bb33b5cced852|run1,1,1,redundant,late,73,592,4/4,1,1,0,0
prm-a17bb33b5cced852,problem-dd48d65e326606be,2,prm-a17bb33b5cced852|run2,1,1,redundant,late,73,592,4/4,1,1,0,0
prm-a17bb33b5cced852,problem-dd48d65e326606be,3,prm-a17bb33b5cced852|run3,1,1,redundant,late,73,592,4/4,1,1,0,0
prm-a17bb33b5cced852,problem-dd48d65e326606be,4,prm-a17bb33b5cced852|run4,1,1,redundant,late,73,592,4/4,1,1,0,0
prm-57b082ca295d4211,problem-9855ca472cb26c0b,1,prm-57b082ca295d4211|run1,0,0,redundant,late,12,596,4/4,1,1,0,0
prm-57b082ca295d4211,problem-9855ca472cb26c0b,2,prm-57b082ca295d4211|run2,0,0,redundant,late,12,596,4/4,1,1,0,0
prm-57b082ca295d4211,problem-9855ca472cb26c0b,3,prm-57b082ca295d4211|run3,0,0,redundant,late,12,596,4/4,1,1,0,0
prm-57b082ca295d4211,problem-9855ca472cb26c0b,4,prm-57b082ca295d4211|run4,0,0,redundant,late,12,596,4/4,1,1,0,0
prm-67c15cd755da8374,problem-59930f06199891a2,1,prm-67c15cd755da8374|run1,3,1,essential,early,13,484,4/4,1,1,0,0
prm-67c15cd755da8374,problem-59930f06199891a2,2,prm-67c15cd755da8374|run2,3,1,essential,early,13,484,4/4,1,1,0,0
prm-67c15cd755da8374,problem-59930f06199891a2,3,prm-67c15cd755da8374|run3,3,1,essential,early,13,484,4/4,1,1,0,0
prm-67c15cd755da8374,problem-59930f06199891a2,4,prm-67c15cd755da8374|run4,3,1,essential,early,13,484,4/4,1,1,0,0
prm-0c1ebea011e80ccd,problem-21b63c00bc0a7ef6,1,prm-0c1ebea011e80ccd|run1,1,-1,harmful,middle,17,463,0/4,0,1,0,1
prm-0c1ebea011e80ccd,problem-21b63c00bc0a7ef6,2,prm-0c1ebea011e80ccd|run2,1,-1,harmful,middle,17,463,0/4,0,1,0,1
prm-0c1ebea011e80ccd,problem-21b63c00bc0a7ef6,3,prm-0c1ebea011e80ccd|run3,1,-1,harmful,middle,17,463,0/4,0,1,0,1
prm-0c1ebea011e80ccd,problem-21b63c00bc0a7ef6,4,prm-0c1ebea011e80ccd|run4,1,-1,harmful,middle,17,463,0/4,0,1,0,1
prm-b2a4ce5f01127d75,problem-25b30ae82b7937f0,1,prm-b2a4ce5f01127d75|run1,2,1,redundant,late,23,418,4/4,1,1,0,0
prm-b2a4ce5f01127d75,problem-25b30ae82b7937f0,2,prm-b2a4ce5f01127d75|run2,2,1,redundant,late,23,418,4/4,1,1,0,0
prm-b2a4ce5f01127d75,problem-25b30ae82b7937f0,3,prm-b2a4ce5f01127d75|run3,2,1,redundant,late,23,418,4/4,1,1,0,0
prm-b2a4ce5f01127d75,problem-25b30ae82b7937f0,4,prm-b2a4ce5f01127d75|run4,2,1,redundant,late,23,418,4/4,1,1,0,0
prm-e8da447d3e7aeca5,problem-87cc54d7f4f149ba,1,prm-e8da447d3e7aeca5|run1,4,-1,harmful,early,36,576,0/4,0,0,0,0
prm-e8da447d3e7aeca5,problem-87cc54d7f4f149ba,2,prm-e8da447d3e7aeca5|run2,4,-1,harmful,early,36,576,0/4,0,0,0,0
prm-e8da447d3e7aeca5,problem-87cc54d7f4f149ba,3,prm-e8da447d3e7aeca5|run3,4,-1,harmful,early,36,576,0/4,0,0,0,0
prm-e8da447d3e7aeca5,problem-87cc54d7f4f149ba,4,prm-e8da447d3e7aeca5|run4,4,-1,harmful,early,36,576,0/4,0,0,0,0
prm-56f31f0da676983f,problem-45d2328486552db2,1,prm-56f31f0da676983f|run1,1,-1,harmful,middle,61,553,0/4,0,0,0,0
prm-56f31f0da676983f,problem-45d2328486552db2,2,prm-56f31f0da676983f|run2,1,-1,harmful,middle,61,553,0/4,0,1,0,1
prm-56f31f0da676983f,problem-45d2328486552db2,3,prm-56f31f0da676983f|run3,1,-1,harmful,middle,61,553,0/4,0,1,0,1
prm-56f31f0da676983f,problem-45d2328486552db2,4,prm-56f31f0da676983f|run4,1,-1,harmful,middle,61,553,0/4,0,1,0,1
prm-1988846108e0f682,problem-4e48831b718f7ba2,1,prm-1988846108e0f682|run1,4,0,essential,early,40,385,0/4,0,0,0,0
prm-1988846108e0f682,problem-4e48831b718f7ba2,2,prm-1988846108e0f682|run2,4,0,essential,early,40,385,0/4,0,0,0,0
prm-1988846108e0f682,problem-4e48831b718f7ba2,3,prm-1988846108e0f682|run3,4,0,essential,early,40,385,0/4,0,0,0,0
prm-1988846108e0f682,problem-4e48831b718f7ba2,4,prm-1988846108e0f682|run4,4,0,essential,early,40,385,0/4,0,0,0,0
prm-1363a310736c9808,problem-0df325974e409586,1,prm-1363a310736c9808|run1,4,-1,harmful,early,47,472,0/4,0,0,0,0
prm-1363a310736c9808,problem-0df325974e409586,2,prm-1363a310736c9808|run2,4,-1,harmful,early,47,472,0/4,0,0,0,0
prm-1363a310736c9808,problem-0df325974e409586,3,prm-1363a310736c9808|run3,4,-1,harmful,early,47,472,0/4,0,0,0,0
prm-1363a310736c9808,problem-0df325974e409586,4,prm-1363a310736c9808|run4,4,-1,harmful,early,47,472,0/4,0,0,0,0
prm-1ef2f094b18fa4d5,problem-9f3b9f8d7ae2958e,1,prm-1ef2f094b18fa4d5|run1,2,-1,harmful,early,28,295,4/4,1,1,0,0
prm-1ef2f094b18fa4d5,problem-9f3b9f8d7ae2958e,2,prm-1ef2f094b18fa4d5|run2,2,-1,harmful,early,28,295,4/4,1,1,0,0
prm-1ef2f094b18fa4d5,problem-9f3b9f8d7ae2958e,3,prm-1ef2f094b18fa4d5|run3,2,-1,harmful,early,28,295,4/4,1,1,0,0
prm-1ef2f094b18fa4d5,problem-9f3b9f8d7ae2958e,4,prm-1ef2f094b18fa4d5|run4,2,-1,harmful,early,28,295,4/4,1,1,0,0
prm-b4ce181080c6935d,problem-50d8fc4d7e16382c,1,prm-b4ce181080c6935d|run1,4,-1,redundant,middle,15,569,3/4,1,0,1,0
prm-b4ce181080c6935d,problem-50d8fc4d7e16382c,2,prm-b4ce181080c6935d|run2,4,-1,redundant,middle,15,569,3/4,0,0,0,0
prm-b4ce181080c6935d,problem-50d8fc4d7e16382c,3,prm-b4ce181080c6935d|run3,4,-1,redundant,middle,15,569,3/4,1,1,0,0
prm-b4ce181080c6935d,problem-50d8fc4d7e16382c,4,prm-b4ce181080c6935d|run4,4,-1,redundant,middle,15,569,3/4,1,1,0,0
prm-e5218a9b5d49ef04,problem-44174d8b3df5f07b,1,prm-e5218a9b5d49ef04|run1,1,-1,harmful,early,32,310,0/4,0,1,0,1
prm-e5218a9b5d49ef04,problem-44174d8b3df5f07b,2,prm-e5218a9b5d49ef04|run2,1,-1,harmful,early,32,310,0/4,0,0,0,0
prm-e5218a9b5d49ef04,problem-44174d8b3df5f07b,3,prm-e5218a9b5d49ef04|run3,1,-1,harmful,early,32,310,0/4,0,1,0,1
prm-e5218a9b5d49ef04,problem-44174d8b3df5f07b,4,prm-e5218a9b5d49ef04|run4,1,-1,harmful,early,32,310,0/4,0,1,0,1
prm-934ae181dbf1e5d6,problem-e670b2f65bcd4b8c,1,prm-934ae181dbf1e5d6|run1,2,-1,harmful,late,20,386,4/4,1,1,0,0
prm-934ae181dbf1e5d6,problem-e670b2f65bcd4b8c,2,prm-934ae181dbf1e5d6|run2,2,-1,harmful,late,20,386,4/4,1,1,0,0
prm-934ae181dbf1e5d6,problem-e670b2f65bcd4b8c,3,prm-934ae181dbf1e5d6|run3,2,-1,harmful,late,20,386,4/4,1,1,0,0
prm-934ae181dbf1e5d6,problem-e670b2f65bcd4b8c,4,prm-934ae181dbf1e5d6|run4,2,-1,harmful,late,20,386,4/4,1,1,0,0
prm-4a41ea6ca0473740,problem-5a8c50102096a59a,1,prm-4a41ea6ca0473740|run1,0,0,redundant,late,35,1229,0/4,0,1,0,1
prm-4a41ea6ca0473740,problem-5a8c50102096a59a,2,prm-4a41ea6ca0473740|run2,0,0,redundant,late,35,1229,0/4,0,0,0,0
prm-4a41ea6ca0473740,problem-5a8c50102096a59a,3,prm-4a41ea6ca0473740|run3,0,0,redundant,late,35,1229,0/4,0,0,0,0
prm-4a41ea6ca0473740,problem-5a8c50102096a59a,4,prm-4a41ea6ca0473740|run4,0,0,redundant,late,35,1229,0/4,0,0,0,0
prm-df9bfb129e27eea5,problem-c09864a50ddd773b,1,prm-df9bfb129e27eea5|run1,3,0,harmful,middle,41,633,4/4,1,1,0,0
prm-df9bfb129e27eea5,problem-c09864a50ddd773b,2,prm-df9bfb129e27eea5|run2,3,0,harmful,middle,41,633,4/4,1,1,0,0
prm-df9bfb129e27eea5,problem-c09864a50ddd773b,3,prm-df9bfb129e27eea5|run3,3,0,harmful,middle,41,633,4/4,1,1,0,0
prm-df9bfb129e27eea5,problem-c09864a50ddd773b,4,prm-df9bfb129e27eea5|run4,3,0,harmful,middle,41,633,4/4,1,1,0,0
prm-cfbe55fef530eeea,problem-af2fadb634c99ff9,1,prm-cfbe55fef530eeea|run1,2,1,essential,early,54,393,4/4,1,1,0,0
prm-cfbe55fef530eeea,problem-af2fadb634c99ff9,2,prm-cfbe55fef530eeea|run2,2,1,essential,early,54,393,4/4,1,1,0,0
prm-cfbe55fef530eeea,problem-af2fadb634c99ff9,3,prm-cfbe55fef530eeea|run3,2,1,essential,early,54,393,4/4,1,1,0,0
prm-cfbe55fef530eeea,problem-af2fadb634c99ff9,4,prm-cfbe55fef530eeea|run4,2,1,essential,early,54,393,4/4,1,1,0,0
prm-c5d23e135f1567c3,problem-86dafa426d0346e1,1,prm-c5d23e135f1567c3|run1,0,-1,harmful,middle,158,390,0/4,0,0,0,0
prm-c5d23e135f1567c3,problem-86dafa426d0346e1,2,prm-c5d23e135f1567c3|run2,0,-1,harmful,middle,158,390,0/4,0,0,0,0
prm-c5d23e135f1567c3,problem-86dafa426d0346e1,3,prm-c5d23e135f1567c3|run3,0,-1,harmful,middle,158,390,0/4,0,0,0,0
prm-c5d23e135f1567c3,problem-86dafa426d0346e1,4,prm-c5d23e135f1567c3|run4,0,-1,harmful,middle,158,390,0/4,0,0,0,0
prm-17ba4f9e4d89154f,problem-e8bbc51e4f0cedba,1,prm-17ba4f9e4d89154f|run1,0,-1,harmful,late,17,867,0/4,0,1,0,1
prm-17ba4f9e4d89154f,problem-e8bbc51e4f0cedba,2,prm-17ba4f9e4d89154f|run2,0,-1,harmful,late,17,867,0/4,0,1,0,1
prm-17ba4f9e4d89154f,problem-e8bbc51e4f0cedba,3,prm-17ba4f9e4d89154f|run3,0,-1,harmful,late,17,867,0/4,0,1,0,1
prm-17ba4f9e4d89154f,problem-e8bbc51e4f0cedba,4,prm-17ba4f9e4d89154f|run4,0,-1,harmful,late,17,867,0/4,0,1,0,1
prm-6a5663499dcdfb6e,problem-de2d1c474b9ee450,1,prm-6a5663499dcdfb6e|run1,1,1,essential,early,30,362,3/4,0,1,0,1
prm-6a5663499dcdfb6e,problem-de2d1c474b9ee450,2,prm-6a5663499dcdfb6e|run2,1,1,essential,early,30,362,3/4,1,1,0,0
prm-6a5663499dcdfb6e,problem-de2d1c474b9ee450,3,prm-6a5663499dcdfb6e|run3,1,1,essential,early,30,362,3/4,1,1,0,0
prm-6a5663499dcdfb6e,problem-de2d1c474b9ee450,4,prm-6a5663499dcdfb6e|run4,1,1,essential,early,30,362,3/4,1,1,0,0
prm-9e945c5a20713eba,problem-6a73c9a2c1ed843f,1,prm-9e945c5a20713eba|run1,0,0,essential,late,28,581,4/4,1,1,0,0
prm-9e945c5a20713eba,problem-6a73c9a2c1ed843f,2,prm-9e945c5a20713eba|run2,0,0,essential,late,28,581,4/4,1,1,0,0
prm-9e945c5a20713eba,problem-6a73c9a2c1ed843f,3,prm-9e945c5a20713eba|run3,0,0,essential,late,28,581,4/4,1,1,0,0
prm-9e945c5a20713eba,problem-6a73c9a2c1ed843f,4,prm-9e945c5a20713eba|run4,0,0,essential,late,28,581,4/4,1,1,0,0
prm-bf79591055298bcd,problem-d051c7975db227d7,1,prm-bf79591055298bcd|run1,2,-1,harmful,late,51,1033,0/4,0,0,0,0
prm-bf79591055298bcd,problem-d051c7975db227d7,2,prm-bf79591055298bcd|run2,2,-1,harmful,late,51,1033,0/4,0,0,0,0
prm-bf79591055298bcd,problem-d051c7975db227d7,3,prm-bf79591055298bcd|run3,2,-1,harmful,late,51,1033,0/4,0,0,0,0
prm-bf79591055298bcd,problem-d051c7975db227d7,4,prm-bf79591055298bcd|run4,2,-1,harmful,late,51,1033,0/4,0,0,0,0
prm-61fb797f33ef26d1,problem-32c3cda4fa5ff5d1,1,prm-61fb797f33ef26d1|run1,2,-1,harmful,late,18,615,4/4,1,1,0,0
prm-61fb797f33ef26d1,problem-32c3cda4fa5ff5d1,2,prm-61fb797f33ef26d1|run2,2,-1,harmful,late,18,615,4/4,1,1,0,0
prm-61fb797f33ef26d1,problem-32c3cda4fa5ff5d1,3,prm-61fb797f33ef26d1|run3,2,-1,harmful,late,18,615,4/4,1,1,0,0
prm-61fb797f33ef26d1,problem-32c3cda4fa5ff5d1,4,prm-61fb797f33ef26d1|run4,2,-1,harmful,late,18,615,4/4,1,1,0,0
prm-d828d740ba9cd096,problem-ab7e10c4af73c9ed,1,prm-d828d740ba9cd096|run1,1,1,essential,early,18,364,4/4,1,1,0,0
prm-d828d740ba9cd096,problem-ab7e10c4af73c9ed,2,prm-d828d740ba9cd096|run2,1,1,essential,early,18,364,4/4,1,1,0,0
prm-d828d740ba9cd096,problem-ab7e10c4af73c9ed,3,prm-d828d740ba9cd096|run3,1,1,essential,early,18,364,4/4,1,1,0,0
prm-d828d740ba9cd096,problem-ab7e10c4af73c9ed,4,prm-d828d740ba9cd096|run4,1,1,essential,early,18,364,4/4,1,1,0,0
prm-81dd96c2af2f5b96,problem-c26fe5040bbc76a5,1,prm-81dd96c2af2f5b96|run1,2,1,essential,early,72,327,0/4,0,1,0,1
prm-81dd96c2af2f5b96,problem-c26fe5040bbc76a5,2,prm-81dd96c2af2f5b96|run2,2,1,essential,early,72,327,0/4,0,0,0,0
prm-81dd96c2af2f5b96,problem-c26fe5040bbc76a5,3,prm-81dd96c2af2f5b96|run3,2,1,essential,early,72,327,0/4,0,0,0,0
prm-81dd96c2af2f5b96,problem-c26fe5040bbc76a5,4,prm-81dd96c2af2f5b96|run4,2,1,essential,early,72,327,0/4,0,0,0,0
prm-53e6ba65d64de23f,problem-81b70497c6720b0f,1,prm-53e6ba65d64de23f|run1,0,-1,harmful,middle,648,427,0/4,0,0,0,0
prm-53e6ba65d64de23f,problem-81b70497c6720b0f,2,prm-53e6ba65d64de23f|run2,0,-1,harmful,middle,648,427,0/4,0,0,0,0
prm-53e6ba65d64de23f,problem-81b70497c6720b0f,3,prm-53e6ba65d64de23f|run3,0,-1,harmful,middle,648,427,0/4,0,0,0,0
prm-53e6ba65d64de23f,problem-81b70497c6720b0f,4,prm-53e6ba65d64de23f|run4,0,-1,harmful,middle,648,427,0/4,0,0,0,0
prm-569d7cf9abe65f34,problem-2aeafb5e569f94dd,1,prm-569d7cf9abe65f34|run1,2,1,essential,early,35,314,0/4,0,1,0,1
prm-569d7cf9abe65f34,problem-2aeafb5e569f94dd,2,prm-569d7cf9abe65f34|run2,2,1,essential,early,35,314,0/4,0,1,0,1
prm-569d7cf9abe65f34,problem-2aeafb5e569f94dd,3,prm-569d7cf9abe65f34|run3,2,1,essential,early,35,314,0/4,0,1,0,1
prm-569d7cf9abe65f34,problem-2aeafb5e569f94dd,4,prm-569d7cf9abe65f34|run4,2,1,essential,early,35,314,0/4,0,1,0,1
prm-51383cc20140c6d4,problem-0887851f3251fb23,1,prm-51383cc20140c6d4|run1,3,0,redundant,middle,6,494,4/4,1,1,0,0
prm-51383cc20140c6d4,problem-0887851f3251fb23,2,prm-51383cc20140c6d4|run2,3,0,redundant,middle,6,494,4/4,1,1,0,0
prm-51383cc20140c6d4,problem-0887851f3251fb23,3,prm-51383cc20140c6d4|run3,3,0,redundant,middle,6,494,4/4,1,1,0,0
prm-51383cc20140c6d4,problem-0887851f3251fb23,4,prm-51383cc20140c6d4|run4,3,0,redundant,middle,6,494,4/4,1,1,0,0
prm-60b56f07df1c7db4,problem-e6376885ffd20df9,1,prm-60b56f07df1c7db4|run1,3,-1,harmful,middle,46,521,0/4,0,0,0,0
prm-60b56f07df1c7db4,problem-e6376885ffd20df9,2,prm-60b56f07df1c7db4|run2,3,-1,harmful,middle,46,521,0/4,0,0,0,0
prm-60b56f07df1c7db4,problem-e6376885ffd20df9,3,prm-60b56f07df1c7db4|run3,3,-1,harmful,middle,46,521,0/4,0,0,0,0
prm-60b56f07df1c7db4,problem-e6376885ffd20df9,4,prm-60b56f07df1c7db4|run4,3,-1,harmful,middle,46,521,0/4,0,0,0,0
prm-738ac1e91010e501,problem-a4a92af384d88e0b,1,prm-738ac1e91010e501|run1,1,1,redundant,early,28,303,4/4,1,1,0,0
prm-738ac1e91010e501,problem-a4a92af384d88e0b,2,prm-738ac1e91010e501|run2,1,1,redundant,early,28,303,4/4,1,1,0,0
prm-738ac1e91010e501,problem-a4a92af384d88e0b,3,prm-738ac1e91010e501|run3,1,1,redundant,early,28,303,4/4,1,1,0,0
prm-738ac1e91010e501,problem-a4a92af384d88e0b,4,prm-738ac1e91010e501|run4,1,1,redundant,early,28,303,4/4,1,1,0,0
prm-ebe33b841de11dec,problem-6f0e66a3f1cbf245,1,prm-ebe33b841de11dec|run1,0,1,essential,late,29,655,4/4,1,1,0,0
prm-ebe33b841de11dec,problem-6f0e66a3f1cbf245,2,prm-ebe33b841de11dec|run2,0,1,essential,late,29,655,4/4,1,1,0,0
prm-ebe33b841de11dec,problem-6f0e66a3f1cbf245,3,prm-ebe33b841de11dec|run3,0,1,essential,late,29,655,4/4,1,1,0,0
prm-ebe33b841de11dec,problem-6f0e66a3f1cbf245,4,prm-ebe33b841de11dec|run4,0,1,essential,late,29,655,4/4,1,1,0,0
prm-178620daeb1c879c,problem-85bf82715fb1ee12,1,prm-178620daeb1c879c|run1,0,1,essential,late,29,425,4/4,1,1,0,0
prm-178620daeb1c879c,problem-85bf82715fb1ee12,2,prm-178620daeb1c879c|run2,0,1,essential,late,29,425,4/4,1,1,0,0
prm-178620daeb1c879c,problem-85bf82715fb1ee12,3,prm-178620daeb1c879c|run3,0,1,essential,late,29,425,4/4,1,1,0,0
prm-178620daeb1c879c,problem-85bf82715fb1ee12,4,prm-178620daeb1c879c|run4,0,1,essential,late,29,425,4/4,1,1,0,0
prm-0ea143eb25e18743,problem-7c500c083448945b,1,prm-0ea143eb25e18743|run1,1,0,essential,middle,55,720,0/4,0,0,0,0
prm-0ea143eb25e18743,problem-7c500c083448945b,2,prm-0ea143eb25e18743|run2,1,0,essential,middle,55,720,0/4,0,0,0,0
prm-0ea143eb25e18743,problem-7c500c083448945b,3,prm-0ea143eb25e18743|run3,1,0,essential,middle,55,720,0/4,0,0,0,0
prm-0ea143eb25e18743,problem-7c500c083448945b,4,prm-0ea143eb25e18743|run4,1,0,essential,middle,55,720,0/4,0,0,0,0
prm-48b0d62a1035c5eb,problem-746eb37011dd5080,1,prm-48b0d62a1035c5eb|run1,0,-1,harmful,early,45,411,4/4,1,1,0,0
prm-48b0d62a1035c5eb,problem-746eb37011dd5080,2,prm-48b0d62a1035c5eb|run2,0,-1,harmful,early,45,411,4/4,1,1,0,0
prm-48b0d62a1035c5eb,problem-746eb37011dd5080,3,prm-48b0d62a1035c5eb|run3,0,-1,harmful,early,45,411,4/4,1,1,0,0
prm-48b0d62a1035c5eb,problem-746eb37011dd5080,4,prm-48b0d62a1035c5eb|run4,0,-1,harmful,early,45,411,4/4,1,1,0,0
prm-1eb61d347e7307c6,problem-53216a75c996f35c,1,prm-1eb61d347e7307c6|run1,3,1,redundant,late,8,496,4/4,1,1,0,0
prm-1eb61d347e7307c6,problem-53216a75c996f35c,2,prm-1eb61d347e7307c6|run2,3,1,redundant,late,8,496,4/4,1,1,0,0
prm-1eb61d347e7307c6,problem-53216a75c996f35c,3,prm-1eb61d347e7307c6|run3,3,1,redundant,late,8,496,4/4,1,1,0,0
prm-1eb61d347e7307c6,problem-53216a75c996f35c,4,prm-1eb61d347e7307c6|run4,3,1,redundant,late,8,496,4/4,1,1,0,0
prm-6c647c9d900edecf,problem-ec4a6e5635d208d7,1,prm-6c647c9d900edecf|run1,4,0,essential,late,54,905,0/4,0,0,0,0
prm-6c647c9d900edecf,problem-ec4a6e5635d208d7,2,prm-6c647c9d900edecf|run2,4,0,essential,late,54,905,0/4,0,0,0,0
prm-6c647c9d900edecf,problem-ec4a6e5635d208d7,3,prm-6c647c9d900edecf|run3,4,0,essential,late,54,905,0/4,0,0,0,0
prm-6c647c9d900edecf,problem-ec4a6e5635d208d7,4,prm-6c647c9d900edecf|run4,4,0,essential,late,54,905,0/4,0,0,0,0
prm-7616aa089b45809c,problem-9762de06228ca9c9,1,prm-7616aa089b45809c|run1,3,0,essential,late,21,604,4/4,1,1,0,0
prm-7616aa089b45809c,problem-9762de06228ca9c9,2,prm-7616aa089b45809c|run2,3,0,essential,late,21,604,4/4,1,1,0,0
prm-7616aa089b45809c,problem-9762de06228ca9c9,3,prm-7616aa089b45809c|run3,3,0,essential,late,21,604,4/4,1,1,0,0
prm-7616aa089b45809c,problem-9762de06228ca9c9,4,prm-7616aa089b45809c|run4,3,0,essential,late,21,604,4/4,1,1,0,0
prm-c5d0b2ae9f6de94a,problem-42517366b010dd6b,1,prm-c5d0b2ae9f6de94a|run1,2,1,redundant,middle,20,592,2/4,0,0,0,0
prm-c5d0b2ae9f6de94a,problem-42517366b010dd6b,2,prm-c5d0b2ae9f6de94a|run2,2,1,redundant,middle,20,592,2/4,1,0,1,0
prm-c5d0b2ae9f6de94a,problem-42517366b010dd6b,3,prm-c5d0b2ae9f6de94a|run3,2,1,redundant,middle,20,592,2/4,1,0,1,0
prm-c5d0b2ae9f6de94a,problem-42517366b010dd6b,4,prm-c5d0b2ae9f6de94a|run4,2,1,redundant,middle,20,592,2/4,0,0,0,0
prm-32ce22f0573267db,problem-4ecc75de961c1f8e,1,prm-32ce22f0573267db|run1,0,1,redundant,early,31,302,0/4,0,1,0,1
prm-32ce22f0573267db,problem-4ecc75de961c1f8e,2,prm-32ce22f0573267db|run2,0,1,redundant,early,31,302,0/4,0,1,0,1
prm-32ce22f0573267db,problem-4ecc75de961c1f8e,3,prm-32ce22f0573267db|run3,0,1,redundant,early,31,302,0/4,0,1,0,1
prm-32ce22f0573267db,problem-4ecc75de961c1f8e,4,prm-32ce22f0573267db|run4,0,1,redundant,early,31,302,0/4,0,1,0,1
prm-73806d5bdc6ee15f,problem-a153bf646bb8dfb0,1,prm-73806d5bdc6ee15f|run1,1,0,redundant,late,35,668,4/4,1,1,0,0
prm-73806d5bdc6ee15f,problem-a153bf646bb8dfb0,2,prm-73806d5bdc6ee15f|run2,1,0,redundant,late,35,668,4/4,1,1,0,0
prm-73806d5bdc6ee15f,problem-a153bf646bb8dfb0,3,prm-73806d5bdc6ee15f|run3,1,0,redundant,late,35,668,4/4,1,1,0,0
prm-73806d5bdc6ee15f,problem-a153bf646bb8dfb0,4,prm-73806d5bdc6ee15f|run4,1,0,redundant,late,35,668,4/4,1,1,0,0
prm-44adc004d54b0a92,problem-fdc8aba1c1ade2de,1,prm-44adc004d54b0a92|run1,3,0,redundant,middle,15,657,0/4,0,0,0,0
prm-44adc004d54b0a92,problem-fdc8aba1c1ade2de,2,prm-44adc004d54b0a92|run2,3,0,redundant,middle,15,657,0/4,0,0,0,0
prm-44adc004d54b0a92,problem-fdc8aba1c1ade2de,3,prm-44adc004d54b0a92|run3,3,0,redundant,middle,15,657,0/4,0,0,0,0
prm-44adc004d54b0a92,problem-fdc8aba1c1ade2de,4,prm-44adc004d54b0a92|run4,3,0,redundant,middle,15,657,0/4,0,0,0,0
prm-e853a7a5555f3056,problem-57d488b1dac9c921,1,prm-e853a7a5555f3056|run1,4,1,essential,early,40,302,0/4,0,0,0,0
prm-e853a7a5555f3056,problem-57d488b1dac9c921,2,prm-e853a7a5555f3056|run2,4,1,essential,early,40,302,0/4,0,0,0,0
prm-e853a7a5555f3056,problem-57d488b1dac9c921,3,prm-e853a7a5555f3056|run3,4,1,essential,early,40,302,0/4,0,0,0,0
prm-e853a7a5555f3056,problem-57d488b1dac9c921,4,prm-e853a7a5555f3056|run4,4,1,essential,early,40,302,0/4,0,0,0,0
prm-def1910362f8da38,problem-c09864a50ddd773b,1,prm-def1910362f8da38|run1,3,1,essential,early,38,327,4/4,1,0,1,0
prm-def1910362f8da38,problem-c09864a50ddd773b,2,prm-def1910362f8da38|run2,3,1,essential,early,38,327,4/4,1,1,0,0
prm-def1910362f8da38,problem-c09864a50ddd773b,3,prm-def1910362f8da38|run3,3,1,essential,early,38,327,4/4,1,1,0,0
prm-def1910362f8da38,problem-c09864a50ddd773b,4,prm-def1910362f8da38|run4,3,1,essential,early,38,327,4/4,1,0,1,0
prm-2d520973414e1dcb,problem-1866ff06f6f007c8,1,prm-2d520973414e1dcb|run1,0,1,redundant,middle,44,506,4/4,1,1,0,0
prm-2d520973414e1dcb,problem-1866ff06f6f007c8,2,prm-2d520973414e1dcb|run2,0,1,redundant,middle,44,506,4/4,1,1,0,0
prm-2d520973414e1dcb,problem-1866ff06f6f007c8,3,prm-2d520973414e1dcb|run3,0,1,redundant,middle,44,506,4/4,1,0,1,0
prm-2d520973414e1dcb,problem-1866ff06f6f007c8,4,prm-2d520973414e1dcb|run4,0,1,redundant,middle,44,506,4/4,1,0,1,0
prm-0000660f74dea7ea,problem-eed9594538d18b57,1,prm-0000660f74dea7ea|run1,3,0,harmful,middle,36,548,0/4,0,0,0,0
prm-0000660f74dea7ea,problem-eed9594538d18b57,2,prm-0000660f74dea7ea|run2,3,0,harmful,middle,36,548,0/4,0,0,0,0
prm-0000660f74dea7ea,problem-eed9594538d18b57,3,prm-0000660f74dea7ea|run3,3,0,harmful,middle,36,548,0/4,0,0,0,0
prm-0000660f74dea7ea,problem-eed9594538d18b57,4,prm-0000660f74dea7ea|run4,3,0,harmful,middle,36,548,0/4,0,0,0,0
prm-6fb0c8f8ee2ebabd,problem-8c8f96252d975acd,1,prm-6fb0c8f8ee2ebabd|run1,2,0,harmful,middle,24,531,3/4,1,1,0,0
prm-6fb0c8f8ee2ebabd,problem-8c8f96252d975acd,2,prm-6fb0c8f8ee2ebabd|run2,2,0,harmful,middle,24,531,3/4,1,1,0,0
prm-6fb0c8f8ee2ebabd,problem-8c8f96252d975acd,3,prm-6fb0c8f8ee2ebabd|run3,2,0,harmful,middle,24,531,3/4,1,1,0,0
prm-6fb0c8f8ee2ebabd,problem-8c8f96252d975acd,4,prm-6fb0c8f8ee2ebabd|run4,2,0,harmful,middle,24,531,3/4,0,1,0,1
prm-3d9ad8daca3b8faa,problem-d7d47865fbb51ce6,1,prm-3d9ad8daca3b8faa|run1,2,-1,harmful,late,35,758,4/4,1,1,0,0
prm-3d9ad8daca3b8faa,problem-d7d47865fbb51ce6,2,prm-3d9ad8daca3b8faa|run2,2,-1,harmful,late,35,758,4/4,1,1,0,0
prm-3d9ad8daca3b8faa,problem-d7d47865fbb51ce6,3,prm-3d9ad8daca3b8faa|run3,2,-1,harmful,late,35,758,4/4,1,1,0,0
prm-3d9ad8daca3b8faa,problem-d7d47865fbb51ce6,4,prm-3d9ad8daca3b8faa|run4,2,-1,harmful,late,35,758,4/4,1,1,0,0
prm-2413c903941648a5,problem-118be303d7abffbe,1,prm-2413c903941648a5|run1,4,-1,essential,early,29,347,0/4,0,1,0,1
prm-2413c903941648a5,problem-118be303d7abffbe,2,prm-2413c903941648a5|run2,4,-1,essential,early,29,347,0/4,0,1,0,1
prm-2413c903941648a5,problem-118be303d7abffbe,3,prm-2413c903941648a5|run3,4,-1,essential,early,29,347,0/4,0,1,0,1
prm-2413c903941648a5,problem-118be303d7abffbe,4,prm-2413c903941648a5|run4,4,-1,essential,early,29,347,0/4,0,1,0,1
prm-45c25b865bce0fe1,problem-a761c38205b1ac25,1,prm-45c25b865bce0fe1|run1,1,-1,essential,early,76,418,0/4,0,0,0,0
prm-45c25b865bce0fe1,problem-a761c38205b1ac25,2,prm-45c25b865bce0fe1|run2,1,-1,essential,early,76,418,0/4,0,0,0,0
prm-45c25b865bce0fe1,problem-a761c38205b1ac25,3,prm-45c25b865bce0fe1|run3,1,-1,essential,early,76,418,0/4,0,0,0,0
prm-45c25b865bce0fe1,problem-a761c38205b1ac25,4,prm-45c25b865bce0fe1|run4,1,-1,essential,early,76,418,0/4,0,0,0,0
prm-c7fdd3c01ea7968c,problem-3c77f3abead87cb6,1,prm-c7fdd3c01ea7968c|run1,1,1,essential,late,35,538,2/4,1,1,0,0
prm-c7fdd3c01ea7968c,problem-3c77f3abead87cb6,2,prm-c7fdd3c01ea7968c|run2,1,1,essential,late,35,538,2/4,1,1,0,0
prm-c7fdd3c01ea7968c,problem-3c77f3abead87cb6,3,prm-c7fdd3c01ea7968c|run3,1,1,essential,late,35,538,2/4,0,1,0,1
prm-c7fdd3c01ea7968c,problem-3c77f3abead87cb6,4,prm-c7fdd3c01ea7968c|run4,1,1,essential,late,35,538,2/4,0,1,0,1
prm-b30d7b8afa669a70,problem-4ecfbe0b1cc77e4e,1,prm-b30d7b8afa669a70|run1,4,-1,essential,early,26,492,0/4,0,1,0,1
prm-b30d7b8afa669a70,problem-4ecfbe0b1cc77e4e,2,prm-b30d7b8afa669a70|run2,4,-1,essential,early,26,492,0/4,0,1,0,1
prm-b30d7b8afa669a70,problem-4ecfbe0b1cc77e4e,3,prm-b30d7b8afa669a70|run3,4,-1,essential,early,26,492,0/4,0,1,0,1
prm-b30d7b8afa669a70,problem-4ecfbe0b1cc77e4e,4,prm-b30d7b8afa669a70|run4,4,-1,essential,early,26,492,0/4,0,1,0,1
prm-9d4dfc92d2809bdb,problem-9762de06228ca9c9,1,prm-9d4dfc92d2809bdb|run1,3,0,redundant,late,31,650,4/4,1,1,0,0
prm-9d4dfc92d2809bdb,problem-9762de06228ca9c9,2,prm-9d4dfc92d2809bdb|run2,3,0,redundant,late,31,650,4/4,1,1,0,0
prm-9d4dfc92d2809bdb,problem-9762de06228ca9c9,3,prm-9d4dfc92d2809bdb|run3,3,0,redundant,late,31,650,4/4,1,1,0,0
prm-9d4dfc92d2809bdb,problem-9762de06228ca9c9,4,prm-9d4dfc92d2809bdb|run4,3,0,redundant,late,31,650,4/4,1,1,0,0
prm-d22d355799e3baaf,problem-42517366b010dd6b,1,prm-d22d355799e3baaf|run1,2,-1,harmful,middle,35,721,0/4,0,0,0,0
prm-d22d355799e3baaf,problem-42517366b010dd6b,2,prm-d22d355799e3baaf|run2,2,-1,harmful,middle,35,721,0/4,0,0,0,0
prm-d22d355799e3baaf,problem-42517366b010dd6b,3,prm-d22d355799e3baaf|run3,2,-1,harmful,middle,35,721,0/4,0,0,0,0
prm-d22d355799e3baaf,problem-42517366b010dd6b,4,prm-d22d355799e3baaf|run4,2,-1,harmful,middle,35,721,0/4,0,0,0,0
prm-735ea9ae49ab1cf2,problem-dbb4f569f90ecb0e,1,prm-735ea9ae49ab1cf2|run1,1,0,essential,early,47,487,0/4,0,0,0,0
prm-735ea9ae49ab1cf2,problem-dbb4f569f90ecb0e,2,prm-735ea9ae49ab1cf2|run2,1,0,essential,early,47,487,0/4,0,0,0,0
prm-735ea9ae49ab1cf2,problem-dbb4f569f90ecb0e,3,prm-735ea9ae49ab1cf2|run3,1,0,essential,early,47,487,0/4,0,0,0,0
prm-735ea9ae49ab1cf2,problem-dbb4f569f90ecb0e,4,prm-735ea9ae49ab1cf2|run4,1,0,essential,early,47,487,0/4,0,0,0,0
prm-fe9bce2e8059e597,problem-2751b7253592e67a,1,prm-fe9bce2e8059e597|run1,3,-1,harmful,middle,38,389,4/4,1,1,0,0
prm-fe9bce2e8059e597,problem-2751b7253592e67a,2,prm-fe9bce2e8059e597|run2,3,-1,harmful,middle,38,389,4/4,1,1,0,0
prm-fe9bce2e8059e597,problem-2751b7253592e67a,3,prm-fe9bce2e8059e597|run3,3,-1,harmful,middle,38,389,4/4,1,1,0,0
prm-fe9bce2e8059e597,problem-2751b7253592e67a,4,prm-fe9bce2e8059e597|run4,3,-1,harmful,middle,38,389,4/4,1,1,0,0
prm-caf345262620d432,problem-fc0b0712fe1587cc,1,prm-caf345262620d432|run1,1,0,redundant,late,21,695,4/4,1,1,0,0
prm-caf345262620d432,problem-fc0b0712fe1587cc,2,prm-caf345262620d432|run2,1,0,redundant,late,21,695,4/4,1,1,0,0
prm-caf345262620d432,problem-fc0b0712fe1587cc,3,prm-caf345262620d432|run3,1,0,redundant,late,21,695,4/4,1,1,0,0
prm-caf345262620d432,problem-fc0b0712fe1587cc,4,prm-caf345262620d432|run4,1,0,redundant,late,21,695,4/4,1,1,0,0
prm-2a5b9be75f2130c8,problem-24cffc732716cb8f,1,prm-2a5b9be75f2130c8|run1,4,-1,harmful,early,28,404,0/4,0,1,0,1
prm-2a5b9be75f2130c8,problem-24cffc732716cb8f,2,prm-2a5b9be75f2130c8|run2,4,-1,harmful,early,28,404,0/4,0,1,0,1
prm-2a5b9be75f2130c8,problem-24cffc732716cb8f,3,prm-2a5b9be75f2130c8|run3,4,-1,harmful,early,28,404,0/4,0,1,0,1
prm-2a5b9be75f2130c8,problem-24cffc732716cb8f,4,prm-2a5b9be75f2130c8|run4,4,-1,harmful,early,28,404,0/4,0,1,0,1
prm-7cf98f01d85acf4d,problem-d4b934f6ede28d75,1,prm-7cf98f01d85acf4d|run1,4,1,harmful,middle,57,858,2/4,1,1,0,0
prm-7cf98f01d85acf4d,problem-d4b934f6ede28d75,2,prm-7cf98f01d85acf4d|run2,4,1,harmful,middle,57,858,2/4,0,1,0,1
prm-7cf98f01d85acf4d,problem-d4b934f6ede28d75,3,prm-7cf98f01d85acf4d|run3,4,1,harmful,middle,57,858,2/4,1,1,0,0
prm-7cf98f01d85acf4d,problem-d4b934f6ede28d75,4,prm-7cf98f01d85acf4d|run4,4,1,harmful,middle,57,858,2/4,0,1,0,1
prm-f43ad1cb6c3aa6ba,problem-4639686b328fdf30,1,prm-f43ad1cb6c3aa6ba|run1,0,0,essential,late,20,646,0/4,0,0,0,0
prm-f43ad1cb6c3aa6ba,problem-4639686b328fdf30,2,prm-f43ad1cb6c3aa6ba|run2,0,0,essential,late,20,646,0/4,0,0,0,0
prm-f43ad1cb6c3aa6ba,problem-4639686b328fdf30,3,prm-f43ad1cb6c3aa6ba|run3,0,0,essential,late,20,646,0/4,0,0,0,0
prm-f43ad1cb6c3aa6ba,problem-4639686b328fdf30,4,prm-f43ad1cb6c3aa6ba|run4,0,0,essential,late,20,646,0/4,0,0,0,0
prm-f66c436ea5314143,problem-c97bae96c69a7454,1,prm-f66c436ea5314143|run1,0,-1,redundant,late,42,922,0/4,0,1,0,1
prm-f66c436ea5314143,problem-c97bae96c69a7454,2,prm-f66c436ea5314143|run2,0,-1,redundant,late,42,922,0/4,0,1,0,1
prm-f66c436ea5314143,problem-c97bae96c69a7454,3,prm-f66c436ea5314143|run3,0,-1,redundant,late,42,922,0/4,0,1,0,1
prm-f66c436ea5314143,problem-c97bae96c69a7454,4,prm-f66c436ea5314143|run4,0,-1,redundant,late,42,922,0/4,0,1,0,1
prm-e457a6097bf292ad,problem-88f73baedbff623c,1,prm-e457a6097bf292ad|run1,2,1,essential,late,24,533,4/4,1,1,0,0
prm-e457a6097bf292ad,problem-88f73baedbff623c,2,prm-e457a6097bf292ad|run2,2,1,essential,late,24,533,4/4,1,1,0,0
prm-e457a6097bf292ad,problem-88f73baedbff623c,3,prm-e457a6097bf292ad|run3,2,1,essential,late,24,533,4/4,1,1,0,0
prm-e457a6097bf292ad,problem-88f73baedbff623c,4,prm-e457a6097bf292ad|run4,2,1,essential,late,24,533,4/4,1,1,0,0
prm-d43403303ce7ca47,problem-ab8474b5c891f6bb,1,prm-d43403303ce7ca47|run1,0,0,redundant,late,32,822,0/4,0,0,0,0
prm-d43403303ce7ca47,problem-ab8474b5c891f6bb,2,prm-d43403303ce7ca47|run2,0,0,redundant,late,32,822,0/4,0,0,0,0
prm-d43403303ce7ca47,problem-ab8474b5c891f6bb,3,prm-d43403303ce7ca47|run3,0,0,redundant,late,32,822,0/4,0,0,0,0
prm-d43403303ce7ca47,problem-ab8474b5c891f6bb,4,prm-d43403303ce7ca47|run4,0,0,redundant,late,32,822,0/4,0,0,0,0
prm-91db4cb8cb67916a,problem-0809a483e113340d,1,prm-91db4cb8cb67916a|run1,4,1,redundant,early,54,575,4/4,1,0,1,0
prm-91db4cb8cb67916a,problem-0809a483e113340d,2,prm-91db4cb8cb67916a|run2,4,1,redundant,early,54,575,4/4,1,1,0,0
prm-91db4cb8cb67916a,problem-0809a483e113340d,3,prm-91db4cb8cb67916a|run3,4,1,redundant,early,54,575,4/4,1,1,0,0
prm-91db4cb8cb67916a,problem-0809a483e113340d,4,prm-91db4cb8cb67916a|run4,4,1,redundant,early,54,575,4/4,1,1,0,0
prm-24135c674fb88634,problem-a5b3b535a7854a82,1,prm-24135c674fb88634|run1,3,-1,harmful,middle,36,697,0/4,0,1,0,1
prm-24135c674fb88634,problem-a5b3b535a7854a82,2,prm-24135c674fb88634|run2,3,-1,harmful,middle,36,697,0/4,0,1,0,1
prm-24135c674fb88634,problem-a5b3b535a7854a82,3,prm-24135c674fb88634|run3,3,-1,harmful,middle,36,697,0/4,0,1,0,1
prm-24135c674fb88634,problem-a5b3b535a7854a82,4,prm-24135c674fb88634|run4,3,-1,harmful,middle,36,697,0/4,0,1,0,1
prm-d139e98806701b02,problem-b85cd3a0d61d8d2a,1,prm-d139e98806701b02|run1,1,0,redundant,late,25,584,4/4,1,1,0,0
prm-d139e98806701b02,problem-b85cd3a0d61d8d2a,2,prm-d139e98806701b02|run2,1,0,redundant,late,25,584,4/4,1,1,0,0
prm-d139e98806701b02,problem-b85cd3a0d61d8d2a,3,prm-d139e98806701b02|run3,1,0,redundant,late,25,584,4/4,1,1,0,0
prm-d139e98806701b02,problem-b85cd3a0d61d8d2a,4,prm-d139e98806701b02|run4,1,0,redundant,late,25,584,4/4,1,1,0,0
prm-499e50d1f2d6148c,problem-18a164d5c1185eef,1,prm-499e50d1f2d6148c|run1,4,-1,harmful,early,59,306,4/4,1,1,0,0
prm-499e50d1f2d6148c,problem-18a164d5c1185eef,2,prm-499e50d1f2d6148c|run2,4,-1,harmful,early,59,306,4/4,1,1,0,0
prm-499e50d1f2d6148c,problem-18a164d5c1185eef,3,prm-499e50d1f2d6148c|run3,4,-1,harmful,early,59,306,4/4,1,1,0,0
prm-499e50d1f2d6148c,problem-18a164d5c1185eef,4,prm-499e50d1f2d6148c|run4,4,-1,harmful,early,59,306,4/4,1,1,0,0
prm-e31d87a5f18e7b0e,problem-81dd044c95a0fca3,1,prm-e31d87a5f18e7b0e|run1,0,1,essential,middle,33,701,0/4,0,0,0,0
prm-e31d87a5f18e7b0e,problem-81dd044c95a0fca3,2,prm-e31d87a5f18e7b0e|run2,0,1,essential,middle,33,701,0/4,0,0,0,0
prm-e31d87a5f18e7b0e,problem-81dd044c95a0fca3,3,prm-e31d87a5f18e7b0e|run3,0,1,essential,middle,33,701,0/4,0,0,0,0
prm-e31d87a5f18e7b0e,problem-81dd044c95a0fca3,4,prm-e31d87a5f18e7b0e|run4,0,1,essential,middle,33,701,0/4,0,0,0,0
prm-02dc733a400c8a44,problem-4ad774d03e1d7ae9,1,prm-02dc733a400c8a44|run1,3,-1,harmful,early,30,407,2/4,1,1,0,0
prm-02dc733a400c8a44,problem-4ad774d03e1d7ae9,2,prm-02dc733a400c8a44|run2,3,-1,harmful,early,30,407,2/4,0,0,0,0
prm-02dc733a400c8a44,problem-4ad774d03e1d7ae9,3,prm-02dc733a400c8a44|run3,3,-1,harmful,early,30,407,2/4,1,1,0,0
prm-02dc733a400c8a44,problem-4ad774d03e1d7ae9,4,prm-02dc733a400c8a44|run4,3,-1,harmful,early,30,407,2/4,0,1,0,1
prm-d9a76b21965836c2,problem-4eb54cd64aed6e3c,1,prm-d9a76b21965836c2|run1,1,-1,harmful,late,28,602,4/4,1,0,1,0
prm-d9a76b21965836c2,problem-4eb54cd64aed6e3c,2,prm-d9a76b21965836c2|run2,1,-1,harmful,late,28,602,4/4,1,0,1,0
prm-d9a76b21965836c2,problem-4eb54cd64aed6e3c,3,prm-d9a76b21965836c2|run3,1,-1,harmful,late,28,602,4/4,1,0,1,0
prm-d9a76b21965836c2,problem-4eb54cd64aed6e3c,4,prm-d9a76b21965836c2|run4,1,-1,harmful,late,28,602,4/4,1,0,1,0
prm-a3a05daf8f16a52f,problem-4639686b328fdf30,1,prm-a3a05daf8f16a52f|run1,0,0,essential,early,23,495,4/4,1,0,1,0
prm-a3a05daf8f16a52f,problem-4639686b328fdf30,2,prm-a3a05daf8f16a52f|run2,0,0,essential,early,23,495,4/4,1,0,1,0
prm-a3a05daf8f16a52f,problem-4639686b328fdf30,3,prm-a3a05daf8f16a52f|run3,0,0,essential,early,23,495,4/4,1,0,1,0
prm-a3a05daf8f16a52f,problem-4639686b328fdf30,4,prm-a3a05daf8f16a52f|run4,0,0,essential,early,23,495,4/4,1,0,1,0
prm-47679397406393e0,problem-22d4c2de98f5c342,1,prm-47679397406393e0|run1,2,1,redundant,early,22,425,3/4,0,1,0,1
prm-47679397406393e0,problem-22d4c2de98f5c342,2,prm-47679397406393e0|run2,2,1,redundant,early,22,425,3/4,1,1,0,0
prm-47679397406393e0,problem-22d4c2de98f5c342,3,prm-47679397406393e0|run3,2,1,redundant,early,22,425,3/4,1,1,0,0
prm-47679397406393e0,problem-22d4c2de98f5c342,4,prm-47679397406393e0|run4,2,1,redundant,early,22,425,3/4,1,1,0,0
prm-1b82baadae1514fc,problem-fb2f7de9a9991585,1,prm-1b82baadae1514fc|run1,1,-1,harmful,early,46,316,0/4,0,0,0,0
prm-1b82baadae1514fc,problem-fb2f7de9a9991585,2,prm-1b82baadae1514fc|run2,1,-1,harmful,early,46,316,0/4,0,0,0,0
prm-1b82baadae1514fc,problem-fb2f7de9a9991585,3,prm-1b82baadae1514fc|run3,1,-1,harmful,early,46,316,0/4,0,0,0,0
prm-1b82baadae1514fc,problem-fb2f7de9a9991585,4,prm-1b82baadae1514fc|run4,1,-1,harmful,early,46,316,0/4,0,0,0,0
prm-01441d1b7d95366c,problem-cbe5b6b45a9ab948,1,prm-01441d1b7d95366c|run1,2,1,essential,middle,58,426,0/4,0,1,0,1
prm-01441d1b7d95366c,problem-cbe5b6b45a9ab948,2,prm-01441d1b7d95366c|run2,2,1,essential,middle,58,426,0/4,0,1,0,1
prm-01441d1b7d95366c,problem-cbe5b6b45a9ab948,3,prm-01441d1b7d95366c|run3,2,1,essential,middle,58,426,0/4,0,1,0,1
prm-01441d1b7d95366c,problem-cbe5b6b45a9ab948,4,prm-01441d1b7d95366c|run4,2,1,essential,middle,58,426,0/4,0,1,0,1
prm-8acbcd62bf310d16,problem-07f83eec628533b9,1,prm-8acbcd62bf310d16|run1,2,1,redundant,middle,26,541,4/4,1,1,0,0
prm-8acbcd62bf310d16,problem-07f83eec628533b9,2,prm-8acbcd62bf310d16|run2,2,1,redundant,middle,26,541,4/4,1,1,0,0
prm-8acbcd62bf310d16,problem-07f83eec628533b9,3,prm-8acbcd62bf310d16|run3,2,1,redundant,middle,26,541,4/4,1,1,0,0
prm-8acbcd62bf310d16,problem-07f83eec628533b9,4,prm-8acbcd62bf310d16|run4,2,1,redundant,middle,26,541,4/4,1,1,0,0
prm-14fb1048eb99d376,problem-76bb173b20d420b6,1,prm-14fb1048eb99d376|run1,1,-1,redundant,late,16,584,3/4,0,1,0,1
prm-14fb1048eb99d376,problem-76bb173b20d420b6,2,prm-14fb1048eb99d376|run2,1,-1,redundant,late,16,584,3/4,1,1,0,0
prm-14fb1048eb99d376,problem-76bb173b20d420b6,3,prm-14fb1048eb99d376|run3,1,-1,redundant,late,16,584,3/4,1,1,0,0
prm-14fb1048eb99d376,problem-76bb173b20d420b6,4,prm-14fb1048eb99d376|run4,1,-1,redundant,late,16,584,3/4,1,1,0,0
prm-295680b6ca231154,problem-3367017f1ecb3df4,1,prm-295680b6ca231154|run1,3,-1,essential,early,31,434,4/4,1,1,0,0
prm-295680b6ca231154,problem-3367017f1ecb3df4,2,prm-295680b6ca231154|run2,3,-1,essential,early,31,434,4/4,1,1,0,0
prm-295680b6ca231154,problem-3367017f1ecb3df4,3,prm-295680b6ca231154|run3,3,-1,essential,early,31,434,4/4,1,1,0,0
prm-295680b6ca231154,problem-3367017f1ecb3df4,4,prm-295680b6ca231154|run4,3,-1,essential,early,31,434,4/4,1,1,0,0
prm-f2aca719a99dc3e9,problem-5a8c50102096a59a,1,prm-f2aca719a99dc3e9|run1,0,-1,harmful,late,47,723,0/4,0,0,0,0
prm-f2aca719a99dc3e9,problem-5a8c50102096a59a,2,prm-f2aca719a99dc3e9|run2,0,-1,harmful,late,47,723,0/4,0,0,0,0
prm-f2aca719a99dc3e9,problem-5a8c50102096a59a,3,prm-f2aca719a99dc3e9|run3,0,-1,harmful,late,47,723,0/4,0,0,0,0
prm-f2aca719a99dc3e9,problem-5a8c50102096a59a,4,prm-f2aca719a99dc3e9|run4,0,-1,harmful,late,47,723,0/4,0,0,0,0
prm-47a902d41e673ff6,problem-116237dfe3dbfe5a,1,prm-47a902d41e673ff6|run1,2,0,redundant,middle,37,647,1/4,1,1,0,0
prm-47a902d41e673ff6,problem-116237dfe3dbfe5a,2,prm-47a902d41e673ff6|run2,2,0,redundant,middle,37,647,1/4,0,1,0,1
prm-47a902d41e673ff6,problem-116237dfe3dbfe5a,3,prm-47a902d41e673ff6|run3,2,0,redundant,middle,37,647,1/4,0,0,0,0
prm-47a902d41e673ff6,problem-116237dfe3dbfe5a,4,prm-47a902d41e673ff6|run4,2,0,redundant,middle,37,647,1/4,0,1,0,1
prm-0700321e0038e3d1,problem-3d1f09ed5cfd53dc,1,prm-0700321e0038e3d1|run1,0,0,redundant,early,33,300,4/4,1,0,1,0
prm-0700321e0038e3d1,problem-3d1f09ed5cfd53dc,2,prm-0700321e0038e3d1|run2,0,0,redundant,early,33,300,4/4,1,0,1,0
prm-0700321e0038e3d1,problem-3d1f09ed5cfd53dc,3,prm-0700321e0038e3d1|run3,0,0,redundant,early,33,300,4/4,1,0,1,0
prm-0700321e0038e3d1,problem-3d1f09ed5cfd53dc,4,prm-0700321e0038e3d1|run4,0,0,redundant,early,33,300,4/4,1,0,1,0
prm-9156dcd21a3e42c0,problem-693ebe9d1ed71104,1,prm-9156dcd21a3e42c0|run1,4,1,essential,middle,38,377,4/4,1,1,0,0
prm-9156dcd21a3e42c0,problem-693ebe9d1ed71104,2,prm-9156dcd21a3e42c0|run2,4,1,essential,middle,38,377,4/4,1,1,0,0
prm-9156dcd21a3e42c0,problem-693ebe9d1ed71104,3,prm-9156dcd21a3e42c0|run3,4,1,essential,middle,38,377,4/4,1,1,0,0
prm-9156dcd21a3e42c0,problem-693ebe9d1ed71104,4,prm-9156dcd21a3e42c0|run4,4,1,essential,middle,38,377,4/4,1,1,0,0
prm-14c85f1b92bf8cfb,problem-d617e0f458c4b1fa,1,prm-14c85f1b92bf8cfb|run1,0,-1,harmful,middle,57,460,4/4,1,1,0,0
prm-14c85f1b92bf8cfb,problem-d617e0f458c4b1fa,2,prm-14c85f1b92bf8cfb|run2,0,-1,harmful,middle,57,460,4/4,1,1,0,0
prm-14c85f1b92bf8cfb,problem-d617e0f458c4b1fa,3,prm-14c85f1b92bf8cfb|run3,0,-1,harmful,middle,57,460,4/4,1,1,0,0
prm-14c85f1b92bf8cfb,problem-d617e0f458c4b1fa,4,prm-14c85f1b92bf8cfb|run4,0,-1,harmful,middle,57,460,4/4,1,1,0,0
prm-8fb8c12bb402ec2d,problem-de0c58f09875d127,1,prm-8fb8c12bb402ec2d|run1,1,0,redundant,late,45,519,4/4,1,1,0,0
prm-8fb8c12bb402ec2d,problem-de0c58f09875d127,2,prm-8fb8c12bb402ec2d|run2,1,0,redundant,late,45,519,4/4,1,1,0,0
prm-8fb8c12bb402ec2d,problem-de0c58f09875d127,3,prm-8fb8c12bb402ec2d|run3,1,0,redundant,late,45,519,4/4,1,1,0,0
prm-8fb8c12bb402ec2d,problem-de0c58f09875d127,4,prm-8fb8c12bb402ec2d|run4,1,0,redundant,late,45,519,4/4,1,1,0,0
prm-65435eea6f0c0b9a,problem-17002c400ab54889,1,prm-65435eea6f0c0b9a|run1,1,0,redundant,late,9,586,4/4,1,1,0,0
prm-65435eea6f0c0b9a,problem-17002c400ab54889,2,prm-65435eea6f0c0b9a|run2,1,0,redundant,late,9,586,4/4,1,1,0,0
prm-65435eea6f0c0b9a,problem-17002c400ab54889,3,prm-65435eea6f0c0b9a|run3,1,0,redundant,late,9,586,4/4,1,1,0,0
prm-65435eea6f0c0b9a,problem-17002c400ab54889,4,prm-65435eea6f0c0b9a|run4,1,0,redundant,late,9,586,4/4,1,1,0,0
prm-66bc41cfa62d57e2,problem-cf3312d83cf0bc46,1,prm-66bc41cfa62d57e2|run1,1,1,essential,late,31,607,1/4,0,0,0,0
prm-66bc41cfa62d57e2,problem-cf3312d83cf0bc46,2,prm-66bc41cfa62d57e2|run2,1,1,essential,late,31,607,1/4,0,0,0,0
prm-66bc41cfa62d57e2,problem-cf3312d83cf0bc46,3,prm-66bc41cfa62d57e2|run3,1,1,essential,late,31,607,1/4,0,0,0,0
prm-66bc41cfa62d57e2,problem-cf3312d83cf0bc46,4,prm-66bc41cfa62d57e2|run4,1,1,essential,late,31,607,1/4,1,0,1,0
prm-2dfd8218ce19b305,problem-59930f06199891a2,1,prm-2dfd8218ce19b305|run1,3,0,redundant,late,20,854,4/4,1,1,0,0
prm-2dfd8218ce19b305,problem-59930f06199891a2,2,prm-2dfd8218ce19b305|run2,3,0,redundant,late,20,854,4/4,1,1,0,0
prm-2dfd8218ce19b305,problem-59930f06199891a2,3,prm-2dfd8218ce19b305|run3,3,0,redundant,late,20,854,4/4,1,1,0,0
prm-2dfd8218ce19b305,problem-59930f06199891a2,4,prm-2dfd8218ce19b305|run4,3,0,redundant,late,20,854,4/4,1,1,0,0
prm-b7f05eda927bf837,problem-72d9cb6397e8c5fb,1,prm-b7f05eda927bf837|run1,2,0,redundant,middle,75,828,1/4,0,0,0,0
prm-b7f05eda927bf837,problem-72d9cb6397e8c5fb,2,prm-b7f05eda927bf837|run2,2,0,redundant,middle,75,828,1/4,0,0,0,0
prm-b7f05eda927bf837,problem-72d9cb6397e8c5fb,3,prm-b7f05eda927bf837|run3,2,0,redundant,middle,75,828,1/4,1,0,1,0
prm-b7f05eda927bf837,problem-72d9cb6397e8c5fb,4,prm-b7f05eda927bf837|run4,2,0,redundant,middle,75,828,1/4,0,0,0,0
prm-57a23b7d9d387a2d,problem-32b099c0f5aec3b1,1,prm-57a23b7d9d387a2d|run1,1,0,harmful,middle,54,610,0/4,0,1,0,1
prm-57a23b7d9d387a2d,problem-32b099c0f5aec3b1,2,prm-57a23b7d9d387a2d|run2,1,0,harmful,middle,54,610,0/4,0,1,0,1
prm-57a23b7d9d387a2d,problem-32b099c0f5aec3b1,3,prm-57a23b7d9d387a2d|run3,1,0,harmful,middle,54,610,0/4,0,1,0,1
prm-57a23b7d9d387a2d,problem-32b099c0f5aec3b1,4,prm-57a23b7d9d387a2d|run4,1,0,harmful,middle,54,610,0/4,0,1,0,1
prm-e0c68e2f69c92ce1,problem-e497bfcb257b3f78,1,prm-e0c68e2f69c92ce1|run1,1,0,harmful,middle,37,736,0/4,0,0,0,0
prm-e0c68e2f69c92ce1,problem-e497bfcb257b3f78,2,prm-e0c68e2f69c92ce1|run2,1,0,harmful,middle,37,736,0/4,0,0,0,0
prm-e0c68e2f69c92ce1,problem-e497bfcb257b3f78,3,prm-e0c68e2f69c92ce1|run3,1,0,harmful,middle,37,736,0/4,0,0,0,0
prm-e0c68e2f69c92ce1,problem-e497bfcb257b3f78,4,prm-e0c68e2f69c92ce1|run4,1,0,harmful,middle,37,736,0/4,0,0,0,0
prm-ac01250021f796d9,problem-4639686b328fdf30,1,prm-ac01250021f796d9|run1,0,0,redundant,middle,28,675,0/4,0,1,0,1
prm-ac01250021f796d9,problem-4639686b328fdf30,2,prm-ac01250021f796d9|run2,0,0,redundant,middle,28,675,0/4,0,1,0,1
prm-ac01250021f796d9,problem-4639686b328fdf30,3,prm-ac01250021f796d9|run3,0,0,redundant,middle,28,675,0/4,0,1,0,1
prm-ac01250021f796d9,problem-4639686b328fdf30,4,prm-ac01250021f796d9|run4,0,0,redundant,middle,28,675,0/4,0,1,0,1
prm-0ade6393f937db17,problem-bdd43ed050657861,1,prm-0ade6393f937db17|run1,0,1,redundant,middle,29,459,4/4,1,1,0,0
prm-0ade6393f937db17,problem-bdd43ed050657861,2,prm-0ade6393f937db17|run2,0,1,redundant,middle,29,459,4/4,1,1,0,0
prm-0ade6393f937db17,problem-bdd43ed050657861,3,prm-0ade6393f937db17|run3,0,1,redundant,middle,29,459,4/4,1,1,0,0
prm-0ade6393f937db17,problem-bdd43ed050657861,4,prm-0ade6393f937db17|run4,0,1,redundant,middle,29,459,4/4,1,1,0,0
prm-77a86cb6e4dfd1aa,problem-4ee4220e8bc8cdab,1,prm-77a86cb6e4dfd1aa|run1,4,1,essential,middle,30,364,4/4,1,0,1,0
prm-77a86cb6e4dfd1aa,problem-4ee4220e8bc8cdab,2,prm-77a86cb6e4dfd1aa|run2,4,1,essential,middle,30,364,4/4,1,1,0,0
prm-77a86cb6e4dfd1aa,problem-4ee4220e8bc8cdab,3,prm-77a86cb6e4dfd1aa|run3,4,1,essential,middle,30,364,4/4,1,1,0,0
prm-77a86cb6e4dfd1aa,problem-4ee4220e8bc8cdab,4,prm-77a86cb6e4dfd1aa|run4,4,1,essential,middle,30,364,4/4,1,1,0,0
prm-99891d43a5e736a5,problem-eb20fcfbc7fe587d,1,prm-99891d43a5e736a5|run1,4,0,redundant,late,71,810,4/4,1,1,0,0
prm-99891d43a5e736a5,problem-eb20fcfbc7fe587d,2,prm-99891d43a5e736a5|run2,4,0,redundant,late,71,810,4/4,1,1,0,0
prm-99891d43a5e736a5,problem-eb20fcfbc7fe587d,3,prm-99891d43a5e736a5|run3,4,0,redundant,late,71,810,4/4,1,1,0,0
prm-99891d43a5e736a5,problem-eb20fcfbc7fe587d,4,prm-99891d43a5e736a5|run4,4,0,redundant,late,71,810,4/4,1,1,0,0
prm-977f248f4b7b1084,problem-71eae2be9ad19da7,1,prm-977f248f4b7b1084|run1,3,0,redundant,middle,39,448,4/4,1,1,0,0
prm-977f248f4b7b1084,problem-71eae2be9ad19da7,2,prm-977f248f4b7b1084|run2,3,0,redundant,middle,39,448,4/4,1,1,0,0
prm-977f248f4b7b1084,problem-71eae2be9ad19da7,3,prm-977f248f4b7b1084|run3,3,0,redundant,middle,39,448,4/4,1,0,1,0
prm-977f248f4b7b1084,problem-71eae2be9ad19da7,4,prm-977f248f4b7b1084|run4,3,0,redundant,middle,39,448,4/4,1,1,0,0
prm-f77af5e177e450d9,problem-30257ce512a9dbe4,1,prm-f77af5e177e450d9|run1,0,0,essential,late,50,730,2/4,1,1,0,0
prm-f77af5e177e450d9,problem-30257ce512a9dbe4,2,prm-f77af5e177e450d9|run2,0,0,essential,late,50,730,2/4,1,1,0,0
prm-f77af5e177e450d9,problem-30257ce512a9dbe4,3,prm-f77af5e177e450d9|run3,0,0,essential,late,50,730,2/4,0,1,0,1
prm-f77af5e177e450d9,problem-30257ce512a9dbe4,4,prm-f77af5e177e450d9|run4,0,0,essential,late,50,730,2/4,0,1,0,1
prm-55ea704e2707c428,problem-ec4a6e5635d208d7,1,prm-55ea704e2707c428|run1,4,0,redundant,middle,75,394,4/4,1,1,0,0
prm-55ea704e2707c428,problem-ec4a6e5635d208d7,2,prm-55ea704e2707c428|run2,4,0,redundant,middle,75,394,4/4,1,1,0,0
prm-55ea704e2707c428,problem-ec4a6e5635d208d7,3,prm-55ea704e2707c428|run3,4,0,redundant,middle,75,394,4/4,1,1,0,0
prm-55ea704e2707c428,problem-ec4a6e5635d208d7,4,prm-55ea704e2707c428|run4,4,0,redundant,middle,75,394,4/4,1,1,0,0
prm-3ef9d1189683f74d,problem-f25c15fb353535a8,1,prm-3ef9d1189683f74d|run1,2,-1,harmful,late,11,534,0/4,0,1,0,1
prm-3ef9d1189683f74d,problem-f25c15fb353535a8,2,prm-3ef9d1189683f74d|run2,2,-1,harmful,late,11,534,0/4,0,1,0,1
prm-3ef9d1189683f74d,problem-f25c15fb353535a8,3,prm-3ef9d1189683f74d|run3,2,-1,harmful,late,11,534,0/4,0,1,0,1
prm-3ef9d1189683f74d,problem-f25c15fb353535a8,4,prm-3ef9d1189683f74d|run4,2,-1,harmful,late,11,534,0/4,0,1,0,1
prm-51eccaad45590836,problem-2bf2a416429c8a87,1,prm-51eccaad45590836|run1,4,-1,harmful,middle,28,472,3/4,1,1,0,0
prm-51eccaad45590836,problem-2bf2a416429c8a87,2,prm-51eccaad45590836|run2,4,-1,harmful,middle,28,472,3/4,0,1,0,1
prm-51eccaad45590836,problem-2bf2a416429c8a87,3,prm-51eccaad45590836|run3,4,-1,harmful,middle,28,472,3/4,1,1,0,0
prm-51eccaad45590836,problem-2bf2a416429c8a87,4,prm-51eccaad45590836|run4,4,-1,harmful,middle,28,472,3/4,1,1,0,0
prm-ac1c971aefdf8aad,problem-543fa2b4f0fe3ef6,1,prm-ac1c971aefdf8aad|run1,3,0,harmful,early,52,341,4/4,1,0,1,0
prm-ac1c971aefdf8aad,problem-543fa2b4f0fe3ef6,2,prm-ac1c971aefdf8aad|run2,3,0,harmful,early,52,341,4/4,1,1,0,0
prm-ac1c971aefdf8aad,problem-543fa2b4f0fe3ef6,3,prm-ac1c971aefdf8aad|run3,3,0,harmful,early,52,341,4/4,1,1,0,0
prm-ac1c971aefdf8aad,problem-543fa2b4f0fe3ef6,4,prm-ac1c971aefdf8aad|run4,3,0,harmful,early,52,341,4/4,1,0,1,0
prm-14d4896af9e2f42b,problem-827611782a6a81f2,1,prm-14d4896af9e2f42b|run1,0,-1,harmful,early,63,431,0/4,0,0,0,0
prm-14d4896af9e2f42b,problem-827611782a6a81f2,2,prm-14d4896af9e2f42b|run2,0,-1,harmful,early,63,431,0/4,0,0,0,0
prm-14d4896af9e2f42b,problem-827611782a6a81f2,3,prm-14d4896af9e2f42b|run3,0,-1,harmful,early,63,431,0/4,0,0,0,0
prm-14d4896af9e2f42b,problem-827611782a6a81f2,4,prm-14d4896af9e2f42b|run4,0,-1,harmful,early,63,431,0/4,0,0,0,0
prm-e5b42c42ddfdfe89,problem-72d9cb6397e8c5fb,1,prm-e5b42c42ddfdfe89|run1,2,0,redundant,early,41,486,1/4,1,1,0,0
prm-e5b42c42ddfdfe89,problem-72d9cb6397e8c5fb,2,prm-e5b42c42ddfdfe89|run2,2,0,redundant,early,41,486,1/4,0,1,0,1
prm-e5b42c42ddfdfe89,problem-72d9cb6397e8c5fb,3,prm-e5b42c42ddfdfe89|run3,2,0,redundant,early,41,486,1/4,0,1,0,1
prm-e5b42c42ddfdfe89,problem-72d9cb6397e8c5fb,4,prm-e5b42c42ddfdfe89|run4,2,0,redundant,early,41,486,1/4,0,1,0,1
prm-24a4a38cf78a16b4,problem-b884ea4dff439d89,1,prm-24a4a38cf78a16b4|run1,4,-1,harmful,late,21,647,0/4,0,0,0,0
prm-24a4a38cf78a16b4,problem-b884ea4dff439d89,2,prm-24a4a38cf78a16b4|run2,4,-1,harmful,late,21,647,0/4,0,0,0,0
prm-24a4a38cf78a16b4,problem-b884ea4dff439d89,3,prm-24a4a38cf78a16b4|run3,4,-1,harmful,late,21,647,0/4,0,0,0,0
prm-24a4a38cf78a16b4,problem-b884ea4dff439d89,4,prm-24a4a38cf78a16b4|run4,4,-1,harmful,late,21,647,0/4,0,0,0,0
prm-4dbc982a4c31d7d8,problem-2ac3a772d4b2a706,1,prm-4dbc982a4c31d7d8|run1,0,1,harmful,late,26,817,4/4,1,1,0,0
prm-4dbc982a4c31d7d8,problem-2ac3a772d4b2a706,2,prm-4dbc982a4c31d7d8|run2,0,1,harmful,late,26,817,4/4,1,1,0,0
prm-4dbc982a4c31d7d8,problem-2ac3a772d4b2a706,3,prm-4dbc982a4c31d7d8|run3,0,1,harmful,late,26,817,4/4,1,1,0,0
prm-4dbc982a4c31d7d8,problem-2ac3a772d4b2a706,4,prm-4dbc982a4c31d7d8|run4,0,1,harmful,late,26,817,4/4,1,1,0,0
prm-92cd9c4d155c7994,problem-a54460c3eddba3c4,1,prm-92cd9c4d155c7994|run1,4,0,redundant,early,31,286,4/4,1,1,0,0
prm-92cd9c4d155c7994,problem-a54460c3eddba3c4,2,prm-92cd9c4d155c7994|run2,4,0,redundant,early,31,286,4/4,1,1,0,0
prm-92cd9c4d155c7994,problem-a54460c3eddba3c4,3,prm-92cd9c4d155c7994|run3,4,0,redundant,early,31,286,4/4,1,1,0,0
prm-92cd9c4d155c7994,problem-a54460c3eddba3c4,4,prm-92cd9c4d155c7994|run4,4,0,redundant,early,31,286,4/4,1,1,0,0
prm-d86397c6b2e063ff,problem-498bac6c50d80f1b,1,prm-d86397c6b2e063ff|run1,0,0,essential,early,44,313,4/4,1,0,1,0
prm-d86397c6b2e063ff,problem-498bac6c50d80f1b,2,prm-d86397c6b2e063ff|run2,0,0,essential,early,44,313,4/4,1,0,1,0
prm-d86397c6b2e063ff,problem-498bac6c50d80f1b,3,prm-d86397c6b2e063ff|run3,0,0,essential,early,44,313,4/4,1,0,1,0
prm-d86397c6b2e063ff,problem-498bac6c50d80f1b,4,prm-d86397c6b2e063ff|run4,0,0,essential,early,44,313,4/4,1,0,1,0
prm-fb4120427f491cb1,problem-1d11f9ffbe4eb325,1,prm-fb4120427f491cb1|run1,1,1,harmful,late,74,718,0/4,0,0,0,0
prm-fb4120427f491cb1,problem-1d11f9ffbe4eb325,2,prm-fb4120427f491cb1|run2,1,1,harmful,late,74,718,0/4,0,0,0,0
prm-fb4120427f491cb1,problem-1d11f9ffbe4eb325,3,prm-fb4120427f491cb1|run3,1,1,harmful,late,74,718,0/4,0,0,0,0
prm-fb4120427f491cb1,problem-1d11f9ffbe4eb325,4,prm-fb4120427f491cb1|run4,1,1,harmful,late,74,718,0/4,0,0,0,0
prm-b141684d5ef466c9,problem-18a164d5c1185eef,1,prm-b141684d5ef466c9|run1,4,0,redundant,middle,41,561,4/4,1,1,0,0
prm-b141684d5ef466c9,problem-18a164d5c1185eef,2,prm-b141684d5ef466c9|run2,4,0,redundant,middle,41,561,4/4,1,1,0,0
prm-b141684d5ef466c9,problem-18a164d5c1185eef,3,prm-b141684d5ef466c9|run3,4,0,redundant,middle,41,561,4/4,1,1,0,0
prm-b141684d5ef466c9,problem-18a164d5c1185eef,4,prm-b141684d5ef466c9|run4,4,0,redundant,middle,41,561,4/4,1,1,0,0
prm-00177cb1b6246e3e,problem-b366ba898e337926,1,prm-00177cb1b6246e3e|run1,3,1,essential,late,30,749,4/4,1,1,0,0
prm-00177cb1b6246e3e,problem-b366ba898e337926,2,prm-00177cb1b6246e3e|run2,3,1,essential,late,30,749,4/4,1,1,0,0
prm-00177cb1b6246e3e,problem-b366ba898e337926,3,prm-00177cb1b6246e3e|run3,3,1,essential,late,30,749,4/4,1,1,0,0
prm-00177cb1b6246e3e,problem-b366ba898e337926,4,prm-00177cb1b6246e3e|run4,3,1,essential,late,30,749,4/4,1,1,0,0
prm-edfe3301d75e7278,problem-ea0162ad089adfef,1,prm-edfe3301d75e7278|run1,1,-1,harmful,late,38,805,0/4,0,0,0,0
prm-edfe3301d75e7278,problem-ea0162ad089adfef,2,prm-edfe3301d75e7278|run2,1,-1,harmful,late,38,805,0/4,0,0,0,0
prm-edfe3301d75e7278,problem-ea0162ad089adfef,3,prm-edfe3301d75e7278|run3,1,-1,harmful,late,38,805,0/4,0,0,0,0
prm-edfe3301d75e7278,problem-ea0162ad089adfef,4,prm-edfe3301d75e7278|run4,1,-1,harmful,late,38,805,0/4,0,0,0,0
prm-64c48353bed266ed,problem-07f83eec628533b9,1,prm-64c48353bed266ed|run1,2,0,essential,early,31,437,1/4,0,1,0,1
prm-64c48353bed266ed,problem-07f83eec628533b9,2,prm-64c48353bed266ed|run2,2,0,essential,early,31,437,1/4,0,0,0,0
prm-64c48353bed266ed,problem-07f83eec628533b9,3,prm-64c48353bed266ed|run3,2,0,essential,early,31,437,1/4,0,0,0,0
prm-64c48353bed266ed,problem-07f83eec628533b9,4,prm-64c48353bed266ed|run4,2,0,essential,early,31,437,1/4,1,1,0,0
prm-9aefc3c8b6098bf4,problem-89ee4e5ddd25b8e0,1,prm-9aefc3c8b6098bf4|run1,2,0,essential,early,31,322,0/4,0,1,0,1
prm-9aefc3c8b6098bf4,problem-89ee4e5ddd25b8e0,2,prm-9aefc3c8b6098bf4|run2,2,0,essential,early,31,322,0/4,0,0,0,0
prm-9aefc3c8b6098bf4,problem-89ee4e5ddd25b8e0,3,prm-9aefc3c8b6098bf4|run3,2,0,essential,early,31,322,0/4,0,0,0,0
prm-9aefc3c8b6098bf4,problem-89ee4e5ddd25b8e0,4,prm-9aefc3c8b6098bf4|run4,2,0,essential,early,31,322,0/4,0,0,0,0
prm-210861cfb25add07,problem-9762de06228ca9c9,1,prm-210861cfb25add07|run1,3,0,redundant,late,30,681,4/4,1,1,0,0
prm-210861cfb25add07,problem-9762de06228ca9c9,2,prm-210861cfb25add07|run2,3,0,redundant,late,30,681,4/4,1,1,0,0
prm-210861cfb25add07,problem-9762de06228ca9c9,3,prm-210861cfb25add07|run3,3,0,redundant,late,30,681,4/4,1,1,0,0
prm-210861cfb25add07,problem-9762de06228ca9c9,4,prm-210861cfb25add07|run4,3,0,redundant,late,30,681,4/4,1,1,0,0
prm-fa87724dc0063e72,problem-a4a92af384d88e0b,1,prm-fa87724dc0063e72|run1,1,-1,harmful,late,21,534,4/4,1,1,0,0
prm-fa87724dc0063e72,problem-a4a92af384d88e0b,2,prm-fa87724dc0063e72|run2,1,-1,harmful,late,21,534,4/4,1,1,0,0
prm-fa87724dc0063e72,problem-a4a92af384d88e0b,3,prm-fa87724dc0063e72|run3,1,-1,harmful,late,21,534,4/4,1,1,0,0
prm-fa87724dc0063e72,problem-a4a92af384d88e0b,4,prm-fa87724dc0063e72|run4,1,-1,harmful,late,21,534,4/4,1,1,0,0
prm-7a6e2d9a9da28f78,problem-cb95bc64c75cf167,1,prm-7a6e2d9a9da28f78|run1,4,-1,harmful,early,30,447,0/4,0,1,0,1
prm-7a6e2d9a9da28f78,problem-cb95bc64c75cf167,2,prm-7a6e2d9a9da28f78|run2,4,-1,harmful,early,30,447,0/4,0,0,0,0
prm-7a6e2d9a9da28f78,problem-cb95bc64c75cf167,3,prm-7a6e2d9a9da28f78|run3,4,-1,harmful,early,30,447,0/4,0,0,0,0
prm-7a6e2d9a9da28f78,problem-cb95bc64c75cf167,4,prm-7a6e2d9a9da28f78|run4,4,-1,harmful,early,30,447,0/4,0,0,0,0
prm-656a46c9640db820,problem-24b6ac402f7f606f,1,prm-656a46c9640db820|run1,2,0,redundant,early,31,351,4/4,1,1,0,0
prm-656a46c9640db820,problem-24b6ac402f7f606f,2,prm-656a46c9640db820|run2,2,0,redundant,early,31,351,4/4,1,0,1,0
prm-656a46c9640db820,problem-24b6ac402f7f606f,3,prm-656a46c9640db820|run3,2,0,redundant,early,31,351,4/4,1,0,1,0
prm-656a46c9640db820,problem-24b6ac402f7f606f,4,prm-656a46c9640db820|run4,2,0,redundant,early,31,351,4/4,1,0,1,0
prm-d9e44ee7bd1dadc6,problem-9659416657d19153,1,prm-d9e44ee7bd1dadc6|run1,3,-1,harmful,late,87,500,0/4,0,1,0,1
prm-d9e44ee7bd1dadc6,problem-9659416657d19153,2,prm-d9e44ee7bd1dadc6|run2,3,-1,harmful,late,87,500,0/4,0,1,0,1
prm-d9e44ee7bd1dadc6,problem-9659416657d19153,3,prm-d9e44ee7bd1dadc6|run3,3,-1,harmful,late,87,500,0/4,0,1,0,1
prm-d9e44ee7bd1dadc6,problem-9659416657d19153,4,prm-d9e44ee7bd1dadc6|run4,3,-1,harmful,late,87,500,0/4,0,1,0,1
prm-7a821b119f49c100,problem-71fc61f49bcfcd8f,1,prm-7a821b119f49c100|run1,4,1,redundant,early,30,352,4/4,1,0,1,0
prm-7a821b119f49c100,problem-71fc61f49bcfcd8f,2,prm-7a821b119f49c100|run2,4,1,redundant,early,30,352,4/4,1,1,0,0
prm-7a821b119f49c100,problem-71fc61f49bcfcd8f,3,prm-7a821b119f49c100|run3,4,1,redundant,early,30,352,4/4,1,1,0,0
prm-7a821b119f49c100,problem-71fc61f49bcfcd8f,4,prm-7a821b119f49c100|run4,4,1,redundant,early,30,352,4/4,1,1,0,0
prm-76baed35df6fb032,problem-3e3197b5f708b626,1,prm-76baed35df6fb032|run1,4,1,redundant,middle,42,450,4/4,1,1,0,0
prm-76baed35df6fb032,problem-3e3197b5f708b626,2,prm-76baed35df6fb032|run2,4,1,redundant,middle,42,450,4/4,1,1,0,0
prm-76baed35df6fb032,problem-3e3197b5f708b626,3,prm-76baed35df6fb032|run3,4,1,redundant,middle,42,450,4/4,1,1,0,0
prm-76baed35df6fb032,problem-3e3197b5f708b626,4,prm-76baed35df6fb032|run4,4,1,redundant,middle,42,450,4/4,1,1,0,0
prm-f418b9680e5a9dc1,problem-80883c8d718e7942,1,prm-f418b9680e5a9dc1|run1,4,-1,harmful,early,36,324,4/4,1,1,0,0
prm-f418b9680e5a9dc1,problem-80883c8d718e7942,2,prm-f418b9680e5a9dc1|run2,4,-1,harmful,early,36,324,4/4,1,1,0,0
prm-f418b9680e5a9dc1,problem-80883c8d718e7942,3,prm-f418b9680e5a9dc1|run3,4,-1,harmful,early,36,324,4/4,1,1,0,0
prm-f418b9680e5a9dc1,problem-80883c8d718e7942,4,prm-f418b9680e5a9dc1|run4,4,-1,harmful,early,36,324,4/4,1,1,0,0
prm-33b6dd3dabd31070,problem-54691fce5a1342e9,1,prm-33b6dd3dabd31070|run1,2,-1,harmful,middle,52,483,0/4,0,0,0,0
prm-33b6dd3dabd31070,problem-54691fce5a1342e9,2,prm-33b6dd3dabd31070|run2,2,-1,harmful,middle,52,483,0/4,0,0,0,0
prm-33b6dd3dabd31070,problem-54691fce5a1342e9,3,prm-33b6dd3dabd31070|run3,2,-1,harmful,middle,52,483,0/4,0,0,0,0
prm-33b6dd3dabd31070,problem-54691fce5a1342e9,4,prm-33b6dd3dabd31070|run4,2,-1,harmful,middle,52,483,0/4,0,0,0,0
prm-23e4bf45fefddfca,problem-20855ff8e775267f,1,prm-23e4bf45fefddfca|run1,1,-1,harmful,late,57,502,1/4,0,1,0,1
prm-23e4bf45fefddfca,problem-20855ff8e775267f,2,prm-23e4bf45fefddfca|run2,1,-1,harmful,late,57,502,1/4,0,1,0,1
prm-23e4bf45fefddfca,problem-20855ff8e775267f,3,prm-23e4bf45fefddfca|run3,1,-1,harmful,late,57,502,1/4,0,1,0,1
prm-23e4bf45fefddfca,problem-20855ff8e775267f,4,prm-23e4bf45fefddfca|run4,1,-1,harmful,late,57,502,1/4,1,1,0,0
prm-ea4bf8ee91052d6e,problem-f7d45d9e11fcf4f6,1,prm-ea4bf8ee91052d6e|run1,2,0,redundant,early,16,333,4/4,1,1,0,0
prm-ea4bf8ee91052d6e,problem-f7d45d9e11fcf4f6,2,prm-ea4bf8ee91052d6e|run2,2,0,redundant,early,16,333,4/4,1,1,0,0
prm-ea4bf8ee91052d6e,problem-f7d45d9e11fcf4f6,3,prm-ea4bf8ee91052d6e|run3,2,0,redundant,early,16,333,4/4,1,1,0,0
prm-ea4bf8ee91052d6e,problem-f7d45d9e11fcf4f6,4,prm-ea4bf8ee91052d6e|run4,2,0,redundant,early,16,333,4/4,1,1,0,0
prm-22008191f0fcf07c,problem-d43b5b59260aea9d,1,prm-22008191f0fcf07c|run1,2,0,redundant,late,70,1131,4/4,1,1,0,0
prm-22008191f0fcf07c,problem-d43b5b59260aea9d,2,prm-22008191f0fcf07c|run2,2,0,redundant,late,70,1131,4/4,1,1,0,0
prm-22008191f0fcf07c,problem-d43b5b59260aea9d,3,prm-22008191f0fcf07c|run3,2,0,redundant,late,70,1131,4/4,1,1,0,0
prm-22008191f0fcf07c,problem-d43b5b59260aea9d,4,prm-22008191f0fcf07c|run4,2,0,redundant,late,70,1131,4/4,1,1,0,0
prm-d53813f5acf46dc2,problem-30257ce512a9dbe4,1,prm-d53813f5acf46dc2|run1,0,1,essential,late,36,681,4/4,1,1,0,0
prm-d53813f5acf46dc2,problem-30257ce512a9dbe4,2,prm-d53813f5acf46dc2|run2,0,1,essential,late,36,681,4/4,1,1,0,0
prm-d53813f5acf46dc2,problem-30257ce512a9dbe4,3,prm-d53813f5acf46dc2|run3,0,1,essential,late,36,681,4/4,1,1,0,0
prm-d53813f5acf46dc2,problem-30257ce512a9dbe4,4,prm-d53813f5acf46dc2|run4,0,1,essential,late,36,681,4/4,1,1,0,0
prm-27543090e207be07,problem-29b2b39dd7862f9d,1,prm-27543090e207be07|run1,4,0,redundant,early,27,311,0/4,0,0,0,0
prm-27543090e207be07,problem-29b2b39dd7862f9d,2,prm-27543090e207be07|run2,4,0,redundant,early,27,311,0/4,0,0,0,0
prm-27543090e207be07,problem-29b2b39dd7862f9d,3,prm-27543090e207be07|run3,4,0,redundant,early,27,311,0/4,0,0,0,0
prm-27543090e207be07,problem-29b2b39dd7862f9d,4,prm-27543090e207be07|run4,4,0,redundant,early,27,311,0/4,0,0,0,0
prm-374f893a0a7e07c4,problem-36fd071c1bb427b5,1,prm-374f893a0a7e07c4|run1,3,1,redundant,early,27,304,4/4,1,1,0,0
prm-374f893a0a7e07c4,problem-36fd071c1bb427b5,2,prm-374f893a0a7e07c4|run2,3,1,redundant,early,27,304,4/4,1,1,0,0
prm-374f893a0a7e07c4,problem-36fd071c1bb427b5,3,prm-374f893a0a7e07c4|run3,3,1,redundant,early,27,304,4/4,1,1,0,0
prm-374f893a0a7e07c4,problem-36fd071c1bb427b5,4,prm-374f893a0a7e07c4|run4,3,1,redundant,early,27,304,4/4,1,1,0,0
prm-6b443c0ab9016cf3,problem-3e3197b5f708b626,1,prm-6b443c0ab9016cf3|run1,4,0,redundant,middle,53,464,4/4,1,1,0,0
prm-6b443c0ab9016cf3,problem-3e3197b5f708b626,2,prm-6b443c0ab9016cf3|run2,4,0,redundant,middle,53,464,4/4,1,1,0,0
prm-6b443c0ab9016cf3,problem-3e3197b5f708b626,3,prm-6b443c0ab9016cf3|run3,4,0,redundant,middle,53,464,4/4,1,1,0,0
prm-6b443c0ab9016cf3,problem-3e3197b5f708b626,4,prm-6b443c0ab9016cf3|run4,4,0,redundant,middle,53,464,4/4,1,1,0,0
prm-9b09489564767b9d,problem-fa8130795d8510ae,1,prm-9b09489564767b9d|run1,0,0,essential,early,26,466,4/4,1,1,0,0
prm-9b09489564767b9d,problem-fa8130795d8510ae,2,prm-9b09489564767b9d|run2,0,0,essential,early,26,466,4/4,1,1,0,0
prm-9b09489564767b9d,problem-fa8130795d8510ae,3,prm-9b09489564767b9d|run3,0,0,essential,early,26,466,4/4,1,1,0,0
prm-9b09489564767b9d,problem-fa8130795d8510ae,4,prm-9b09489564767b9d|run4,0,0,essential,early,26,466,4/4,1,1,0,0
prm-b02cba206762c771,problem-ba83e92e963aa63c,1,prm-b02cba206762c771|run1,4,1,essential,middle,38,471,4/4,1,1,0,0
prm-b02cba206762c771,problem-ba83e92e963aa63c,2,prm-b02cba206762c771|run2,4,1,essential,middle,38,471,4/4,1,1,0,0
prm-b02cba206762c771,problem-ba83e92e963aa63c,3,prm-b02cba206762c771|run3,4,1,essential,middle,38,471,4/4,1,1,0,0
prm-b02cba206762c771,problem-ba83e92e963aa63c,4,prm-b02cba206762c771|run4,4,1,essential,middle,38,471,4/4,1,1,0,0
prm-1590d85cae7720a6,problem-7f3bd86e5e9247de,1,prm-1590d85cae7720a6|run1,0,1,redundant,late,26,531,4/4,1,0,1,0
prm-1590d85cae7720a6,problem-7f3bd86e5e9247de,2,prm-1590d85cae7720a6|run2,0,1,redundant,late,26,531,4/4,1,1,0,0
prm-1590d85cae7720a6,problem-7f3bd86e5e9247de,3,prm-1590d85cae7720a6|run3,0,1,redundant,late,26,531,4/4,1,0,1,0
prm-1590d85cae7720a6,problem-7f3bd86e5e9247de,4,prm-1590d85cae7720a6|run4,0,1,redundant,late,26,531,4/4,1,0,1,0
prm-8d9aac49538338f6,problem-ca9cbef015dfaab2,1,prm-8d9aac49538338f6|run1,4,1,essential,early,26,383,4/4,1,1,0,0
prm-8d9aac49538338f6,problem-ca9cbef015dfaab2,2,prm-8d9aac49538338f6|run2,4,1,essential,early,26,383,4/4,1,1,0,0
prm-8d9aac49538338f6,problem-ca9cbef015dfaab2,3,prm-8d9aac49538338f6|run3,4,1,essential,early,26,383,4/4,1,1,0,0
prm-8d9aac49538338f6,problem-ca9cbef015dfaab2,4,prm-8d9aac49538338f6|run4,4,1,essential,early,26,383,4/4,1,1,0,0
prm-d14414ada709f204,problem-6bb3caecbae2a0c3,1,prm-d14414ada709f204|run1,3,0,redundant,early,68,446,0/4,0,1,0,1
prm-d14414ada709f204,problem-6bb3caecbae2a0c3,2,prm-d14414ada709f204|run2,3,0,redundant,early,68,446,0/4,0,0,0,0
prm-d14414ada709f204,problem-6bb3caecbae2a0c3,3,prm-d14414ada709f204|run3,3,0,redundant,early,68,446,0/4,0,1,0,1
prm-d14414ada709f204,problem-6bb3caecbae2a0c3,4,prm-d14414ada709f204|run4,3,0,redundant,early,68,446,0/4,0,1,0,1
prm-c00e9d4b22a619cf,problem-f5c172c898474116,1,prm-c00e9d4b22a619cf|run1,1,0,harmful,early,88,326,4/4,1,1,0,0
prm-c00e9d4b22a619cf,problem-f5c172c898474116,2,prm-c00e9d4b22a619cf|run2,1,0,harmful,early,88,326,4/4,1,1,0,0
prm-c00e9d4b22a619cf,problem-f5c172c898474116,3,prm-c00e9d4b22a619cf|run3,1,0,harmful,early,88,326,4/4,1,1,0,0
prm-c00e9d4b22a619cf,problem-f5c172c898474116,4,prm-c00e9d4b22a619cf|run4,1,0,harmful,early,88,326,4/4,1,1,0,0
prm-6994d64b52995162,problem-5c91e3632a6bed3d,1,prm-6994d64b52995162|run1,4,-1,harmful,middle,59,422,0/4,0,0,0,0
prm-6994d64b52995162,problem-5c91e3632a6bed3d,2,prm-6994d64b52995162|run2,4,-1,harmful,middle,59,422,0/4,0,1,0,1
prm-6994d64b52995162,problem-5c91e3632a6bed3d,3,prm-6994d64b52995162|run3,4,-1,harmful,middle,59,422,0/4,0,0,0,0
prm-6994d64b52995162,problem-5c91e3632a6bed3d,4,prm-6994d64b52995162|run4,4,-1,harmful,middle,59,422,0/4,0,0,0,0
prm-3490f4298028248f,problem-32b099c0f5aec3b1,1,prm-3490f4298028248f|run1,1,0,harmful,middle,28,567,4/4,1,1,0,0
prm-3490f4298028248f,problem-32b099c0f5aec3b1,2,prm-3490f4298028248f|run2,1,0,harmful,middle,28,567,4/4,1,1,0,0
prm-3490f4298028248f,problem-32b099c0f5aec3b1,3,prm-3490f4298028248f|run3,1,0,harmful,middle,28,567,4/4,1,1,0,0
prm-3490f4298028248f,problem-32b099c0f5aec3b1,4,prm-3490f4298028248f|run4,1,0,harmful,middle,28,567,4/4,1,1,0,0
prm-896614eb571273fb,problem-e684634d63b6e43e,1,prm-896614eb571273fb|run1,2,1,essential,middle,19,579,2/4,1,0,1,0
prm-896614eb571273fb,problem-e684634d63b6e43e,2,prm-896614eb571273fb|run2,2,1,essential,middle,19,579,2/4,0,0,0,0
prm-896614eb571273fb,problem-e684634d63b6e43e,3,prm-896614eb571273fb|run3,2,1,essential,middle,19,579,2/4,0,0,0,0
prm-896614eb571273fb,problem-e684634d63b6e43e,4,prm-896614eb571273fb|run4,2,1,essential,middle,19,579,2/4,1,0,1,0
prm-5163da324c8a2bc9,problem-953b683f2dc4237e,1,prm-5163da324c8a2bc9|run1,3,1,essential,early,46,329,4/4,1,1,0,0
prm-5163da324c8a2bc9,problem-953b683f2dc4237e,2,prm-5163da324c8a2bc9|run2,3,1,essential,early,46,329,4/4,1,1,0,0
prm-5163da324c8a2bc9,problem-953b683f2dc4237e,3,prm-5163da324c8a2bc9|run3,3,1,essential,early,46,329,4/4,1,1,0,0
prm-5163da324c8a2bc9,problem-953b683f2dc4237e,4,prm-5163da324c8a2bc9|run4,3,1,essential,early,46,329,4/4,1,1,0,0
prm-060b37de44a23f9c,problem-eb3187c38ab27028,1,prm-060b37de44a23f9c|run1,1,1,redundant,late,19,467,4/4,1,0,1,0
prm-060b37de44a23f9c,problem-eb3187c38ab27028,2,prm-060b37de44a23f9c|run2,1,1,redundant,late,19,467,4/4,1,0,1,0
prm-060b37de44a23f9c,problem-eb3187c38ab27028,3,prm-060b37de44a23f9c|run3,1,1,redundant,late,19,467,4/4,1,0,1,0
prm-060b37de44a23f9c,problem-eb3187c38ab27028,4,prm-060b37de44a23f9c|run4,1,1,redundant,late,19,467,4/4,1,0,1,0
prm-6a48687cd49dd67e,problem-5d4e128b653312de,1,prm-6a48687cd49dd67e|run1,2,-1,harmful,late,52,809,4/4,1,1,0,0
prm-6a48687cd49dd67e,problem-5d4e128b653312de,2,prm-6a48687cd49dd67e|run2,2,-1,harmful,late,52,809,4/4,1,1,0,0
prm-6a48687cd49dd67e,problem-5d4e128b653312de,3,prm-6a48687cd49dd67e|run3,2,-1,harmful,late,52,809,4/4,1,1,0,0
prm-6a48687cd49dd67e,problem-5d4e128b653312de,4,prm-6a48687cd49dd67e|run4,2,-1,harmful,late,52,809,4/4,1,1,0,0
prm-bcf33e68e625980e,problem-dbe25f76577aa227,1,prm-bcf33e68e625980e|run1,0,-1,harmful,early,57,369,0/4,0,0,0,0
prm-bcf33e68e625980e,problem-dbe25f76577aa227,2,prm-bcf33e68e625980e|run2,0,-1,harmful,early,57,369,0/4,0,0,0,0
prm-bcf33e68e625980e,problem-dbe25f76577aa227,3,prm-bcf33e68e625980e|run3,0,-1,harmful,early,57,369,0/4,0,0,0,0
prm-bcf33e68e625980e,problem-dbe25f76577aa227,4,prm-bcf33e68e625980e|run4,0,-1,harmful,early,57,369,0/4,0,0,0,0
prm-4f8665f0a19739c3,problem-48e7b5d5a1bb68e8,1,prm-4f8665f0a19739c3|run1,3,0,harmful,late,35,826,4/4,1,1,0,0
prm-4f8665f0a19739c3,problem-48e7b5d5a1bb68e8,2,prm-4f8665f0a19739c3|run2,3,0,harmful,late,35,826,4/4,1,1,0,0
prm-4f8665f0a19739c3,problem-48e7b5d5a1bb68e8,3,prm-4f8665f0a19739c3|run3,3,0,harmful,late,35,826,4/4,1,1,0,0
prm-4f8665f0a19739c3,problem-48e7b5d5a1bb68e8,4,prm-4f8665f0a19739c3|run4,3,0,harmful,late,35,826,4/4,1,1,0,0
prm-a3fb1524920e2118,problem-eb3187c38ab27028,1,prm-a3fb1524920e2118|run1,1,0,redundant,middle,49,571,4/4,1,1,0,0
prm-a3fb1524920e2118,problem-eb3187c38ab27028,2,prm-a3fb1524920e2118|run2,1,0,redundant,middle,49,571,4/4,1,1,0,0
prm-a3fb1524920e2118,problem-eb3187c38ab27028,3,prm-a3fb1524920e2118|run3,1,0,redundant,middle,49,571,4/4,1,1,0,0
prm-a3fb1524920e2118,problem-eb3187c38ab27028,4,prm-a3fb1524920e2118|run4,1,0,redundant,middle,49,571,4/4,1,1,0,0
prm-b776a9c2dead1877,problem-5acc6365946cc933,1,prm-b776a9c2dead1877|run1,4,0,redundant,late,21,619,4/4,1,1,0,0
prm-b776a9c2dead1877,problem-5acc6365946cc933,2,prm-b776a9c2dead1877|run2,4,0,redundant,late,21,619,4/4,1,1,0,0
prm-b776a9c2dead1877,problem-5acc6365946cc933,3,prm-b776a9c2dead1877|run3,4,0,redundant,late,21,619,4/4,1,1,0,0
prm-b776a9c2dead1877,problem-5acc6365946cc933,4,prm-b776a9c2dead1877|run4,4,0,redundant,late,21,619,4/4,1,1,0,0
prm-31f315049adee361,problem-a3f40663ba19390b,1,prm-31f315049adee361|run1,3,0,redundant,late,45,1036,4/4,1,1,0,0
prm-31f315049adee361,problem-a3f40663ba19390b,2,prm-31f315049adee361|run2,3,0,redundant,late,45,1036,4/4,1,1,0,0
prm-31f315049adee361,problem-a3f40663ba19390b,3,prm-31f315049adee361|run3,3,0,redundant,late,45,1036,4/4,1,1,0,0
prm-31f315049adee361,problem-a3f40663ba19390b,4,prm-31f315049adee361|run4,3,0,redundant,late,45,1036,4/4,1,1,0,0
prm-0796ce8561574c8c,problem-b4bdce0b7c998bd0,1,prm-0796ce8561574c8c|run1,4,1,essential,late,28,753,4/4,1,1,0,0
prm-0796ce8561574c8c,problem-b4bdce0b7c998bd0,2,prm-0796ce8561574c8c|run2,4,1,essential,late,28,753,4/4,1,1,0,0
prm-0796ce8561574c8c,problem-b4bdce0b7c998bd0,3,prm-0796ce8561574c8c|run3,4,1,essential,late,28,753,4/4,1,1,0,0
prm-0796ce8561574c8c,problem-b4bdce0b7c998bd0,4,prm-0796ce8561574c8c|run4,4,1,essential,late,28,753,4/4,1,1,0,0
prm-fa241fc7e4a6f419,problem-1a7c478bb9ae0d78,1,prm-fa241fc7e4a6f419|run1,1,1,redundant,late,17,578,4/4,1,0,1,0
prm-fa241fc7e4a6f419,problem-1a7c478bb9ae0d78,2,prm-fa241fc7e4a6f419|run2,1,1,redundant,late,17,578,4/4,1,0,1,0
prm-fa241fc7e4a6f419,problem-1a7c478bb9ae0d78,3,prm-fa241fc7e4a6f419|run3,1,1,redundant,late,17,578,4/4,1,0,1,0
prm-fa241fc7e4a6f419,problem-1a7c478bb9ae0d78,4,prm-fa241fc7e4a6f419|run4,1,1,redundant,late,17,578,4/4,1,0,1,0
prm-a619a9e3e9a63362,problem-afe7eeff1cb11ff9,1,prm-a619a9e3e9a63362|run1,3,1,redundant,late,15,504,4/4,1,1,0,0
prm-a619a9e3e9a63362,problem-afe7eeff1cb11ff9,2,prm-a619a9e3e9a63362|run2,3,1,redundant,late,15,504,4/4,1,1,0,0
prm-a619a9e3e9a63362,problem-afe7eeff1cb11ff9,3,prm-a619a9e3e9a63362|run3,3,1,redundant,late,15,504,4/4,1,1,0,0
prm-a619a9e3e9a63362,problem-afe7eeff1cb11ff9,4,prm-a619a9e3e9a63362|run4,3,1,redundant,late,15,504,4/4,1,1,0,0
prm-b3c55327f85d52bf,problem-59930f06199891a2,1,prm-b3c55327f85d52bf|run1,3,-1,essential,late,51,631,4/4,1,1,0,0
prm-b3c55327f85d52bf,problem-59930f06199891a2,2,prm-b3c55327f85d52bf|run2,3,-1,essential,late,51,631,4/4,1,0,1,0
prm-b3c55327f85d52bf,problem-59930f06199891a2,3,prm-b3c55327f85d52bf|run3,3,-1,essential,late,51,631,4/4,1,1,0,0
prm-b3c55327f85d52bf,problem-59930f06199891a2,4,prm-b3c55327f85d52bf|run4,3,-1,essential,late,51,631,4/4,1,0,1,0
prm-4c7b0daf67f174f2,problem-27304254dfee5d97,1,prm-4c7b0daf67f174f2|run1,1,0,harmful,middle,17,724,0/4,0,1,0,1
prm-4c7b0daf67f174f2,problem-27304254dfee5d97,2,prm-4c7b0daf67f174f2|run2,1,0,harmful,middle,17,724,0/4,0,1,0,1
prm-4c7b0daf67f174f2,problem-27304254dfee5d97,3,prm-4c7b0daf67f174f2|run3,1,0,harmful,middle,17,724,0/4,0,1,0,1
prm-4c7b0daf67f174f2,problem-27304254dfee5d97,4,prm-4c7b0daf67f174f2|run4,1,0,harmful,middle,17,724,0/4,0,1,0,1
prm-bd9c89c30ff0439e,problem-59930f06199891a2,1,prm-bd9c89c30ff0439e|run1,3,1,essential,late,28,549,3/4,1,1,0,0
prm-bd9c89c30ff0439e,problem-59930f06199891a2,2,prm-bd9c89c30ff0439e|run2,3,1,essential,late,28,549,3/4,1,1,0,0
prm-bd9c89c30ff0439e,problem-59930f06199891a2,3,prm-bd9c89c30ff0439e|run3,3,1,essential,late,28,549,3/4,0,1,0,1
prm-bd9c89c30ff0439e,problem-59930f06199891a2,4,prm-bd9c89c30ff0439e|run4,3,1,essential,late,28,549,3/4,1,1,0,0
prm-8cc3ef6509ad6fbf,problem-7402b093e77ab835,1,prm-8cc3ef6509ad6fbf|run1,3,1,essential,early,89,307,4/4,1,1,0,0
prm-8cc3ef6509ad6fbf,problem-7402b093e77ab835,2,prm-8cc3ef6509ad6fbf|run2,3,1,essential,early,89,307,4/4,1,1,0,0
prm-8cc3ef6509ad6fbf,problem-7402b093e77ab835,3,prm-8cc3ef6509ad6fbf|run3,3,1,essential,early,89,307,4/4,1,1,0,0
prm-8cc3ef6509ad6fbf,problem-7402b093e77ab835,4,prm-8cc3ef6509ad6fbf|run4,3,1,essential,early,89,307,4/4,1,1,0,0
prm-649bf3fbe6231218,problem-70cf8bf9114223fc,1,prm-649bf3fbe6231218|run1,1,1,essential,late,28,682,4/4,1,1,0,0
prm-649bf3fbe6231218,problem-70cf8bf9114223fc,2,prm-649bf3fbe6231218|run2,1,1,essential,late,28,682,4/4,1,1,0,0
prm-649bf3fbe6231218,problem-70cf8bf9114223fc,3,prm-649bf3fbe6231218|run3,1,1,essential,late,28,682,4/4,1,1,0,0
prm-649bf3fbe6231218,problem-70cf8bf9114223fc,4,prm-649bf3fbe6231218|run4,1,1,essential,late,28,682,4/4,1,1,0,0
prm-42aa85293ce04d6c,problem-ab7e10c4af73c9ed,1,prm-42aa85293ce04d6c|run1,1,1,redundant,middle,14,432,0/4,0,0,0,0
prm-42aa85293ce04d6c,problem-ab7e10c4af73c9ed,2,prm-42aa85293ce04d6c|run2,1,1,redundant,middle,14,432,0/4,0,0,0,0
prm-42aa85293ce04d6c,problem-ab7e10c4af73c9ed,3,prm-42aa85293ce04d6c|run3,1,1,redundant,middle,14,432,0/4,0,0,0,0
prm-42aa85293ce04d6c,problem-ab7e10c4af73c9ed,4,prm-42aa85293ce04d6c|run4,1,1,redundant,middle,14,432,0/4,0,0,0,0
prm-1032a7112c293158,problem-ebebe01a18f218d6,1,prm-1032a7112c293158|run1,2,1,redundant,early,20,312,0/4,0,0,0,0
prm-1032a7112c293158,problem-ebebe01a18f218d6,2,prm-1032a7112c293158|run2,2,1,redundant,early,20,312,0/4,0,0,0,0
prm-1032a7112c293158,problem-ebebe01a18f218d6,3,prm-1032a7112c293158|run3,2,1,redundant,early,20,312,0/4,0,0,0,0
prm-1032a7112c293158,problem-ebebe01a18f218d6,4,prm-1032a7112c293158|run4,2,1,redundant,early,20,312,0/4,0,0,0,0
prm-2d19813fccf4dac9,problem-92992c0e162b3d6d,1,prm-2d19813fccf4dac9|run1,2,0,redundant,late,39,540,0/4,0,0,0,0
prm-2d19813fccf4dac9,problem-92992c0e162b3d6d,2,prm-2d19813fccf4dac9|run2,2,0,redundant,late,39,540,0/4,0,0,0,0
prm-2d19813fccf4dac9,problem-92992c0e162b3d6d,3,prm-2d19813fccf4dac9|run3,2,0,redundant,late,39,540,0/4,0,0,0,0
prm-2d19813fccf4dac9,problem-92992c0e162b3d6d,4,prm-2d19813fccf4dac9|run4,2,0,redundant,late,39,540,0/4,0,0,0,0
prm-1fa85012955acc38,problem-9f3b9f8d7ae2958e,1,prm-1fa85012955acc38|run1,2,1,essential,early,20,442,4/4,1,1,0,0
prm-1fa85012955acc38,problem-9f3b9f8d7ae2958e,2,prm-1fa85012955acc38|run2,2,1,essential,early,20,442,4/4,1,1,0,0
prm-1fa85012955acc38,problem-9f3b9f8d7ae2958e,3,prm-1fa85012955acc38|run3,2,1,essential,early,20,442,4/4,1,1,0,0
prm-1fa85012955acc38,problem-9f3b9f8d7ae2958e,4,prm-1fa85012955acc38|run4,2,1,essential,early,20,442,4/4,1,1,0,0
prm-6a679885fe24ca4d,problem-108f81538ad8d2c1,1,prm-6a679885fe24ca4d|run1,1,-1,harmful,middle,32,659,0/4,0,0,0,0
prm-6a679885fe24ca4d,problem-108f81538ad8d2c1,2,prm-6a679885fe24ca4d|run2,1,-1,harmful,middle,32,659,0/4,0,0,0,0
prm-6a679885fe24ca4d,problem-108f81538ad8d2c1,3,prm-6a679885fe24ca4d|run3,1,-1,harmful,middle,32,659,0/4,0,0,0,0
prm-6a679885fe24ca4d,problem-108f81538ad8d2c1,4,prm-6a679885fe24ca4d|run4,1,-1,harmful,middle,32,659,0/4,0,0,0,0
prm-bbdc2cbce9d5d71d,problem-746a8f87097718e5,1,prm-bbdc2cbce9d5d71d|run1,3,1,essential,middle,67,396,3/4,1,0,1,0
prm-bbdc2cbce9d5d71d,problem-746a8f87097718e5,2,prm-bbdc2cbce9d5d71d|run2,3,1,essential,middle,67,396,3/4,1,0,1,0
prm-bbdc2cbce9d5d71d,problem-746a8f87097718e5,3,prm-bbdc2cbce9d5d71d|run3,3,1,essential,middle,67,396,3/4,0,1,0,1
prm-bbdc2cbce9d5d71d,problem-746a8f87097718e5,4,prm-bbdc2cbce9d5d71d|run4,3,1,essential,middle,67,396,3/4,1,1,0,0
prm-61500888ffe32624,problem-d699cb734c33a748,1,prm-61500888ffe32624|run1,0,1,essential,early,33,431,1/4,0,1,0,1
prm-61500888ffe32624,problem-d699cb734c33a748,2,prm-61500888ffe32624|run2,0,1,essential,early,33,431,1/4,0,0,0,0
prm-61500888ffe32624,problem-d699cb734c33a748,3,prm-61500888ffe32624|run3,0,1,essential,early,33,431,1/4,1,0,1,0
prm-61500888ffe32624,problem-d699cb734c33a748,4,prm-61500888ffe32624|run4,0,1,essential,early,33,431,1/4,0,1,0,1
prm-3b8fc6d3080aade1,problem-498bac6c50d80f1b,1,prm-3b8fc6d3080aade1|run1,0,0,redundant,late,38,629,4/4,1,1,0,0
prm-3b8fc6d3080aade1,problem-498bac6c50d80f1b,2,prm-3b8fc6d3080aade1|run2,0,0,redundant,late,38,629,4/4,1,1,0,0
prm-3b8fc6d3080aade1,problem-498bac6c50d80f1b,3,prm-3b8fc6d3080aade1|run3,0,0,redundant,late,38,629,4/4,1,1,0,0
prm-3b8fc6d3080aade1,problem-498bac6c50d80f1b,4,prm-3b8fc6d3080aade1|run4,0,0,redundant,late,38,629,4/4,1,1,0,0
prm-24d79d07da1abeb8,problem-ecf5fa925de2e2ec,1,prm-24d79d07da1abeb8|run1,3,0,essential,middle,41,425,4/4,1,1,0,0
prm-24d79d07da1abeb8,problem-ecf5fa925de2e2ec,2,prm-24d79d07da1abeb8|run2,3,0,essential,middle,41,425,4/4,1,1,0,0
prm-24d79d07da1abeb8,problem-ecf5fa925de2e2ec,3,prm-24d79d07da1abeb8|run3,3,0,essential,middle,41,425,4/4,1,1,0,0
prm-24d79d07da1abeb8,problem-ecf5fa925de2e2ec,4,prm-24d79d07da1abeb8|run4,3,0,essential,middle,41,425,4/4,1,1,0,0
prm-b8457436293d4e60,problem-92992c0e162b3d6d,1,prm-b8457436293d4e60|run1,2,-1,harmful,late,38,559,0/4,0,0,0,0
prm-b8457436293d4e60,problem-92992c0e162b3d6d,2,prm-b8457436293d4e60|run2,2,-1,harmful,late,38,559,0/4,0,0,0,0
prm-b8457436293d4e60,problem-92992c0e162b3d6d,3,prm-b8457436293d4e60|run3,2,-1,harmful,late,38,559,0/4,0,0,0,0
prm-b8457436293d4e60,problem-92992c0e162b3d6d,4,prm-b8457436293d4e60|run4,2,-1,harmful,late,38,559,0/4,0,0,0,0
prm-9ef4a4362f8a777c,problem-edc76d80b3d26c0a,1,prm-9ef4a4362f8a777c|run1,3,0,essential,middle,24,586,4/4,1,1,0,0
prm-9ef4a4362f8a777c,problem-edc76d80b3d26c0a,2,prm-9ef4a4362f8a777c|run2,3,0,essential,middle,24,586,4/4,1,1,0,0
prm-9ef4a4362f8a777c,problem-edc76d80b3d26c0a,3,prm-9ef4a4362f8a777c|run3,3,0,essential,middle,24,586,4/4,1,1,0,0
prm-9ef4a4362f8a777c,problem-edc76d80b3d26c0a,4,prm-9ef4a4362f8a777c|run4,3,0,essential,middle,24,586,4/4,1,1,0,0
prm-7af50adf0a42982f,problem-59930f06199891a2,1,prm-7af50adf0a42982f|run1,3,1,redundant,early,20,297,0/4,0,0,0,0
prm-7af50adf0a42982f,problem-59930f06199891a2,2,prm-7af50adf0a42982f|run2,3,1,redundant,early,20,297,0/4,0,0,0,0
prm-7af50adf0a42982f,problem-59930f06199891a2,3,prm-7af50adf0a42982f|run3,3,1,redundant,early,20,297,0/4,0,0,0,0
prm-7af50adf0a42982f,problem-59930f06199891a2,4,prm-7af50adf0a42982f|run4,3,1,redundant,early,20,297,0/4,0,0,0,0
prm-4c8c15a6cba67d79,problem-96a8c62f9c87bbff,1,prm-4c8c15a6cba67d79|run1,4,1,redundant,early,19,358,0/4,0,0,0,0
prm-4c8c15a6cba67d79,problem-96a8c62f9c87bbff,2,prm-4c8c15a6cba67d79|run2,4,1,redundant,early,19,358,0/4,0,0,0,0
prm-4c8c15a6cba67d79,problem-96a8c62f9c87bbff,3,prm-4c8c15a6cba67d79|run3,4,1,redundant,early,19,358,0/4,0,0,0,0
prm-4c8c15a6cba67d79,problem-96a8c62f9c87bbff,4,prm-4c8c15a6cba67d79|run4,4,1,redundant,early,19,358,0/4,0,0,0,0
prm-242890b88c115e2c,problem-57971ca6c2f0ea0b,1,prm-242890b88c115e2c|run1,0,1,essential,late,57,801,3/4,1,1,0,0
prm-242890b88c115e2c,problem-57971ca6c2f0ea0b,2,prm-242890b88c115e2c|run2,0,1,essential,late,57,801,3/4,1,0,1,0
prm-242890b88c115e2c,problem-57971ca6c2f0ea0b,3,prm-242890b88c115e2c|run3,0,1,essential,late,57,801,3/4,1,0,1,0
prm-242890b88c115e2c,problem-57971ca6c2f0ea0b,4,prm-242890b88c115e2c|run4,0,1,essential,late,57,801,3/4,0,0,0,0
prm-2c5e0537236b9a03,problem-9855ca472cb26c0b,1,prm-2c5e0537236b9a03|run1,0,1,essential,early,36,422,0/4,0,0,0,0
prm-2c5e0537236b9a03,problem-9855ca472cb26c0b,2,prm-2c5e0537236b9a03|run2,0,1,essential,early,36,422,0/4,0,0,0,0
prm-2c5e0537236b9a03,problem-9855ca472cb26c0b,3,prm-2c5e0537236b9a03|run3,0,1,essential,early,36,422,0/4,0,0,0,0
prm-2c5e0537236b9a03,problem-9855ca472cb26c0b,4,prm-2c5e0537236b9a03|run4,0,1,essential,early,36,422,0/4,0,1,0,1
prm-64052b65a1c192c7,problem-50586870d07058f9,1,prm-64052b65a1c192c7|run1,2,-1,harmful,late,32,873,0/4,0,0,0,0
prm-64052b65a1c192c7,problem-50586870d07058f9,2,prm-64052b65a1c192c7|run2,2,-1,harmful,late,32,873,0/4,0,0,0,0
prm-64052b65a1c192c7,problem-50586870d07058f9,3,prm-64052b65a1c192c7|run3,2,-1,harmful,late,32,873,0/4,0,0,0,0
prm-64052b65a1c192c7,problem-50586870d07058f9,4,prm-64052b65a1c192c7|run4,2,-1,harmful,late,32,873,0/4,0,0,0,0
prm-05db80661c2eea87,problem-ca9cbef015dfaab2,1,prm-05db80661c2eea87|run1,4,0,redundant,late,30,603,4/4,1,1,0,0
prm-05db80661c2eea87,problem-ca9cbef015dfaab2,2,prm-05db80661c2eea87|run2,4,0,redundant,late,30,603,4/4,1,1,0,0
prm-05db80661c2eea87,problem-ca9cbef015dfaab2,3,prm-05db80661c2eea87|run3,4,0,redundant,late,30,603,4/4,1,1,0,0
prm-05db80661c2eea87,problem-ca9cbef015dfaab2,4,prm-05db80661c2eea87|run4,4,0,redundant,late,30,603,4/4,1,1,0,0
prm-dfed03ca959f8315,problem-2757934eba881767,1,prm-dfed03ca959f8315|run1,2,1,essential,middle,41,699,0/4,0,0,0,0
prm-dfed03ca959f8315,problem-2757934eba881767,2,prm-dfed03ca959f8315|run2,2,1,essential,middle,41,699,0/4,0,0,0,0
prm-dfed03ca959f8315,problem-2757934eba881767,3,prm-dfed03ca959f8315|run3,2,1,essential,middle,41,699,0/4,0,0,0,0
prm-dfed03ca959f8315,problem-2757934eba881767,4,prm-dfed03ca959f8315|run4,2,1,essential,middle,41,699,0/4,0,0,0,0
prm-ca096eb77c3d707b,problem-108f81538ad8d2c1,1,prm-ca096eb77c3d707b|run1,1,0,redundant,early,19,486,0/4,0,0,0,0
prm-ca096eb77c3d707b,problem-108f81538ad8d2c1,2,prm-ca096eb77c3d707b|run2,1,0,redundant,early,19,486,0/4,0,1,0,1
prm-ca096eb77c3d707b,problem-108f81538ad8d2c1,3,prm-ca096eb77c3d707b|run3,1,0,redundant,early,19,486,0/4,0,1,0,1
prm-ca096eb77c3d707b,problem-108f81538ad8d2c1,4,prm-ca096eb77c3d707b|run4,1,0,redundant,early,19,486,0/4,0,1,0,1
prm-dbb76c0284dc2629,problem-108f81538ad8d2c1,1,prm-dbb76c0284dc2629|run1,1,-1,harmful,early,36,458,0/4,0,1,0,1
prm-dbb76c0284dc2629,problem-108f81538ad8d2c1,2,prm-dbb76c0284dc2629|run2,1,-1,harmful,early,36,458,0/4,0,1,0,1
prm-dbb76c0284dc2629,problem-108f81538ad8d2c1,3,prm-dbb76c0284dc2629|run3,1,-1,harmful,early,36,458,0/4,0,0,0,0
prm-dbb76c0284dc2629,problem-108f81538ad8d2c1,4,prm-dbb76c0284dc2629|run4,1,-1,harmful,early,36,458,0/4,0,1,0,1
prm-c93b572ed45d09e3,problem-a54ef7e372ba2713,1,prm-c93b572ed45d09e3|run1,1,-1,harmful,middle,46,351,4/4,1,1,0,0
prm-c93b572ed45d09e3,problem-a54ef7e372ba2713,2,prm-c93b572ed45d09e3|run2,1,-1,harmful,middle,46,351,4/4,1,1,0,0
prm-c93b572ed45d09e3,problem-a54ef7e372ba2713,3,prm-c93b572ed45d09e3|run3,1,-1,harmful,middle,46,351,4/4,1,1,0,0
prm-c93b572ed45d09e3,problem-a54ef7e372ba2713,4,prm-c93b572ed45d09e3|run4,1,-1,harmful,middle,46,351,4/4,1,1,0,0
prm-7805f2fb660af82c,problem-e560d5cf6d3fecc5,1,prm-7805f2fb660af82c|run1,0,1,essential,middle,69,478,0/4,0,1,0,1
prm-7805f2fb660af82c,problem-e560d5cf6d3fecc5,2,prm-7805f2fb660af82c|run2,0,1,essential,middle,69,478,0/4,0,1,0,1
prm-7805f2fb660af82c,problem-e560d5cf6d3fecc5,3,prm-7805f2fb660af82c|run3,0,1,essential,middle,69,478,0/4,0,1,0,1
prm-7805f2fb660af82c,problem-e560d5cf6d3fecc5,4,prm-7805f2fb660af82c|run4,0,1,essential,middle,69,478,0/4,0,1,0,1
prm-694eda0133adae37,problem-eb3187c38ab27028,1,prm-694eda0133adae37|run1,1,0,redundant,middle,21,620,4/4,1,1,0,0
prm-694eda0133adae37,problem-eb3187c38ab27028,2,prm-694eda0133adae37|run2,1,0,redundant,middle,21,620,4/4,1,1,0,0
prm-694eda0133adae37,problem-eb3187c38ab27028,3,prm-694eda0133adae37|run3,1,0,redundant,middle,21,620,4/4,1,1,0,0
prm-694eda0133adae37,problem-eb3187c38ab27028,4,prm-694eda0133adae37|run4,1,0,redundant,middle,21,620,4/4,1,1,0,0
prm-6c4e585fba73949f,problem-5932169135a7e725,1,prm-6c4e585fba73949f|run1,4,-1,harmful,middle,35,519,0/4,0,0,0,0
prm-6c4e585fba73949f,problem-5932169135a7e725,2,prm-6c4e585fba73949f|run2,4,-1,harmful,middle,35,519,0/4,0,0,0,0
prm-6c4e585fba73949f,problem-5932169135a7e725,3,prm-6c4e585fba73949f|run3,4,-1,harmful,middle,35,519,0/4,0,0,0,0
prm-6c4e585fba73949f,problem-5932169135a7e725,4,prm-6c4e585fba73949f|run4,4,-1,harmful,middle,35,519,0/4,0,1,0,1
prm-2953ceb48c3d11eb,problem-c4f4fd84bb522f70,1,prm-2953ceb48c3d11eb|run1,2,0,harmful,early,36,303,4/4,1,1,0,0
prm-2953ceb48c3d11eb,problem-c4f4fd84bb522f70,2,prm-2953ceb48c3d11eb|run2,2,0,harmful,early,36,303,4/4,1,1,0,0
prm-2953ceb48c3d11eb,problem-c4f4fd84bb522f70,3,prm-2953ceb48c3d11eb|run3,2,0,harmful,early,36,303,4/4,1,1,0,0
prm-2953ceb48c3d11eb,problem-c4f4fd84bb522f70,4,prm-2953ceb48c3d11eb|run4,2,0,harmful,early,36,303,4/4,1,1,0,0
prm-5be58b31f228d28e,problem-dedb35fff0a06a5e,1,prm-5be58b31f228d28e|run1,3,-1,harmful,early,25,342,4/4,1,1,0,0
prm-5be58b31f228d28e,problem-dedb35fff0a06a5e,2,prm-5be58b31f228d28e|run2,3,-1,harmful,early,25,342,4/4,1,1,0,0
prm-5be58b31f228d28e,problem-dedb35fff0a06a5e,3,prm-5be58b31f228d28e|run3,3,-1,harmful,early,25,342,4/4,1,1,0,0
prm-5be58b31f228d28e,problem-dedb35fff0a06a5e,4,prm-5be58b31f228d28e|run4,3,-1,harmful,early,25,342,4/4,1,1,0,0
prm-de2964131ac70829,problem-d41322c9103030ce,1,prm-de2964131ac70829|run1,0,1,harmful,early,28,366,2/4,0,1,0,1
prm-de2964131ac70829,problem-d41322c9103030ce,2,prm-de2964131ac70829|run2,0,1,harmful,early,28,366,2/4,1,1,0,0
prm-de2964131ac70829,problem-d41322c9103030ce,3,prm-de2964131ac70829|run3,0,1,harmful,early,28,366,2/4,1,1,0,0
prm-de2964131ac70829,problem-d41322c9103030ce,4,prm-de2964131ac70829|run4,0,1,harmful,early,28,366,2/4,0,1,0,1
prm-a9006452bf5662ee,problem-782deeefb596a9df,1,prm-a9006452bf5662ee|run1,1,-1,redundant,early,27,371,4/4,1,1,0,0
prm-a9006452bf5662ee,problem-782deeefb596a9df,2,prm-a9006452bf5662ee|run2,1,-1,redundant,early,27,371,4/4,1,1,0,0
prm-a9006452bf5662ee,problem-782deeefb596a9df,3,prm-a9006452bf5662ee|run3,1,-1,redundant,early,27,371,4/4,1,1,0,0
prm-a9006452bf5662ee,problem-782deeefb596a9df,4,prm-a9006452bf5662ee|run4,1,-1,redundant,early,27,371,4/4,1,1,0,0
prm-9def3665fa2dd260,problem-3b95366916efe8e8,1,prm-9def3665fa2dd260|run1,4,1,harmful,middle,41,490,3/4,1,1,0,0
prm-9def3665fa2dd260,problem-3b95366916efe8e8,2,prm-9def3665fa2dd260|run2,4,1,harmful,middle,41,490,3/4,1,1,0,0
prm-9def3665fa2dd260,problem-3b95366916efe8e8,3,prm-9def3665fa2dd260|run3,4,1,harmful,middle,41,490,3/4,1,1,0,0
prm-9def3665fa2dd260,problem-3b95366916efe8e8,4,prm-9def3665fa2dd260|run4,4,1,harmful,middle,41,490,3/4,0,1,0,1
prm-317d37656fcc5ddd,problem-24416ee05263b731,1,prm-317d37656fcc5ddd|run1,0,0,essential,middle,43,394,4/4,1,1,0,0
prm-317d37656fcc5ddd,problem-24416ee05263b731,2,prm-317d37656fcc5ddd|run2,0,0,essential,middle,43,394,4/4,1,1,0,0
prm-317d37656fcc5ddd,problem-24416ee05263b731,3,prm-317d37656fcc5ddd|run3,0,0,essential,middle,43,394,4/4,1,1,0,0
prm-317d37656fcc5ddd,problem-24416ee05263b731,4,prm-317d37656fcc5ddd|run4,0,0,essential,middle,43,394,4/4,1,1,0,0
prm-7aacc6952228d379,problem-76bb173b20d420b6,1,prm-7aacc6952228d379|run1,1,1,essential,late,82,502,4/4,1,1,0,0
prm-7aacc6952228d379,problem-76bb173b20d420b6,2,prm-7aacc6952228d379|run2,1,1,essential,late,82,502,4/4,1,1,0,0
prm-7aacc6952228d379,problem-76bb173b20d420b6,3,prm-7aacc6952228d379|run3,1,1,essential,late,82,502,4/4,1,1,0,0
prm-7aacc6952228d379,problem-76bb173b20d420b6,4,prm-7aacc6952228d379|run4,1,1,essential,late,82,502,4/4,1,1,0,0
prm-ac7f15288ce11c38,problem-b18bba5824f91f21,1,prm-ac7f15288ce11c38|run1,4,-1,harmful,early,36,369,0/4,0,1,0,1
prm-ac7f15288ce11c38,problem-b18bba5824f91f21,2,prm-ac7f15288ce11c38|run2,4,-1,harmful,early,36,369,0/4,0,1,0,1
prm-ac7f15288ce11c38,problem-b18bba5824f91f21,3,prm-ac7f15288ce11c38|run3,4,-1,harmful,early,36,369,0/4,0,1,0,1
prm-ac7f15288ce11c38,problem-b18bba5824f91f21,4,prm-ac7f15288ce11c38|run4,4,-1,harmful,early,36,369,0/4,0,1,0,1
prm-7a422bc7fddfdf54,problem-ee7c7225248fbed1,1,prm-7a422bc7fddfdf54|run1,3,-1,harmful,middle,33,440,1/4,0,0,0,0
prm-7a422bc7fddfdf54,problem-ee7c7225248fbed1,2,prm-7a422bc7fddfdf54|run2,3,-1,harmful,middle,33,440,1/4,1,0,1,0
prm-7a422bc7fddfdf54,problem-ee7c7225248fbed1,3,prm-7a422bc7fddfdf54|run3,3,-1,harmful,middle,33,440,1/4,0,0,0,0
prm-7a422bc7fddfdf54,problem-ee7c7225248fbed1,4,prm-7a422bc7fddfdf54|run4,3,-1,harmful,middle,33,440,1/4,0,0,0,0
prm-3fb0a1041b0e6522,problem-d1c9cde932510127,1,prm-3fb0a1041b0e6522|run1,3,-1,harmful,early,27,278,0/4,0,1,0,1
prm-3fb0a1041b0e6522,problem-d1c9cde932510127,2,prm-3fb0a1041b0e6522|run2,3,-1,harmful,early,27,278,0/4,0,1,0,1
prm-3fb0a1041b0e6522,problem-d1c9cde932510127,3,prm-3fb0a1041b0e6522|run3,3,-1,harmful,early,27,278,0/4,0,1,0,1
prm-3fb0a1041b0e6522,problem-d1c9cde932510127,4,prm-3fb0a1041b0e6522|run4,3,-1,harmful,early,27,278,0/4,0,1,0,1
prm-fa4778df65d9a289,problem-214693f141327f81,1,prm-fa4778df65d9a289|run1,0,-1,harmful,middle,34,409,0/4,0,1,0,1
prm-fa4778df65d9a289,problem-214693f141327f81,2,prm-fa4778df65d9a289|run2,0,-1,harmful,middle,34,409,0/4,0,1,0,1
prm-fa4778df65d9a289,problem-214693f141327f81,3,prm-fa4778df65d9a289|run3,0,-1,harmful,middle,34,409,0/4,0,0,0,0
prm-fa4778df65d9a289,problem-214693f141327f81,4,prm-fa4778df65d9a289|run4,0,-1,harmful,middle,34,409,0/4,0,0,0,0
prm-4dece02217f93500,problem-c0364fc64487e4ec,1,prm-4dece02217f93500|run1,0,0,redundant,late,21,710,4/4,1,0,1,0
prm-4dece02217f93500,problem-c0364fc64487e4ec,2,prm-4dece02217f93500|run2,0,0,redundant,late,21,710,4/4,1,1,0,0
prm-4dece02217f93500,problem-c0364fc64487e4ec,3,prm-4dece02217f93500|run3,0,0,redundant,late,21,710,4/4,1,0,1,0
prm-4dece02217f93500,problem-c0364fc64487e4ec,4,prm-4dece02217f93500|run4,0,0,redundant,late,21,710,4/4,1,0,1,0
prm-2d6ec7aa85de8014,problem-9855ca472cb26c0b,1,prm-2d6ec7aa85de8014|run1,0,0,redundant,middle,21,594,4/4,1,1,0,0
prm-2d6ec7aa85de8014,problem-9855ca472cb26c0b,2,prm-2d6ec7aa85de8014|run2,0,0,redundant,middle,21,594,4/4,1,1,0,0
prm-2d6ec7aa85de8014,problem-9855ca472cb26c0b,3,prm-2d6ec7aa85de8014|run3,0,0,redundant,middle,21,594,4/4,1,1,0,0
prm-2d6ec7aa85de8014,problem-9855ca472cb26c0b,4,prm-2d6ec7aa85de8014|run4,0,0,redundant,middle,21,594,4/4,1,1,0,0
prm-dc919cb80f6423eb,problem-57d488b1dac9c921,1,prm-dc919cb80f6423eb|run1,4,0,redundant,early,31,422,0/4,0,0,0,0
prm-dc919cb80f6423eb,problem-57d488b1dac9c921,2,prm-dc919cb80f6423eb|run2,4,0,redundant,early,31,422,0/4,0,0,0,0
prm-dc919cb80f6423eb,problem-57d488b1dac9c921,3,prm-dc919cb80f6423eb|run3,4,0,redundant,early,31,422,0/4,0,0,0,0
prm-dc919cb80f6423eb,problem-57d488b1dac9c921,4,prm-dc919cb80f6423eb|run4,4,0,redundant,early,31,422,0/4,0,0,0,0
prm-c7bf20109ee3402e,problem-eee898cfa2cd6785,1,prm-c7bf20109ee3402e|run1,2,-1,harmful,late,52,599,0/4,0,1,0,1
prm-c7bf20109ee3402e,problem-eee898cfa2cd6785,2,prm-c7bf20109ee3402e|run2,2,-1,harmful,late,52,599,0/4,0,1,0,1
prm-c7bf20109ee3402e,problem-eee898cfa2cd6785,3,prm-c7bf20109ee3402e|run3,2,-1,harmful,late,52,599,0/4,0,1,0,1
prm-c7bf20109ee3402e,problem-eee898cfa2cd6785,4,prm-c7bf20109ee3402e|run4,2,-1,harmful,late,52,599,0/4,0,1,0,1
prm-7449b3260474567e,problem-edc76d80b3d26c0a,1,prm-7449b3260474567e|run1,3,1,essential,late,49,882,4/4,1,1,0,0
prm-7449b3260474567e,problem-edc76d80b3d26c0a,2,prm-7449b3260474567e|run2,3,1,essential,late,49,882,4/4,1,1,0,0
prm-7449b3260474567e,problem-edc76d80b3d26c0a,3,prm-7449b3260474567e|run3,3,1,essential,late,49,882,4/4,1,1,0,0
prm-7449b3260474567e,problem-edc76d80b3d26c0a,4,prm-7449b3260474567e|run4,3,1,essential,late,49,882,4/4,1,1,0,0
prm-370bf73e2c4bd7d0,problem-f5ace075c490ab02,1,prm-370bf73e2c4bd7d0|run1,2,1,essential,middle,21,580,0/4,0,0,0,0
prm-370bf73e2c4bd7d0,problem-f5ace075c490ab02,2,prm-370bf73e2c4bd7d0|run2,2,1,essential,middle,21,580,0/4,0,0,0,0
prm-370bf73e2c4bd7d0,problem-f5ace075c490ab02,3,prm-370bf73e2c4bd7d0|run3,2,1,essential,middle,21,580,0/4,0,0,0,0
prm-370bf73e2c4bd7d0,problem-f5ace075c490ab02,4,prm-370bf73e2c4bd7d0|run4,2,1,essential,middle,21,580,0/4,0,0,0,0
prm-6c8f717ff62b444b,problem-29b2b39dd7862f9d,1,prm-6c8f717ff62b444b|run1,4,0,essential,early,22,289,0/4,0,0,0,0
prm-6c8f717ff62b444b,problem-29b2b39dd7862f9d,2,prm-6c8f717ff62b444b|run2,4,0,essential,early,22,289,0/4,0,0,0,0
prm-6c8f717ff62b444b,problem-29b2b39dd7862f9d,3,prm-6c8f717ff62b444b|run3,4,0,essential,early,22,289,0/4,0,0,0,0
prm-6c8f717ff62b444b,problem-29b2b39dd7862f9d,4,prm-6c8f717ff62b444b|run4,4,0,essential,early,22,289,0/4,0,0,0,0
prm-52a853240fdce958,problem-0887851f3251fb23,1,prm-52a853240fdce958|run1,3,-1,harmful,late,28,549,0/4,0,0,0,0
prm-52a853240fdce958,problem-0887851f3251fb23,2,prm-52a853240fdce958|run2,3,-1,harmful,late,28,549,0/4,0,0,0,0
prm-52a853240fdce958,problem-0887851f3251fb23,3,prm-52a853240fdce958|run3,3,-1,harmful,late,28,549,0/4,0,0,0,0
prm-52a853240fdce958,problem-0887851f3251fb23,4,prm-52a853240fdce958|run4,3,-1,harmful,late,28,549,0/4,0,0,0,0
prm-1fdd16bd5ee2ebb1,problem-0d469d0ece1c8db4,1,prm-1fdd16bd5ee2ebb1|run1,1,0,harmful,early,35,317,0/4,0,1,0,1
prm-1fdd16bd5ee2ebb1,problem-0d469d0ece1c8db4,2,prm-1fdd16bd5ee2ebb1|run2,1,0,harmful,early,35,317,0/4,0,1,0,1
prm-1fdd16bd5ee2ebb1,problem-0d469d0ece1c8db4,3,prm-1fdd16bd5ee2ebb1|run3,1,0,harmful,early,35,317,0/4,0,1,0,1
prm-1fdd16bd5ee2ebb1,problem-0d469d0ece1c8db4,4,prm-1fdd16bd5ee2ebb1|run4,1,0,harmful,early,35,317,0/4,0,1,0,1
prm-4b2cde83a58c010f,problem-c4f4fd84bb522f70,1,prm-4b2cde83a58c010f|run1,2,0,harmful,late,30,627,4/4,1,1,0,0
prm-4b2cde83a58c010f,problem-c4f4fd84bb522f70,2,prm-4b2cde83a58c010f|run2,2,0,harmful,late,30,627,4/4,1,1,0,0
prm-4b2cde83a58c010f,problem-c4f4fd84bb522f70,3,prm-4b2cde83a58c010f|run3,2,0,harmful,late,30,627,4/4,1,1,0,0
prm-4b2cde83a58c010f,problem-c4f4fd84bb522f70,4,prm-4b2cde83a58c010f|run4,2,0,harmful,late,30,627,4/4,1,1,0,0
prm-e3b1b8595fa68428,problem-8870acf1d4b163f5,1,prm-e3b1b8595fa68428|run1,4,0,harmful,early,21,346,4/4,1,1,0,0
prm-e3b1b8595fa68428,problem-8870acf1d4b163f5,2,prm-e3b1b8595fa68428|run2,4,0,harmful,early,21,346,4/4,1,1,0,0
prm-e3b1b8595fa68428,problem-8870acf1d4b163f5,3,prm-e3b1b8595fa68428|run3,4,0,harmful,early,21,346,4/4,1,1,0,0
prm-e3b1b8595fa68428,problem-8870acf1d4b163f5,4,prm-e3b1b8595fa68428|run4,4,0,harmful,early,21,346,4/4,1,1,0,0
prm-9b1fccc8cdbe2d3c,problem-96a8c62f9c87bbff,1,prm-9b1fccc8cdbe2d3c|run1,4,0,redundant,early,11,315,0/4,0,0,0,0
prm-9b1fccc8cdbe2d3c,problem-96a8c62f9c87bbff,2,prm-9b1fccc8cdbe2d3c|run2,4,0,redundant,early,11,315,0/4,0,0,0,0
prm-9b1fccc8cdbe2d3c,problem-96a8c62f9c87bbff,3,prm-9b1fccc8cdbe2d3c|run3,4,0,redundant,early,11,315,0/4,0,0,0,0
prm-9b1fccc8cdbe2d3c,problem-96a8c62f9c87bbff,4,prm-9b1fccc8cdbe2d3c|run4,4,0,redundant,early,11,315,0/4,0,0,0,0
prm-07ed10b9917c2389,problem-f2c81f01ec95c73f,1,prm-07ed10b9917c2389|run1,3,-1,harmful,late,89,613,0/4,0,0,0,0
prm-07ed10b9917c2389,problem-f2c81f01ec95c73f,2,prm-07ed10b9917c2389|run2,3,-1,harmful,late,89,613,0/4,0,0,0,0
prm-07ed10b9917c2389,problem-f2c81f01ec95c73f,3,prm-07ed10b9917c2389|run3,3,-1,harmful,late,89,613,0/4,0,0,0,0
prm-07ed10b9917c2389,problem-f2c81f01ec95c73f,4,prm-07ed10b9917c2389|run4,3,-1,harmful,late,89,613,0/4,0,0,0,0
prm-a15fb929dff59e97,problem-8e69fc01349a975d,1,prm-a15fb929dff59e97|run1,1,-1,harmful,middle,48,616,0/4,0,0,0,0
prm-a15fb929dff59e97,problem-8e69fc01349a975d,2,prm-a15fb929dff59e97|run2,1,-1,harmful,middle,48,616,0/4,0,0,0,0
prm-a15fb929dff59e97,problem-8e69fc01349a975d,3,prm-a15fb929dff59e97|run3,1,-1,harmful,middle,48,616,0/4,0,0,0,0
prm-a15fb929dff59e97,problem-8e69fc01349a975d,4,prm-a15fb929dff59e97|run4,1,-1,harmful,middle,48,616,0/4,0,0,0,0
prm-12bc5c8b425e5765,problem-1a7c478bb9ae0d78,1,prm-12bc5c8b425e5765|run1,1,1,essential,late,28,468,0/4,0,0,0,0
prm-12bc5c8b425e5765,problem-1a7c478bb9ae0d78,2,prm-12bc5c8b425e5765|run2,1,1,essential,late,28,468,0/4,0,0,0,0
prm-12bc5c8b425e5765,problem-1a7c478bb9ae0d78,3,prm-12bc5c8b425e5765|run3,1,1,essential,late,28,468,0/4,0,0,0,0
prm-12bc5c8b425e5765,problem-1a7c478bb9ae0d78,4,prm-12bc5c8b425e5765|run4,1,1,essential,late,28,468,0/4,0,0,0,0
prm-9df86fcdc40baf88,problem-118be303d7abffbe,1,prm-9df86fcdc40baf88|run1,4,1,essential,early,24,315,1/4,0,0,0,0
prm-9df86fcdc40baf88,problem-118be303d7abffbe,2,prm-9df86fcdc40baf88|run2,4,1,essential,early,24,315,1/4,0,1,0,1
prm-9df86fcdc40baf88,problem-118be303d7abffbe,3,prm-9df86fcdc40baf88|run3,4,1,essential,early,24,315,1/4,1,1,0,0
prm-9df86fcdc40baf88,problem-118be303d7abffbe,4,prm-9df86fcdc40baf88|run4,4,1,essential,early,24,315,1/4,0,1,0,1
prm-68e9514e2eb03142,problem-fdc8aba1c1ade2de,1,prm-68e9514e2eb03142|run1,3,-1,harmful,middle,64,790,0/4,0,0,0,0
prm-68e9514e2eb03142,problem-fdc8aba1c1ade2de,2,prm-68e9514e2eb03142|run2,3,-1,harmful,middle,64,790,0/4,0,0,0,0
prm-68e9514e2eb03142,problem-fdc8aba1c1ade2de,3,prm-68e9514e2eb03142|run3,3,-1,harmful,middle,64,790,0/4,0,0,0,0
prm-68e9514e2eb03142,problem-fdc8aba1c1ade2de,4,prm-68e9514e2eb03142|run4,3,-1,harmful,middle,64,790,0/4,0,0,0,0
prm-ae5ba6e191f09528,problem-dedb35fff0a06a5e,1,prm-ae5ba6e191f09528|run1,3,-1,harmful,early,28,312,0/4,0,1,0,1
prm-ae5ba6e191f09528,problem-dedb35fff0a06a5e,2,prm-ae5ba6e191f09528|run2,3,-1,harmful,early,28,312,0/4,0,1,0,1
prm-ae5ba6e191f09528,problem-dedb35fff0a06a5e,3,prm-ae5ba6e191f09528|run3,3,-1,harmful,early,28,312,0/4,0,1,0,1
prm-ae5ba6e191f09528,problem-dedb35fff0a06a5e,4,prm-ae5ba6e191f09528|run4,3,-1,harmful,early,28,312,0/4,0,1,0,1
prm-315d6ba30914293a,problem-4639686b328fdf30,1,prm-315d6ba30914293a|run1,0,0,redundant,late,36,1001,0/4,0,0,0,0
prm-315d6ba30914293a,problem-4639686b328fdf30,2,prm-315d6ba30914293a|run2,0,0,redundant,late,36,1001,0/4,0,0,0,0
prm-315d6ba30914293a,problem-4639686b328fdf30,3,prm-315d6ba30914293a|run3,0,0,redundant,late,36,1001,0/4,0,0,0,0
prm-315d6ba30914293a,problem-4639686b328fdf30,4,prm-315d6ba30914293a|run4,0,0,redundant,late,36,1001,0/4,0,0,0,0
prm-92e6c6de9151c528,problem-c16492850cbf8813,1,prm-92e6c6de9151c528|run1,3,1,essential,early,32,294,4/4,1,1,0,0
prm-92e6c6de9151c528,problem-c16492850cbf8813,2,prm-92e6c6de9151c528|run2,3,1,essential,early,32,294,4/4,1,1,0,0
prm-92e6c6de9151c528,problem-c16492850cbf8813,3,prm-92e6c6de9151c528|run3,3,1,essential,early,32,294,4/4,1,1,0,0
prm-92e6c6de9151c528,problem-c16492850cbf8813,4,prm-92e6c6de9151c528|run4,3,1,essential,early,32,294,4/4,1,1,0,0
prm-2fbe6edf19120d31,problem-3cbf37a65f1d222a,1,prm-2fbe6edf19120d31|run1,3,-1,harmful,late,22,556,4/4,1,1,0,0
prm-2fbe6edf19120d31,problem-3cbf37a65f1d222a,2,prm-2fbe6edf19120d31|run2,3,-1,harmful,late,22,556,4/4,1,1,0,0
prm-2fbe6edf19120d31,problem-3cbf37a65f1d222a,3,prm-2fbe6edf19120d31|run3,3,-1,harmful,late,22,556,4/4,1,1,0,0
prm-2fbe6edf19120d31,problem-3cbf37a65f1d222a,4,prm-2fbe6edf19120d31|run4,3,-1,harmful,late,22,556,4/4,1,1,0,0
prm-5bd12286ca047ec0,problem-26def20db88cf572,1,prm-5bd12286ca047ec0|run1,0,1,essential,early,41,505,4/4,1,1,0,0
prm-5bd12286ca047ec0,problem-26def20db88cf572,2,prm-5bd12286ca047ec0|run2,0,1,essential,early,41,505,4/4,1,1,0,0
prm-5bd12286ca047ec0,problem-26def20db88cf572,3,prm-5bd12286ca047ec0|run3,0,1,essential,early,41,505,4/4,1,1,0,0
prm-5bd12286ca047ec0,problem-26def20db88cf572,4,prm-5bd12286ca047ec0|run4,0,1,essential,early,41,505,4/4,1,1,0,0
prm-64828b0b15ca157c,problem-3e3197b5f708b626,1,prm-64828b0b15ca157c|run1,4,1,redundant,late,27,591,4/4,1,1,0,0
prm-64828b0b15ca157c,problem-3e3197b5f708b626,2,prm-64828b0b15ca157c|run2,4,1,redundant,late,27,591,4/4,1,1,0,0
prm-64828b0b15ca157c,problem-3e3197b5f708b626,3,prm-64828b0b15ca157c|run3,4,1,redundant,late,27,591,4/4,1,1,0,0
prm-64828b0b15ca157c,problem-3e3197b5f708b626,4,prm-64828b0b15ca157c|run4,4,1,redundant,late,27,591,4/4,1,1,0,0
prm-f2ca2a7324883c6d,problem-98ba12c744ebd5e7,1,prm-f2ca2a7324883c6d|run1,2,-1,essential,late,29,459,0/4,0,0,0,0
prm-f2ca2a7324883c6d,problem-98ba12c744ebd5e7,2,prm-f2ca2a7324883c6d|run2,2,-1,essential,late,29,459,0/4,0,0,0,0
prm-f2ca2a7324883c6d,problem-98ba12c744ebd5e7,3,prm-f2ca2a7324883c6d|run3,2,-1,essential,late,29,459,0/4,0,0,0,0
prm-f2ca2a7324883c6d,problem-98ba12c744ebd5e7,4,prm-f2ca2a7324883c6d|run4,2,-1,essential,late,29,459,0/4,0,0,0,0
prm-6810d2c059913e28,problem-150eaf9aec741382,1,prm-6810d2c059913e28|run1,0,0,essential,middle,48,473,0/4,0,1,0,1
prm-6810d2c059913e28,problem-150eaf9aec741382,2,prm-6810d2c059913e28|run2,0,0,essential,middle,48,473,0/4,0,1,0,1
prm-6810d2c059913e28,problem-150eaf9aec741382,3,prm-6810d2c059913e28|run3,0,0,essential,middle,48,473,0/4,0,1,0,1
prm-6810d2c059913e28,problem-150eaf9aec741382,4,prm-6810d2c059913e28|run4,0,0,essential,middle,48,473,0/4,0,1,0,1
prm-c01bc07ec8bcb448,problem-4e48831b718f7ba2,1,prm-c01bc07ec8bcb448|run1,4,-1,harmful,early,56,440,0/4,0,0,0,0
prm-c01bc07ec8bcb448,problem-4e48831b718f7ba2,2,prm-c01bc07ec8bcb448|run2,4,-1,harmful,early,56,440,0/4,0,1,0,1
prm-c01bc07ec8bcb448,problem-4e48831b718f7ba2,3,prm-c01bc07ec8bcb448|run3,4,-1,harmful,early,56,440,0/4,0,0,0,0
prm-c01bc07ec8bcb448,problem-4e48831b718f7ba2,4,prm-c01bc07ec8bcb448|run4,4,-1,harmful,early,56,440,0/4,0,0,0,0
prm-ab1c7130781f0c6b,problem-d699cb734c33a748,1,prm-ab1c7130781f0c6b|run1,0,0,harmful,middle,31,537,4/4,1,0,1,0
prm-ab1c7130781f0c6b,problem-d699cb734c33a748,2,prm-ab1c7130781f0c6b|run2,0,0,harmful,middle,31,537,4/4,1,0,1,0
prm-ab1c7130781f0c6b,problem-d699cb734c33a748,3,prm-ab1c7130781f0c6b|run3,0,0,harmful,middle,31,537,4/4,1,0,1,0
prm-ab1c7130781f0c6b,problem-d699cb734c33a748,4,prm-ab1c7130781f0c6b|run4,0,0,harmful,middle,31,537,4/4,1,0,1,0
prm-f17b27e710e8f147,problem-81dd044c95a0fca3,1,prm-f17b27e710e8f147|run1,0,-1,harmful,early,79,416,0/4,0,0,0,0
prm-f17b27e710e8f147,problem-81dd044c95a0fca3,2,prm-f17b27e710e8f147|run2,0,-1,harmful,early,79,416,0/4,0,0,0,0
prm-f17b27e710e8f147,problem-81dd044c95a0fca3,3,prm-f17b27e710e8f147|run3,0,-1,harmful,early,79,416,0/4,0,0,0,0
prm-f17b27e710e8f147,problem-81dd044c95a0fca3,4,prm-f17b27e710e8f147|run4,0,-1,harmful,early,79,416,0/4,0,0,0,0
prm-6bdba3a9023070a1,problem-a5b3b535a7854a82,1,prm-6bdba3a9023070a1|run1,3,-1,harmful,middle,57,519,4/4,1,1,0,0
prm-6bdba3a9023070a1,problem-a5b3b535a7854a82,2,prm-6bdba3a9023070a1|run2,3,-1,harmful,middle,57,519,4/4,1,1,0,0
prm-6bdba3a9023070a1,problem-a5b3b535a7854a82,3,prm-6bdba3a9023070a1|run3,3,-1,harmful,middle,57,519,4/4,1,1,0,0
prm-6bdba3a9023070a1,problem-a5b3b535a7854a82,4,prm-6bdba3a9023070a1|run4,3,-1,harmful,middle,57,519,4/4,1,1,0,0
prm-6ee8687119787677,problem-9b85603bc31a2030,1,prm-6ee8687119787677|run1,2,1,redundant,early,23,296,4/4,1,1,0,0
prm-6ee8687119787677,problem-9b85603bc31a2030,2,prm-6ee8687119787677|run2,2,1,redundant,early,23,296,4/4,1,1,0,0
prm-6ee8687119787677,problem-9b85603bc31a2030,3,prm-6ee8687119787677|run3,2,1,redundant,early,23,296,4/4,1,1,0,0
prm-6ee8687119787677,problem-9b85603bc31a2030,4,prm-6ee8687119787677|run4,2,1,redundant,early,23,296,4/4,1,1,0,0
prm-3d7ee20871a31c85,problem-5a8c50102096a59a,1,prm-3d7ee20871a31c85|run1,0,0,redundant,middle,18,837,4/4,1,0,1,0
prm-3d7ee20871a31c85,problem-5a8c50102096a59a,2,prm-3d7ee20871a31c85|run2,0,0,redundant,middle,18,837,4/4,1,0,1,0
prm-3d7ee20871a31c85,problem-5a8c50102096a59a,3,prm-3d7ee20871a31c85|run3,0,0,redundant,middle,18,837,4/4,1,1,0,0
prm-3d7ee20871a31c85,problem-5a8c50102096a59a,4,prm-3d7ee20871a31c85|run4,0,0,redundant,middle,18,837,4/4,1,0,1,0
prm-cbc588184fc6053c,problem-cdaeb4bf71f69112,1,prm-cbc588184fc6053c|run1,3,1,essential,middle,49,519,1/4,0,0,0,0
prm-cbc588184fc6053c,problem-cdaeb4bf71f69112,2,prm-cbc588184fc6053c|run2,3,1,essential,middle,49,519,1/4,0,0,0,0
prm-cbc588184fc6053c,problem-cdaeb4bf71f69112,3,prm-cbc588184fc6053c|run3,3,1,essential,middle,49,519,1/4,0,0,0,0
prm-cbc588184fc6053c,problem-cdaeb4bf71f69112,4,prm-cbc588184fc6053c|run4,3,1,essential,middle,49,519,1/4,1,0,1,0
prm-5da3ed1afff5caaa,problem-b884ea4dff439d89,1,prm-5da3ed1afff5caaa|run1,4,-1,harmful,early,41,378,4/4,1,1,0,0
prm-5da3ed1afff5caaa,problem-b884ea4dff439d89,2,prm-5da3ed1afff5caaa|run2,4,-1,harmful,early,41,378,4/4,1,1,0,0
prm-5da3ed1afff5caaa,problem-b884ea4dff439d89,3,prm-5da3ed1afff5caaa|run3,4,-1,harmful,early,41,378,4/4,1,0,1,0
prm-5da3ed1afff5caaa,problem-b884ea4dff439d89,4,prm-5da3ed1afff5caaa|run4,4,-1,harmful,early,41,378,4/4,1,1,0,0
prm-49dfa9357a3a5686,problem-de0c58f09875d127,1,prm-49dfa9357a3a5686|run1,1,0,essential,late,39,461,4/4,1,1,0,0
prm-49dfa9357a3a5686,problem-de0c58f09875d127,2,prm-49dfa9357a3a5686|run2,1,0,essential,late,39,461,4/4,1,1,0,0
prm-49dfa9357a3a5686,problem-de0c58f09875d127,3,prm-49dfa9357a3a5686|run3,1,0,essential,late,39,461,4/4,1,1,0,0
prm-49dfa9357a3a5686,problem-de0c58f09875d127,4,prm-49dfa9357a3a5686|run4,1,0,essential,late,39,461,4/4,1,0,1,0
prm-3dc58ac2c43483b2,problem-ca9cbef015dfaab2,1,prm-3dc58ac2c43483b2|run1,4,-1,harmful,late,22,650,0/4,0,0,0,0
prm-3dc58ac2c43483b2,problem-ca9cbef015dfaab2,2,prm-3dc58ac2c43483b2|run2,4,-1,harmful,late,22,650,0/4,0,0,0,0
prm-3dc58ac2c43483b2,problem-ca9cbef015dfaab2,3,prm-3dc58ac2c43483b2|run3,4,-1,harmful,late,22,650,0/4,0,0,0,0
prm-3dc58ac2c43483b2,problem-ca9cbef015dfaab2,4,prm-3dc58ac2c43483b2|run4,4,-1,harmful,late,22,650,0/4,0,0,0,0
prm-2cb8f0ea41668c12,problem-607ec7f40a3b19a9,1,prm-2cb8f0ea41668c12|run1,2,-1,harmful,late,35,521,0/4,0,0,0,0
prm-2cb8f0ea41668c12,problem-607ec7f40a3b19a9,2,prm-2cb8f0ea41668c12|run2,2,-1,harmful,late,35,521,0/4,0,0,0,0
prm-2cb8f0ea41668c12,problem-607ec7f40a3b19a9,3,prm-2cb8f0ea41668c12|run3,2,-1,harmful,late,35,521,0/4,0,0,0,0
prm-2cb8f0ea41668c12,problem-607ec7f40a3b19a9,4,prm-2cb8f0ea41668c12|run4,2,-1,harmful,late,35,521,0/4,0,0,0,0
prm-91df52b1208ea81d,problem-4928f50ac88f7a16,1,prm-91df52b1208ea81d|run1,1,1,essential,late,26,457,4/4,1,1,0,0
prm-91df52b1208ea81d,problem-4928f50ac88f7a16,2,prm-91df52b1208ea81d|run2,1,1,essential,late,26,457,4/4,1,1,0,0
prm-91df52b1208ea81d,problem-4928f50ac88f7a16,3,prm-91df52b1208ea81d|run3,1,1,essential,late,26,457,4/4,1,1,0,0
prm-91df52b1208ea81d,problem-4928f50ac88f7a16,4,prm-91df52b1208ea81d|run4,1,1,essential,late,26,457,4/4,1,1,0,0
prm-951e8e518dae1077,problem-7317c41e6c58289b,1,prm-951e8e518dae1077|run1,1,1,essential,late,36,593,4/4,1,1,0,0
prm-951e8e518dae1077,problem-7317c41e6c58289b,2,prm-951e8e518dae1077|run2,1,1,essential,late,36,593,4/4,1,1,0,0
prm-951e8e518dae1077,problem-7317c41e6c58289b,3,prm-951e8e518dae1077|run3,1,1,essential,late,36,593,4/4,1,1,0,0
prm-951e8e518dae1077,problem-7317c41e6c58289b,4,prm-951e8e518dae1077|run4,1,1,essential,late,36,593,4/4,1,1,0,0
prm-ef29966d7a6bd3e2,problem-2ca7e059eeb0b7dd,1,prm-ef29966d7a6bd3e2|run1,0,0,redundant,early,12,327,4/4,1,1,0,0
prm-ef29966d7a6bd3e2,problem-2ca7e059eeb0b7dd,2,prm-ef29966d7a6bd3e2|run2,0,0,redundant,early,12,327,4/4,1,1,0,0
prm-ef29966d7a6bd3e2,problem-2ca7e059eeb0b7dd,3,prm-ef29966d7a6bd3e2|run3,0,0,redundant,early,12,327,4/4,1,1,0,0
prm-ef29966d7a6bd3e2,problem-2ca7e059eeb0b7dd,4,prm-ef29966d7a6bd3e2|run4,0,0,redundant,early,12,327,4/4,1,1,0,0
prm-7f470224e279c9a5,problem-d4b549c0bfc69f15,1,prm-7f470224e279c9a5|run1,2,-1,harmful,early,110,480,0/4,0,0,0,0
prm-7f470224e279c9a5,problem-d4b549c0bfc69f15,2,prm-7f470224e279c9a5|run2,2,-1,harmful,early,110,480,0/4,0,0,0,0
prm-7f470224e279c9a5,problem-d4b549c0bfc69f15,3,prm-7f470224e279c9a5|run3,2,-1,harmful,early,110,480,0/4,0,0,0,0
prm-7f470224e279c9a5,problem-d4b549c0bfc69f15,4,prm-7f470224e279c9a5|run4,2,-1,harmful,early,110,480,0/4,0,0,0,0
prm-27e89528dea4c565,problem-34876d45164544f1,1,prm-27e89528dea4c565|run1,3,0,redundant,early,31,339,4/4,1,1,0,0
prm-27e89528dea4c565,problem-34876d45164544f1,2,prm-27e89528dea4c565|run2,3,0,redundant,early,31,339,4/4,1,1,0,0
prm-27e89528dea4c565,problem-34876d45164544f1,3,prm-27e89528dea4c565|run3,3,0,redundant,early,31,339,4/4,1,1,0,0
prm-27e89528dea4c565,problem-34876d45164544f1,4,prm-27e89528dea4c565|run4,3,0,redundant,early,31,339,4/4,1,1,0,0
prm-f254e3a090dbe70a,problem-83864f8749594ce4,1,prm-f254e3a090dbe70a|run1,4,1,essential,late,31,480,4/4,1,1,0,0
prm-f254e3a090dbe70a,problem-83864f8749594ce4,2,prm-f254e3a090dbe70a|run2,4,1,essential,late,31,480,4/4,1,1,0,0
prm-f254e3a090dbe70a,problem-83864f8749594ce4,3,prm-f254e3a090dbe70a|run3,4,1,essential,late,31,480,4/4,1,1,0,0
prm-f254e3a090dbe70a,problem-83864f8749594ce4,4,prm-f254e3a090dbe70a|run4,4,1,essential,late,31,480,4/4,1,1,0,0
prm-64b92977ff492b9b,problem-e684634d63b6e43e,1,prm-64b92977ff492b9b|run1,2,-1,essential,late,28,616,0/4,0,1,0,1
prm-64b92977ff492b9b,problem-e684634d63b6e43e,2,prm-64b92977ff492b9b|run2,2,-1,essential,late,28,616,0/4,0,1,0,1
prm-64b92977ff492b9b,problem-e684634d63b6e43e,3,prm-64b92977ff492b9b|run3,2,-1,essential,late,28,616,0/4,0,1,0,1
prm-64b92977ff492b9b,problem-e684634d63b6e43e,4,prm-64b92977ff492b9b|run4,2,-1,essential,late,28,616,0/4,0,1,0,1
prm-5aef13ef62a287fc,problem-07f83eec628533b9,1,prm-5aef13ef62a287fc|run1,2,0,redundant,late,105,751,4/4,1,1,0,0
prm-5aef13ef62a287fc,problem-07f83eec628533b9,2,prm-5aef13ef62a287fc|run2,2,0,redundant,late,105,751,4/4,1,1,0,0
prm-5aef13ef62a287fc,problem-07f83eec628533b9,3,prm-5aef13ef62a287fc|run3,2,0,redundant,late,105,751,4/4,1,1,0,0
prm-5aef13ef62a287fc,problem-07f83eec628533b9,4,prm-5aef13ef62a287fc|run4,2,0,redundant,late,105,751,4/4,1,1,0,0
prm-fde519a4d71d112d,problem-96a8c62f9c87bbff,1,prm-fde519a4d71d112d|run1,4,1,essential,late,16,613,0/4,0,0,0,0
prm-fde519a4d71d112d,problem-96a8c62f9c87bbff,2,prm-fde519a4d71d112d|run2,4,1,essential,late,16,613,0/4,0,0,0,0
prm-fde519a4d71d112d,problem-96a8c62f9c87bbff,3,prm-fde519a4d71d112d|run3,4,1,essential,late,16,613,0/4,0,0,0,0
prm-fde519a4d71d112d,problem-96a8c62f9c87bbff,4,prm-fde519a4d71d112d|run4,4,1,essential,late,16,613,0/4,0,0,0,0
prm-b09e1aa4bb87ee7c,problem-a0041119ec9c197c,1,prm-b09e1aa4bb87ee7c|run1,3,1,harmful,late,18,724,0/4,0,0,0,0
prm-b09e1aa4bb87ee7c,problem-a0041119ec9c197c,2,prm-b09e1aa4bb87ee7c|run2,3,1,harmful,late,18,724,0/4,0,0,0,0
prm-b09e1aa4bb87ee7c,problem-a0041119ec9c197c,3,prm-b09e1aa4bb87ee7c|run3,3,1,harmful,late,18,724,0/4,0,0,0,0
prm-b09e1aa4bb87ee7c,problem-a0041119ec9c197c,4,prm-b09e1aa4bb87ee7c|run4,3,1,harmful,late,18,724,0/4,0,0,0,0
prm-c9fe17645948c6da,problem-a153bf646bb8dfb0,1,prm-c9fe17645948c6da|run1,1,0,redundant,middle,37,631,4/4,1,1,0,0
prm-c9fe17645948c6da,problem-a153bf646bb8dfb0,2,prm-c9fe17645948c6da|run2,1,0,redundant,middle,37,631,4/4,1,1,0,0
prm-c9fe17645948c6da,problem-a153bf646bb8dfb0,3,prm-c9fe17645948c6da|run3,1,0,redundant,middle,37,631,4/4,1,1,0,0
prm-c9fe17645948c6da,problem-a153bf646bb8dfb0,4,prm-c9fe17645948c6da|run4,1,0,redundant,middle,37,631,4/4,1,1,0,0
prm-1989a099acb06f53,problem-1866ff06f6f007c8,1,prm-1989a099acb06f53|run1,0,0,redundant,late,52,652,1/4,0,1,0,1
prm-1989a099acb06f53,problem-1866ff06f6f007c8,2,prm-1989a099acb06f53|run2,0,0,redundant,late,52,652,1/4,1,1,0,0
prm-1989a099acb06f53,problem-1866ff06f6f007c8,3,prm-1989a099acb06f53|run3,0,0,redundant,late,52,652,1/4,0,1,0,1
prm-1989a099acb06f53,problem-1866ff06f6f007c8,4,prm-1989a099acb06f53|run4,0,0,redundant,late,52,652,1/4,0,1,0,1
prm-d4926e70a53c8c17,problem-d7d47865fbb51ce6,1,prm-d4926e70a53c8c17|run1,2,1,redundant,early,21,338,4/4,1,1,0,0
prm-d4926e70a53c8c17,problem-d7d47865fbb51ce6,2,prm-d4926e70a53c8c17|run2,2,1,redundant,early,21,338,4/4,1,1,0,0
prm-d4926e70a53c8c17,problem-d7d47865fbb51ce6,3,prm-d4926e70a53c8c17|run3,2,1,redundant,early,21,338,4/4,1,1,0,0
prm-d4926e70a53c8c17,problem-d7d47865fbb51ce6,4,prm-d4926e70a53c8c17|run4,2,1,redundant,early,21,338,4/4,1,1,0,0
prm-707a079b8cebba7e,problem-5bf83c63cfb01744,1,prm-707a079b8cebba7e|run1,4,-1,harmful,early,75,402,2/4,0,1,0,1
prm-707a079b8cebba7e,problem-5bf83c63cfb01744,2,prm-707a079b8cebba7e|run2,4,-1,harmful,early,75,402,2/4,0,1,0,1
prm-707a079b8cebba7e,problem-5bf83c63cfb01744,3,prm-707a079b8cebba7e|run3,4,-1,harmful,early,75,402,2/4,1,1,0,0
prm-707a079b8cebba7e,problem-5bf83c63cfb01744,4,prm-707a079b8cebba7e|run4,4,-1,harmful,early,75,402,2/4,1,1,0,0
prm-da9a80d73183841e,problem-71fc61f49bcfcd8f,1,prm-da9a80d73183841e|run1,4,0,redundant,early,56,463,1/4,0,0,0,0
prm-da9a80d73183841e,problem-71fc61f49bcfcd8f,2,prm-da9a80d73183841e|run2,4,0,redundant,early,56,463,1/4,0,0,0,0
prm-da9a80d73183841e,problem-71fc61f49bcfcd8f,3,prm-da9a80d73183841e|run3,4,0,redundant,early,56,463,1/4,0,1,0,1
prm-da9a80d73183841e,problem-71fc61f49bcfcd8f,4,prm-da9a80d73183841e|run4,4,0,redundant,early,56,463,1/4,1,1,0,0
prm-4d125d919f106dbe,problem-fc0b0712fe1587cc,1,prm-4d125d919f106dbe|run1,1,0,essential,late,63,673,4/4,1,1,0,0
prm-4d125d919f106dbe,problem-fc0b0712fe1587cc,2,prm-4d125d919f106dbe|run2,1,0,essential,late,63,673,4/4,1,1,0,0
prm-4d125d919f106dbe,problem-fc0b0712fe1587cc,3,prm-4d125d919f106dbe|run3,1,0,essential,late,63,673,4/4,1,1,0,0
prm-4d125d919f106dbe,problem-fc0b0712fe1587cc,4,prm-4d125d919f106dbe|run4,1,0,essential,late,63,673,4/4,1,1,0,0
prm-b46df73b9c7f1dd9,problem-7d076f64a5e86762,1,prm-b46df73b9c7f1dd9|run1,1,-1,harmful,late,40,485,0/4,0,1,0,1
prm-b46df73b9c7f1dd9,problem-7d076f64a5e86762,2,prm-b46df73b9c7f1dd9|run2,1,-1,harmful,late,40,485,0/4,0,1,0,1
prm-b46df73b9c7f1dd9,problem-7d076f64a5e86762,3,prm-b46df73b9c7f1dd9|run3,1,-1,harmful,late,40,485,0/4,0,1,0,1
prm-b46df73b9c7f1dd9,problem-7d076f64a5e86762,4,prm-b46df73b9c7f1dd9|run4,1,-1,harmful,late,40,485,0/4,0,1,0,1
prm-9ceaed5b974155d1,problem-d4b934f6ede28d75,1,prm-9ceaed5b974155d1|run1,4,-1,redundant,middle,65,474,4/4,1,1,0,0
prm-9ceaed5b974155d1,problem-d4b934f6ede28d75,2,prm-9ceaed5b974155d1|run2,4,-1,redundant,middle,65,474,4/4,1,1,0,0
prm-9ceaed5b974155d1,problem-d4b934f6ede28d75,3,prm-9ceaed5b974155d1|run3,4,-1,redundant,middle,65,474,4/4,1,1,0,0
prm-9ceaed5b974155d1,problem-d4b934f6ede28d75,4,prm-9ceaed5b974155d1|run4,4,-1,redundant,middle,65,474,4/4,1,1,0,0
prm-b61370dd7f97aa7c,problem-dedb35fff0a06a5e,1,prm-b61370dd7f97aa7c|run1,3,1,essential,early,40,312,4/4,1,1,0,0
prm-b61370dd7f97aa7c,problem-dedb35fff0a06a5e,2,prm-b61370dd7f97aa7c|run2,3,1,essential,early,40,312,4/4,1,1,0,0
prm-b61370dd7f97aa7c,problem-dedb35fff0a06a5e,3,prm-b61370dd7f97aa7c|run3,3,1,essential,early,40,312,4/4,1,1,0,0
prm-b61370dd7f97aa7c,problem-dedb35fff0a06a5e,4,prm-b61370dd7f97aa7c|run4,3,1,essential,early,40,312,4/4,1,1,0,0
prm-158ef0683bb8bf70,problem-a153bf646bb8dfb0,1,prm-158ef0683bb8bf70|run1,1,-1,harmful,late,39,713,4/4,1,1,0,0
prm-158ef0683bb8bf70,problem-a153bf646bb8dfb0,2,prm-158ef0683bb8bf70|run2,1,-1,harmful,late,39,713,4/4,1,1,0,0
prm-158ef0683bb8bf70,problem-a153bf646bb8dfb0,3,prm-158ef0683bb8bf70|run3,1,-1,harmful,late,39,713,4/4,1,1,0,0
prm-158ef0683bb8bf70,problem-a153bf646bb8dfb0,4,prm-158ef0683bb8bf70|run4,1,-1,harmful,late,39,713,4/4,1,1,0,0
prm-c95d41ec650cb773,problem-86429feba2dedf48,1,prm-c95d41ec650cb773|run1,3,-1,harmful,middle,31,578,4/4,1,1,0,0
prm-c95d41ec650cb773,problem-86429feba2dedf48,2,prm-c95d41ec650cb773|run2,3,-1,harmful,middle,31,578,4/4,1,1,0,0
prm-c95d41ec650cb773,problem-86429feba2dedf48,3,prm-c95d41ec650cb773|run3,3,-1,harmful,middle,31,578,4/4,1,1,0,0
prm-c95d41ec650cb773,problem-86429feba2dedf48,4,prm-c95d41ec650cb773|run4,3,-1,harmful,middle,31,578,4/4,1,1,0,0
prm-762ceff54735d7f1,problem-34876d45164544f1,1,prm-762ceff54735d7f1|run1,3,0,redundant,middle,20,397,4/4,1,1,0,0
prm-762ceff54735d7f1,problem-34876d45164544f1,2,prm-762ceff54735d7f1|run2,3,0,redundant,middle,20,397,4/4,1,1,0,0
prm-762ceff54735d7f1,problem-34876d45164544f1,3,prm-762ceff54735d7f1|run3,3,0,redundant,middle,20,397,4/4,1,1,0,0
prm-762ceff54735d7f1,problem-34876d45164544f1,4,prm-762ceff54735d7f1|run4,3,0,redundant,middle,20,397,4/4,1,1,0,0
prm-e9f04531a844d980,problem-22d4c2de98f5c342,1,prm-e9f04531a844d980|run1,2,-1,harmful,late,20,590,0/4,0,1,0,1
prm-e9f04531a844d980,problem-22d4c2de98f5c342,2,prm-e9f04531a844d980|run2,2,-1,harmful,late,20,590,0/4,0,1,0,1
prm-e9f04531a844d980,problem-22d4c2de98f5c342,3,prm-e9f04531a844d980|run3,2,-1,harmful,late,20,590,0/4,0,1,0,1
prm-e9f04531a844d980,problem-22d4c2de98f5c342,4,prm-e9f04531a844d980|run4,2,-1,harmful,late,20,590,0/4,0,1,0,1
prm-9db27c5e8855d8c2,problem-61623a4f6df2088f,1,prm-9db27c5e8855d8c2|run1,0,-1,harmful,late,105,869,4/4,1,1,0,0
prm-9db27c5e8855d8c2,problem-61623a4f6df2088f,2,prm-9db27c5e8855d8c2|run2,0,-1,harmful,late,105,869,4/4,1,1,0,0
prm-9db27c5e8855d8c2,problem-61623a4f6df2088f,3,prm-9db27c5e8855d8c2|run3,0,-1,harmful,late,105,869,4/4,1,1,0,0
prm-9db27c5e8855d8c2,problem-61623a4f6df2088f,4,prm-9db27c5e8855d8c2|run4,0,-1,harmful,late,105,869,4/4,1,1,0,0
prm-08169263b46b6a22,problem-18a164d5c1185eef,1,prm-08169263b46b6a22|run1,4,1,essential,middle,23,538,4/4,1,1,0,0
prm-08169263b46b6a22,problem-18a164d5c1185eef,2,prm-08169263b46b6a22|run2,4,1,essential,middle,23,538,4/4,1,1,0,0
prm-08169263b46b6a22,problem-18a164d5c1185eef,3,prm-08169263b46b6a22|run3,4,1,essential,middle,23,538,4/4,1,1,0,0
prm-08169263b46b6a22,problem-18a164d5c1185eef,4,prm-08169263b46b6a22|run4,4,1,essential,middle,23,538,4/4,1,1,0,0
prm-5636d3dc1eb6633f,problem-f79eb3696da414f8,1,prm-5636d3dc1eb6633f|run1,0,-1,harmful,middle,40,369,4/4,1,1,0,0
prm-5636d3dc1eb6633f,problem-f79eb3696da414f8,2,prm-5636d3dc1eb6633f|run2,0,-1,harmful,middle,40,369,4/4,1,1,0,0
prm-5636d3dc1eb6633f,problem-f79eb3696da414f8,3,prm-5636d3dc1eb6633f|run3,0,-1,harmful,middle,40,369,4/4,1,1,0,0
prm-5636d3dc1eb6633f,problem-f79eb3696da414f8,4,prm-5636d3dc1eb6633f|run4,0,-1,harmful,middle,40,369,4/4,1,1,0,0
prm-c502b3dc0f88dfaf,problem-370853d31f3eb781,1,prm-c502b3dc0f88dfaf|run1,0,-1,harmful,early,28,439,1/4,0,0,0,0
prm-c502b3dc0f88dfaf,problem-370853d31f3eb781,2,prm-c502b3dc0f88dfaf|run2,0,-1,harmful,early,28,439,1/4,1,0,1,0
prm-c502b3dc0f88dfaf,problem-370853d31f3eb781,3,prm-c502b3dc0f88dfaf|run3,0,-1,harmful,early,28,439,1/4,0,1,0,1
prm-c502b3dc0f88dfaf,problem-370853d31f3eb781,4,prm-c502b3dc0f88dfaf|run4,0,-1,harmful,early,28,439,1/4,0,0,0,0
prm-8dfa8dc3890bcfef,problem-27304254dfee5d97,1,prm-8dfa8dc3890bcfef|run1,1,-1,harmful,middle,22,741,0/4,0,0,0,0
prm-8dfa8dc3890bcfef,problem-27304254dfee5d97,2,prm-8dfa8dc3890bcfef|run2,1,-1,harmful,middle,22,741,0/4,0,0,0,0
prm-8dfa8dc3890bcfef,problem-27304254dfee5d97,3,prm-8dfa8dc3890bcfef|run3,1,-1,harmful,middle,22,741,0/4,0,0,0,0
prm-8dfa8dc3890bcfef,problem-27304254dfee5d97,4,prm-8dfa8dc3890bcfef|run4,1,-1,harmful,middle,22,741,0/4,0,0,0,0
prm-e340bad68ddf9e2d,problem-d1c9cde932510127,1,prm-e340bad68ddf9e2d|run1,3,0,redundant,late,24,449,4/4,1,1,0,0
prm-e340bad68ddf9e2d,problem-d1c9cde932510127,2,prm-e340bad68ddf9e2d|run2,3,0,redundant,late,24,449,4/4,1,1,0,0
prm-e340bad68ddf9e2d,problem-d1c9cde932510127,3,prm-e340bad68ddf9e2d|run3,3,0,redundant,late,24,449,4/4,1,1,0,0
prm-e340bad68ddf9e2d,problem-d1c9cde932510127,4,prm-e340bad68ddf9e2d|run4,3,0,redundant,late,24,449,4/4,1,1,0,0
prm-f8d5e2b8c3ae4947,problem-32b099c0f5aec3b1,1,prm-f8d5e2b8c3ae4947|run1,1,0,redundant,late,26,648,4/4,1,1,0,0
prm-f8d5e2b8c3ae4947,problem-32b099c0f5aec3b1,2,prm-f8d5e2b8c3ae4947|run2,1,0,redundant,late,26,648,4/4,1,1,0,0
prm-f8d5e2b8c3ae4947,problem-32b099c0f5aec3b1,3,prm-f8d5e2b8c3ae4947|run3,1,0,redundant,late,26,648,4/4,1,1,0,0
prm-f8d5e2b8c3ae4947,problem-32b099c0f5aec3b1,4,prm-f8d5e2b8c3ae4947|run4,1,0,redundant,late,26,648,4/4,1,1,0,0
prm-32cacde29c588ce5,problem-c05b2b3a40b24579,1,prm-32cacde29c588ce5|run1,2,1,essential,late,11,968,4/4,1,1,0,0
prm-32cacde29c588ce5,problem-c05b2b3a40b24579,2,prm-32cacde29c588ce5|run2,2,1,essential,late,11,968,4/4,1,1,0,0
prm-32cacde29c588ce5,problem-c05b2b3a40b24579,3,prm-32cacde29c588ce5|run3,2,1,essential,late,11,968,4/4,1,1,0,0
prm-32cacde29c588ce5,problem-c05b2b3a40b24579,4,prm-32cacde29c588ce5|run4,2,1,essential,late,11,968,4/4,1,1,0,0
prm-78bd280e7dee8d22,problem-b366ba898e337926,1,prm-78bd280e7dee8d22|run1,3,1,redundant,middle,24,542,4/4,1,1,0,0
prm-78bd280e7dee8d22,problem-b366ba898e337926,2,prm-78bd280e7dee8d22|run2,3,1,redundant,middle,24,542,4/4,1,1,0,0
prm-78bd280e7dee8d22,problem-b366ba898e337926,3,prm-78bd280e7dee8d22|run3,3,1,redundant,middle,24,542,4/4,1,1,0,0
prm-78bd280e7dee8d22,problem-b366ba898e337926,4,prm-78bd280e7dee8d22|run4,3,1,redundant,middle,24,542,4/4,1,1,0,0
prm-84b3c6777c806334,problem-63fb0c19be9bfc02,1,prm-84b3c6777c806334|run1,0,-1,harmful,middle,37,476,0/4,0,0,0,0
prm-84b3c6777c806334,problem-63fb0c19be9bfc02,2,prm-84b3c6777c806334|run2,0,-1,harmful,middle,37,476,0/4,0,1,0,1
prm-84b3c6777c806334,problem-63fb0c19be9bfc02,3,prm-84b3c6777c806334|run3,0,-1,harmful,middle,37,476,0/4,0,0,0,0
prm-84b3c6777c806334,problem-63fb0c19be9bfc02,4,prm-84b3c6777c806334|run4,0,-1,harmful,middle,37,476,0/4,0,1,0,1
prm-0219e874907d9144,problem-4639686b328fdf30,1,prm-0219e874907d9144|run1,0,0,essential,late,35,932,0/4,0,0,0,0
prm-0219e874907d9144,problem-4639686b328fdf30,2,prm-0219e874907d9144|run2,0,0,essential,late,35,932,0/4,0,0,0,0
prm-0219e874907d9144,problem-4639686b328fdf30,3,prm-0219e874907d9144|run3,0,0,essential,late,35,932,0/4,0,0,0,0
prm-0219e874907d9144,problem-4639686b328fdf30,4,prm-0219e874907d9144|run4,0,0,essential,late,35,932,0/4,0,0,0,0
prm-090c92a536a6f7cf,problem-86dafa426d0346e1,1,prm-090c92a536a6f7cf|run1,0,0,redundant,early,30,346,0/4,0,0,0,0
prm-090c92a536a6f7cf,problem-86dafa426d0346e1,2,prm-090c92a536a6f7cf|run2,0,0,redundant,early,30,346,0/4,0,0,0,0
prm-090c92a536a6f7cf,problem-86dafa426d0346e1,3,prm-090c92a536a6f7cf|run3,0,0,redundant,early,30,346,0/4,0,1,0,1
prm-090c92a536a6f7cf,problem-86dafa426d0346e1,4,prm-090c92a536a6f7cf|run4,0,0,redundant,early,30,346,0/4,0,0,0,0
prm-2ec389700747f531,problem-9377eb1958837bb7,1,prm-2ec389700747f531|run1,1,0,redundant,late,27,726,4/4,1,1,0,0
prm-2ec389700747f531,problem-9377eb1958837bb7,2,prm-2ec389700747f531|run2,1,0,redundant,late,27,726,4/4,1,1,0,0
prm-2ec389700747f531,problem-9377eb1958837bb7,3,prm-2ec389700747f531|run3,1,0,redundant,late,27,726,4/4,1,1,0,0
prm-2ec389700747f531,problem-9377eb1958837bb7,4,prm-2ec389700747f531|run4,1,0,redundant,late,27,726,4/4,1,1,0,0
prm-c95bf35f36e49166,problem-b4bdce0b7c998bd0,1,prm-c95bf35f36e49166|run1,4,0,redundant,late,25,923,4/4,1,1,0,0
prm-c95bf35f36e49166,problem-b4bdce0b7c998bd0,2,prm-c95bf35f36e49166|run2,4,0,redundant,late,25,923,4/4,1,1,0,0
prm-c95bf35f36e49166,problem-b4bdce0b7c998bd0,3,prm-c95bf35f36e49166|run3,4,0,redundant,late,25,923,4/4,1,1,0,0
prm-c95bf35f36e49166,problem-b4bdce0b7c998bd0,4,prm-c95bf35f36e49166|run4,4,0,redundant,late,25,923,4/4,1,1,0,0
prm-dba05e0cd479b592,problem-a761c38205b1ac25,1,prm-dba05e0cd479b592|run1,1,-1,harmful,middle,43,680,0/4,0,0,0,0
prm-dba05e0cd479b592,problem-a761c38205b1ac25,2,prm-dba05e0cd479b592|run2,1,-1,harmful,middle,43,680,0/4,0,1,0,1
prm-dba05e0cd479b592,problem-a761c38205b1ac25,3,prm-dba05e0cd479b592|run3,1,-1,harmful,middle,43,680,0/4,0,1,0,1
prm-dba05e0cd479b592,problem-a761c38205b1ac25,4,prm-dba05e0cd479b592|run4,1,-1,harmful,middle,43,680,0/4,0,0,0,0
prm-de925ec448909016,problem-83233254b974f8d3,1,prm-de925ec448909016|run1,1,1,essential,middle,29,826,0/4,0,0,0,0
prm-de925ec448909016,problem-83233254b974f8d3,2,prm-de925ec448909016|run2,1,1,essential,middle,29,826,0/4,0,0,0,0
prm-de925ec448909016,problem-83233254b974f8d3,3,prm-de925ec448909016|run3,1,1,essential,middle,29,826,0/4,0,0,0,0
prm-de925ec448909016,problem-83233254b974f8d3,4,prm-de925ec448909016|run4,1,1,essential,middle,29,826,0/4,0,1,0,1
prm-4f0a1eb97f47668a,problem-bdd43ed050657861,1,prm-4f0a1eb97f47668a|run1,0,1,redundant,late,21,719,4/4,1,1,0,0
prm-4f0a1eb97f47668a,problem-bdd43ed050657861,2,prm-4f0a1eb97f47668a|run2,0,1,redundant,late,21,719,4/4,1,1,0,0
prm-4f0a1eb97f47668a,problem-bdd43ed050657861,3,prm-4f0a1eb97f47668a|run3,0,1,redundant,late,21,719,4/4,1,1,0,0
prm-4f0a1eb97f47668a,problem-bdd43ed050657861,4,prm-4f0a1eb97f47668a|run4,0,1,redundant,late,21,719,4/4,1,1,0,0
prm-c724e22efcbb6540,problem-4f1949500aa128e9,1,prm-c724e22efcbb6540|run1,1,-1,harmful,early,71,357,0/4,0,0,0,0
prm-c724e22efcbb6540,problem-4f1949500aa128e9,2,prm-c724e22efcbb6540|run2,1,-1,harmful,early,71,357,0/4,0,0,0,0
prm-c724e22efcbb6540,problem-4f1949500aa128e9,3,prm-c724e22efcbb6540|run3,1,-1,harmful,early,71,357,0/4,0,0,0,0
prm-c724e22efcbb6540,problem-4f1949500aa128e9,4,prm-c724e22efcbb6540|run4,1,-1,harmful,early,71,357,0/4,0,0,0,0
prm-c1d4d174440821f2,problem-ab8474b5c891f6bb,1,prm-c1d4d174440821f2|run1,0,0,essential,late,51,909,2/4,0,0,0,0
prm-c1d4d174440821f2,problem-ab8474b5c891f6bb,2,prm-c1d4d174440821f2|run2,0,0,essential,late,51,909,2/4,0,0,0,0
prm-c1d4d174440821f2,problem-ab8474b5c891f6bb,3,prm-c1d4d174440821f2|run3,0,0,essential,late,51,909,2/4,1,0,1,0
prm-c1d4d174440821f2,problem-ab8474b5c891f6bb,4,prm-c1d4d174440821f2|run4,0,0,essential,late,51,909,2/4,1,0,1,0
prm-43a5c71b96bc6a02,problem-746eb37011dd5080,1,prm-43a5c71b96bc6a02|run1,0,-1,harmful,middle,19,712,1/4,0,0,0,0
prm-43a5c71b96bc6a02,problem-746eb37011dd5080,2,prm-43a5c71b96bc6a02|run2,0,-1,harmful,middle,19,712,1/4,0,1,0,1
prm-43a5c71b96bc6a02,problem-746eb37011dd5080,3,prm-43a5c71b96bc6a02|run3,0,-1,harmful,middle,19,712,1/4,1,0,1,0
prm-43a5c71b96bc6a02,problem-746eb37011dd5080,4,prm-43a5c71b96bc6a02|run4,0,-1,harmful,middle,19,712,1/4,0,0,0,0
prm-359b37145eea0ad1,problem-c09864a50ddd773b,1,prm-359b37145eea0ad1|run1,3,1,redundant,middle,36,537,4/4,1,1,0,0
prm-359b37145eea0ad1,problem-c09864a50ddd773b,2,prm-359b37145eea0ad1|run2,3,1,redundant,middle,36,537,4/4,1,1,0,0
prm-359b37145eea0ad1,problem-c09864a50ddd773b,3,prm-359b37145eea0ad1|run3,3,1,redundant,middle,36,537,4/4,1,1,0,0
prm-359b37145eea0ad1,problem-c09864a50ddd773b,4,prm-359b37145eea0ad1|run4,3,1,redundant,middle,36,537,4/4,1,1,0,0
prm-b22345a73912d695,problem-4aec4eb79c20b809,1,prm-b22345a73912d695|run1,4,1,essential,middle,25,462,4/4,1,1,0,0
prm-b22345a73912d695,problem-4aec4eb79c20b809,2,prm-b22345a73912d695|run2,4,1,essential,middle,25,462,4/4,1,1,0,0
prm-b22345a73912d695,problem-4aec4eb79c20b809,3,prm-b22345a73912d695|run3,4,1,essential,middle,25,462,4/4,1,1,0,0
prm-b22345a73912d695,problem-4aec4eb79c20b809,4,prm-b22345a73912d695|run4,4,1,essential,middle,25,462,4/4,1,1,0,0
prm-70a2e3a4f8362a3d,problem-e76531f9dd293670,1,prm-70a2e3a4f8362a3d|run1,4,1,harmful,middle,33,607,4/4,1,1,0,0
prm-70a2e3a4f8362a3d,problem-e76531f9dd293670,2,prm-70a2e3a4f8362a3d|run2,4,1,harmful,middle,33,607,4/4,1,1,0,0
prm-70a2e3a4f8362a3d,problem-e76531f9dd293670,3,prm-70a2e3a4f8362a3d|run3,4,1,harmful,middle,33,607,4/4,1,1,0,0
prm-70a2e3a4f8362a3d,problem-e76531f9dd293670,4,prm-70a2e3a4f8362a3d|run4,4,1,harmful,middle,33,607,4/4,1,1,0,0
prm-a7ee94dec2e0a9cc,problem-594ea12e92fffd95,1,prm-a7ee94dec2e0a9cc|run1,1,-1,harmful,late,51,977,4/4,1,1,0,0
prm-a7ee94dec2e0a9cc,problem-594ea12e92fffd95,2,prm-a7ee94dec2e0a9cc|run2,1,-1,harmful,late,51,977,4/4,1,1,0,0
prm-a7ee94dec2e0a9cc,problem-594ea12e92fffd95,3,prm-a7ee94dec2e0a9cc|run3,1,-1,harmful,late,51,977,4/4,1,1,0,0
prm-a7ee94dec2e0a9cc,problem-594ea12e92fffd95,4,prm-a7ee94dec2e0a9cc|run4,1,-1,harmful,late,51,977,4/4,1,1,0,0
prm-62cd37cf091fe105,problem-3367017f1ecb3df4,1,prm-62cd37cf091fe105|run1,3,1,redundant,early,28,332,3/4,1,1,0,0
prm-62cd37cf091fe105,problem-3367017f1ecb3df4,2,prm-62cd37cf091fe105|run2,3,1,redundant,early,28,332,3/4,0,1,0,1
prm-62cd37cf091fe105,problem-3367017f1ecb3df4,3,prm-62cd37cf091fe105|run3,3,1,redundant,early,28,332,3/4,1,1,0,0
prm-62cd37cf091fe105,problem-3367017f1ecb3df4,4,prm-62cd37cf091fe105|run4,3,1,redundant,early,28,332,3/4,1,1,0,0
prm-27d0dda20005b851,problem-3367017f1ecb3df4,1,prm-27d0dda20005b851|run1,3,-1,harmful,late,31,552,4/4,1,1,0,0
prm-27d0dda20005b851,problem-3367017f1ecb3df4,2,prm-27d0dda20005b851|run2,3,-1,harmful,late,31,552,4/4,1,1,0,0
prm-27d0dda20005b851,problem-3367017f1ecb3df4,3,prm-27d0dda20005b851|run3,3,-1,harmful,late,31,552,4/4,1,1,0,0
prm-27d0dda20005b851,problem-3367017f1ecb3df4,4,prm-27d0dda20005b851|run4,3,-1,harmful,late,31,552,4/4,1,1,0,0
prm-d7cd2fc406477b13,problem-4639686b328fdf30,1,prm-d7cd2fc406477b13|run1,0,0,essential,middle,26,827,1/4,1,0,1,0
prm-d7cd2fc406477b13,problem-4639686b328fdf30,2,prm-d7cd2fc406477b13|run2,0,0,essential,middle,26,827,1/4,0,0,0,0
prm-d7cd2fc406477b13,problem-4639686b328fdf30,3,prm-d7cd2fc406477b13|run3,0,0,essential,middle,26,827,1/4,0,0,0,0
prm-d7cd2fc406477b13,problem-4639686b328fdf30,4,prm-d7cd2fc406477b13|run4,0,0,essential,middle,26,827,1/4,0,0,0,0
prm-b5f8d24593f1e708,problem-ca9cbef015dfaab2,1,prm-b5f8d24593f1e708|run1,4,0,redundant,late,29,666,4/4,1,1,0,0
prm-b5f8d24593f1e708,problem-ca9cbef015dfaab2,2,prm-b5f8d24593f1e708|run2,4,0,redundant,late,29,666,4/4,1,1,0,0
prm-b5f8d24593f1e708,problem-ca9cbef015dfaab2,3,prm-b5f8d24593f1e708|run3,4,0,redundant,late,29,666,4/4,1,1,0,0
prm-b5f8d24593f1e708,problem-ca9cbef015dfaab2,4,prm-b5f8d24593f1e708|run4,4,0,redundant,late,29,666,4/4,1,1,0,0
prm-d3fcbd13ec57a842,problem-7f472ed5afd0fbc0,1,prm-d3fcbd13ec57a842|run1,2,1,redundant,middle,20,403,4/4,1,1,0,0
prm-d3fcbd13ec57a842,problem-7f472ed5afd0fbc0,2,prm-d3fcbd13ec57a842|run2,2,1,redundant,middle,20,403,4/4,1,1,0,0
prm-d3fcbd13ec57a842,problem-7f472ed5afd0fbc0,3,prm-d3fcbd13ec57a842|run3,2,1,redundant,middle,20,403,4/4,1,1,0,0
prm-d3fcbd13ec57a842,problem-7f472ed5afd0fbc0,4,prm-d3fcbd13ec57a842|run4,2,1,redundant,middle,20,403,4/4,1,1,0,0
prm-b8e3cc348f791b5a,problem-2ca7e059eeb0b7dd,1,prm-b8e3cc348f791b5a|run1,0,-1,harmful,late,25,481,4/4,1,1,0,0
prm-b8e3cc348f791b5a,problem-2ca7e059eeb0b7dd,2,prm-b8e3cc348f791b5a|run2,0,-1,harmful,late,25,481,4/4,1,1,0,0
prm-b8e3cc348f791b5a,problem-2ca7e059eeb0b7dd,3,prm-b8e3cc348f791b5a|run3,0,-1,harmful,late,25,481,4/4,1,1,0,0
prm-b8e3cc348f791b5a,problem-2ca7e059eeb0b7dd,4,prm-b8e3cc348f791b5a|run4,0,-1,harmful,late,25,481,4/4,1,1,0,0
prm-5c51e282ba7208e7,problem-a4a92af384d88e0b,1,prm-5c51e282ba7208e7|run1,1,0,harmful,middle,26,464,4/4,1,1,0,0
prm-5c51e282ba7208e7,problem-a4a92af384d88e0b,2,prm-5c51e282ba7208e7|run2,1,0,harmful,middle,26,464,4/4,1,1,0,0
prm-5c51e282ba7208e7,problem-a4a92af384d88e0b,3,prm-5c51e282ba7208e7|run3,1,0,harmful,middle,26,464,4/4,1,1,0,0
prm-5c51e282ba7208e7,problem-a4a92af384d88e0b,4,prm-5c51e282ba7208e7|run4,1,0,harmful,middle,26,464,4/4,1,1,0,0
prm-f65a99197bf57f66,problem-4f1949500aa128e9,1,prm-f65a99197bf57f66|run1,1,-1,harmful,middle,46,796,0/4,0,0,0,0
prm-f65a99197bf57f66,problem-4f1949500aa128e9,2,prm-f65a99197bf57f66|run2,1,-1,harmful,middle,46,796,0/4,0,0,0,0
prm-f65a99197bf57f66,problem-4f1949500aa128e9,3,prm-f65a99197bf57f66|run3,1,-1,harmful,middle,46,796,0/4,0,0,0,0
prm-f65a99197bf57f66,problem-4f1949500aa128e9,4,prm-f65a99197bf57f66|run4,1,-1,harmful,middle,46,796,0/4,0,0,0,0
prm-1e1ebbda6644be84,problem-4ee4220e8bc8cdab,1,prm-1e1ebbda6644be84|run1,4,1,redundant,late,12,452,3/4,1,1,0,0
prm-1e1ebbda6644be84,problem-4ee4220e8bc8cdab,2,prm-1e1ebbda6644be84|run2,4,1,redundant,late,12,452,3/4,0,1,0,1
prm-1e1ebbda6644be84,problem-4ee4220e8bc8cdab,3,prm-1e1ebbda6644be84|run3,4,1,redundant,late,12,452,3/4,1,1,0,0
prm-1e1ebbda6644be84,problem-4ee4220e8bc8cdab,4,prm-1e1ebbda6644be84|run4,4,1,redundant,late,12,452,3/4,1,1,0,0
prm-8d743a4306b744df,problem-4639686b328fdf30,1,prm-8d743a4306b744df|run1,0,0,redundant,late,34,967,0/4,0,0,0,0
prm-8d743a4306b744df,problem-4639686b328fdf30,2,prm-8d743a4306b744df|run2,0,0,redundant,late,34,967,0/4,0,0,0,0
prm-8d743a4306b744df,problem-4639686b328fdf30,3,prm-8d743a4306b744df|run3,0,0,redundant,late,34,967,0/4,0,0,0,0
prm-8d743a4306b744df,problem-4639686b328fdf30,4,prm-8d743a4306b744df|run4,0,0,redundant,late,34,967,0/4,0,0,0,0
prm-939dcfcb80f17717,problem-310d3a0451c5bb4a,1,prm-939dcfcb80f17717|run1,4,1,redundant,late,16,444,4/4,1,1,0,0
prm-939dcfcb80f17717,problem-310d3a0451c5bb4a,2,prm-939dcfcb80f17717|run2,4,1,redundant,late,16,444,4/4,1,1,0,0
prm-939dcfcb80f17717,problem-310d3a0451c5bb4a,3,prm-939dcfcb80f17717|run3,4,1,redundant,late,16,444,4/4,1,1,0,0
prm-939dcfcb80f17717,problem-310d3a0451c5bb4a,4,prm-939dcfcb80f17717|run4,4,1,redundant,late,16,444,4/4,1,1,0,0
prm-eadb47af80561526,problem-42517366b010dd6b,1,prm-eadb47af80561526|run1,2,-1,harmful,late,65,697,2/4,1,0,1,0
prm-eadb47af80561526,problem-42517366b010dd6b,2,prm-eadb47af80561526|run2,2,-1,harmful,late,65,697,2/4,0,0,0,0
prm-eadb47af80561526,problem-42517366b010dd6b,3,prm-eadb47af80561526|run3,2,-1,harmful,late,65,697,2/4,0,0,0,0
prm-eadb47af80561526,problem-42517366b010dd6b,4,prm-eadb47af80561526|run4,2,-1,harmful,late,65,697,2/4,1,0,1,0
prm-d7fbf32a29279602,problem-e85714844acfd069,1,prm-d7fbf32a29279602|run1,2,-1,harmful,middle,38,769,0/4,0,0,0,0
prm-d7fbf32a29279602,problem-e85714844acfd069,2,prm-d7fbf32a29279602|run2,2,-1,harmful,middle,38,769,0/4,0,0,0,0
prm-d7fbf32a29279602,problem-e85714844acfd069,3,prm-d7fbf32a29279602|run3,2,-1,harmful,middle,38,769,0/4,0,0,0,0
prm-d7fbf32a29279602,problem-e85714844acfd069,4,prm-d7fbf32a29279602|run4,2,-1,harmful,middle,38,769,0/4,0,0,0,0
prm-60c1493204964b2e,problem-d4e914d360a34942,1,prm-60c1493204964b2e|run1,1,0,redundant,early,8,422,0/4,0,0,0,0
prm-60c1493204964b2e,problem-d4e914d360a34942,2,prm-60c1493204964b2e|run2,1,0,redundant,early,8,422,0/4,0,0,0,0
prm-60c1493204964b2e,problem-d4e914d360a34942,3,prm-60c1493204964b2e|run3,1,0,redundant,early,8,422,0/4,0,0,0,0
prm-60c1493204964b2e,problem-d4e914d360a34942,4,prm-60c1493204964b2e|run4,1,0,redundant,early,8,422,0/4,0,0,0,0
prm-6b1c6a29b6d1c9f7,problem-0887851f3251fb23,1,prm-6b1c6a29b6d1c9f7|run1,3,0,harmful,early,15,367,3/4,0,1,0,1
prm-6b1c6a29b6d1c9f7,problem-0887851f3251fb23,2,prm-6b1c6a29b6d1c9f7|run2,3,0,harmful,early,15,367,3/4,1,1,0,0
prm-6b1c6a29b6d1c9f7,problem-0887851f3251fb23,3,prm-6b1c6a29b6d1c9f7|run3,3,0,harmful,early,15,367,3/4,1,1,0,0
prm-6b1c6a29b6d1c9f7,problem-0887851f3251fb23,4,prm-6b1c6a29b6d1c9f7|run4,3,0,harmful,early,15,367,3/4,1,1,0,0
prm-378914f040c48223,problem-ab8474b5c891f6bb,1,prm-378914f040c48223|run1,0,0,redundant,late,62,960,0/4,0,0,0,0
prm-378914f040c48223,problem-ab8474b5c891f6bb,2,prm-378914f040c48223|run2,0,0,redundant,late,62,960,0/4,0,1,0,1
prm-378914f040c48223,problem-ab8474b5c891f6bb,3,prm-378914f040c48223|run3,0,0,redundant,late,62,960,0/4,0,1,0,1
prm-378914f040c48223,problem-ab8474b5c891f6bb,4,prm-378914f040c48223|run4,0,0,redundant,late,62,960,0/4,0,1,0,1
prm-9c5520ebe88a1852,problem-eb20fcfbc7fe587d,1,prm-9c5520ebe88a1852|run1,4,0,redundant,early,50,308,0/4,0,0,0,0
prm-9c5520ebe88a1852,problem-eb20fcfbc7fe587d,2,prm-9c5520ebe88a1852|run2,4,0,redundant,early,50,308,0/4,0,0,0,0
prm-9c5520ebe88a1852,problem-eb20fcfbc7fe587d,3,prm-9c5520ebe88a1852|run3,4,0,redundant,early,50,308,0/4,0,0,0,0
prm-9c5520ebe88a1852,problem-eb20fcfbc7fe587d,4,prm-9c5520ebe88a1852|run4,4,0,redundant,early,50,308,0/4,0,0,0,0
prm-1d89b199249c7358,problem-4f1949500aa128e9,1,prm-1d89b199249c7358|run1,1,-1,harmful,late,73,936,0/4,0,0,0,0
prm-1d89b199249c7358,problem-4f1949500aa128e9,2,prm-1d89b199249c7358|run2,1,-1,harmful,late,73,936,0/4,0,0,0,0
prm-1d89b199249c7358,problem-4f1949500aa128e9,3,prm-1d89b199249c7358|run3,1,-1,harmful,late,73,936,0/4,0,0,0,0
prm-1d89b199249c7358,problem-4f1949500aa128e9,4,prm-1d89b199249c7358|run4,1,-1,harmful,late,73,936,0/4,0,0,0,0
prm-0d673acec3561559,problem-dbd323191fa41977,1,prm-0d673acec3561559|run1,0,-1,harmful,middle,30,509,1/4,0,1,0,1
prm-0d673acec3561559,problem-dbd323191fa41977,2,prm-0d673acec3561559|run2,0,-1,harmful,middle,30,509,1/4,1,0,1,0
prm-0d673acec3561559,problem-dbd323191fa41977,3,prm-0d673acec3561559|run3,0,-1,harmful,middle,30,509,1/4,0,0,0,0
prm-0d673acec3561559,problem-dbd323191fa41977,4,prm-0d673acec3561559|run4,0,-1,harmful,middle,30,509,1/4,0,1,0,1
prm-82a7dbd4bea9c49f,problem-d43b5b59260aea9d,1,prm-82a7dbd4bea9c49f|run1,2,-1,harmful,late,16,670,0/4,0,0,0,0
prm-82a7dbd4bea9c49f,problem-d43b5b59260aea9d,2,prm-82a7dbd4bea9c49f|run2,2,-1,harmful,late,16,670,0/4,0,0,0,0
prm-82a7dbd4bea9c49f,problem-d43b5b59260aea9d,3,prm-82a7dbd4bea9c49f|run3,2,-1,harmful,late,16,670,0/4,0,0,0,0
prm-82a7dbd4bea9c49f,problem-d43b5b59260aea9d,4,prm-82a7dbd4bea9c49f|run4,2,-1,harmful,late,16,670,0/4,0,0,0,0
prm-677329b0cf4a5ef0,problem-bf1b475d2d82a865,1,prm-677329b0cf4a5ef0|run1,1,-1,harmful,late,25,533,0/4,0,0,0,0
prm-677329b0cf4a5ef0,problem-bf1b475d2d82a865,2,prm-677329b0cf4a5ef0|run2,1,-1,harmful,late,25,533,0/4,0,0,0,0
prm-677329b0cf4a5ef0,problem-bf1b475d2d82a865,3,prm-677329b0cf4a5ef0|run3,1,-1,harmful,late,25,533,0/4,0,0,0,0
prm-677329b0cf4a5ef0,problem-bf1b475d2d82a865,4,prm-677329b0cf4a5ef0|run4,1,-1,harmful,late,25,533,0/4,0,0,0,0
prm-6a11cd36a6d48aac,problem-983cb8f8902a7887,1,prm-6a11cd36a6d48aac|run1,4,0,harmful,middle,29,638,4/4,1,0,1,0
prm-6a11cd36a6d48aac,problem-983cb8f8902a7887,2,prm-6a11cd36a6d48aac|run2,4,0,harmful,middle,29,638,4/4,1,0,1,0
prm-6a11cd36a6d48aac,problem-983cb8f8902a7887,3,prm-6a11cd36a6d48aac|run3,4,0,harmful,middle,29,638,4/4,1,0,1,0
prm-6a11cd36a6d48aac,problem-983cb8f8902a7887,4,prm-6a11cd36a6d48aac|run4,4,0,harmful,middle,29,638,4/4,1,1,0,0
prm-b4b221e907450223,problem-9762de06228ca9c9,1,prm-b4b221e907450223|run1,3,0,redundant,late,24,678,4/4,1,1,0,0
prm-b4b221e907450223,problem-9762de06228ca9c9,2,prm-b4b221e907450223|run2,3,0,redundant,late,24,678,4/4,1,1,0,0
prm-b4b221e907450223,problem-9762de06228ca9c9,3,prm-b4b221e907450223|run3,3,0,redundant,late,24,678,4/4,1,1,0,0
prm-b4b221e907450223,problem-9762de06228ca9c9,4,prm-b4b221e907450223|run4,3,0,redundant,late,24,678,4/4,1,1,0,0
prm-ae250ba55293ea93,problem-a89fbb80da4fb265,1,prm-ae250ba55293ea93|run1,3,1,essential,early,41,452,2/4,0,1,0,1
prm-ae250ba55293ea93,problem-a89fbb80da4fb265,2,prm-ae250ba55293ea93|run2,3,1,essential,early,41,452,2/4,1,1,0,0
prm-ae250ba55293ea93,problem-a89fbb80da4fb265,3,prm-ae250ba55293ea93|run3,3,1,essential,early,41,452,2/4,0,1,0,1
prm-ae250ba55293ea93,problem-a89fbb80da4fb265,4,prm-ae250ba55293ea93|run4,3,1,essential,early,41,452,2/4,1,1,0,0
prm-e8138a79d9f11b5f,problem-34876d45164544f1,1,prm-e8138a79d9f11b5f|run1,3,1,redundant,late,57,612,4/4,1,1,0,0
prm-e8138a79d9f11b5f,problem-34876d45164544f1,2,prm-e8138a79d9f11b5f|run2,3,1,redundant,late,57,612,4/4,1,1,0,0
prm-e8138a79d9f11b5f,problem-34876d45164544f1,3,prm-e8138a79d9f11b5f|run3,3,1,redundant,late,57,612,4/4,1,1,0,0
prm-e8138a79d9f11b5f,problem-34876d45164544f1,4,prm-e8138a79d9f11b5f|run4,3,1,redundant,late,57,612,4/4,1,1,0,0
prm-a795bb4c871ed999,problem-86dafa426d0346e1,1,prm-a795bb4c871ed999|run1,0,-1,harmful,middle,50,600,0/4,0,1,0,1
prm-a795bb4c871ed999,problem-86dafa426d0346e1,2,prm-a795bb4c871ed999|run2,0,-1,harmful,middle,50,600,0/4,0,0,0,0
prm-a795bb4c871ed999,problem-86dafa426d0346e1,3,prm-a795bb4c871ed999|run3,0,-1,harmful,middle,50,600,0/4,0,1,0,1
prm-a795bb4c871ed999,problem-86dafa426d0346e1,4,prm-a795bb4c871ed999|run4,0,-1,harmful,middle,50,600,0/4,0,1,0,1
prm-afb60f3ac0dd9a0b,problem-c09864a50ddd773b,1,prm-afb60f3ac0dd9a0b|run1,3,0,harmful,middle,41,592,4/4,1,1,0,0
prm-afb60f3ac0dd9a0b,problem-c09864a50ddd773b,2,prm-afb60f3ac0dd9a0b|run2,3,0,harmful,middle,41,592,4/4,1,1,0,0
prm-afb60f3ac0dd9a0b,problem-c09864a50ddd773b,3,prm-afb60f3ac0dd9a0b|run3,3,0,harmful,middle,41,592,4/4,1,1,0,0
prm-afb60f3ac0dd9a0b,problem-c09864a50ddd773b,4,prm-afb60f3ac0dd9a0b|run4,3,0,harmful,middle,41,592,4/4,1,1,0,0
prm-ce91b518cab83f12,problem-02e1cce4311336f4,1,prm-ce91b518cab83f12|run1,2,-1,harmful,early,64,451,1/4,0,0,0,0
prm-ce91b518cab83f12,problem-02e1cce4311336f4,2,prm-ce91b518cab83f12|run2,2,-1,harmful,early,64,451,1/4,1,0,1,0
prm-ce91b518cab83f12,problem-02e1cce4311336f4,3,prm-ce91b518cab83f12|run3,2,-1,harmful,early,64,451,1/4,0,0,0,0
prm-ce91b518cab83f12,problem-02e1cce4311336f4,4,prm-ce91b518cab83f12|run4,2,-1,harmful,early,64,451,1/4,0,0,0,0
prm-c3e6885bc7f884e7,problem-1ebb7bb0cc81425a,1,prm-c3e6885bc7f884e7|run1,4,1,redundant,late,21,462,4/4,1,1,0,0
prm-c3e6885bc7f884e7,problem-1ebb7bb0cc81425a,2,prm-c3e6885bc7f884e7|run2,4,1,redundant,late,21,462,4/4,1,1,0,0
prm-c3e6885bc7f884e7,problem-1ebb7bb0cc81425a,3,prm-c3e6885bc7f884e7|run3,4,1,redundant,late,21,462,4/4,1,1,0,0
prm-c3e6885bc7f884e7,problem-1ebb7bb0cc81425a,4,prm-c3e6885bc7f884e7|run4,4,1,redundant,late,21,462,4/4,1,1,0,0
prm-8d8817bd48cf495e,problem-c654650535c8d5df,1,prm-8d8817bd48cf495e|run1,1,-1,harmful,late,66,465,0/4,0,1,0,1
prm-8d8817bd48cf495e,problem-c654650535c8d5df,2,prm-8d8817bd48cf495e|run2,1,-1,harmful,late,66,465,0/4,0,1,0,1
prm-8d8817bd48cf495e,problem-c654650535c8d5df,3,prm-8d8817bd48cf495e|run3,1,-1,harmful,late,66,465,0/4,0,1,0,1
prm-8d8817bd48cf495e,problem-c654650535c8d5df,4,prm-8d8817bd48cf495e|run4,1,-1,harmful,late,66,465,0/4,0,1,0,1
prm-e319831ecda4ad73,problem-4ee4220e8bc8cdab,1,prm-e319831ecda4ad73|run1,4,-1,harmful,late,24,536,4/4,1,1,0,0
prm-e319831ecda4ad73,problem-4ee4220e8bc8cdab,2,prm-e319831ecda4ad73|run2,4,-1,harmful,late,24,536,4/4,1,1,0,0
prm-e319831ecda4ad73,problem-4ee4220e8bc8cdab,3,prm-e319831ecda4ad73|run3,4,-1,harmful,late,24,536,4/4,1,1,0,0
prm-e319831ecda4ad73,problem-4ee4220e8bc8cdab,4,prm-e319831ecda4ad73|run4,4,-1,harmful,late,24,536,4/4,1,1,0,0
prm-8be5e8ce53ce132a,problem-4639686b328fdf30,1,prm-8be5e8ce53ce132a|run1,0,0,redundant,late,37,1073,0/4,0,1,0,1
prm-8be5e8ce53ce132a,problem-4639686b328fdf30,2,prm-8be5e8ce53ce132a|run2,0,0,redundant,late,37,1073,0/4,0,0,0,0
prm-8be5e8ce53ce132a,problem-4639686b328fdf30,3,prm-8be5e8ce53ce132a|run3,0,0,redundant,late,37,1073,0/4,0,0,0,0
prm-8be5e8ce53ce132a,problem-4639686b328fdf30,4,prm-8be5e8ce53ce132a|run4,0,0,redundant,late,37,1073,0/4,0,0,0,0
prm-5699f280aa96d018,problem-f604ddc238c9c584,1,prm-5699f280aa96d018|run1,0,1,essential,early,23,468,4/4,1,1,0,0
prm-5699f280aa96d018,problem-f604ddc238c9c584,2,prm-5699f280aa96d018|run2,0,1,essential,early,23,468,4/4,1,1,0,0
prm-5699f280aa96d018,problem-f604ddc238c9c584,3,prm-5699f280aa96d018|run3,0,1,essential,early,23,468,4/4,1,0,1,0
prm-5699f280aa96d018,problem-f604ddc238c9c584,4,prm-5699f280aa96d018|run4,0,1,essential,early,23,468,4/4,1,0,1,0
prm-015f040f29e2b298,problem-d308b5bba1d4e738,1,prm-015f040f29e2b298|run1,0,0,essential,early,36,372,4/4,1,0,1,0
prm-015f040f29e2b298,problem-d308b5bba1d4e738,2,prm-015f040f29e2b298|run2,0,0,essential,early,36,372,4/4,1,0,1,0
prm-015f040f29e2b298,problem-d308b5bba1d4e738,3,prm-015f040f29e2b298|run3,0,0,essential,early,36,372,4/4,1,0,1,0
prm-015f040f29e2b298,problem-d308b5bba1d4e738,4,prm-015f040f29e2b298|run4,0,0,essential,early,36,372,4/4,1,0,1,0
prm-a136374e0913b303,problem-edc76d80b3d26c0a,1,prm-a136374e0913b303|run1,3,1,redundant,late,25,857,4/4,1,1,0,0
prm-a136374e0913b303,problem-edc76d80b3d26c0a,2,prm-a136374e0913b303|run2,3,1,redundant,late,25,857,4/4,1,1,0,0
prm-a136374e0913b303,problem-edc76d80b3d26c0a,3,prm-a136374e0913b303|run3,3,1,redundant,late,25,857,4/4,1,1,0,0
prm-a136374e0913b303,problem-edc76d80b3d26c0a,4,prm-a136374e0913b303|run4,3,1,redundant,late,25,857,4/4,1,1,0,0
prm-2e1055ac659ff29f,problem-b18bba5824f91f21,1,prm-2e1055ac659ff29f|run1,4,0,redundant,middle,23,486,4/4,1,1,0,0
prm-2e1055ac659ff29f,problem-b18bba5824f91f21,2,prm-2e1055ac659ff29f|run2,4,0,redundant,middle,23,486,4/4,1,1,0,0
prm-2e1055ac659ff29f,problem-b18bba5824f91f21,3,prm-2e1055ac659ff29f|run3,4,0,redundant,middle,23,486,4/4,1,1,0,0
prm-2e1055ac659ff29f,problem-b18bba5824f91f21,4,prm-2e1055ac659ff29f|run4,4,0,redundant,middle,23,486,4/4,1,1,0,0
prm-36e206fe8afae4f8,problem-b85cd3a0d61d8d2a,1,prm-36e206fe8afae4f8|run1,1,0,redundant,late,26,553,4/4,1,1,0,0
prm-36e206fe8afae4f8,problem-b85cd3a0d61d8d2a,2,prm-36e206fe8afae4f8|run2,1,0,redundant,late,26,553,4/4,1,1,0,0
prm-36e206fe8afae4f8,problem-b85cd3a0d61d8d2a,3,prm-36e206fe8afae4f8|run3,1,0,redundant,late,26,553,4/4,1,1,0,0
prm-36e206fe8afae4f8,problem-b85cd3a0d61d8d2a,4,prm-36e206fe8afae4f8|run4,1,0,redundant,late,26,553,4/4,1,1,0,0
prm-64b8dd81d152bc1a,problem-2757934eba881767,1,prm-64b8dd81d152bc1a|run1,2,-1,harmful,late,80,783,0/4,0,0,0,0
prm-64b8dd81d152bc1a,problem-2757934eba881767,2,prm-64b8dd81d152bc1a|run2,2,-1,harmful,late,80,783,0/4,0,0,0,0
prm-64b8dd81d152bc1a,problem-2757934eba881767,3,prm-64b8dd81d152bc1a|run3,2,-1,harmful,late,80,783,0/4,0,0,0,0
prm-64b8dd81d152bc1a,problem-2757934eba881767,4,prm-64b8dd81d152bc1a|run4,2,-1,harmful,late,80,783,0/4,0,0,0,0
prm-1d5a5cb08ca68e3d,problem-d3e9908503944910,1,prm-1d5a5cb08ca68e3d|run1,3,-1,harmful,middle,29,533,0/4,0,0,0,0
prm-1d5a5cb08ca68e3d,problem-d3e9908503944910,2,prm-1d5a5cb08ca68e3d|run2,3,-1,harmful,middle,29,533,0/4,0,1,0,1
prm-1d5a5cb08ca68e3d,problem-d3e9908503944910,3,prm-1d5a5cb08ca68e3d|run3,3,-1,harmful,middle,29,533,0/4,0,1,0,1
prm-1d5a5cb08ca68e3d,problem-d3e9908503944910,4,prm-1d5a5cb08ca68e3d|run4,3,-1,harmful,middle,29,533,0/4,0,1,0,1
prm-151724cd1bbe2b32,problem-63fb0c19be9bfc02,1,prm-151724cd1bbe2b32|run1,0,1,essential,middle,38,390,4/4,1,1,0,0
prm-151724cd1bbe2b32,problem-63fb0c19be9bfc02,2,prm-151724cd1bbe2b32|run2,0,1,essential,middle,38,390,4/4,1,1,0,0
prm-151724cd1bbe2b32,problem-63fb0c19be9bfc02,3,prm-151724cd1bbe2b32|run3,0,1,essential,middle,38,390,4/4,1,1,0,0
prm-151724cd1bbe2b32,problem-63fb0c19be9bfc02,4,prm-151724cd1bbe2b32|run4,0,1,essential,middle,38,390,4/4,1,1,0,0
prm-4eb77ebc633f7a2d,problem-d9f531b9527df401,1,prm-4eb77ebc633f7a2d|run1,2,1,redundant,late,10,525,4/4,1,1,0,0
prm-4eb77ebc633f7a2d,problem-d9f531b9527df401,2,prm-4eb77ebc633f7a2d|run2,2,1,redundant,late,10,525,4/4,1,1,0,0
prm-4eb77ebc633f7a2d,problem-d9f531b9527df401,3,prm-4eb77ebc633f7a2d|run3,2,1,redundant,late,10,525,4/4,1,1,0,0
prm-4eb77ebc633f7a2d,problem-d9f531b9527df401,4,prm-4eb77ebc633f7a2d|run4,2,1,redundant,late,10,525,4/4,1,1,0,0
prm-58392d69449f6f68,problem-a8c4001358470f25,1,prm-58392d69449f6f68|run1,2,-1,harmful,middle,41,562,0/4,0,0,0,0
prm-58392d69449f6f68,problem-a8c4001358470f25,2,prm-58392d69449f6f68|run2,2,-1,harmful,middle,41,562,0/4,0,0,0,0
prm-58392d69449f6f68,problem-a8c4001358470f25,3,prm-58392d69449f6f68|run3,2,-1,harmful,middle,41,562,0/4,0,0,0,0
prm-58392d69449f6f68,problem-a8c4001358470f25,4,prm-58392d69449f6f68|run4,2,-1,harmful,middle,41,562,0/4,0,0,0,0
prm-e5a3f23bd55fe87a,problem-96c5e6371e5bca20,1,prm-e5a3f23bd55fe87a|run1,2,-1,harmful,middle,40,648,0/4,0,0,0,0
prm-e5a3f23bd55fe87a,problem-96c5e6371e5bca20,2,prm-e5a3f23bd55fe87a|run2,2,-1,harmful,middle,40,648,0/4,0,0,0,0
prm-e5a3f23bd55fe87a,problem-96c5e6371e5bca20,3,prm-e5a3f23bd55fe87a|run3,2,-1,harmful,middle,40,648,0/4,0,0,0,0
prm-e5a3f23bd55fe87a,problem-96c5e6371e5bca20,4,prm-e5a3f23bd55fe87a|run4,2,-1,harmful,middle,40,648,0/4,0,0,0,0
prm-67027b02bd4348a7,problem-eed9594538d18b57,1,prm-67027b02bd4348a7|run1,3,1,essential,middle,76,447,0/4,0,0,0,0
prm-67027b02bd4348a7,problem-eed9594538d18b57,2,prm-67027b02bd4348a7|run2,3,1,essential,middle,76,447,0/4,0,0,0,0
prm-67027b02bd4348a7,problem-eed9594538d18b57,3,prm-67027b02bd4348a7|run3,3,1,essential,middle,76,447,0/4,0,0,0,0
prm-67027b02bd4348a7,problem-eed9594538d18b57,4,prm-67027b02bd4348a7|run4,3,1,essential,middle,76,447,0/4,0,0,0,0
prm-901a3aa77c6c4dc2,problem-d7d47865fbb51ce6,1,prm-901a3aa77c6c4dc2|run1,2,1,harmful,middle,31,660,0/4,0,1,0,1
prm-901a3aa77c6c4dc2,problem-d7d47865fbb51ce6,2,prm-901a3aa77c6c4dc2|run2,2,1,harmful,middle,31,660,0/4,0,1,0,1
prm-901a3aa77c6c4dc2,problem-d7d47865fbb51ce6,3,prm-901a3aa77c6c4dc2|run3,2,1,harmful,middle,31,660,0/4,0,1,0,1
prm-901a3aa77c6c4dc2,problem-d7d47865fbb51ce6,4,prm-901a3aa77c6c4dc2|run4,2,1,harmful,middle,31,660,0/4,0,1,0,1
prm-bda20d3dc84e4528,problem-2ca7e059eeb0b7dd,1,prm-bda20d3dc84e4528|run1,0,0,redundant,early,14,276,4/4,1,1,0,0
prm-bda20d3dc84e4528,problem-2ca7e059eeb0b7dd,2,prm-bda20d3dc84e4528|run2,0,0,redundant,early,14,276,4/4,1,1,0,0
prm-bda20d3dc84e4528,problem-2ca7e059eeb0b7dd,3,prm-bda20d3dc84e4528|run3,0,0,redundant,early,14,276,4/4,1,1,0,0
prm-bda20d3dc84e4528,problem-2ca7e059eeb0b7dd,4,prm-bda20d3dc84e4528|run4,0,0,redundant,early,14,276,4/4,1,1,0,0
prm-6f55f9ad3924eda5,problem-6c70163ce817add4,1,prm-6f55f9ad3924eda5|run1,3,0,redundant,late,30,656,4/4,1,1,0,0
prm-6f55f9ad3924eda5,problem-6c70163ce817add4,2,prm-6f55f9ad3924eda5|run2,3,0,redundant,late,30,656,4/4,1,1,0,0
prm-6f55f9ad3924eda5,problem-6c70163ce817add4,3,prm-6f55f9ad3924eda5|run3,3,0,redundant,late,30,656,4/4,1,1,0,0
prm-6f55f9ad3924eda5,problem-6c70163ce817add4,4,prm-6f55f9ad3924eda5|run4,3,0,redundant,late,30,656,4/4,1,1,0,0
prm-a32a5104eb5cd351,problem-e1530f57dea8f8c8,1,prm-a32a5104eb5cd351|run1,4,-1,harmful,late,41,697,0/4,0,1,0,1
prm-a32a5104eb5cd351,problem-e1530f57dea8f8c8,2,prm-a32a5104eb5cd351|run2,4,-1,harmful,late,41,697,0/4,0,1,0,1
prm-a32a5104eb5cd351,problem-e1530f57dea8f8c8,3,prm-a32a5104eb5cd351|run3,4,-1,harmful,late,41,697,0/4,0,1,0,1
prm-a32a5104eb5cd351,problem-e1530f57dea8f8c8,4,prm-a32a5104eb5cd351|run4,4,-1,harmful,late,41,697,0/4,0,1,0,1
prm-3f6d462098747631,problem-88bd1d429ff4da88,1,prm-3f6d462098747631|run1,3,-1,harmful,middle,126,456,0/4,0,0,0,0
prm-3f6d462098747631,problem-88bd1d429ff4da88,2,prm-3f6d462098747631|run2,3,-1,harmful,middle,126,456,0/4,0,0,0,0
prm-3f6d462098747631,problem-88bd1d429ff4da88,3,prm-3f6d462098747631|run3,3,-1,harmful,middle,126,456,0/4,0,0,0,0
prm-3f6d462098747631,problem-88bd1d429ff4da88,4,prm-3f6d462098747631|run4,3,-1,harmful,middle,126,456,0/4,0,0,0,0
prm-335e21a88e0969e0,problem-b366ba898e337926,1,prm-335e21a88e0969e0|run1,3,0,redundant,early,15,272,4/4,1,0,1,0
prm-335e21a88e0969e0,problem-b366ba898e337926,2,prm-335e21a88e0969e0|run2,3,0,redundant,early,15,272,4/4,1,0,1,0
prm-335e21a88e0969e0,problem-b366ba898e337926,3,prm-335e21a88e0969e0|run3,3,0,redundant,early,15,272,4/4,1,0,1,0
prm-335e21a88e0969e0,problem-b366ba898e337926,4,prm-335e21a88e0969e0|run4,3,0,redundant,early,15,272,4/4,1,0,1,0
prm-1984cb49b132bdb6,problem-86429feba2dedf48,1,prm-1984cb49b132bdb6|run1,3,0,harmful,middle,40,763,2/4,1,1,0,0
prm-1984cb49b132bdb6,problem-86429feba2dedf48,2,prm-1984cb49b132bdb6|run2,3,0,harmful,middle,40,763,2/4,1,1,0,0
prm-1984cb49b132bdb6,problem-86429feba2dedf48,3,prm-1984cb49b132bdb6|run3,3,0,harmful,middle,40,763,2/4,0,1,0,1
prm-1984cb49b132bdb6,problem-86429feba2dedf48,4,prm-1984cb49b132bdb6|run4,3,0,harmful,middle,40,763,2/4,0,1,0,1
prm-6340032015881710,problem-ad5b14b23ed9a9ea,1,prm-6340032015881710|run1,3,0,redundant,middle,25,464,4/4,1,1,0,0
prm-6340032015881710,problem-ad5b14b23ed9a9ea,2,prm-6340032015881710|run2,3,0,redundant,middle,25,464,4/4,1,1,0,0
prm-6340032015881710,problem-ad5b14b23ed9a9ea,3,prm-6340032015881710|run3,3,0,redundant,middle,25,464,4/4,1,1,0,0
prm-6340032015881710,problem-ad5b14b23ed9a9ea,4,prm-6340032015881710|run4,3,0,redundant,middle,25,464,4/4,1,1,0,0
prm-7ca8bf8fc95e2b20,problem-7b5a516cad6a7a6d,1,prm-7ca8bf8fc95e2b20|run1,2,-1,harmful,middle,58,718,0/4,0,0,0,0
prm-7ca8bf8fc95e2b20,problem-7b5a516cad6a7a6d,2,prm-7ca8bf8fc95e2b20|run2,2,-1,harmful,middle,58,718,0/4,0,0,0,0
prm-7ca8bf8fc95e2b20,problem-7b5a516cad6a7a6d,3,prm-7ca8bf8fc95e2b20|run3,2,-1,harmful,middle,58,718,0/4,0,0,0,0
prm-7ca8bf8fc95e2b20,problem-7b5a516cad6a7a6d,4,prm-7ca8bf8fc95e2b20|run4,2,-1,harmful,middle,58,718,0/4,0,0,0,0
prm-ff4d90cf78aa30d8,problem-93d733b48692eae6,1,prm-ff4d90cf78aa30d8|run1,0,1,redundant,middle,21,409,4/4,1,1,0,0
prm-ff4d90cf78aa30d8,problem-93d733b48692eae6,2,prm-ff4d90cf78aa30d8|run2,0,1,redundant,middle,21,409,4/4,1,1,0,0
prm-ff4d90cf78aa30d8,problem-93d733b48692eae6,3,prm-ff4d90cf78aa30d8|run3,0,1,redundant,middle,21,409,4/4,1,1,0,0
prm-ff4d90cf78aa30d8,problem-93d733b48692eae6,4,prm-ff4d90cf78aa30d8|run4,0,1,redundant,middle,21,409,4/4,1,1,0,0
prm-b51dfeb3b8305067,problem-fdc8aba1c1ade2de,1,prm-b51dfeb3b8305067|run1,3,1,essential,early,65,606,0/4,0,0,0,0
prm-b51dfeb3b8305067,problem-fdc8aba1c1ade2de,2,prm-b51dfeb3b8305067|run2,3,1,essential,early,65,606,0/4,0,0,0,0
prm-b51dfeb3b8305067,problem-fdc8aba1c1ade2de,3,prm-b51dfeb3b8305067|run3,3,1,essential,early,65,606,0/4,0,0,0,0
prm-b51dfeb3b8305067,problem-fdc8aba1c1ade2de,4,prm-b51dfeb3b8305067|run4,3,1,essential,early,65,606,0/4,0,0,0,0
prm-a6f6b01911605940,problem-e0cb6d0fac527a83,1,prm-a6f6b01911605940|run1,4,-1,harmful,early,55,424,0/4,0,1,0,1
prm-a6f6b01911605940,problem-e0cb6d0fac527a83,2,prm-a6f6b01911605940|run2,4,-1,harmful,early,55,424,0/4,0,0,0,0
prm-a6f6b01911605940,problem-e0cb6d0fac527a83,3,prm-a6f6b01911605940|run3,4,-1,harmful,early,55,424,0/4,0,1,0,1
prm-a6f6b01911605940,problem-e0cb6d0fac527a83,4,prm-a6f6b01911605940|run4,4,-1,harmful,early,55,424,0/4,0,1,0,1
prm-21878507d8f59c4d,problem-ded0ffd3643d0130,1,prm-21878507d8f59c4d|run1,3,1,redundant,late,23,676,4/4,1,1,0,0
prm-21878507d8f59c4d,problem-ded0ffd3643d0130,2,prm-21878507d8f59c4d|run2,3,1,redundant,late,23,676,4/4,1,1,0,0
prm-21878507d8f59c4d,problem-ded0ffd3643d0130,3,prm-21878507d8f59c4d|run3,3,1,redundant,late,23,676,4/4,1,1,0,0
prm-21878507d8f59c4d,problem-ded0ffd3643d0130,4,prm-21878507d8f59c4d|run4,3,1,redundant,late,23,676,4/4,1,1,0,0
prm-cb3eed5635ac46b4,problem-de0c58f09875d127,1,prm-cb3eed5635ac46b4|run1,1,0,harmful,early,18,282,4/4,1,1,0,0
prm-cb3eed5635ac46b4,problem-de0c58f09875d127,2,prm-cb3eed5635ac46b4|run2,1,0,harmful,early,18,282,4/4,1,1,0,0
prm-cb3eed5635ac46b4,problem-de0c58f09875d127,3,prm-cb3eed5635ac46b4|run3,1,0,harmful,early,18,282,4/4,1,1,0,0
prm-cb3eed5635ac46b4,problem-de0c58f09875d127,4,prm-cb3eed5635ac46b4|run4,1,0,harmful,early,18,282,4/4,1,1,0,0
prm-4ed42d1c12397218,problem-db31d840f82d7f2e,1,prm-4ed42d1c12397218|run1,1,-1,harmful,middle,23,654,0/4,0,0,0,0
prm-4ed42d1c12397218,problem-db31d840f82d7f2e,2,prm-4ed42d1c12397218|run2,1,-1,harmful,middle,23,654,0/4,0,0,0,0
prm-4ed42d1c12397218,problem-db31d840f82d7f2e,3,prm-4ed42d1c12397218|run3,1,-1,harmful,middle,23,654,0/4,0,0,0,0
prm-4ed42d1c12397218,problem-db31d840f82d7f2e,4,prm-4ed42d1c12397218|run4,1,-1,harmful,middle,23,654,0/4,0,0,0,0
prm-80def83e2346512b,problem-3b7adb5c0f931e75,1,prm-80def83e2346512b|run1,2,-1,harmful,middle,37,518,4/4,1,0,1,0
prm-80def83e2346512b,problem-3b7adb5c0f931e75,2,prm-80def83e2346512b|run2,2,-1,harmful,middle,37,518,4/4,1,0,1,0
prm-80def83e2346512b,problem-3b7adb5c0f931e75,3,prm-80def83e2346512b|run3,2,-1,harmful,middle,37,518,4/4,1,0,1,0
prm-80def83e2346512b,problem-3b7adb5c0f931e75,4,prm-80def83e2346512b|run4,2,-1,harmful,middle,37,518,4/4,1,0,1,0
prm-52cd0d7cc6b4cdfc,problem-0d469d0ece1c8db4,1,prm-52cd0d7cc6b4cdfc|run1,1,1,essential,early,21,320,4/4,1,1,0,0
prm-52cd0d7cc6b4cdfc,problem-0d469d0ece1c8db4,2,prm-52cd0d7cc6b4cdfc|run2,1,1,essential,early,21,320,4/4,1,1,0,0
prm-52cd0d7cc6b4cdfc,problem-0d469d0ece1c8db4,3,prm-52cd0d7cc6b4cdfc|run3,1,1,essential,early,21,320,4/4,1,1,0,0
prm-52cd0d7cc6b4cdfc,problem-0d469d0ece1c8db4,4,prm-52cd0d7cc6b4cdfc|run4,1,1,essential,early,21,320,4/4,1,1,0,0
prm-836cfecb0a834014,problem-0410748c1e76e3d4,1,prm-836cfecb0a834014|run1,0,-1,harmful,middle,35,420,0/4,0,1,0,1
prm-836cfecb0a834014,problem-0410748c1e76e3d4,2,prm-836cfecb0a834014|run2,0,-1,harmful,middle,35,420,0/4,0,1,0,1
prm-836cfecb0a834014,problem-0410748c1e76e3d4,3,prm-836cfecb0a834014|run3,0,-1,harmful,middle,35,420,0/4,0,0,0,0
prm-836cfecb0a834014,problem-0410748c1e76e3d4,4,prm-836cfecb0a834014|run4,0,-1,harmful,middle,35,420,0/4,0,1,0,1
prm-e164a92c13c4f1d6,problem-1ebb7bb0cc81425a,1,prm-e164a92c13c4f1d6|run1,4,0,essential,early,23,312,4/4,1,1,0,0
prm-e164a92c13c4f1d6,problem-1ebb7bb0cc81425a,2,prm-e164a92c13c4f1d6|run2,4,0,essential,early,23,312,4/4,1,1,0,0
prm-e164a92c13c4f1d6,problem-1ebb7bb0cc81425a,3,prm-e164a92c13c4f1d6|run3,4,0,essential,early,23,312,4/4,1,1,0,0
prm-e164a92c13c4f1d6,problem-1ebb7bb0cc81425a,4,prm-e164a92c13c4f1d6|run4,4,0,essential,early,23,312,4/4,1,1,0,0
prm-fea1ec494dc61cd4,problem-5b1d584cfe23d7df,1,prm-fea1ec494dc61cd4|run1,2,1,harmful,early,44,521,3/4,0,0,0,0
prm-fea1ec494dc61cd4,problem-5b1d584cfe23d7df,2,prm-fea1ec494dc61cd4|run2,2,1,harmful,early,44,521,3/4,1,1,0,0
prm-fea1ec494dc61cd4,problem-5b1d584cfe23d7df,3,prm-fea1ec494dc61cd4|run3,2,1,harmful,early,44,521,3/4,1,1,0,0
prm-fea1ec494dc61cd4,problem-5b1d584cfe23d7df,4,prm-fea1ec494dc61cd4|run4,2,1,harmful,early,44,521,3/4,1,0,1,0
prm-f3b8d8282dd5fc21,problem-b248cb4aff92956c,1,prm-f3b8d8282dd5fc21|run1,3,0,redundant,early,7,332,0/4,0,0,0,0
prm-f3b8d8282dd5fc21,problem-b248cb4aff92956c,2,prm-f3b8d8282dd5fc21|run2,3,0,redundant,early,7,332,0/4,0,0,0,0
prm-f3b8d8282dd5fc21,problem-b248cb4aff92956c,3,prm-f3b8d8282dd5fc21|run3,3,0,redundant,early,7,332,0/4,0,0,0,0
prm-f3b8d8282dd5fc21,problem-b248cb4aff92956c,4,prm-f3b8d8282dd5fc21|run4,3,0,redundant,early,7,332,0/4,0,0,0,0
prm-a50457954dbd885f,problem-b4c65e92228af5bd,1,prm-a50457954dbd885f|run1,4,1,redundant,middle,30,519,4/4,1,1,0,0
prm-a50457954dbd885f,problem-b4c65e92228af5bd,2,prm-a50457954dbd885f|run2,4,1,redundant,middle,30,519,4/4,1,1,0,0
prm-a50457954dbd885f,problem-b4c65e92228af5bd,3,prm-a50457954dbd885f|run3,4,1,redundant,middle,30,519,4/4,1,1,0,0
prm-a50457954dbd885f,problem-b4c65e92228af5bd,4,prm-a50457954dbd885f|run4,4,1,redundant,middle,30,519,4/4,1,1,0,0
prm-d7691ac94c48e3a4,problem-4b5b19174e5d447f,1,prm-d7691ac94c48e3a4|run1,1,1,essential,middle,28,394,4/4,1,1,0,0
prm-d7691ac94c48e3a4,problem-4b5b19174e5d447f,2,prm-d7691ac94c48e3a4|run2,1,1,essential,middle,28,394,4/4,1,1,0,0
prm-d7691ac94c48e3a4,problem-4b5b19174e5d447f,3,prm-d7691ac94c48e3a4|run3,1,1,essential,middle,28,394,4/4,1,1,0,0
prm-d7691ac94c48e3a4,problem-4b5b19174e5d447f,4,prm-d7691ac94c48e3a4|run4,1,1,essential,middle,28,394,4/4,1,1,0,0
prm-9eb976f5fba8a1ea,problem-88bd1d429ff4da88,1,prm-9eb976f5fba8a1ea|run1,3,-1,harmful,early,27,505,0/4,0,0,0,0
prm-9eb976f5fba8a1ea,problem-88bd1d429ff4da88,2,prm-9eb976f5fba8a1ea|run2,3,-1,harmful,early,27,505,0/4,0,0,0,0
prm-9eb976f5fba8a1ea,problem-88bd1d429ff4da88,3,prm-9eb976f5fba8a1ea|run3,3,-1,harmful,early,27,505,0/4,0,0,0,0
prm-9eb976f5fba8a1ea,problem-88bd1d429ff4da88,4,prm-9eb976f5fba8a1ea|run4,3,-1,harmful,early,27,505,0/4,0,0,0,0
prm-15473e963522ff7f,problem-5b1d584cfe23d7df,1,prm-15473e963522ff7f|run1,2,1,essential,early,60,368,0/4,0,0,0,0
prm-15473e963522ff7f,problem-5b1d584cfe23d7df,2,prm-15473e963522ff7f|run2,2,1,essential,early,60,368,0/4,0,0,0,0
prm-15473e963522ff7f,problem-5b1d584cfe23d7df,3,prm-15473e963522ff7f|run3,2,1,essential,early,60,368,0/4,0,0,0,0
prm-15473e963522ff7f,problem-5b1d584cfe23d7df,4,prm-15473e963522ff7f|run4,2,1,essential,early,60,368,0/4,0,0,0,0
prm-554fe1d6b58f094f,problem-de2d1c474b9ee450,1,prm-554fe1d6b58f094f|run1,1,0,harmful,late,32,671,4/4,1,1,0,0
prm-554fe1d6b58f094f,problem-de2d1c474b9ee450,2,prm-554fe1d6b58f094f|run2,1,0,harmful,late,32,671,4/4,1,1,0,0
prm-554fe1d6b58f094f,problem-de2d1c474b9ee450,3,prm-554fe1d6b58f094f|run3,1,0,harmful,late,32,671,4/4,1,1,0,0
prm-554fe1d6b58f094f,problem-de2d1c474b9ee450,4,prm-554fe1d6b58f094f|run4,1,0,harmful,late,32,671,4/4,1,1,0,0
prm-36b1999ceae59aea,problem-210778075950cc2d,1,prm-36b1999ceae59aea|run1,4,1,essential,middle,31,400,4/4,1,1,0,0
prm-36b1999ceae59aea,problem-210778075950cc2d,2,prm-36b1999ceae59aea|run2,4,1,essential,middle,31,400,4/4,1,1,0,0
prm-36b1999ceae59aea,problem-210778075950cc2d,3,prm-36b1999ceae59aea|run3,4,1,essential,middle,31,400,4/4,1,1,0,0
prm-36b1999ceae59aea,problem-210778075950cc2d,4,prm-36b1999ceae59aea|run4,4,1,essential,middle,31,400,4/4,1,1,0,0
prm-52ebf116b73ecf1a,problem-5bc561169baa97f9,1,prm-52ebf116b73ecf1a|run1,2,-1,harmful,early,27,329,0/4,0,0,0,0
prm-52ebf116b73ecf1a,problem-5bc561169baa97f9,2,prm-52ebf116b73ecf1a|run2,2,-1,harmful,early,27,329,0/4,0,0,0,0
prm-52ebf116b73ecf1a,problem-5bc561169baa97f9,3,prm-52ebf116b73ecf1a|run3,2,-1,harmful,early,27,329,0/4,0,0,0,0
prm-52ebf116b73ecf1a,problem-5bc561169baa97f9,4,prm-52ebf116b73ecf1a|run4,2,-1,harmful,early,27,329,0/4,0,0,0,0
prm-dfdb549c682c7822,problem-44174d8b3df5f07b,1,prm-dfdb549c682c7822|run1,1,-1,harmful,early,32,307,0/4,0,1,0,1
prm-dfdb549c682c7822,problem-44174d8b3df5f07b,2,prm-dfdb549c682c7822|run2,1,-1,harmful,early,32,307,0/4,0,1,0,1
prm-dfdb549c682c7822,problem-44174d8b3df5f07b,3,prm-dfdb549c682c7822|run3,1,-1,harmful,early,32,307,0/4,0,1,0,1
prm-dfdb549c682c7822,problem-44174d8b3df5f07b,4,prm-dfdb549c682c7822|run4,1,-1,harmful,early,32,307,0/4,0,1,0,1
prm-4376ee5dd1ec051f,problem-e560d5cf6d3fecc5,1,prm-4376ee5dd1ec051f|run1,0,0,redundant,early,60,334,4/4,1,1,0,0
prm-4376ee5dd1ec051f,problem-e560d5cf6d3fecc5,2,prm-4376ee5dd1ec051f|run2,0,0,redundant,early,60,334,4/4,1,1,0,0
prm-4376ee5dd1ec051f,problem-e560d5cf6d3fecc5,3,prm-4376ee5dd1ec051f|run3,0,0,redundant,early,60,334,4/4,1,0,1,0
prm-4376ee5dd1ec051f,problem-e560d5cf6d3fecc5,4,prm-4376ee5dd1ec051f|run4,0,0,redundant,early,60,334,4/4,1,0,1,0
prm-5b638cc553a8f6cc,problem-70cf8bf9114223fc,1,prm-5b638cc553a8f6cc|run1,1,0,essential,late,25,710,4/4,1,1,0,0
prm-5b638cc553a8f6cc,problem-70cf8bf9114223fc,2,prm-5b638cc553a8f6cc|run2,1,0,essential,late,25,710,4/4,1,1,0,0
prm-5b638cc553a8f6cc,problem-70cf8bf9114223fc,3,prm-5b638cc553a8f6cc|run3,1,0,essential,late,25,710,4/4,1,1,0,0
prm-5b638cc553a8f6cc,problem-70cf8bf9114223fc,4,prm-5b638cc553a8f6cc|run4,1,0,essential,late,25,710,4/4,1,1,0,0
prm-a89889ad37cbc7e2,problem-3e3197b5f708b626,1,prm-a89889ad37cbc7e2|run1,4,-1,harmful,late,40,576,4/4,1,1,0,0
prm-a89889ad37cbc7e2,problem-3e3197b5f708b626,2,prm-a89889ad37cbc7e2|run2,4,-1,harmful,late,40,576,4/4,1,1,0,0
prm-a89889ad37cbc7e2,problem-3e3197b5f708b626,3,prm-a89889ad37cbc7e2|run3,4,-1,harmful,late,40,576,4/4,1,1,0,0
prm-a89889ad37cbc7e2,problem-3e3197b5f708b626,4,prm-a89889ad37cbc7e2|run4,4,-1,harmful,late,40,576,4/4,1,1,0,0
prm-a4aa6a22f3134565,problem-a8c4001358470f25,1,prm-a4aa6a22f3134565|run1,2,0,redundant,late,31,935,4/4,1,1,0,0
prm-a4aa6a22f3134565,problem-a8c4001358470f25,2,prm-a4aa6a22f3134565|run2,2,0,redundant,late,31,935,4/4,1,1,0,0
prm-a4aa6a22f3134565,problem-a8c4001358470f25,3,prm-a4aa6a22f3134565|run3,2,0,redundant,late,31,935,4/4,1,1,0,0
prm-a4aa6a22f3134565,problem-a8c4001358470f25,4,prm-a4aa6a22f3134565|run4,2,0,redundant,late,31,935,4/4,1,1,0,0
prm-cd2eef413f1492b7,problem-83864f8749594ce4,1,prm-cd2eef413f1492b7|run1,4,1,essential,middle,27,335,4/4,1,0,1,0
prm-cd2eef413f1492b7,problem-83864f8749594ce4,2,prm-cd2eef413f1492b7|run2,4,1,essential,middle,27,335,4/4,1,1,0,0
prm-cd2eef413f1492b7,problem-83864f8749594ce4,3,prm-cd2eef413f1492b7|run3,4,1,essential,middle,27,335,4/4,1,1,0,0
prm-cd2eef413f1492b7,problem-83864f8749594ce4,4,prm-cd2eef413f1492b7|run4,4,1,essential,middle,27,335,4/4,1,1,0,0
prm-e57bd8bedd80b00d,problem-377a092aa19d9ef0,1,prm-e57bd8bedd80b00d|run1,2,-1,harmful,early,63,368,3/4,1,0,1,0
prm-e57bd8bedd80b00d,problem-377a092aa19d9ef0,2,prm-e57bd8bedd80b00d|run2,2,-1,harmful,early,63,368,3/4,0,0,0,0
prm-e57bd8bedd80b00d,problem-377a092aa19d9ef0,3,prm-e57bd8bedd80b00d|run3,2,-1,harmful,early,63,368,3/4,1,1,0,0
prm-e57bd8bedd80b00d,problem-377a092aa19d9ef0,4,prm-e57bd8bedd80b00d|run4,2,-1,harmful,early,63,368,3/4,1,0,1,0
prm-932de7bca0e7c93d,problem-42517366b010dd6b,1,prm-932de7bca0e7c93d|run1,2,0,redundant,early,30,460,4/4,1,0,1,0
prm-932de7bca0e7c93d,problem-42517366b010dd6b,2,prm-932de7bca0e7c93d|run2,2,0,redundant,early,30,460,4/4,1,1,0,0
prm-932de7bca0e7c93d,problem-42517366b010dd6b,3,prm-932de7bca0e7c93d|run3,2,0,redundant,early,30,460,4/4,1,1,0,0
prm-932de7bca0e7c93d,problem-42517366b010dd6b,4,prm-932de7bca0e7c93d|run4,2,0,redundant,early,30,460,4/4,1,1,0,0
prm-da7d81c2f0986b42,problem-a03b6b4ae366f630,1,prm-da7d81c2f0986b42|run1,1,-1,harmful,late,141,460,0/4,0,1,0,1
prm-da7d81c2f0986b42,problem-a03b6b4ae366f630,2,prm-da7d81c2f0986b42|run2,1,-1,harmful,late,141,460,0/4,0,1,0,1
prm-da7d81c2f0986b42,problem-a03b6b4ae366f630,3,prm-da7d81c2f0986b42|run3,1,-1,harmful,late,141,460,0/4,0,1,0,1
prm-da7d81c2f0986b42,problem-a03b6b4ae366f630,4,prm-da7d81c2f0986b42|run4,1,-1,harmful,late,141,460,0/4,0,1,0,1
prm-297fe2bd5193998f,problem-89ee4e5ddd25b8e0,1,prm-297fe2bd5193998f|run1,2,0,redundant,early,29,300,0/4,0,0,0,0
prm-297fe2bd5193998f,problem-89ee4e5ddd25b8e0,2,prm-297fe2bd5193998f|run2,2,0,redundant,early,29,300,0/4,0,0,0,0
prm-297fe2bd5193998f,problem-89ee4e5ddd25b8e0,3,prm-297fe2bd5193998f|run3,2,0,redundant,early,29,300,0/4,0,0,0,0
prm-297fe2bd5193998f,problem-89ee4e5ddd25b8e0,4,prm-297fe2bd5193998f|run4,2,0,redundant,early,29,300,0/4,0,0,0,0
prm-d10dadbf854a3250,problem-072eba222d902630,1,prm-d10dadbf854a3250|run1,0,-1,harmful,late,57,821,0/4,0,1,0,1
prm-d10dadbf854a3250,problem-072eba222d902630,2,prm-d10dadbf854a3250|run2,0,-1,harmful,late,57,821,0/4,0,1,0,1
prm-d10dadbf854a3250,problem-072eba222d902630,3,prm-d10dadbf854a3250|run3,0,-1,harmful,late,57,821,0/4,0,1,0,1
prm-d10dadbf854a3250,problem-072eba222d902630,4,prm-d10dadbf854a3250|run4,0,-1,harmful,late,57,821,0/4,0,1,0,1
prm-cea36bdf052fa8d6,problem-9377eb1958837bb7,1,prm-cea36bdf052fa8d6|run1,1,-1,harmful,early,28,420,0/4,0,0,0,0
prm-cea36bdf052fa8d6,problem-9377eb1958837bb7,2,prm-cea36bdf052fa8d6|run2,1,-1,harmful,early,28,420,0/4,0,0,0,0
prm-cea36bdf052fa8d6,problem-9377eb1958837bb7,3,prm-cea36bdf052fa8d6|run3,1,-1,harmful,early,28,420,0/4,0,0,0,0
prm-cea36bdf052fa8d6,problem-9377eb1958837bb7,4,prm-cea36bdf052fa8d6|run4,1,-1,harmful,early,28,420,0/4,0,0,0,0
prm-f7aa110cdcd4de1b,problem-a89fbb80da4fb265,1,prm-f7aa110cdcd4de1b|run1,3,-1,harmful,middle,39,561,4/4,1,1,0,0
prm-f7aa110cdcd4de1b,problem-a89fbb80da4fb265,2,prm-f7aa110cdcd4de1b|run2,3,-1,harmful,middle,39,561,4/4,1,1,0,0
prm-f7aa110cdcd4de1b,problem-a89fbb80da4fb265,3,prm-f7aa110cdcd4de1b|run3,3,-1,harmful,middle,39,561,4/4,1,1,0,0
prm-f7aa110cdcd4de1b,problem-a89fbb80da4fb265,4,prm-f7aa110cdcd4de1b|run4,3,-1,harmful,middle,39,561,4/4,1,0,1,0
prm-200cc16bd7b20d90,problem-c16492850cbf8813,1,prm-200cc16bd7b20d90|run1,3,1,redundant,early,32,398,4/4,1,1,0,0
prm-200cc16bd7b20d90,problem-c16492850cbf8813,2,prm-200cc16bd7b20d90|run2,3,1,redundant,early,32,398,4/4,1,1,0,0
prm-200cc16bd7b20d90,problem-c16492850cbf8813,3,prm-200cc16bd7b20d90|run3,3,1,redundant,early,32,398,4/4,1,1,0,0
prm-200cc16bd7b20d90,problem-c16492850cbf8813,4,prm-200cc16bd7b20d90|run4,3,1,redundant,early,32,398,4/4,1,1,0,0
prm-372a06491c3ab4c3,problem-73440cb70194642f,1,prm-372a06491c3ab4c3|run1,0,1,essential,late,55,607,4/4,1,1,0,0
prm-372a06491c3ab4c3,problem-73440cb70194642f,2,prm-372a06491c3ab4c3|run2,0,1,essential,late,55,607,4/4,1,1,0,0
prm-372a06491c3ab4c3,problem-73440cb70194642f,3,prm-372a06491c3ab4c3|run3,0,1,essential,late,55,607,4/4,1,1,0,0
prm-372a06491c3ab4c3,problem-73440cb70194642f,4,prm-372a06491c3ab4c3|run4,0,1,essential,late,55,607,4/4,1,1,0,0
prm-7c8b800f666a8d2b,problem-6c3d09ab3690acaa,1,prm-7c8b800f666a8d2b|run1,4,0,redundant,late,22,511,4/4,1,1,0,0
prm-7c8b800f666a8d2b,problem-6c3d09ab3690acaa,2,prm-7c8b800f666a8d2b|run2,4,0,redundant,late,22,511,4/4,1,1,0,0
prm-7c8b800f666a8d2b,problem-6c3d09ab3690acaa,3,prm-7c8b800f666a8d2b|run3,4,0,redundant,late,22,511,4/4,1,1,0,0
prm-7c8b800f666a8d2b,problem-6c3d09ab3690acaa,4,prm-7c8b800f666a8d2b|run4,4,0,redundant,late,22,511,4/4,1,1,0,0
prm-ad9e7fa994103189,problem-22b1b3e31b49a035,1,prm-ad9e7fa994103189|run1,3,0,redundant,middle,35,387,0/4,0,1,0,1
prm-ad9e7fa994103189,problem-22b1b3e31b49a035,2,prm-ad9e7fa994103189|run2,3,0,redundant,middle,35,387,0/4,0,1,0,1
prm-ad9e7fa994103189,problem-22b1b3e31b49a035,3,prm-ad9e7fa994103189|run3,3,0,redundant,middle,35,387,0/4,0,1,0,1
prm-ad9e7fa994103189,problem-22b1b3e31b49a035,4,prm-ad9e7fa994103189|run4,3,0,redundant,middle,35,387,0/4,0,1,0,1
prm-39b8f0d9babefef6,problem-69fc365bc2fe7c07,1,prm-39b8f0d9babefef6|run1,2,0,redundant,early,15,403,2/4,1,0,1,0
prm-39b8f0d9babefef6,problem-69fc365bc2fe7c07,2,prm-39b8f0d9babefef6|run2,2,0,redundant,early,15,403,2/4,1,0,1,0
prm-39b8f0d9babefef6,problem-69fc365bc2fe7c07,3,prm-39b8f0d9babefef6|run3,2,0,redundant,early,15,403,2/4,0,0,0,0
prm-39b8f0d9babefef6,problem-69fc365bc2fe7c07,4,prm-39b8f0d9babefef6|run4,2,0,redundant,early,15,403,2/4,0,0,0,0
prm-a8f0f0d569ae9708,problem-eee898cfa2cd6785,1,prm-a8f0f0d569ae9708|run1,2,-1,harmful,late,49,679,0/4,0,1,0,1
prm-a8f0f0d569ae9708,problem-eee898cfa2cd6785,2,prm-a8f0f0d569ae9708|run2,2,-1,harmful,late,49,679,0/4,0,1,0,1
prm-a8f0f0d569ae9708,problem-eee898cfa2cd6785,3,prm-a8f0f0d569ae9708|run3,2,-1,harmful,late,49,679,0/4,0,1,0,1
prm-a8f0f0d569ae9708,problem-eee898cfa2cd6785,4,prm-a8f0f0d569ae9708|run4,2,-1,harmful,late,49,679,0/4,0,1,0,1
prm-17fa230838c04542,problem-2f7c46ab9eda1c84,1,prm-17fa230838c04542|run1,3,-1,redundant,early,20,355,4/4,1,0,1,0
prm-17fa230838c04542,problem-2f7c46ab9eda1c84,2,prm-17fa230838c04542|run2,3,-1,redundant,early,20,355,4/4,1,0,1,0
prm-17fa230838c04542,problem-2f7c46ab9eda1c84,3,prm-17fa230838c04542|run3,3,-1,redundant,early,20,355,4/4,1,0,1,0
prm-17fa230838c04542,problem-2f7c46ab9eda1c84,4,prm-17fa230838c04542|run4,3,-1,redundant,early,20,355,4/4,1,0,1,0
prm-79304f2f93ee36e7,problem-90a95247aec2a715,1,prm-79304f2f93ee36e7|run1,0,-1,essential,late,43,897,3/4,1,1,0,0
prm-79304f2f93ee36e7,problem-90a95247aec2a715,2,prm-79304f2f93ee36e7|run2,0,-1,essential,late,43,897,3/4,0,1,0,1
prm-79304f2f93ee36e7,problem-90a95247aec2a715,3,prm-79304f2f93ee36e7|run3,0,-1,essential,late,43,897,3/4,1,0,1,0
prm-79304f2f93ee36e7,problem-90a95247aec2a715,4,prm-79304f2f93ee36e7|run4,0,-1,essential,late,43,897,3/4,1,1,0,0
prm-f209abf6bbcf46bb,problem-a89fbb80da4fb265,1,prm-f209abf6bbcf46bb|run1,3,-1,harmful,late,49,653,0/4,0,0,0,0
prm-f209abf6bbcf46bb,problem-a89fbb80da4fb265,2,prm-f209abf6bbcf46bb|run2,3,-1,harmful,late,49,653,0/4,0,0,0,0
prm-f209abf6bbcf46bb,problem-a89fbb80da4fb265,3,prm-f209abf6bbcf46bb|run3,3,-1,harmful,late,49,653,0/4,0,0,0,0
prm-f209abf6bbcf46bb,problem-a89fbb80da4fb265,4,prm-f209abf6bbcf46bb|run4,3,-1,harmful,late,49,653,0/4,0,0,0,0
prm-5f58d3f9cdbdd4cd,problem-7317c41e6c58289b,1,prm-5f58d3f9cdbdd4cd|run1,1,1,redundant,middle,44,663,4/4,1,1,0,0
prm-5f58d3f9cdbdd4cd,problem-7317c41e6c58289b,2,prm-5f58d3f9cdbdd4cd|run2,1,1,redundant,middle,44,663,4/4,1,1,0,0
prm-5f58d3f9cdbdd4cd,problem-7317c41e6c58289b,3,prm-5f58d3f9cdbdd4cd|run3,1,1,redundant,middle,44,663,4/4,1,1,0,0
prm-5f58d3f9cdbdd4cd,problem-7317c41e6c58289b,4,prm-5f58d3f9cdbdd4cd|run4,1,1,redundant,middle,44,663,4/4,1,1,0,0
prm-23e70faea1873d2b,problem-4928f50ac88f7a16,1,prm-23e70faea1873d2b|run1,1,-1,harmful,late,21,540,4/4,1,1,0,0
prm-23e70faea1873d2b,problem-4928f50ac88f7a16,2,prm-23e70faea1873d2b|run2,1,-1,harmful,late,21,540,4/4,1,1,0,0
prm-23e70faea1873d2b,problem-4928f50ac88f7a16,3,prm-23e70faea1873d2b|run3,1,-1,harmful,late,21,540,4/4,1,1,0,0
prm-23e70faea1873d2b,problem-4928f50ac88f7a16,4,prm-23e70faea1873d2b|run4,1,-1,harmful,late,21,540,4/4,1,1,0,0
prm-1aa633a0cb723ff0,problem-2aeafb5e569f94dd,1,prm-1aa633a0cb723ff0|run1,2,0,redundant,early,12,390,0/4,0,0,0,0
prm-1aa633a0cb723ff0,problem-2aeafb5e569f94dd,2,prm-1aa633a0cb723ff0|run2,2,0,redundant,early,12,390,0/4,0,0,0,0
prm-1aa633a0cb723ff0,problem-2aeafb5e569f94dd,3,prm-1aa633a0cb723ff0|run3,2,0,redundant,early,12,390,0/4,0,0,0,0
prm-1aa633a0cb723ff0,problem-2aeafb5e569f94dd,4,prm-1aa633a0cb723ff0|run4,2,0,redundant,early,12,390,0/4,0,0,0,0
prm-d8dd25afa49d220a,problem-0f74f3328993b34b,1,prm-d8dd25afa49d220a|run1,0,1,redundant,early,35,426,4/4,1,0,1,0
prm-d8dd25afa49d220a,problem-0f74f3328993b34b,2,prm-d8dd25afa49d220a|run2,0,1,redundant,early,35,426,4/4,1,1,0,0
prm-d8dd25afa49d220a,problem-0f74f3328993b34b,3,prm-d8dd25afa49d220a|run3,0,1,redundant,early,35,426,4/4,1,1,0,0
prm-d8dd25afa49d220a,problem-0f74f3328993b34b,4,prm-d8dd25afa49d220a|run4,0,1,redundant,early,35,426,4/4,1,1,0,0
prm-b8a1339e40d14487,problem-92992c0e162b3d6d,1,prm-b8a1339e40d14487|run1,2,0,harmful,middle,35,505,0/4,0,1,0,1
prm-b8a1339e40d14487,problem-92992c0e162b3d6d,2,prm-b8a1339e40d14487|run2,2,0,harmful,middle,35,505,0/4,0,1,0,1
prm-b8a1339e40d14487,problem-92992c0e162b3d6d,3,prm-b8a1339e40d14487|run3,2,0,harmful,middle,35,505,0/4,0,0,0,0
prm-b8a1339e40d14487,problem-92992c0e162b3d6d,4,prm-b8a1339e40d14487|run4,2,0,harmful,middle,35,505,0/4,0,1,0,1
prm-bdb3ede8ec7d1902,problem-ca9cbef015dfaab2,1,prm-bdb3ede8ec7d1902|run1,4,0,redundant,middle,17,549,0/4,0,1,0,1
prm-bdb3ede8ec7d1902,problem-ca9cbef015dfaab2,2,prm-bdb3ede8ec7d1902|run2,4,0,redundant,middle,17,549,0/4,0,1,0,1
prm-bdb3ede8ec7d1902,problem-ca9cbef015dfaab2,3,prm-bdb3ede8ec7d1902|run3,4,0,redundant,middle,17,549,0/4,0,1,0,1
prm-bdb3ede8ec7d1902,problem-ca9cbef015dfaab2,4,prm-bdb3ede8ec7d1902|run4,4,0,redundant,middle,17,549,0/4,0,1,0,1
prm-ac1b5da6715754b0,problem-68c9e3705000687e,1,prm-ac1b5da6715754b0|run1,3,-1,harmful,early,25,476,0/4,0,0,0,0
prm-ac1b5da6715754b0,problem-68c9e3705000687e,2,prm-ac1b5da6715754b0|run2,3,-1,harmful,early,25,476,0/4,0,0,0,0
prm-ac1b5da6715754b0,problem-68c9e3705000687e,3,prm-ac1b5da6715754b0|run3,3,-1,harmful,early,25,476,0/4,0,0,0,0
prm-ac1b5da6715754b0,problem-68c9e3705000687e,4,prm-ac1b5da6715754b0|run4,3,-1,harmful,early,25,476,0/4,0,0,0,0
prm-f15246b50fdc7a05,problem-e6376885ffd20df9,1,prm-f15246b50fdc7a05|run1,3,-1,harmful,early,25,351,0/4,0,0,0,0
prm-f15246b50fdc7a05,problem-e6376885ffd20df9,2,prm-f15246b50fdc7a05|run2,3,-1,harmful,early,25,351,0/4,0,0,0,0
prm-f15246b50fdc7a05,problem-e6376885ffd20df9,3,prm-f15246b50fdc7a05|run3,3,-1,harmful,early,25,351,0/4,0,0,0,0
prm-f15246b50fdc7a05,problem-e6376885ffd20df9,4,prm-f15246b50fdc7a05|run4,3,-1,harmful,early,25,351,0/4,0,0,0,0
prm-f3ade9b68838159b,problem-cb95bc64c75cf167,1,prm-f3ade9b68838159b|run1,4,1,harmful,early,44,460,4/4,1,1,0,0
prm-f3ade9b68838159b,problem-cb95bc64c75cf167,2,prm-f3ade9b68838159b|run2,4,1,harmful,early,44,460,4/4,1,1,0,0
prm-f3ade9b68838159b,problem-cb95bc64c75cf167,3,prm-f3ade9b68838159b|run3,4,1,harmful,early,44,460,4/4,1,1,0,0
prm-f3ade9b68838159b,problem-cb95bc64c75cf167,4,prm-f3ade9b68838159b|run4,4,1,harmful,early,44,460,4/4,1,1,0,0
prm-ea9c90dcf0197292,problem-7b5a516cad6a7a6d,1,prm-ea9c90dcf0197292|run1,2,0,redundant,middle,24,547,0/4,0,0,0,0
prm-ea9c90dcf0197292,problem-7b5a516cad6a7a6d,2,prm-ea9c90dcf0197292|run2,2,0,redundant,middle,24,547,0/4,0,0,0,0
prm-ea9c90dcf0197292,problem-7b5a516cad6a7a6d,3,prm-ea9c90dcf0197292|run3,2,0,redundant,middle,24,547,0/4,0,0,0,0
prm-ea9c90dcf0197292,problem-7b5a516cad6a7a6d,4,prm-ea9c90dcf0197292|run4,2,0,redundant,middle,24,547,0/4,0,0,0,0
prm-81d72916fff41df2,problem-5acc6365946cc933,1,prm-81d72916fff41df2|run1,4,0,redundant,early,10,284,4/4,1,1,0,0
prm-81d72916fff41df2,problem-5acc6365946cc933,2,prm-81d72916fff41df2|run2,4,0,redundant,early,10,284,4/4,1,1,0,0
prm-81d72916fff41df2,problem-5acc6365946cc933,3,prm-81d72916fff41df2|run3,4,0,redundant,early,10,284,4/4,1,1,0,0
prm-81d72916fff41df2,problem-5acc6365946cc933,4,prm-81d72916fff41df2|run4,4,0,redundant,early,10,284,4/4,1,1,0,0
prm-30611e95e1fdab2f,problem-26def20db88cf572,1,prm-30611e95e1fdab2f|run1,0,1,redundant,early,24,379,4/4,1,1,0,0
prm-30611e95e1fdab2f,problem-26def20db88cf572,2,prm-30611e95e1fdab2f|run2,0,1,redundant,early,24,379,4/4,1,1,0,0
prm-30611e95e1fdab2f,problem-26def20db88cf572,3,prm-30611e95e1fdab2f|run3,0,1,redundant,early,24,379,4/4,1,1,0,0
prm-30611e95e1fdab2f,problem-26def20db88cf572,4,prm-30611e95e1fdab2f|run4,0,1,redundant,early,24,379,4/4,1,1,0,0
prm-5b41ee9b9b0d17ba,problem-88661c5037ee41b4,1,prm-5b41ee9b9b0d17ba|run1,4,0,essential,early,25,449,0/4,0,1,0,1
prm-5b41ee9b9b0d17ba,problem-88661c5037ee41b4,2,prm-5b41ee9b9b0d17ba|run2,4,0,essential,early,25,449,0/4,0,1,0,1
prm-5b41ee9b9b0d17ba,problem-88661c5037ee41b4,3,prm-5b41ee9b9b0d17ba|run3,4,0,essential,early,25,449,0/4,0,1,0,1
prm-5b41ee9b9b0d17ba,problem-88661c5037ee41b4,4,prm-5b41ee9b9b0d17ba|run4,4,0,essential,early,25,449,0/4,0,1,0,1
prm-8b98fbc7066216ce,problem-c6f83b0877a24b7b,1,prm-8b98fbc7066216ce|run1,0,-1,essential,early,24,315,4/4,1,1,0,0
prm-8b98fbc7066216ce,problem-c6f83b0877a24b7b,2,prm-8b98fbc7066216ce|run2,0,-1,essential,early,24,315,4/4,1,1,0,0
prm-8b98fbc7066216ce,problem-c6f83b0877a24b7b,3,prm-8b98fbc7066216ce|run3,0,-1,essential,early,24,315,4/4,1,1,0,0
prm-8b98fbc7066216ce,problem-c6f83b0877a24b7b,4,prm-8b98fbc7066216ce|run4,0,-1,essential,early,24,315,4/4,1,1,0,0
prm-933bbb6ef939eb1f,problem-f5538ac4bbbed1cd,1,prm-933bbb6ef939eb1f|run1,1,-1,harmful,early,33,463,3/4,0,0,0,0
prm-933bbb6ef939eb1f,problem-f5538ac4bbbed1cd,2,prm-933bbb6ef939eb1f|run2,1,-1,harmful,early,33,463,3/4,1,0,1,0
prm-933bbb6ef939eb1f,problem-f5538ac4bbbed1cd,3,prm-933bbb6ef939eb1f|run3,1,-1,harmful,early,33,463,3/4,1,0,1,0
prm-933bbb6ef939eb1f,problem-f5538ac4bbbed1cd,4,prm-933bbb6ef939eb1f|run4,1,-1,harmful,early,33,463,3/4,1,0,1,0
prm-0b28d0082685012b,problem-234b319021dcf2a6,1,prm-0b28d0082685012b|run1,3,0,redundant,early,22,353,0/4,0,0,0,0
prm-0b28d0082685012b,problem-234b319021dcf2a6,2,prm-0b28d0082685012b|run2,3,0,redundant,early,22,353,0/4,0,0,0,0
prm-0b28d0082685012b,problem-234b319021dcf2a6,3,prm-0b28d0082685012b|run3,3,0,redundant,early,22,353,0/4,0,0,0,0
prm-0b28d0082685012b,problem-234b319021dcf2a6,4,prm-0b28d0082685012b|run4,3,0,redundant,early,22,353,0/4,0,0,0,0
prm-9cdea0642dfb0680,problem-116237dfe3dbfe5a,1,prm-9cdea0642dfb0680|run1,2,0,harmful,middle,41,606,4/4,1,1,0,0
prm-9cdea0642dfb0680,problem-116237dfe3dbfe5a,2,prm-9cdea0642dfb0680|run2,2,0,harmful,middle,41,606,4/4,1,1,0,0
prm-9cdea0642dfb0680,problem-116237dfe3dbfe5a,3,prm-9cdea0642dfb0680|run3,2,0,harmful,middle,41,606,4/4,1,1,0,0
prm-9cdea0642dfb0680,problem-116237dfe3dbfe5a,4,prm-9cdea0642dfb0680|run4,2,0,harmful,middle,41,606,4/4,1,1,0,0
prm-a1de62b9ef1cf246,problem-d699cb734c33a748,1,prm-a1de62b9ef1cf246|run1,0,0,essential,early,26,326,4/4,1,0,1,0
prm-a1de62b9ef1cf246,problem-d699cb734c33a748,2,prm-a1de62b9ef1cf246|run2,0,0,essential,early,26,326,4/4,1,0,1,0
prm-a1de62b9ef1cf246,problem-d699cb734c33a748,3,prm-a1de62b9ef1cf246|run3,0,0,essential,early,26,326,4/4,1,0,1,0
prm-a1de62b9ef1cf246,problem-d699cb734c33a748,4,prm-a1de62b9ef1cf246|run4,0,0,essential,early,26,326,4/4,1,0,1,0
prm-925200af07947f5c,problem-0809a483e113340d,1,prm-925200af07947f5c|run1,4,0,redundant,middle,44,510,2/4,1,0,1,0
prm-925200af07947f5c,problem-0809a483e113340d,2,prm-925200af07947f5c|run2,4,0,redundant,middle,44,510,2/4,0,0,0,0
prm-925200af07947f5c,problem-0809a483e113340d,3,prm-925200af07947f5c|run3,4,0,redundant,middle,44,510,2/4,1,0,1,0
prm-925200af07947f5c,problem-0809a483e113340d,4,prm-925200af07947f5c|run4,4,0,redundant,middle,44,510,2/4,0,0,0,0
prm-bbc52970464fbf13,problem-a03b6b4ae366f630,1,prm-bbc52970464fbf13|run1,1,0,essential,middle,95,504,4/4,1,1,0,0
prm-bbc52970464fbf13,problem-a03b6b4ae366f630,2,prm-bbc52970464fbf13|run2,1,0,essential,middle,95,504,4/4,1,1,0,0
prm-bbc52970464fbf13,problem-a03b6b4ae366f630,3,prm-bbc52970464fbf13|run3,1,0,essential,middle,95,504,4/4,1,1,0,0
prm-bbc52970464fbf13,problem-a03b6b4ae366f630,4,prm-bbc52970464fbf13|run4,1,0,essential,middle,95,504,4/4,1,1,0,0
prm-0ff002313a594db0,problem-fc0a8c355d6080a0,1,prm-0ff002313a594db0|run1,3,0,redundant,early,24,342,0/4,0,1,0,1
prm-0ff002313a594db0,problem-fc0a8c355d6080a0,2,prm-0ff002313a594db0|run2,3,0,redundant,early,24,342,0/4,0,1,0,1
prm-0ff002313a594db0,problem-fc0a8c355d6080a0,3,prm-0ff002313a594db0|run3,3,0,redundant,early,24,342,0/4,0,1,0,1
prm-0ff002313a594db0,problem-fc0a8c355d6080a0,4,prm-0ff002313a594db0|run4,3,0,redundant,early,24,342,0/4,0,1,0,1
prm-cfef1e0669eb8eee,problem-ab7e10c4af73c9ed,1,prm-cfef1e0669eb8eee|run1,1,1,essential,early,33,351,0/4,0,1,0,1
prm-cfef1e0669eb8eee,problem-ab7e10c4af73c9ed,2,prm-cfef1e0669eb8eee|run2,1,1,essential,early,33,351,0/4,0,0,0,0
prm-cfef1e0669eb8eee,problem-ab7e10c4af73c9ed,3,prm-cfef1e0669eb8eee|run3,1,1,essential,early,33,351,0/4,0,1,0,1
prm-cfef1e0669eb8eee,problem-ab7e10c4af73c9ed,4,prm-cfef1e0669eb8eee|run4,1,1,essential,early,33,351,0/4,0,1,0,1
prm-809326ad29e9fe7f,problem-92568e30e12f074a,1,prm-809326ad29e9fe7f|run1,1,0,harmful,middle,26,387,4/4,1,1,0,0
prm-809326ad29e9fe7f,problem-92568e30e12f074a,2,prm-809326ad29e9fe7f|run2,1,0,harmful,middle,26,387,4/4,1,1,0,0
prm-809326ad29e9fe7f,problem-92568e30e12f074a,3,prm-809326ad29e9fe7f|run3,1,0,harmful,middle,26,387,4/4,1,1,0,0
prm-809326ad29e9fe7f,problem-92568e30e12f074a,4,prm-809326ad29e9fe7f|run4,1,0,harmful,middle,26,387,4/4,1,1,0,0
prm-542b09ca81c2a59d,problem-116237dfe3dbfe5a,1,prm-542b09ca81c2a59d|run1,2,1,harmful,middle,29,472,4/4,1,0,1,0
prm-542b09ca81c2a59d,problem-116237dfe3dbfe5a,2,prm-542b09ca81c2a59d|run2,2,1,harmful,middle,29,472,4/4,1,0,1,0
prm-542b09ca81c2a59d,problem-116237dfe3dbfe5a,3,prm-542b09ca81c2a59d|run3,2,1,harmful,middle,29,472,4/4,1,0,1,0
prm-542b09ca81c2a59d,problem-116237dfe3dbfe5a,4,prm-542b09ca81c2a59d|run4,2,1,harmful,middle,29,472,4/4,1,0,1,0
prm-f20b3a116ae0c86a,problem-20855ff8e775267f,1,prm-f20b3a116ae0c86a|run1,1,0,essential,late,44,669,2/4,1,1,0,0
prm-f20b3a116ae0c86a,problem-20855ff8e775267f,2,prm-f20b3a116ae0c86a|run2,1,0,essential,late,44,669,2/4,0,0,0,0
prm-f20b3a116ae0c86a,problem-20855ff8e775267f,3,prm-f20b3a116ae0c86a|run3,1,0,essential,late,44,669,2/4,1,1,0,0
prm-f20b3a116ae0c86a,problem-20855ff8e775267f,4,prm-f20b3a116ae0c86a|run4,1,0,essential,late,44,669,2/4,0,0,0,0
prm-ce7da7c55243f250,problem-68c9e3705000687e,1,prm-ce7da7c55243f250|run1,3,-1,harmful,early,101,476,1/4,0,0,0,0
prm-ce7da7c55243f250,problem-68c9e3705000687e,2,prm-ce7da7c55243f250|run2,3,-1,harmful,early,101,476,1/4,0,0,0,0
prm-ce7da7c55243f250,problem-68c9e3705000687e,3,prm-ce7da7c55243f250|run3,3,-1,harmful,early,101,476,1/4,0,0,0,0
prm-ce7da7c55243f250,problem-68c9e3705000687e,4,prm-ce7da7c55243f250|run4,3,-1,harmful,early,101,476,1/4,1,0,1,0
prm-a8a8bda6701d4be2,problem-a66962fe3ac65ca5,1,prm-a8a8bda6701d4be2|run1,0,0,harmful,middle,54,545,4/4,1,0,1,0
prm-a8a8bda6701d4be2,problem-a66962fe3ac65ca5,2,prm-a8a8bda6701d4be2|run2,0,0,harmful,middle,54,545,4/4,1,1,0,0
prm-a8a8bda6701d4be2,problem-a66962fe3ac65ca5,3,prm-a8a8bda6701d4be2|run3,0,0,harmful,middle,54,545,4/4,1,1,0,0
prm-a8a8bda6701d4be2,problem-a66962fe3ac65ca5,4,prm-a8a8bda6701d4be2|run4,0,0,harmful,middle,54,545,4/4,1,1,0,0
prm-b1821859ea0c9d57,problem-210778075950cc2d,1,prm-b1821859ea0c9d57|run1,4,1,redundant,middle,20,428,4/4,1,1,0,0
prm-b1821859ea0c9d57,problem-210778075950cc2d,2,prm-b1821859ea0c9d57|run2,4,1,redundant,middle,20,428,4/4,1,1,0,0
prm-b1821859ea0c9d57,problem-210778075950cc2d,3,prm-b1821859ea0c9d57|run3,4,1,redundant,middle,20,428,4/4,1,1,0,0
prm-b1821859ea0c9d57,problem-210778075950cc2d,4,prm-b1821859ea0c9d57|run4,4,1,redundant,middle,20,428,4/4,1,1,0,0
prm-7e6bdad2d7a80ef9,problem-fa8130795d8510ae,1,prm-7e6bdad2d7a80ef9|run1,0,-1,harmful,middle,43,719,4/4,1,1,0,0
prm-7e6bdad2d7a80ef9,problem-fa8130795d8510ae,2,prm-7e6bdad2d7a80ef9|run2,0,-1,harmful,middle,43,719,4/4,1,1,0,0
prm-7e6bdad2d7a80ef9,problem-fa8130795d8510ae,3,prm-7e6bdad2d7a80ef9|run3,0,-1,harmful,middle,43,719,4/4,1,1,0,0
prm-7e6bdad2d7a80ef9,problem-fa8130795d8510ae,4,prm-7e6bdad2d7a80ef9|run4,0,-1,harmful,middle,43,719,4/4,1,1,0,0
prm-d2f74008879c56dd,problem-de0c58f09875d127,1,prm-d2f74008879c56dd|run1,1,0,redundant,middle,40,421,3/4,1,0,1,0
prm-d2f74008879c56dd,problem-de0c58f09875d127,2,prm-d2f74008879c56dd|run2,1,0,redundant,middle,40,421,3/4,1,1,0,0
prm-d2f74008879c56dd,problem-de0c58f09875d127,3,prm-d2f74008879c56dd|run3,1,0,redundant,middle,40,421,3/4,1,0,1,0
prm-d2f74008879c56dd,problem-de0c58f09875d127,4,prm-d2f74008879c56dd|run4,1,0,redundant,middle,40,421,3/4,0,1,0,1
prm-1f8e288adb17d18c,problem-45e5f7656e796fc9,1,prm-1f8e288adb17d18c|run1,3,-1,harmful,middle,83,499,4/4,1,1,0,0
prm-1f8e288adb17d18c,problem-45e5f7656e796fc9,2,prm-1f8e288adb17d18c|run2,3,-1,harmful,middle,83,499,4/4,1,1,0,0
prm-1f8e288adb17d18c,problem-45e5f7656e796fc9,3,prm-1f8e288adb17d18c|run3,3,-1,harmful,middle,83,499,4/4,1,0,1,0
prm-1f8e288adb17d18c,problem-45e5f7656e796fc9,4,prm-1f8e288adb17d18c|run4,3,-1,harmful,middle,83,499,4/4,1,1,0,0
prm-cc448d173bf0a3b0,problem-59930f06199891a2,1,prm-cc448d173bf0a3b0|run1,3,1,redundant,early,29,416,0/4,0,0,0,0
prm-cc448d173bf0a3b0,problem-59930f06199891a2,2,prm-cc448d173bf0a3b0|run2,3,1,redundant,early,29,416,0/4,0,1,0,1
prm-cc448d173bf0a3b0,problem-59930f06199891a2,3,prm-cc448d173bf0a3b0|run3,3,1,redundant,early,29,416,0/4,0,1,0,1
prm-cc448d173bf0a3b0,problem-59930f06199891a2,4,prm-cc448d173bf0a3b0|run4,3,1,redundant,early,29,416,0/4,0,1,0,1
prm-f928a55daeb136c0,problem-3b7adb5c0f931e75,1,prm-f928a55daeb136c0|run1,2,1,harmful,early,31,427,0/4,0,0,0,0
prm-f928a55daeb136c0,problem-3b7adb5c0f931e75,2,prm-f928a55daeb136c0|run2,2,1,harmful,early,31,427,0/4,0,0,0,0
prm-f928a55daeb136c0,problem-3b7adb5c0f931e75,3,prm-f928a55daeb136c0|run3,2,1,harmful,early,31,427,0/4,0,0,0,0
prm-f928a55daeb136c0,problem-3b7adb5c0f931e75,4,prm-f928a55daeb136c0|run4,2,1,harmful,early,31,427,0/4,0,0,0,0
prm-4e153a707e488ac9,problem-f612b9efc2716ec8,1,prm-4e153a707e488ac9|run1,4,0,harmful,middle,47,656,4/4,1,0,1,0
prm-4e153a707e488ac9,problem-f612b9efc2716ec8,2,prm-4e153a707e488ac9|run2,4,0,harmful,middle,47,656,4/4,1,0,1,0
prm-4e153a707e488ac9,problem-f612b9efc2716ec8,3,prm-4e153a707e488ac9|run3,4,0,harmful,middle,47,656,4/4,1,0,1,0
prm-4e153a707e488ac9,problem-f612b9efc2716ec8,4,prm-4e153a707e488ac9|run4,4,0,harmful,middle,47,656,4/4,1,0,1,0
prm-0914b22e28651211,problem-bdd65b73583a5484,1,prm-0914b22e28651211|run1,2,0,redundant,early,40,304,4/4,1,0,1,0
prm-0914b22e28651211,problem-bdd65b73583a5484,2,prm-0914b22e28651211|run2,2,0,redundant,early,40,304,4/4,1,0,1,0
prm-0914b22e28651211,problem-bdd65b73583a5484,3,prm-0914b22e28651211|run3,2,0,redundant,early,40,304,4/4,1,0,1,0
prm-0914b22e28651211,problem-bdd65b73583a5484,4,prm-0914b22e28651211|run4,2,0,redundant,early,40,304,4/4,1,0,1,0
prm-a33bd2bed39c0904,problem-afe7eeff1cb11ff9,1,prm-a33bd2bed39c0904|run1,3,1,redundant,early,31,339,4/4,1,1,0,0
prm-a33bd2bed39c0904,problem-afe7eeff1cb11ff9,2,prm-a33bd2bed39c0904|run2,3,1,redundant,early,31,339,4/4,1,1,0,0
prm-a33bd2bed39c0904,problem-afe7eeff1cb11ff9,3,prm-a33bd2bed39c0904|run3,3,1,redundant,early,31,339,4/4,1,1,0,0
prm-a33bd2bed39c0904,problem-afe7eeff1cb11ff9,4,prm-a33bd2bed39c0904|run4,3,1,redundant,early,31,339,4/4,1,1,0,0
prm-9689f5a49ddfdb3e,problem-4d7f93151214ef76,1,prm-9689f5a49ddfdb3e|run1,4,0,essential,late,63,582,4/4,1,1,0,0
prm-9689f5a49ddfdb3e,problem-4d7f93151214ef76,2,prm-9689f5a49ddfdb3e|run2,4,0,essential,late,63,582,4/4,1,0,1,0
prm-9689f5a49ddfdb3e,problem-4d7f93151214ef76,3,prm-9689f5a49ddfdb3e|run3,4,0,essential,late,63,582,4/4,1,0,1,0
prm-9689f5a49ddfdb3e,problem-4d7f93151214ef76,4,prm-9689f5a49ddfdb3e|run4,4,0,essential,late,63,582,4/4,1,0,1,0
prm-95090e247bc58e1e,problem-3d1f09ed5cfd53dc,1,prm-95090e247bc58e1e|run1,0,-1,harmful,middle,49,447,4/4,1,1,0,0
prm-95090e247bc58e1e,problem-3d1f09ed5cfd53dc,2,prm-95090e247bc58e1e|run2,0,-1,harmful,middle,49,447,4/4,1,1,0,0
prm-95090e247bc58e1e,problem-3d1f09ed5cfd53dc,3,prm-95090e247bc58e1e|run3,0,-1,harmful,middle,49,447,4/4,1,1,0,0
prm-95090e247bc58e1e,problem-3d1f09ed5cfd53dc,4,prm-95090e247bc58e1e|run4,0,-1,harmful,middle,49,447,4/4,1,1,0,0
prm-d96f1fc3f096f50e,problem-08306232ef9ba7aa,1,prm-d96f1fc3f096f50e|run1,1,0,essential,early,19,292,2/4,0,1,0,1
prm-d96f1fc3f096f50e,problem-08306232ef9ba7aa,2,prm-d96f1fc3f096f50e|run2,1,0,essential,early,19,292,2/4,1,1,0,0
prm-d96f1fc3f096f50e,problem-08306232ef9ba7aa,3,prm-d96f1fc3f096f50e|run3,1,0,essential,early,19,292,2/4,1,1,0,0
prm-d96f1fc3f096f50e,problem-08306232ef9ba7aa,4,prm-d96f1fc3f096f50e|run4,1,0,essential,early,19,292,2/4,0,1,0,1
prm-ee33bfc442fd8af0,problem-29b2b39dd7862f9d,1,prm-ee33bfc442fd8af0|run1,4,1,redundant,late,18,519,4/4,1,1,0,0
prm-ee33bfc442fd8af0,problem-29b2b39dd7862f9d,2,prm-ee33bfc442fd8af0|run2,4,1,redundant,late,18,519,4/4,1,1,0,0
prm-ee33bfc442fd8af0,problem-29b2b39dd7862f9d,3,prm-ee33bfc442fd8af0|run3,4,1,redundant,late,18,519,4/4,1,0,1,0
prm-ee33bfc442fd8af0,problem-29b2b39dd7862f9d,4,prm-ee33bfc442fd8af0|run4,4,1,redundant,late,18,519,4/4,1,1,0,0
prm-7b57deaaa0d16f28,problem-d3161eafd1210d42,1,prm-7b57deaaa0d16f28|run1,4,-1,harmful,early,44,467,0/4,0,0,0,0
prm-7b57deaaa0d16f28,problem-d3161eafd1210d42,2,prm-7b57deaaa0d16f28|run2,4,-1,harmful,early,44,467,0/4,0,0,0,0
prm-7b57deaaa0d16f28,problem-d3161eafd1210d42,3,prm-7b57deaaa0d16f28|run3,4,-1,harmful,early,44,467,0/4,0,0,0,0
prm-7b57deaaa0d16f28,problem-d3161eafd1210d42,4,prm-7b57deaaa0d16f28|run4,4,-1,harmful,early,44,467,0/4,0,0,0,0
prm-cb4a5cbf9bb5b458,problem-42517366b010dd6b,1,prm-cb4a5cbf9bb5b458|run1,2,1,essential,early,24,391,2/4,1,0,1,0
prm-cb4a5cbf9bb5b458,problem-42517366b010dd6b,2,prm-cb4a5cbf9bb5b458|run2,2,1,essential,early,24,391,2/4,0,0,0,0
prm-cb4a5cbf9bb5b458,problem-42517366b010dd6b,3,prm-cb4a5cbf9bb5b458|run3,2,1,essential,early,24,391,2/4,1,0,1,0
prm-cb4a5cbf9bb5b458,problem-42517366b010dd6b,4,prm-cb4a5cbf9bb5b458|run4,2,1,essential,early,24,391,2/4,0,0,0,0
prm-4657ae2feebcdcab,problem-e0cb6d0fac527a83,1,prm-4657ae2feebcdcab|run1,4,-1,harmful,middle,43,462,0/4,0,1,0,1
prm-4657ae2feebcdcab,problem-e0cb6d0fac527a83,2,prm-4657ae2feebcdcab|run2,4,-1,harmful,middle,43,462,0/4,0,1,0,1
prm-4657ae2feebcdcab,problem-e0cb6d0fac527a83,3,prm-4657ae2feebcdcab|run3,4,-1,harmful,middle,43,462,0/4,0,1,0,1
prm-4657ae2feebcdcab,problem-e0cb6d0fac527a83,4,prm-4657ae2feebcdcab|run4,4,-1,harmful,middle,43,462,0/4,0,1,0,1
prm-7fa27f0af15756ce,problem-6195174aabf201f9,1,prm-7fa27f0af15756ce|run1,4,1,essential,middle,71,369,3/4,0,1,0,1
prm-7fa27f0af15756ce,problem-6195174aabf201f9,2,prm-7fa27f0af15756ce|run2,4,1,essential,middle,71,369,3/4,1,1,0,0
prm-7fa27f0af15756ce,problem-6195174aabf201f9,3,prm-7fa27f0af15756ce|run3,4,1,essential,middle,71,369,3/4,1,1,0,0
prm-7fa27f0af15756ce,problem-6195174aabf201f9,4,prm-7fa27f0af15756ce|run4,4,1,essential,middle,71,369,3/4,1,1,0,0
prm-b51944c22596b644,problem-9855ca472cb26c0b,1,prm-b51944c22596b644|run1,0,1,essential,late,35,500,0/4,0,0,0,0
prm-b51944c22596b644,problem-9855ca472cb26c0b,2,prm-b51944c22596b644|run2,0,1,essential,late,35,500,0/4,0,0,0,0
prm-b51944c22596b644,problem-9855ca472cb26c0b,3,prm-b51944c22596b644|run3,0,1,essential,late,35,500,0/4,0,0,0,0
prm-b51944c22596b644,problem-9855ca472cb26c0b,4,prm-b51944c22596b644|run4,0,1,essential,late,35,500,0/4,0,0,0,0
prm-b10138ab1454a3dc,problem-de0c58f09875d127,1,prm-b10138ab1454a3dc|run1,1,1,redundant,middle,56,435,0/4,0,0,0,0
prm-b10138ab1454a3dc,problem-de0c58f09875d127,2,prm-b10138ab1454a3dc|run2,1,1,redundant,middle,56,435,0/4,0,1,0,1
prm-b10138ab1454a3dc,problem-de0c58f09875d127,3,prm-b10138ab1454a3dc|run3,1,1,redundant,middle,56,435,0/4,0,0,0,0
prm-b10138ab1454a3dc,problem-de0c58f09875d127,4,prm-b10138ab1454a3dc|run4,1,1,redundant,middle,56,435,0/4,0,1,0,1
prm-7df4ff373ff4bd62,problem-3bc30c4cda03ad05,1,prm-7df4ff373ff4bd62|run1,4,1,essential,middle,27,464,4/4,1,0,1,0
prm-7df4ff373ff4bd62,problem-3bc30c4cda03ad05,2,prm-7df4ff373ff4bd62|run2,4,1,essential,middle,27,464,4/4,1,0,1,0
prm-7df4ff373ff4bd62,problem-3bc30c4cda03ad05,3,prm-7df4ff373ff4bd62|run3,4,1,essential,middle,27,464,4/4,1,0,1,0
prm-7df4ff373ff4bd62,problem-3bc30c4cda03ad05,4,prm-7df4ff373ff4bd62|run4,4,1,essential,middle,27,464,4/4,1,0,1,0
prm-abe53d5b468a1ebc,problem-2cd7714989b85d83,1,prm-abe53d5b468a1ebc|run1,3,-1,harmful,late,12,713,4/4,1,1,0,0
prm-abe53d5b468a1ebc,problem-2cd7714989b85d83,2,prm-abe53d5b468a1ebc|run2,3,-1,harmful,late,12,713,4/4,1,1,0,0
prm-abe53d5b468a1ebc,problem-2cd7714989b85d83,3,prm-abe53d5b468a1ebc|run3,3,-1,harmful,late,12,713,4/4,1,1,0,0
prm-abe53d5b468a1ebc,problem-2cd7714989b85d83,4,prm-abe53d5b468a1ebc|run4,3,-1,harmful,late,12,713,4/4,1,1,0,0
prm-c796e9f10b13c8d1,problem-6fe518888bc76580,1,prm-c796e9f10b13c8d1|run1,3,0,essential,middle,41,932,4/4,1,1,0,0
prm-c796e9f10b13c8d1,problem-6fe518888bc76580,2,prm-c796e9f10b13c8d1|run2,3,0,essential,middle,41,932,4/4,1,1,0,0
prm-c796e9f10b13c8d1,problem-6fe518888bc76580,3,prm-c796e9f10b13c8d1|run3,3,0,essential,middle,41,932,4/4,1,1,0,0
prm-c796e9f10b13c8d1,problem-6fe518888bc76580,4,prm-c796e9f10b13c8d1|run4,3,0,essential,middle,41,932,4/4,1,1,0,0
prm-102acf97bfdd07f4,problem-ca9cbef015dfaab2,1,prm-102acf97bfdd07f4|run1,4,0,redundant,late,29,637,4/4,1,1,0,0
prm-102acf97bfdd07f4,problem-ca9cbef015dfaab2,2,prm-102acf97bfdd07f4|run2,4,0,redundant,late,29,637,4/4,1,1,0,0
prm-102acf97bfdd07f4,problem-ca9cbef015dfaab2,3,prm-102acf97bfdd07f4|run3,4,0,redundant,late,29,637,4/4,1,1,0,0
prm-102acf97bfdd07f4,problem-ca9cbef015dfaab2,4,prm-102acf97bfdd07f4|run4,4,0,redundant,late,29,637,4/4,1,1,0,0
prm-6fae419daf3fea6a,problem-3447eebbdcaa37f9,1,prm-6fae419daf3fea6a|run1,1,1,redundant,late,9,607,4/4,1,1,0,0
prm-6fae419daf3fea6a,problem-3447eebbdcaa37f9,2,prm-6fae419daf3fea6a|run2,1,1,redundant,late,9,607,4/4,1,1,0,0
prm-6fae419daf3fea6a,problem-3447eebbdcaa37f9,3,prm-6fae419daf3fea6a|run3,1,1,redundant,late,9,607,4/4,1,1,0,0
prm-6fae419daf3fea6a,problem-3447eebbdcaa37f9,4,prm-6fae419daf3fea6a|run4,1,1,redundant,late,9,607,4/4,1,1,0,0
prm-04b463c60fdb3f38,problem-5acc6365946cc933,1,prm-04b463c60fdb3f38|run1,4,0,redundant,late,34,534,4/4,1,1,0,0
prm-04b463c60fdb3f38,problem-5acc6365946cc933,2,prm-04b463c60fdb3f38|run2,4,0,redundant,late,34,534,4/4,1,1,0,0
prm-04b463c60fdb3f38,problem-5acc6365946cc933,3,prm-04b463c60fdb3f38|run3,4,0,redundant,late,34,534,4/4,1,1,0,0
prm-04b463c60fdb3f38,problem-5acc6365946cc933,4,prm-04b463c60fdb3f38|run4,4,0,redundant,late,34,534,4/4,1,1,0,0
prm-cb956bad5ee66d16,problem-70cf8bf9114223fc,1,prm-cb956bad5ee66d16|run1,1,1,essential,middle,19,505,4/4,1,1,0,0
prm-cb956bad5ee66d16,problem-70cf8bf9114223fc,2,prm-cb956bad5ee66d16|run2,1,1,essential,middle,19,505,4/4,1,1,0,0
prm-cb956bad5ee66d16,problem-70cf8bf9114223fc,3,prm-cb956bad5ee66d16|run3,1,1,essential,middle,19,505,4/4,1,1,0,0
prm-cb956bad5ee66d16,problem-70cf8bf9114223fc,4,prm-cb956bad5ee66d16|run4,1,1,essential,middle,19,505,4/4,1,1,0,0
prm-a3120089f800f1e1,problem-57d488b1dac9c921,1,prm-a3120089f800f1e1|run1,4,-1,harmful,middle,36,402,0/4,0,0,0,0
prm-a3120089f800f1e1,problem-57d488b1dac9c921,2,prm-a3120089f800f1e1|run2,4,-1,harmful,middle,36,402,0/4,0,0,0,0
prm-a3120089f800f1e1,problem-57d488b1dac9c921,3,prm-a3120089f800f1e1|run3,4,-1,harmful,middle,36,402,0/4,0,0,0,0
prm-a3120089f800f1e1,problem-57d488b1dac9c921,4,prm-a3120089f800f1e1|run4,4,-1,harmful,middle,36,402,0/4,0,0,0,0
prm-0b2c173096bce7b5,problem-70cf8bf9114223fc,1,prm-0b2c173096bce7b5|run1,1,1,essential,early,14,325,0/4,0,0,0,0
prm-0b2c173096bce7b5,problem-70cf8bf9114223fc,2,prm-0b2c173096bce7b5|run2,1,1,essential,early,14,325,0/4,0,0,0,0
prm-0b2c173096bce7b5,problem-70cf8bf9114223fc,3,prm-0b2c173096bce7b5|run3,1,1,essential,early,14,325,0/4,0,0,0,0
prm-0b2c173096bce7b5,problem-70cf8bf9114223fc,4,prm-0b2c173096bce7b5|run4,1,1,essential,early,14,325,0/4,0,0,0,0
prm-ea5630c2b42fdb9a,problem-88f73baedbff623c,1,prm-ea5630c2b42fdb9a|run1,2,0,redundant,early,11,352,4/4,1,1,0,0
prm-ea5630c2b42fdb9a,problem-88f73baedbff623c,2,prm-ea5630c2b42fdb9a|run2,2,0,redundant,early,11,352,4/4,1,1,0,0
prm-ea5630c2b42fdb9a,problem-88f73baedbff623c,3,prm-ea5630c2b42fdb9a|run3,2,0,redundant,early,11,352,4/4,1,1,0,0
prm-ea5630c2b42fdb9a,problem-88f73baedbff623c,4,prm-ea5630c2b42fdb9a|run4,2,0,redundant,early,11,352,4/4,1,1,0,0
prm-a081faca165fd59b,problem-1ea3d389e0493b48,1,prm-a081faca165fd59b|run1,3,-1,harmful,early,35,430,0/4,0,0,0,0
prm-a081faca165fd59b,problem-1ea3d389e0493b48,2,prm-a081faca165fd59b|run2,3,-1,harmful,early,35,430,0/4,0,0,0,0
prm-a081faca165fd59b,problem-1ea3d389e0493b48,3,prm-a081faca165fd59b|run3,3,-1,harmful,early,35,430,0/4,0,0,0,0
prm-a081faca165fd59b,problem-1ea3d389e0493b48,4,prm-a081faca165fd59b|run4,3,-1,harmful,early,35,430,0/4,0,0,0,0
prm-dd448bdba8557edf,problem-09bee343ecbddf16,1,prm-dd448bdba8557edf|run1,4,-1,harmful,middle,39,479,0/4,0,1,0,1
prm-dd448bdba8557edf,problem-09bee343ecbddf16,2,prm-dd448bdba8557edf|run2,4,-1,harmful,middle,39,479,0/4,0,1,0,1
prm-dd448bdba8557edf,problem-09bee343ecbddf16,3,prm-dd448bdba8557edf|run3,4,-1,harmful,middle,39,479,0/4,0,1,0,1
prm-dd448bdba8557edf,problem-09bee343ecbddf16,4,prm-dd448bdba8557edf|run4,4,-1,harmful,middle,39,479,0/4,0,1,0,1
prm-fa7b948140b07d8f,problem-90a95247aec2a715,1,prm-fa7b948140b07d8f|run1,0,-1,harmful,early,46,434,0/4,0,0,0,0
prm-fa7b948140b07d8f,problem-90a95247aec2a715,2,prm-fa7b948140b07d8f|run2,0,-1,harmful,early,46,434,0/4,0,0,0,0
prm-fa7b948140b07d8f,problem-90a95247aec2a715,3,prm-fa7b948140b07d8f|run3,0,-1,harmful,early,46,434,0/4,0,0,0,0
prm-fa7b948140b07d8f,problem-90a95247aec2a715,4,prm-fa7b948140b07d8f|run4,0,-1,harmful,early,46,434,0/4,0,0,0,0
prm-8eab1f56bd806ddc,problem-f75c04ea2e983a23,1,prm-8eab1f56bd806ddc|run1,2,1,redundant,late,32,494,3/4,1,1,0,0
prm-8eab1f56bd806ddc,problem-f75c04ea2e983a23,2,prm-8eab1f56bd806ddc|run2,2,1,redundant,late,32,494,3/4,1,1,0,0
prm-8eab1f56bd806ddc,problem-f75c04ea2e983a23,3,prm-8eab1f56bd806ddc|run3,2,1,redundant,late,32,494,3/4,0,1,0,1
prm-8eab1f56bd806ddc,problem-f75c04ea2e983a23,4,prm-8eab1f56bd806ddc|run4,2,1,redundant,late,32,494,3/4,1,1,0,0
prm-68f28d955828cf44,problem-eb20fcfbc7fe587d,1,prm-68f28d955828cf44|run1,4,-1,harmful,middle,45,530,0/4,0,1,0,1
prm-68f28d955828cf44,problem-eb20fcfbc7fe587d,2,prm-68f28d955828cf44|run2,4,-1,harmful,middle,45,530,0/4,0,1,0,1
prm-68f28d955828cf44,problem-eb20fcfbc7fe587d,3,prm-68f28d955828cf44|run3,4,-1,harmful,middle,45,530,0/4,0,1,0,1
prm-68f28d955828cf44,problem-eb20fcfbc7fe587d,4,prm-68f28d955828cf44|run4,4,-1,harmful,middle,45,530,0/4,0,1,0,1
prm-9719f2f944491556,problem-96c5e6371e5bca20,1,prm-9719f2f944491556|run1,2,-1,harmful,early,61,373,0/4,0,0,0,0
prm-9719f2f944491556,problem-96c5e6371e5bca20,2,prm-9719f2f944491556|run2,2,-1,harmful,early,61,373,0/4,0,0,0,0
prm-9719f2f944491556,problem-96c5e6371e5bca20,3,prm-9719f2f944491556|run3,2,-1,harmful,early,61,373,0/4,0,0,0,0
prm-9719f2f944491556,problem-96c5e6371e5bca20,4,prm-9719f2f944491556|run4,2,-1,harmful,early,61,373,0/4,0,0,0,0
prm-198f47bbf6394d9d,problem-a8c4001358470f25,1,prm-198f47bbf6394d9d|run1,2,1,harmful,middle,18,460,0/4,0,0,0,0
prm-198f47bbf6394d9d,problem-a8c4001358470f25,2,prm-198f47bbf6394d9d|run2,2,1,harmful,middle,18,460,0/4,0,0,0,0
prm-198f47bbf6394d9d,problem-a8c4001358470f25,3,prm-198f47bbf6394d9d|run3,2,1,harmful,middle,18,460,0/4,0,0,0,0
prm-198f47bbf6394d9d,problem-a8c4001358470f25,4,prm-198f47bbf6394d9d|run4,2,1,harmful,middle,18,460,0/4,0,0,0,0
prm-dbc1373a79928aa0,problem-c0364fc64487e4ec,1,prm-dbc1373a79928aa0|run1,0,1,redundant,late,52,516,4/4,1,1,0,0
prm-dbc1373a79928aa0,problem-c0364fc64487e4ec,2,prm-dbc1373a79928aa0|run2,0,1,redundant,late,52,516,4/4,1,1,0,0
prm-dbc1373a79928aa0,problem-c0364fc64487e4ec,3,prm-dbc1373a79928aa0|run3,0,1,redundant,late,52,516,4/4,1,1,0,0
prm-dbc1373a79928aa0,problem-c0364fc64487e4ec,4,prm-dbc1373a79928aa0|run4,0,1,redundant,late,52,516,4/4,1,1,0,0
prm-df2ec95ccf5f161f,problem-a325f288a314fe56,1,prm-df2ec95ccf5f161f|run1,3,0,harmful,middle,27,338,4/4,1,1,0,0
prm-df2ec95ccf5f161f,problem-a325f288a314fe56,2,prm-df2ec95ccf5f161f|run2,3,0,harmful,middle,27,338,4/4,1,1,0,0
prm-df2ec95ccf5f161f,problem-a325f288a314fe56,3,prm-df2ec95ccf5f161f|run3,3,0,harmful,middle,27,338,4/4,1,1,0,0
prm-df2ec95ccf5f161f,problem-a325f288a314fe56,4,prm-df2ec95ccf5f161f|run4,3,0,harmful,middle,27,338,4/4,1,1,0,0
prm-a625e035a295d2bd,problem-cb95bc64c75cf167,1,prm-a625e035a295d2bd|run1,4,0,essential,early,33,320,2/4,1,1,0,0
prm-a625e035a295d2bd,problem-cb95bc64c75cf167,2,prm-a625e035a295d2bd|run2,4,0,essential,early,33,320,2/4,0,1,0,1
prm-a625e035a295d2bd,problem-cb95bc64c75cf167,3,prm-a625e035a295d2bd|run3,4,0,essential,early,33,320,2/4,1,1,0,0
prm-a625e035a295d2bd,problem-cb95bc64c75cf167,4,prm-a625e035a295d2bd|run4,4,0,essential,early,33,320,2/4,0,1,0,1
prm-ddb44dca9b82bb3d,problem-70cf8bf9114223fc,1,prm-ddb44dca9b82bb3d|run1,1,1,essential,early,21,371,4/4,1,1,0,0
prm-ddb44dca9b82bb3d,problem-70cf8bf9114223fc,2,prm-ddb44dca9b82bb3d|run2,1,1,essential,early,21,371,4/4,1,1,0,0
prm-ddb44dca9b82bb3d,problem-70cf8bf9114223fc,3,prm-ddb44dca9b82bb3d|run3,1,1,essential,early,21,371,4/4,1,1,0,0
prm-ddb44dca9b82bb3d,problem-70cf8bf9114223fc,4,prm-ddb44dca9b82bb3d|run4,1,1,essential,early,21,371,4/4,1,1,0,0
prm-f1c09b6fd89155cf,problem-310d3a0451c5bb4a,1,prm-f1c09b6fd89155cf|run1,4,-1,harmful,late,42,593,2/4,0,1,0,1
prm-f1c09b6fd89155cf,problem-310d3a0451c5bb4a,2,prm-f1c09b6fd89155cf|run2,4,-1,harmful,late,42,593,2/4,1,1,0,0
prm-f1c09b6fd89155cf,problem-310d3a0451c5bb4a,3,prm-f1c09b6fd89155cf|run3,4,-1,harmful,late,42,593,2/4,1,1,0,0
prm-f1c09b6fd89155cf,problem-310d3a0451c5bb4a,4,prm-f1c09b6fd89155cf|run4,4,-1,harmful,late,42,593,2/4,0,1,0,1
prm-7b6647a191e51a48,problem-86429feba2dedf48,1,prm-7b6647a191e51a48|run1,3,0,redundant,early,45,497,2/4,0,1,0,1
prm-7b6647a191e51a48,problem-86429feba2dedf48,2,prm-7b6647a191e51a48|run2,3,0,redundant,early,45,497,2/4,1,1,0,0
prm-7b6647a191e51a48,problem-86429feba2dedf48,3,prm-7b6647a191e51a48|run3,3,0,redundant,early,45,497,2/4,1,0,1,0
prm-7b6647a191e51a48,problem-86429feba2dedf48,4,prm-7b6647a191e51a48|run4,3,0,redundant,early,45,497,2/4,0,1,0,1
prm-feab03f43e4af912,problem-4639686b328fdf30,1,prm-feab03f43e4af912|run1,0,0,redundant,late,36,1037,3/4,1,0,1,0
prm-feab03f43e4af912,problem-4639686b328fdf30,2,prm-feab03f43e4af912|run2,0,0,redundant,late,36,1037,3/4,0,0,0,0
prm-feab03f43e4af912,problem-4639686b328fdf30,3,prm-feab03f43e4af912|run3,0,0,redundant,late,36,1037,3/4,1,0,1,0
prm-feab03f43e4af912,problem-4639686b328fdf30,4,prm-feab03f43e4af912|run4,0,0,redundant,late,36,1037,3/4,1,0,1,0
