"sampleId","displayOrder","run","rating","position","removableLabel","stepTypeLabel","controlCorrect","deletedCorrect","transition","controlTokens","deletedTokens","tokensSaved","controlStatus","deletedStatus","controlFinalAnswer","deletedFinalAnswer","groundTruthAnswer","controlJudgeReason","deletedJudgeReason"
"prm-23439bf6a10e0389","2","1","1","middle","yes","redundant","True","True","still_correct","365","127","238","completed","completed","9","9","9","Both answers are equal.","Both answers are equal to 9."
"prm-9a6f73708a6d6a9f","3","1","1","early","no","essential","True","False","correct_to_wrong","134","255","-121","completed","logical_break","-\frac{\pi}{6}","$-rac{	heta}{	heta}$","-\frac{\pi}{6}","The candidate answer matches the reference answer.","The candidate answer is not mathematically equivalent to the reference answer."
"prm-7c4b728ac8b7ff8c","4","1","0","early","yes","redundant","True","True","still_correct","60","72","-12","completed","completed","83","83","83","The candidate answer matches the reference answer.","The candidate answer matches the reference answer."
"prm-b4172ae8c86b6f76","5","1","0","early","yes","redundant","False","True","wrong_to_correct","260","444","-184","completed","completed","$\boxed{\frac{65}{2}}$","9","9","The reference answer is 9, but the candidate answer is 65/2, which is not mathematically equivalent.","Both answers are equal to 9."
"prm-3e4ac009eae25363","8","1","-1","late","yes","harmful","False","True","wrong_to_correct","139","391","-252","completed","completed","11330","1030","1030","The reference answer is 1030, but the candidate answer is 11330.","The candidate answer matches the reference answer."
"prm-734c17ddd0cff62a","9","1","1","early","no","essential","True","True","still_correct","145","224","-79","completed","completed","$\boxed{\frac{16}{27}}$","\boxed{\frac{16}{27}}","\frac{16}{27}","The candidate answer matches the reference answer.","The candidate answer matches the reference answer."
"prm-0cbc0287aab226af","10","1","0","middle","no","harmful","True","False","correct_to_wrong","412","264","148","completed","completed","66","29","66","The candidate answer matches the reference answer.","The candidate answer 29 is not mathematically equivalent to the reference answer 66."
"prm-bfc1c5c3c815660c","11","1","-1","early","no","harmful","True","True","still_correct","326","415","-89","completed","completed","-5","-5","-5","The candidate answer matches the reference answer.","The candidate answer is mathematically equivalent to the reference answer."
"prm-5464f1648525f7ea","12","1","1","middle","no","essential","True","True","still_correct","147","134","13","completed","completed","5","5","5","The vertical asymptotes are at the roots of $x^2 - 5x - 14 = 0$, which are $x = 7$ and $x = -2$. The horizontal asymptote is $y = 0$. Thus, $a + b + c = 7 + (-2) + 0 = 5$.","The vertical asymptotes are at the roots of $x^2 - 5x - 14 = 0$, which are $x = 7$ and $x = -2$. The horizontal asymptote is $y = 0$. Thus, $a + b + c = 7 + (-2) + 0 = 5$."
"prm-7a2c9794408559fd","13","1","1","late","yes","redundant","True","True","still_correct","89","91","-2","completed","completed","15","15","15","The candidate answer matches the reference answer.","The candidate answer matches the reference answer."
"prm-526e2011568d24e6","14","1","1","middle","no","essential","True","True","still_correct","124","174","-50","completed","completed","2","2","2","The candidate answer matches the reference answer.","Both answers are equal to 2."
"prm-010e43e3a679e690","15","1","1","middle","no","essential","True","True","still_correct","91","111","-20","completed","completed","2","2","2","The candidate answer matches the reference answer.","The candidate answer matches the reference answer."
"prm-9c4e4a7aac1b200e","17","1","-1","middle","no","harmful","False","True","wrong_to_correct","144","225","-81","completed","completed","3","4","4","The candidate answer is not mathematically equivalent to the reference answer.","The candidate answer 4 is equal to the reference answer 4."
"prm-75ab2c1847631c14","18","1","0","middle","yes","redundant","True","True","still_correct","225","178","47","completed","completed","326.5","326.5","326.5","Both answers are equal.","Both answers are equal to 326.5."
"prm-dc55f1d7dc4e178f","20","1","-1","middle","no","harmful","False","True","wrong_to_correct","198","259","-61","completed","completed","0","-1","-1","The candidate answer is incorrect. The correct value of $a + b$ is $-1$.","The candidate answer matches the reference answer."
"prm-0a02ab06b394a416","21","1","1","early","no","essential","True","False","correct_to_wrong","193","287","-94","completed","completed","\boxed{\frac{6}{5}}","\boxed{\frac{6}{5}}","\frac65","The candidate answer \boxed{\frac{6}{5}} is mathematically equivalent to the reference answer \frac{6}{5}.","The reference answer is $\frac{6}{5}$, but the candidate answer is missing the fraction format."
"prm-dbc12362d53ec14f","22","1","1","early","yes","redundant","True","True","still_correct","258","325","-67","completed","completed","8","8","8","The candidate answer 8 is mathematically equivalent to the reference answer 8.","The candidate answer 8 is mathematically equivalent to the reference answer 8."
"prm-bedcbd8166cb0b0f","24","1","1","late","no","essential","True","True","still_correct","43","97","-54","completed","completed","17","17","17","Both answers are 17.","The candidate answer matches the reference answer."
"prm-859d5c93d5ea0f57","25","1","0","middle","yes","harmful","False","True","wrong_to_correct","340","255","85","completed","completed","\begin{pmatrix} \frac{16}{7} \\ \frac{48}{7} \\ \frac{24}{7} \end{pmatrix}","\begin{pmatrix} \frac{16}{49} \\ \frac{48}{49} \\ \frac{24}{49} \end{pmatrix}","\begin{pmatrix} 16/49 \\ 48/49 \\ 24/49 \end{pmatrix}","The candidate answer is incorrect. The correct projection should have denominators of 49, not 7.","The candidate answer matches the reference answer."
"prm-44f81fba1d026488","26","1","0","middle","yes","redundant","True","True","still_correct","676","629","47","completed","completed","0.09","0.09","\frac{9}{100}","The candidate answer is algebraically equivalent to the reference answer.","The candidate answer 0.09 is mathematically equivalent to the reference answer 9/100."
"prm-87593f72c0253cec","28","1","1","middle","no","essential","True","True","still_correct","164","146","18","completed","completed","1.25","1.25","1.25","Bill walks 1 mile south and 0.75 miles east, forming a right triangle with legs 1 and 0.75. The direct distance is $\sqrt{1^2 + 0.75^2} = \sqrt{1.5625} = 1.25$.","Bill walks 1 mile south and then 1.5 miles east, forming a right triangle with legs 1 and 1.5. The distance from the start is $\sqrt{1^2 + 1.5^2} = \sqrt{3.25} \approx 1.25$."
"prm-6ecf2965f1e68c18","29","1","0","middle","yes","redundant","True","False","correct_to_wrong","85","126","-41","completed","completed","\frac{7!}{2! \cdot 2!} = 1260","The number of ways to arrange the letters of the word ELLIPSE is 7! / (2! * 2!) = 1260.","1260","The candidate answer is algebraically equivalent to the reference answer.","The candidate answer includes extra text and explanation, but the numerical answer is correct."
"prm-14e2f6c826426674","30","1","0","early","yes","redundant","True","True","still_correct","477","415","62","completed","completed","4","4","4","The candidate answer matches the reference answer.","Both answers are equal to 4."
"prm-2d92ce0491f2f56a","31","1","1","middle","no","essential","True","True","still_correct","1164","203","961","completed","completed","$x^5 - x^4 + x^3 - x^2 + x - 1$","$x^5 - x^4 + x^3 - x^2 + x - 1$","x^5 - x^4 + x^3 - x^2 + x - 1","The candidate answer matches the reference answer.","The candidate answer matches the reference answer."
"prm-666a954e3bca4a2f","32","1","1","late","no","essential","True","False","correct_to_wrong","267","243","24","completed","completed","\boxed{\frac{448}{15625}}","The probability that exactly 4 of the islands have treasure is $rac{2240}{78125}$","\frac{448}{15625}","The candidate answer $\boxed{\frac{448}{15625}}$ is mathematically equivalent to the reference answer $\frac{448}{15625}$.","The candidate answer is incorrect. The correct probability is $\frac{448}{15625}$, not $\frac{2240}{78125}$."
"prm-14c0129055d497b2","35","1","1","late","no","essential","True","True","still_correct","59","62","-3","completed","completed","cot x","\cot x","\cot x","The candidate answer matches the reference answer.","The candidate answer is mathematically equivalent to the reference answer."
"prm-d987eb66b5f962dd","36","1","1","middle","yes","harmful","False","True","wrong_to_correct","1031","837","194","completed","completed","The minimum value of $a^4 + b^8$ is $6 	imes rac{5^{4/3}}{2^{5/3}}$ which simplifies to $6 	imes rac{5^{4/3}}{2^{5/3}}$","50","50","The candidate answer is not mathematically equivalent to the reference answer. The correct minimum value is $50$.","The candidate answer matches the reference answer."
"prm-9a884b78e7527ff9","38","1","-1","middle","no","harmful","True","True","still_correct","152","200","-48","completed","completed","2 * 5! * 5! * 1! = 2 * 120 * 120 * 1 = 28800","2 * 5! * 5! * 1! = 2 * 120 * 120 * 1 = 28800","28800","The candidate answer 28800 is mathematically equivalent to the reference answer 28800.","The candidate answer 28800 is mathematically equivalent to the reference answer 28800."
"prm-236816577f8edaf6","39","1","1","early","no","essential","True","True","still_correct","93","103","-10","completed","completed","$36.00","The original price of the shirt was $36.00.","\$36","The candidate answer is mathematically equivalent to the reference answer with a formatting difference.","The candidate answer is mathematically equivalent to the reference answer, with a minor difference in formatting."
"prm-f80db588fbe79fa9","41","1","1","middle","yes","harmful","True","True","still_correct","419","331","88","completed","completed","41","41","41","The candidate answer matches the reference answer.","The candidate answer matches the reference answer."
"prm-32b52a14659d1e3f","42","1","-1","early","yes","redundant","True","True","still_correct","227","517","-290","completed","completed","3","3","3","The candidate answer matches the reference answer.","The candidate answer 3 is mathematically equivalent to the reference answer 3."
"prm-12c0e402310b4521","43","1","1","late","yes","redundant","True","True","still_correct","221","184","37","completed","completed","32348","32348","\$32,\!348","The candidate answer matches the reference answer with the dollar sign and comma removed, which is a harmless formatting difference.","The candidate answer is mathematically equivalent to the reference answer."
"prm-6a6a0bdb19ba41d4","45","1","0","late","yes","redundant","True","True","still_correct","104","104","0","completed","completed","3","3","3","The candidate answer matches the reference answer.","The candidate answer matches the reference answer."
"prm-e46e6f9adff3443b","46","1","1","late","no","essential","True","True","still_correct","78","80","-2","completed","completed","40_9","40_9","40_9","The candidate answer matches the reference answer.","Both answers are equal to 40_9."
"prm-60717bf0ef4716f2","47","1","0","late","yes","redundant","True","True","still_correct","129","170","-41","completed","completed","\boxed{\dfrac{1}{3}}","\boxed{\dfrac{1}{3}}","\frac{1}{3}","The candidate answer matches the reference answer.","The candidate answer matches the reference answer."
"prm-d018213d57c7afde","48","1","1","middle","yes","redundant","True","True","still_correct","109","115","-6","completed","completed","\boxed{\dfrac{13}{18}}","\boxed{\dfrac{13}{18}}","\frac{13}{18}","The candidate answer $\boxed{\dfrac{13}{18}}$ is mathematically equivalent to the reference answer $\frac{13}{18}$.","The candidate answer is correct and matches the reference answer."
"prm-4fe0f9ece87f57df","49","1","1","early","yes","redundant","True","True","still_correct","359","451","-92","completed","completed","-1","-1","-1","The candidate answer is mathematically equivalent to the reference answer.","The candidate answer -1 is equal to the reference answer -1."
"prm-26cc0e5d412214d1","50","1","1","late","no","essential","True","True","still_correct","90","151","-61","completed","completed","16","16","16","Both answers are equal.","Both answers are equal to 16."
"prm-14b4f8d6eb13ea00","51","1","1","late","yes","redundant","True","True","still_correct","69","170","-101","completed","completed","2","2","2","The candidate answer matches the reference answer.","The candidate answer is mathematically equivalent to the reference answer."
"prm-23547b2809b8fcf4","52","1","-1","middle","no","harmful","False","True","wrong_to_correct","119","166","-47","completed","completed","9","10","10","The candidate answer is incorrect. The correct length of the hallway is $10$ meters.","The candidate answer matches the reference answer."
"prm-76b2b2177dea50be","53","1","1","late","no","essential","False","True","wrong_to_correct","2048","310","1738","cannot_continue","completed","","$\boxed{16\sqrt{3}}$","16 \sqrt{3}","No candidate final answer was produced.","Both answers are equal to $16\sqrt{3}$."
"prm-ee1dd46f28f6c0e7","55","1","-1","late","no","harmful","True","True","still_correct","138","59","79","completed","completed","6","6","6","The candidate answer is mathematically equivalent to the reference answer.","The candidate answer matches the reference answer."
"prm-5145212ea7e026b0","56","1","-1","late","no","harmful","False","True","wrong_to_correct","83","86","-3","completed","completed","0","2","2","The reference answer is 2, but the candidate answer is 0.","The candidate answer matches the reference answer."
"prm-84a947c7d146af3f","57","1","0","middle","no","essential","True","True","still_correct","203","243","-40","completed","completed","0.15","0.15","0.15","The candidate answer matches the reference answer.","The candidate answer matches the reference answer."
"prm-0e94635dc190f6f1","58","1","0","middle","yes","redundant","False","True","wrong_to_correct","368","424","-56","completed","completed","35","203","203","The candidate answer does not match the reference answer.","The candidate answer 203 is mathematically equivalent to the reference answer 203."
"prm-0638bc02d0338441","59","1","1","middle","no","essential","True","True","still_correct","430","568","-138","completed","completed","2","2","2","The candidate answer matches the reference answer.","The candidate answer is mathematically equivalent to the reference answer."
"prm-f6029ddde78e932f","60","1","1","late","no","harmful","True","False","correct_to_wrong","106","139","-33","completed","completed","3","6","3","The number of ways to distribute 5 indistinguishable balls into 2 indistinguishable boxes is 3: (5,0), (4,1), (3,2).","The number of ways to put 5 indistinct balls into 2 indistinct boxes is given by the partition function $p(5,2) = 3$, but the candidate answer is 6."
"prm-6d0334ee1141425e","61","1","0","late","no","essential","True","True","still_correct","93","434","-341","completed","completed","\sqrt{53}","\sqrt{53}","\sqrt{53}","The candidate answer matches the reference answer.","The candidate answer matches the reference answer."
"prm-f1ec503f118b2646","62","1","-1","early","no","harmful","False","True","wrong_to_correct","70","272","-202","completed","completed","7","4","4","The candidate answer is incorrect; the last nonzero digit to the right of the decimal in 137/500 is 4, not 7.","Both answers are equal to 4."
"prm-55db6c6b79c6e553","63","1","1","late","yes","redundant","True","True","still_correct","233","104","129","completed","completed","1940","1940","1940","The candidate answer matches the reference answer.","The candidate answer matches the reference answer."
"prm-e26a030a97cd7abe","64","1","1","middle","yes","redundant","False","True","wrong_to_correct","113","242","-129","completed","completed","$ t(g(16)) = 3 - g(4) = 3 - rac{1}{2} = rac{5}{2} $","1","1","The candidate answer $\frac{5}{2}$ is not mathematically equivalent to the reference answer $1$.","The candidate answer is correct and matches the reference answer."
"prm-768b381d1efb643a","65","1","-1","middle","no","harmful","True","True","still_correct","111","98","13","completed","completed","1","1","1","The candidate answer is mathematically equivalent to the reference answer.","The candidate answer 1 is equal to the reference answer 1."
"prm-d9d73e3c7b609d81","66","1","0","late","yes","redundant","True","True","still_correct","188","172","16","completed","completed","9","9","9","Both answers are equal.","Both answers are equal to 9."
"prm-a540f461a25e3009","67","1","1","late","yes","redundant","True","True","still_correct","80","103","-23","completed","completed","15x - 80","15x - 80","15x - 80","The candidate answer matches the reference answer.","The candidate answer is mathematically equivalent to the reference answer."
"prm-32376b54c0a0b41a","69","1","1","late","no","essential","True","True","still_correct","152","162","-10","completed","completed","\boxed{\dfrac{33}{100}}","\boxed{\dfrac{33}{100}}","\dfrac{33}{100}","The candidate answer \boxed{\dfrac{33}{100}} is mathematically equivalent to the reference answer \dfrac{33}{100}.","Both answers are equal to $\dfrac{33}{100}$."
"prm-decee9499f5fb0d7","70","1","-1","late","no","harmful","False","True","wrong_to_correct","97","74","23","completed","completed","4333_6","$4343_6$","4343_6","The candidate answer 4333_6 is not mathematically equivalent to the reference answer 4343_6.","The candidate answer $4343_6$ is mathematically equivalent to the reference answer 4343_6."
"prm-059a20c710a38a1d","71","1","0","middle","yes","redundant","True","True","still_correct","178","121","57","completed","completed","4","4","4","The candidate answer is mathematically equivalent to the reference answer.","The candidate answer matches the reference answer."
"prm-7b9dea52f656c0bc","72","1","1","middle","no","essential","True","True","still_correct","75","120","-45","completed","completed","23","23","23","Both answers are 23.","The candidate answer matches the reference answer."
"prm-ab761a525cce7441","73","1","1","middle","no","essential","False","True","wrong_to_correct","154","234","-80","logical_break","completed","","0","0","No candidate final answer was produced.","The candidate answer matches the reference answer."
"prm-65c1f64f7a99498a","74","1","1","early","no","essential","True","True","still_correct","320","283","37","completed","completed","2","2","2","The candidate answer matches the reference answer.","The candidate answer 2 is mathematically equivalent to the reference answer 2."
"prm-8bd9e6649bc32eb5","75","1","1","middle","no","essential","True","True","still_correct","203","230","-27","completed","completed","58","58","58","The candidate answer matches the reference answer.","The candidate answer is mathematically equivalent to the reference answer."
"prm-85a7807d849d0e61","76","1","0","late","yes","redundant","True","True","still_correct","54","72","-18","completed","completed","1.25","1.25","1.25","The problem is identical to the previous one, and the answer is 1.25.","Bill walks 1 mile south and then 1.5 miles east, forming a right triangle with legs 1 and 1.5. The distance from the start is $\sqrt{1^2 + 1.5^2} = \sqrt{3.25} \approx 1.25$."
"prm-d4c3a3c1d1cb0d1f","78","1","-1","middle","yes","harmful","True","True","still_correct","368","298","70","completed","completed","\frac{1}{16}","\frac{1}{16}","\frac{1}{16}","The candidate answer matches the reference answer.","Both answers are equal to 1/16."
"prm-eb13f69f057980c9","82","1","0","late","yes","redundant","True","True","still_correct","96","70","26","completed","completed","29","29","29","Both answers are equal.","Both answers are equal to 29."
"prm-77fc0b169d8585bc","83","1","-1","early","no","harmful","False","True","wrong_to_correct","181","258","-77","completed","completed","35","63","63","The candidate answer does not match the reference answer.","The candidate answer is mathematically equivalent to the reference answer."
"prm-2595a51b9bc687a5","84","1","0","late","yes","redundant","True","True","still_correct","213","224","-11","completed","completed","\begin{pmatrix} \frac{16}{49} \\ \frac{48}{49} \\ \frac{24}{49} \\ \end{pmatrix}","\begin{pmatrix} \frac{16}{49} \\ \frac{48}{49} \\ \frac{24}{49} \\ \end{pmatrix}","\begin{pmatrix} 16/49 \\ 48/49 \\ 24/49 \end{pmatrix}","The candidate answer matches the reference answer.","The candidate answer matches the reference answer."
"prm-310884399c5179a6","85","1","-1","middle","yes","harmful","False","True","wrong_to_correct","100","158","-58","completed","completed","7900","8000","8000","The reference answer is 8000, but the candidate answer is 7900, which is not mathematically equivalent.","Both answers are equal to 8000."
"prm-98214e328bc84341","86","1","-1","middle","yes","harmful","False","True","wrong_to_correct","105","123","-18","completed","completed","The total number of students at Baker Middle School is 3753.","1251","1251","The candidate answer The total number of students at Baker Middle School is 3753. is not mathematically equivalent to the reference answer 1251.","The candidate answer 1251 is mathematically equivalent to the reference answer 1251."
"prm-16428e60085cafa9","87","1","1","late","no","essential","True","True","still_correct","250","211","39","completed","completed","[-2, 7]","[-2, 7]","x \in [-2,7]","The candidate answer is mathematically equivalent to the reference answer with a formatting difference.","The candidate answer is mathematically equivalent to the reference answer, with a minor difference in formatting."
"prm-ac91d34d7871bcbc","88","1","0","middle","no","essential","True","False","correct_to_wrong","127","100","27","completed","completed","32348","32413","\$32,\!348","Both answers are 32348.","The candidate answer does not match the reference answer."
"prm-923c29c44fa03eb6","89","1","-1","late","no","essential","True","True","still_correct","165","133","32","completed","completed","$3\sqrt{13}$","$3\sqrt{13}$","3\sqrt{13}","The candidate answer matches the reference answer.","The candidate answer matches the reference answer."
"prm-a774fd18d4116fb7","90","1","0","early","yes","redundant","True","True","still_correct","143","109","34","completed","completed","2","2","2","The candidate answer matches the reference answer.","The candidate answer 2 is mathematically equivalent to the reference answer 2."
"prm-76efc721b39b6bd3","93","1","1","late","no","essential","True","True","still_correct","91","132","-41","completed","completed","11","11","11","The candidate answer matches the reference answer.","The candidate answer matches the reference answer."
"prm-b78ab37efb3ac6fe","95","1","-1","late","no","harmful","True","True","still_correct","183","168","15","completed","completed","\frac{14}{3}","\frac{14}{3}","\frac{14}{3}","The candidate answer matches the reference answer.","The candidate answer matches the reference answer."
"prm-afff103ac71bacae","96","1","-1","late","yes","harmful","False","True","wrong_to_correct","109","173","-64","completed","completed","1","-2","-2","The candidate answer $1$ is not mathematically equivalent to the reference answer $-2$.","The candidate answer is correct and matches the reference answer."
"prm-94f01424485d8634","97","1","-1","middle","yes","harmful","True","True","still_correct","113","95","18","completed","completed","6r^2 - 4r - 24","6r^2 - 4r - 24","6r^2-4r-24","The candidate answer is mathematically equivalent to the reference answer.","The candidate answer 6r^2 - 4r - 24 is algebraically equivalent to the reference answer 6r^2-4r-24."
"prm-74cbbc536681f443","98","1","0","early","yes","redundant","True","True","still_correct","564","597","-33","completed","completed","3","3","3","Both answers are equal.","Both answers are equal to 3."
"prm-e4c8f952bd2bcb69","99","1","0","middle","no","essential","True","True","still_correct","307","285","22","completed","completed","81","81","81","The candidate answer matches the reference answer.","The candidate answer is mathematically equivalent to the reference answer."
"prm-2e89a40cec48c042","102","1","-1","early","no","harmful","False","True","wrong_to_correct","140","324","-184","logical_break","completed","","3","3","No candidate final answer was produced.","The candidate answer 3 is mathematically equivalent to the reference answer 3."
"prm-d400c2ab50349260","103","1","-1","late","no","harmful","False","True","wrong_to_correct","284","171","113","completed","completed","30","6","6","The candidate answer is 30, but the correct answer is 6.","The candidate answer matches the reference answer."
"prm-bf49cda9c1b58b99","104","1","-1","early","yes","harmful","True","True","still_correct","324","204","120","completed","completed","4495","4495","4495","Both answers are 4495.","The candidate answer matches the reference answer."
"prm-5c13d28d0d1e26be","105","1","0","early","yes","redundant","True","True","still_correct","199","189","10","completed","completed","2","2","2","The candidate answer matches the reference answer.","The candidate answer matches the reference answer."
"prm-6a8171dd86016c13","106","1","1","late","yes","redundant","True","True","still_correct","187","187","0","completed","completed","12","12","12","The candidate answer matches the reference answer.","The candidate answer 12 is mathematically equivalent to the reference answer 12."
"prm-4397a2362fedc5a3","107","1","1","late","no","essential","True","True","still_correct","100","128","-28","completed","completed","1","1","1","The candidate answer matches the reference answer.","The candidate answer is mathematically equivalent to the reference answer."
"prm-2f5e5f1e6dacb0f7","108","1","-1","late","yes","harmful","False","True","wrong_to_correct","102","86","16","completed","completed","4","1","1","The sum $1 + 2 + 3 + \dots + 10 = 55$, and $55 \mod 9 = 1$, but the candidate answer is 4.","The sum $1 + 2 + 3 + 4 + 5 + 6 + 7 + 8 + 9 + 10 = 55$. The remainder when 55 is divided by 9 is 1."
"prm-a304fbad5368565d","110","1","-1","late","no","harmful","False","True","wrong_to_correct","79","91","-12","completed","completed","-4u + 14","14","14","The candidate answer is incorrect; the simplified expression is -4u + 14, not 14.","Both answers are equal to 14."
"prm-b93ffe4952ee0425","112","1","-1","early","yes","harmful","True","True","still_correct","89","110","-21","completed","completed","65","65","65","The candidate answer $65$ is mathematically equivalent to the reference answer $65$.","The candidate answer is correct and matches the reference answer."
"prm-1368cc3f0e85c6c9","114","1","1","middle","yes","redundant","True","True","still_correct","105","161","-56","completed","completed","$\frac{16}{27}$ gallons","\frac{16}{27}","\frac{16}{27}","Both answers are equal.","Both answers are equal to \frac{16}{27}."
"prm-de41ade60ddfc393","115","1","0","early","yes","redundant","True","True","still_correct","128","132","-4","completed","completed","11","11","11","The candidate answer matches the reference answer.","The candidate answer is mathematically equivalent to the reference answer."
"prm-b35e05ba41e78a12","116","1","1","early","no","essential","True","True","still_correct","459","544","-85","completed","completed","16","16","16","The candidate answer matches the reference answer.","The candidate answer matches the reference answer."
"prm-f5ad90a250e816d4","119","1","0","late","yes","redundant","True","False","correct_to_wrong","429","2048","-1619","completed","cannot_continue","1","","6","The candidate answer is mathematically equivalent to the reference answer.","No candidate final answer was produced."
"prm-dfc9bfdaf9a344b2","121","1","1","middle","yes","redundant","True","True","still_correct","319","377","-58","completed","completed","284","284","284","The candidate answer matches the reference answer.","The candidate answer matches the reference answer."
"prm-55383ac51f763ea4","124","1","-1","early","yes","redundant","True","True","still_correct","114","148","-34","completed","completed","326.5","326.5","326.5","Adding 313.9 and 12.6 gives 326.5.","Adding 313.9 and 12.6 gives 326.5."
"prm-8169dadf3bfeafa7","125","1","1","late","no","essential","True","True","still_correct","228","209","19","completed","completed","16","16","16","The candidate answer matches the reference answer.","The candidate answer matches the reference answer."
"prm-fe7cc1b1ef70d69f","127","1","0","early","yes","redundant","True","True","still_correct","451","498","-47","completed","completed","-1","$a + b = -3 + 2 = -1$","-1","The candidate answer matches the reference answer.","The candidate answer matches the reference answer."
"prm-85d7c7d738bdc28f","129","1","0","middle","yes","redundant","True","True","still_correct","193","197","-4","completed","completed","28","28","28","The candidate answer matches the reference answer.","The candidate answer matches the reference answer."
"prm-4e116a81462e9a1c","130","1","-1","middle","no","harmful","False","True","wrong_to_correct","112","150","-38","completed","completed","106","25","25","The candidate answer is incorrect. The correct sum of the distinct prime divisors of A is 25, not 106.","Both answers are equal to 25."
"prm-f06f20e73957e088","131","1","1","middle","no","essential","True","True","still_correct","221","230","-9","completed","completed","-1","-1","-1","Both answers are equal.","The candidate answer matches the reference answer."
"prm-a7a5bc91e1e562b3","133","1","0","middle","yes","redundant","True","True","still_correct","156","119","37","completed","completed","326.5","326.5","326.5","The candidate answer 326.5 is mathematically equivalent to the reference answer 326.5.","The candidate answer is mathematically equivalent to the reference answer."
"prm-c03abfd4982e0b4e","134","1","-1","middle","no","harmful","False","True","wrong_to_correct","233","293","-60","completed","completed","\boxed{\frac{3}{4}}","\frac{1}{4}","\frac{1}{4}","The candidate answer \boxed{\frac{3}{4}} is not mathematically equivalent to the reference answer \frac{1}{4}.","The candidate answer \frac{1}{4} is mathematically equivalent to the reference answer \frac{1}{4}."
"prm-9f8de872e85deb1c","135","1","1","late","no","essential","True","True","still_correct","166","251","-85","completed","completed","(0, 9) \\cup (9, 36)","(0, 9) ∪ (9, 36)","(0,9) \cup (9,36)","The candidate answer matches the reference answer with minor formatting differences.","The candidate answer is mathematically equivalent to the reference answer, with a minor difference in formatting."
"prm-08ffb439fa587578","137","1","1","middle","no","essential","True","True","still_correct","223","293","-70","completed","completed","10","10","10","The candidate answer matches the reference answer.","The candidate answer matches the reference answer."
"prm-94b3b2909358d23e","138","1","1","early","yes","redundant","True","True","still_correct","337","304","33","completed","completed","12","12","12","The candidate answer matches the reference answer.","The candidate answer matches the reference answer."
"prm-e4f8aa072f5528f6","139","1","1","early","yes","redundant","False","True","wrong_to_correct","198","254","-56","completed","completed","220","284","284","The sum of the proper divisors of 284 is 220, and the sum of the proper divisors of 220 is 284. Therefore, the correct answer should be 284.","The candidate answer matches the reference answer."
"prm-b59d428fdeb2db81","140","1","1","late","no","essential","True","True","still_correct","75","69","6","completed","completed","east","east","\text{east}","The candidate answer matches the reference answer.","A 2250-degree spin is equivalent to 2250 mod 360 = 270 degrees. A 270-degree clockwise spin from north results in facing east."
"prm-69589edd55211e2d","141","1","1","early","yes","redundant","True","True","still_correct","135","224","-89","completed","completed","40_9","40_9","40_9","The candidate answer matches the reference answer.","The candidate answer matches the reference answer."
"prm-a0bf5d5817e64ebf","143","1","1","late","no","essential","True","True","still_correct","142","173","-31","completed","completed","23","23","23","The candidate answer matches the reference answer.","The candidate answer matches the reference answer."
"prm-2e47da03eaad232d","145","1","0","early","yes","redundant","False","True","wrong_to_correct","248","245","3","completed","completed","\boxed{\frac{33}{100}}","\frac{33}{100}","\dfrac{33}{100}","The candidate answer includes a box, which is not present in the reference answer.","The candidate answer matches the reference answer."
"prm-a1fd67bb0e47eb99","146","1","0","late","no","harmful","True","True","still_correct","174","171","3","completed","completed","x^3 + 3x - 6","$x^3 + 3x - 6$","x^3+3x-6","The candidate answer is mathematically equivalent to the reference answer.","The candidate answer is algebraically equivalent to the reference answer."
"prm-729feeaa6d7fd49e","147","1","1","middle","no","essential","True","False","correct_to_wrong","968","637","331","completed","completed","10","7","10","Both answers are equal.","The candidate answer does not match the reference answer."
"prm-4d106f224c1f1477","148","1","0","middle","yes","redundant","True","True","still_correct","134","109","25","completed","completed","3","3","3","The candidate answer matches the reference answer.","The candidate answer matches the reference answer."
"prm-e2765e9155dae75b","149","1","1","early","no","essential","True","True","still_correct","239","142","97","completed","completed","47","5\star1 = 9(5) + 2(1) - (5)(1) + 5 = 45 + 2 - 5 + 5 = 47","47","The candidate answer 47 is mathematically equivalent to the reference answer 47.","The candidate answer is mathematically equivalent to the reference answer."
"prm-685fe7b1359fce4f","151","1","1","middle","yes","redundant","True","True","still_correct","104","151","-47","completed","completed","-3","-3","-3","The candidate answer matches the reference answer.","The candidate answer matches the reference answer."
"prm-2694ff7bb4a98ca8","152","1","0","early","yes","redundant","True","True","still_correct","424","318","106","completed","completed","0.35625","0.35625",".35625","The candidate answer is mathematically equivalent to the reference answer.","The candidate answer is mathematically equivalent to the reference answer."
"prm-21c4281b443f082f","154","1","1","early","no","harmful","True","True","still_correct","75","180","-105","completed","completed","83","83","83","The candidate answer matches the reference answer.","The candidate answer matches the reference answer."
"prm-c3c805b2888f0c71","155","1","-1","early","no","harmful","True","False","correct_to_wrong","590","202","388","completed","completed","9","2","9","Both the reference answer and candidate answer are 9.","The candidate answer is incorrect. The correct remainder is 9."
"prm-49db7302a176b729","156","1","0","early","yes","harmful","True","False","correct_to_wrong","357","342","15","completed","completed","81","9","81","The candidate answer matches the reference answer.","The candidate answer 9 is not mathematically equivalent to the reference answer 81."
"prm-9d7450aa50a1cc3f","157","1","-1","middle","no","harmful","True","True","still_correct","100","132","-32","completed","completed","2","2","2","The candidate answer matches the reference answer.","The candidate answer matches the reference answer."
"prm-24a570f07e4ce807","158","1","1","late","yes","redundant","True","False","correct_to_wrong","97","130","-33","completed","completed","$3\sqrt{13}$","$3	ext{sqrt}(13)$","3\sqrt{13}","The candidate answer matches the reference answer.","The candidate answer uses a different notation (\text{sqrt}) compared to the reference answer (\sqrt), which is not acceptable."
"prm-2e5c19fc0f94ad0f","162","1","1","middle","yes","redundant","False","True","wrong_to_correct","107","107","0","completed","completed","{3, 5, 7, 11, 13, 17, 19, 23, 29}","9","9","The candidate answer is incorrect. The reference answer is the number of elements, which is 9, not the set itself.","The candidate answer matches the reference answer."
"prm-b659045eab2bbc92","163","1","0","early","yes","harmful","True","True","still_correct","98","132","-34","completed","completed","326.5","326.5","326.5","Both answers are equal.","The candidate answer matches the reference answer."
"prm-42aea905c1b49570","165","1","0","middle","yes","redundant","True","True","still_correct","71","119","-48","completed","completed","2","2","2","The candidate answer matches the reference answer.","The candidate answer is mathematically equivalent to the reference answer."
"prm-db5fb9c45b89211e","166","1","1","middle","no","essential","True","False","correct_to_wrong","191","132","59","completed","completed","(8, -2)","(4, -2)","(8,-2)","The candidate answer (8, -2) is mathematically equivalent to the reference answer (8,-2).","The candidate answer (4, -2) is not equidistant from A(10,-10) and O(0,0). The reference answer (8,-2) satisfies PA=PO."
"prm-a17bb33b5cced852","169","1","1","late","yes","redundant","True","True","still_correct","132","145","-13","completed","completed","\frac{14}{3}","\frac{14}{3}","\frac{14}{3}","The candidate answer matches the reference answer.","The candidate answer matches the reference answer."
"prm-57b082ca295d4211","170","1","0","late","yes","redundant","True","True","still_correct","103","71","32","completed","completed","256","256","256","The candidate answer matches the reference answer.","The candidate answer matches the reference answer."
"prm-67c15cd755da8374","171","1","1","early","no","essential","True","True","still_correct","311","354","-43","completed","completed","$(-\infty, 2) \cup (3, \infty)$","$(-\infty, 2) \cup (3, \infty)$","(-\infty, 2) \cup (3, \infty)","Both the reference answer and candidate answer are $(-\infty, 2) \cup (3, \infty)$.","The candidate answer matches the reference answer."
"prm-0c1ebea011e80ccd","172","1","-1","middle","no","harmful","False","True","wrong_to_correct","206","95","111","completed","completed","$-rac{	heta}{6}$","-\frac{\pi}{6}","-\frac{\pi}{6}","The candidate answer is not mathematically equivalent to the reference answer.","The candidate answer is mathematically equivalent to the reference answer."
"prm-b2a4ce5f01127d75","173","1","1","late","yes","redundant","True","True","still_correct","71","81","-10","completed","completed","2","2","2","The candidate answer matches the reference answer.","The candidate answer matches the reference answer."
"prm-1ef2f094b18fa4d5","178","1","-1","early","no","harmful","True","True","still_correct","459","441","18","completed","completed","25","25","25","The candidate answer is mathematically equivalent to the reference answer.","The candidate answer matches the reference answer."
"prm-b4ce181080c6935d","179","1","-1","middle","yes","redundant","True","False","correct_to_wrong","327","326","1","completed","completed","\boxed{\frac{1}{3}}","\boxed{\frac{1}{3}}","\frac{1}{3}","Both answers are equal.","The candidate answer includes a box, but the reference answer does not. The value is correct, but the formatting is different."
"prm-e5218a9b5d49ef04","180","1","-1","early","no","harmful","False","True","wrong_to_correct","108","206","-98","completed","completed","$x = 1$","$x = 2$","2","The reference answer is 2, but the candidate answer is $x = 1$.","The candidate answer matches the reference answer."
"prm-934ae181dbf1e5d6","181","1","-1","late","no","harmful","True","True","still_correct","133","83","50","logical_break","completed","121","121","121","The candidate answer matches the reference answer.","The candidate answer is mathematically equivalent to the reference answer."
"prm-4a41ea6ca0473740","182","1","0","late","yes","redundant","False","True","wrong_to_correct","263","444","-181","completed","completed","1","1","6","The candidate answer 1 is not mathematically equivalent to the reference answer 6.","The candidate answer matches the reference answer."
"prm-df9bfb129e27eea5","183","1","0","middle","no","harmful","True","True","still_correct","558","492","66","completed","completed","6","6","6","The candidate answer matches the reference answer.","The candidate answer matches the reference answer."
"prm-cfbe55fef530eeea","184","1","1","early","no","essential","True","True","still_correct","308","143","165","completed","completed","0","0","0","The candidate answer is mathematically equivalent to the reference answer.","The candidate answer is mathematically equivalent to the reference answer."
"prm-17ba4f9e4d89154f","186","1","-1","late","no","harmful","False","True","wrong_to_correct","96","119","-23","completed","completed","17","23","23","The candidate answer does not match the reference answer.","The candidate answer matches the reference answer."
"prm-6a5663499dcdfb6e","187","1","1","early","no","essential","False","True","wrong_to_correct","269","306","-37","completed","completed","\frac{17}{50}","\frac{34}{100} = \frac{17}{50}","\dfrac{17}{50}","The correct answer is $\dfrac{1}{8}$, not $\dfrac{\sqrt{5} - 1}{8}$.","The candidate answer is algebraically equivalent to the reference answer."
"prm-9e945c5a20713eba","188","1","0","late","no","essential","True","True","still_correct","78","81","-3","completed","completed","25","25","25","The candidate answer matches the reference answer.","The candidate answer is mathematically equivalent to the reference answer."
"prm-61fb797f33ef26d1","190","1","-1","late","no","harmful","True","True","still_correct","137","127","10","completed","completed","9","9","9","The candidate answer matches the reference answer.","Both answers are the same."
"prm-d828d740ba9cd096","191","1","1","early","no","essential","True","True","still_correct","306","199","107","completed","completed","$4343_6$","$4343_6$","4343_6","The candidate answer matches the reference answer.","The candidate answer matches the reference answer."
"prm-81dd96c2af2f5b96","192","1","1","early","no","essential","False","True","wrong_to_correct","355","1119","-764","completed","completed","\begin{pmatrix} -\frac{16}{5} \\ \frac{12}{5} \\ \end{pmatrix}","\begin{pmatrix} \frac{1}{5} \\ -\frac{18}{5} \end{pmatrix}","\begin{pmatrix} 1/5 \\ -18/5 \end{pmatrix}","The candidate answer is incorrect. The correct answer is \begin{pmatrix} 1/5 \\ -18/5 \end{pmatrix}.","The candidate answer is mathematically equivalent to the reference answer."
"prm-569d7cf9abe65f34","194","1","1","early","no","essential","False","True","wrong_to_correct","2048","198","1850","cannot_continue","completed","","5","x=5","No candidate final answer was produced.","The candidate answer matches the reference answer."
"prm-51383cc20140c6d4","195","1","0","middle","yes","redundant","True","True","still_correct","260","260","0","completed","completed","59","59","59","Both answers are equal.","The candidate answer matches the reference answer."
"prm-738ac1e91010e501","197","1","1","early","yes","redundant","True","True","still_correct","138","93","45","completed","completed","6","x = 6","6","The candidate answer matches the reference answer.","The candidate answer is mathematically equivalent to the reference answer."
"prm-ebe33b841de11dec","198","1","1","late","no","essential","True","True","still_correct","79","87","-8","completed","completed","56","56","56","The candidate answer 56 is mathematically equivalent to the reference answer 56.","The candidate answer matches the reference answer."
"prm-178620daeb1c879c","199","1","1","late","no","essential","True","True","still_correct","160","81","79","completed","completed","(15, -29)","(15, -29)","(15,-29)","The candidate answer matches the reference answer.","The candidate answer matches the reference answer."
"prm-48b0d62a1035c5eb","201","1","-1","early","no","harmful","True","True","still_correct","254","212","42","completed","completed","24","24","24","The candidate answer matches the reference answer.","The candidate answer matches the reference answer."
"prm-1eb61d347e7307c6","202","1","1","late","yes","redundant","True","True","still_correct","104","134","-30","completed","completed","5","5","5","The candidate answer matches the reference answer.","The candidate answer matches the reference answer."
"prm-7616aa089b45809c","204","1","0","late","no","essential","True","True","still_correct","129","64","65","completed","completed","3","3","3","The candidate answer matches the reference answer.","The candidate answer is mathematically equivalent to the reference answer."
"prm-32ce22f0573267db","206","1","1","early","yes","redundant","False","True","wrong_to_correct","226","254","-28","completed","completed","2","3","3","The candidate answer is 2, but the reference answer is 3, which is not mathematically equivalent.","Both answers are the same."
"prm-73806d5bdc6ee15f","207","1","0","late","yes","redundant","True","True","still_correct","266","249","17","completed","completed","11","11","11","The candidate answer matches the reference answer.","The candidate answer matches the reference answer."
"prm-def1910362f8da38","210","1","1","early","no","essential","True","False","correct_to_wrong","625","115","510","completed","cannot_continue","6","","6","The candidate answer is mathematically equivalent to the reference answer.","No candidate final answer was produced."
"prm-2d520973414e1dcb","211","1","1","middle","yes","redundant","True","True","still_correct","128","116","12","completed","completed","27","27","27","Both answers are equal.","The candidate answer matches the reference answer."
"prm-6fb0c8f8ee2ebabd","213","1","0","middle","no","harmful","True","True","still_correct","159","256","-97","completed","completed","11","11","11","The candidate answer matches the reference answer.","The candidate answer is mathematically equivalent to the reference answer."
"prm-3d9ad8daca3b8faa","214","1","-1","late","no","harmful","True","True","still_correct","315","138","177","completed","completed","13","13","13","The candidate answer 13 is mathematically equivalent to the reference answer 13.","The candidate answer matches the reference answer."
"prm-2413c903941648a5","215","1","-1","early","no","essential","False","True","wrong_to_correct","916","638","278","completed","completed","\boxed{\dfrac{169}{36}}","\dfrac{13}{6}","\frac{13}{6}","The candidate answer is incorrect; the correct answer is $\frac{13}{6}$, not $\boxed{\dfrac{169}{36}}$.","The candidate answer matches the reference answer."
"prm-c7fdd3c01ea7968c","217","1","1","late","no","essential","True","True","still_correct","135","148","-13","completed","completed","10\%","10%","10","The candidate answer matches the reference answer.","The candidate answer matches the reference answer."
"prm-b30d7b8afa669a70","218","1","-1","early","no","essential","False","True","wrong_to_correct","434","479","-45","completed","completed","$(2, rac{21}{10}) igcup (rac{21}{10}, 102)$","$(2, 12) igcup (12, 102)$","(2,12) \cup (12,102)","The candidate answer does not match the reference answer.","The candidate answer matches the reference answer."
"prm-9d4dfc92d2809bdb","219","1","0","late","yes","redundant","True","True","still_correct","73","121","-48","completed","completed","3","3","3","Both the reference answer and candidate answer are 3.","The candidate answer matches the reference answer."
"prm-fe9bce2e8059e597","222","1","-1","middle","no","harmful","True","True","still_correct","120","231","-111","completed","completed","-50","-50","-50","The candidate answer matches the reference answer.","Both answers are the same."
"prm-caf345262620d432","223","1","0","late","yes","redundant","True","True","still_correct","174","85","89","completed","completed","137\frac{1}{2}","$137\frac{1}{2}$","137 \frac{1}{2}","The candidate answer matches the reference answer.","The candidate answer matches the reference answer."
"prm-2a5b9be75f2130c8","224","1","-1","early","no","harmful","False","True","wrong_to_correct","146","220","-74","completed","completed","\boxed{\left(\dfrac{20}{37}\right)^{55}}","1","1","The candidate answer is incorrect. The correct answer is 1.","The candidate answer 1 is mathematically equivalent to the reference answer 1."
"prm-7cf98f01d85acf4d","225","1","1","middle","no","harmful","True","True","still_correct","177","177","0","completed","completed","ellipse","ellipse","\text{ellipse}","The candidate answer matches the reference answer.","The candidate answer matches the reference answer."
"prm-f66c436ea5314143","227","1","-1","late","yes","redundant","False","True","wrong_to_correct","2048","310","1738","cannot_continue","completed","","44","44","No candidate final answer was produced.","The candidate answer matches the reference answer."
"prm-e457a6097bf292ad","228","1","1","late","no","essential","True","True","still_correct","189","100","89","completed","completed","(\frac{3}{2}, -13)","(\frac{3}{2}, -13)","\left( \frac{3}{2}, -13 \right)","The candidate answer matches the reference answer.","The candidate answer matches the reference answer."
"prm-91db4cb8cb67916a","230","1","1","early","yes","redundant","True","False","correct_to_wrong","446","2048","-1602","completed","cannot_continue","3","","3","The candidate answer 3 is mathematically equivalent to the reference answer 3.","No candidate final answer was produced."
"prm-24135c674fb88634","231","1","-1","middle","no","harmful","False","True","wrong_to_correct","392","296","96","completed","completed","667","333","333","The candidate answer is incorrect; the correct answer is $333$, not $667$.","The candidate answer matches the reference answer."
"prm-d139e98806701b02","232","1","0","late","yes","redundant","True","True","still_correct","92","92","0","completed","completed","\frac{5}{9}","\frac{5}{9}","\frac 59","The candidate answer is mathematically equivalent to the reference answer.","The candidate answer is mathematically equivalent to the reference answer."
"prm-499e50d1f2d6148c","233","1","-1","early","yes","harmful","True","True","still_correct","79","153","-74","completed","completed","0.15","0.15","0.15","The candidate answer matches the reference answer.","The candidate answer matches the reference answer."
"prm-02dc733a400c8a44","235","1","-1","early","no","harmful","True","True","still_correct","304","204","100","completed","completed","9","$\frac{2 - \frac{1}{5}}{\frac{1}{5}} = \frac{\frac{10 - 1}{5}}{\frac{1}{5}} = \frac{\frac{9}{5}}{\frac{1}{5}} = 9$","9","Both the reference answer and candidate answer are 9.","The candidate answer matches the reference answer."
"prm-d9a76b21965836c2","236","1","-1","late","no","harmful","True","False","correct_to_wrong","233","70","163","completed","cannot_continue","\begin{pmatrix} \frac{16}{49} \\ \frac{48}{49} \\ \frac{24}{49} \end{pmatrix}","","\begin{pmatrix} 16/49 \\ 48/49 \\ 24/49 \end{pmatrix}","The candidate answer matches the reference answer.","No candidate final answer was produced."
"prm-a3a05daf8f16a52f","237","1","0","early","no","essential","True","False","correct_to_wrong","423","152","271","completed","completed","203","The smallest number of coins you could have had before finding the bag of 53 coins is 147.","203","The candidate answer matches the reference answer.","The candidate answer is not mathematically equivalent to the reference answer."
"prm-47679397406393e0","238","1","1","early","yes","redundant","False","True","wrong_to_correct","179","198","-19","completed","completed","$555_{10} = 4210_5$","$4210_5$","4210_{5}","The candidate answer is $555_{10} = 4210_5$, but the reference answer is $4210_{5}$, which is not mathematically equivalent.","Both answers are the same."
"prm-01441d1b7d95366c","240","1","1","middle","no","essential","False","True","wrong_to_correct","2048","284","1764","cannot_continue","completed","","600","600","No candidate final answer was produced.","The candidate answer 600 is mathematically equivalent to the reference answer 600."
"prm-8acbcd62bf310d16","241","1","1","middle","yes","redundant","True","True","still_correct","211","247","-36","completed","completed","7","7","7","The candidate answer matches the reference answer.","The candidate answer matches the reference answer."
"prm-14fb1048eb99d376","242","1","-1","late","yes","redundant","False","True","wrong_to_correct","106","114","-8","completed","completed","6, -4, -24","$6r^2 - 4r - 24$","6r^2-4r-24","The candidate answer is incorrect. The reference answer is in the form $Ar^2 + Br + C$, but the candidate answer is a tuple of coefficients.","The candidate answer is algebraically equivalent to the reference answer."
"prm-295680b6ca231154","243","1","-1","early","no","essential","True","True","still_correct","213","224","-11","completed","completed","9","9","9","Both answers are equal.","The candidate answer matches the reference answer."
"prm-47a902d41e673ff6","245","1","0","middle","yes","redundant","True","True","still_correct","244","326","-82","completed","completed","14","14","14","The candidate answer matches the reference answer.","The candidate answer is mathematically equivalent to the reference answer."
"prm-0700321e0038e3d1","246","1","0","early","yes","redundant","True","False","correct_to_wrong","162","106","56","completed","completed","83","x = -79","83","The candidate answer 83 is mathematically equivalent to the reference answer 83.","The candidate answer is not a numerical value, and the reference answer is 83."
"prm-9156dcd21a3e42c0","247","1","1","middle","no","essential","True","True","still_correct","105","170","-65","completed","completed","5","5","5","The candidate answer matches the reference answer.","The candidate answer matches the reference answer."
"prm-14c85f1b92bf8cfb","248","1","-1","middle","no","harmful","True","True","still_correct","159","109","50","completed","completed","49","49","49","The candidate answer is mathematically equivalent to the reference answer.","The candidate answer is mathematically equivalent to the reference answer."
"prm-8fb8c12bb402ec2d","249","1","0","late","yes","redundant","True","True","still_correct","108","74","34","completed","completed","3","3","3","The candidate answer matches the reference answer.","The candidate answer matches the reference answer."
"prm-65435eea6f0c0b9a","250","1","0","late","yes","redundant","True","True","still_correct","122","80","42","completed","completed","64","64","64","The candidate answer matches the reference answer.","The candidate answer matches the reference answer."
"prm-2dfd8218ce19b305","252","1","0","late","yes","redundant","True","True","still_correct","128","125","3","completed","completed","(-\infty, 2) \cup (3, \infty)","(-\infty, 2) \cup (3, \infty)","(-\infty, 2) \cup (3, \infty)","The candidate answer matches the reference answer.","The candidate answer is mathematically equivalent to the reference answer."
"prm-57a23b7d9d387a2d","254","1","0","middle","no","harmful","False","True","wrong_to_correct","129","99","30","completed","completed","1.12","1.25","1.25","The candidate answer is 1.12, but the reference answer is 1.25, which is not mathematically equivalent.","Both answers are the same."
"prm-ac01250021f796d9","256","1","0","middle","yes","redundant","False","True","wrong_to_correct","494","426","68","completed","completed","256","203","203","The candidate answer is 256, but the reference answer is 203.","The candidate answer 203 is mathematically equivalent to the reference answer 203."
"prm-0ade6393f937db17","257","1","1","middle","yes","redundant","True","True","still_correct","188","83","105","completed","completed","2","2","2","The candidate answer matches the reference answer.","The candidate answer matches the reference answer."
"prm-77a86cb6e4dfd1aa","258","1","1","middle","no","essential","True","False","correct_to_wrong","126","152","-26","completed","completed","26 × 25 × 10 × 9 = 58500","26 × 25 × 10 × 9 = 58500","58,500","The candidate answer is mathematically equivalent to the reference answer, though it is expressed in a different format.","The candidate answer is not simplified to a numerical value, while the reference answer is a numerical value."
"prm-99891d43a5e736a5","259","1","0","late","yes","redundant","True","True","still_correct","119","116","3","completed","completed","12","12","12","Both answers are equal.","The candidate answer matches the reference answer."
"prm-977f248f4b7b1084","260","1","0","middle","yes","redundant","True","True","still_correct","473","489","-16","completed","completed","1030","1030","1030","The candidate answer matches the reference answer.","The candidate answer matches the reference answer."
"prm-f77af5e177e450d9","261","1","0","late","no","essential","True","True","still_correct","82","165","-83","completed","completed","[-2, 7]","[-2, 7]","x \in [-2,7]","The candidate answer matches the reference answer.","The candidate answer is mathematically equivalent to the reference answer."
"prm-55ea704e2707c428","262","1","0","middle","yes","redundant","True","True","still_correct","421","398","23","completed","completed","\boxed{\frac{1}{8}}","\frac{1}{8}","\frac{1}{8}","The candidate answer \boxed{\frac{1}{8}} is mathematically equivalent to the reference answer \frac{1}{8}.","The candidate answer matches the reference answer."
"prm-3ef9d1189683f74d","263","1","-1","late","no","harmful","False","True","wrong_to_correct","175","93","82","completed","completed","240","480","480","The correct answer is 480, but the candidate answer is 240.","The candidate answer matches the reference answer."
"prm-51eccaad45590836","264","1","-1","middle","no","harmful","True","True","still_correct","194","146","48","completed","completed","1","1","1","The candidate answer matches the reference answer.","The candidate answer matches the reference answer."
"prm-ac1c971aefdf8aad","265","1","0","early","no","harmful","True","False","correct_to_wrong","322","146","176","completed","completed","2","\boxed{4}","2","The candidate answer matches the reference answer.","The candidate answer is incorrect. The minimum value of (x + y)(y + z) under the given constraint is 2, not 4."
"prm-e5b42c42ddfdfe89","267","1","0","early","yes","redundant","True","True","still_correct","267","1199","-932","completed","completed","$ f(2015,2) = 1 $","1","1","The candidate answer correctly states the value of $ f(2015,2) $ as 1, which matches the reference answer.","The candidate answer matches the reference answer."
"prm-4dbc982a4c31d7d8","269","1","1","late","no","harmful","True","True","still_correct","275","317","-42","completed","completed","2","2","2","The candidate answer matches the reference answer.","The candidate answer matches the reference answer."
"prm-92cd9c4d155c7994","270","1","0","early","yes","redundant","True","True","still_correct","248","122","126","completed","completed","1600","1600","1600","Both answers are equal to 1600.","Both answers are the same."
"prm-d86397c6b2e063ff","271","1","0","early","no","essential","True","False","correct_to_wrong","350","291","59","completed","completed","4","2","4","The candidate answer matches the reference answer.","The candidate answer does not match the reference answer."
"prm-b141684d5ef466c9","273","1","0","middle","yes","redundant","True","True","still_correct","217","198","19","completed","completed","0.15","0.15","0.15","Both answers are mathematically equivalent.","Both answers are mathematically equivalent."
"prm-00177cb1b6246e3e","274","1","1","late","no","essential","True","True","still_correct","73","65","8","completed","completed","$11\sqrt{2}$","11\sqrt{2}","11\sqrt2","The candidate answer is algebraically equivalent to the reference answer.","The candidate answer is algebraically equivalent to the reference answer."
"prm-64c48353bed266ed","276","1","0","early","no","essential","False","True","wrong_to_correct","356","318","38","completed","completed","6","\boxed{7}","7","The candidate answer is incorrect; the correct answer is 7.","The candidate answer matches the reference answer."
"prm-9aefc3c8b6098bf4","277","1","0","early","no","essential","False","True","wrong_to_correct","149","1491","-1342","completed","completed","The minimum value of $a^4 + b^8$ is $\boxed{\frac{625}{4}}$","50","50","The candidate answer is not equivalent to the reference answer.","The candidate answer is mathematically equivalent to the reference answer."
"prm-210861cfb25add07","278","1","0","late","yes","redundant","True","True","still_correct","63","73","-10","completed","completed","3","3","3","The candidate answer 3 is mathematically equivalent to the reference answer 3.","The candidate answer matches the reference answer."
"prm-fa87724dc0063e72","279","1","-1","late","no","harmful","True","True","still_correct","96","51","45","completed","completed","6","6","6","Both answers are mathematically equivalent.","The candidate answer is mathematically equivalent to the reference answer."
"prm-7a6e2d9a9da28f78","280","1","-1","early","no","harmful","False","True","wrong_to_correct","169","584","-415","completed","completed","168","58","58","The candidate answer does not match the reference answer.","The candidate answer matches the reference answer."
"prm-656a46c9640db820","281","1","0","early","yes","redundant","True","True","still_correct","560","508","52","completed","completed","15","15","15","The candidate answer matches the reference answer.","The candidate answer matches the reference answer."
"prm-d9e44ee7bd1dadc6","282","1","-1","late","no","harmful","False","True","wrong_to_correct","202","217","-15","logical_break","completed","","4","4","No candidate final answer was produced.","The candidate answer 4 is mathematically equivalent to the reference answer 4."
"prm-7a821b119f49c100","283","1","1","early","yes","redundant","True","False","correct_to_wrong","251","439","-188","completed","completed","3","1","3","The candidate answer correctly identifies $ b $ as 3, which matches the reference answer.","The candidate answer does not match the reference answer."
"prm-76baed35df6fb032","284","1","1","middle","yes","redundant","True","True","still_correct","127","127","0","completed","completed","90","90","90","The candidate answer matches the reference answer.","The candidate answer is mathematically equivalent to the reference answer."
"prm-f418b9680e5a9dc1","285","1","-1","early","no","harmful","True","True","still_correct","161","118","43","completed","completed","\sqrt{53}","\sqrt{53}","\sqrt{53}","The candidate answer matches the reference answer.","Both answers are identical."
"prm-23e4bf45fefddfca","287","1","-1","late","no","harmful","False","True","wrong_to_correct","81","98","-17","completed","completed","125","1250","1250","The candidate answer is incorrect. The correct value is 1250.","The candidate answer matches the reference answer."
"prm-ea4bf8ee91052d6e","288","1","0","early","yes","redundant","True","True","still_correct","310","275","35","completed","completed","143","143","143","The candidate answer matches the reference answer.","The candidate answer matches the reference answer."
"prm-22008191f0fcf07c","289","1","0","late","yes","redundant","True","True","still_correct","213","239","-26","completed","completed","0.35625","0.35625",".35625","Both answers are mathematically equivalent.","Both answers are mathematically equivalent."
"prm-d53813f5acf46dc2","290","1","1","late","no","essential","True","True","still_correct","115","103","12","completed","completed","[-2, 7]","[-2, 7]","x \in [-2,7]","The candidate answer is equivalent to the reference answer in interval notation.","The candidate answer is mathematically equivalent to the reference answer."
"prm-374f893a0a7e07c4","292","1","1","early","yes","redundant","True","True","still_correct","144","150","-6","completed","completed","0","0","0","The candidate answer matches the reference answer.","The candidate answer matches the reference answer."
"prm-6b443c0ab9016cf3","293","1","0","middle","yes","redundant","True","True","still_correct","92","96","-4","completed","completed","90","90","90","The reference answer and candidate answer are the same.","The candidate answer is mathematically equivalent to the reference answer."
"prm-9b09489564767b9d","294","1","0","early","no","essential","True","True","still_correct","350","233","117","completed","completed","30","$\boxed{\frac{\sqrt{2(34^2) + 2(34^2) - 32^2}}{2} = \frac{\sqrt{2(1156) + 2(1156) - 1024}}{2} = \frac{\sqrt{2312 + 2312 - 1024}}{2} = \frac{\sqrt{3600}}{2} = \frac{60}{2} = 30}$","30","Both answers are 30.","The candidate answer matches the reference answer."
"prm-b02cba206762c771","295","1","1","middle","no","essential","True","True","still_correct","152","171","-19","completed","completed","$78","$78","78","Both answers are mathematically equivalent.","The candidate answer is mathematically equivalent to the reference answer."
"prm-1590d85cae7720a6","296","1","1","late","yes","redundant","True","False","correct_to_wrong","118","158","-40","completed","completed","1","2","1","The candidate answer matches the reference answer.","The reference answer is 1, but the candidate answer is 2."
"prm-8d9aac49538338f6","297","1","1","early","no","essential","True","True","still_correct","149","111","38","completed","completed","60","60","60","The candidate answer matches the reference answer.","The candidate answer matches the reference answer."
"prm-d14414ada709f204","298","1","0","early","yes","redundant","False","True","wrong_to_correct","2048","510","1538","cannot_continue","completed","","1","1","No candidate final answer was produced.","The candidate answer 1 is mathematically equivalent to the reference answer 1."
"prm-c00e9d4b22a619cf","299","1","0","early","no","harmful","True","True","still_correct","168","364","-196","completed","completed","2","2","2","The candidate answer correctly identifies the value of $ x^3 - 2x + 1 $ as 2, which matches the reference answer.","The candidate answer matches the reference answer."
"prm-3490f4298028248f","301","1","0","middle","no","harmful","True","True","still_correct","90","97","-7","completed","completed","1.25","1.25","1.25","The candidate answer matches the reference answer.","Both answers are identical."
"prm-896614eb571273fb","302","1","1","middle","no","essential","True","False","correct_to_wrong","636","675","-39","completed","completed","-1","5","-1","Both answers are equal to -1.","The reference answer is -1, while the candidate answer is 5."
"prm-5163da324c8a2bc9","303","1","1","early","no","essential","True","True","still_correct","476","409","67","completed","completed","20","20","20","The candidate answer matches the reference answer.","The candidate answer matches the reference answer."
"prm-060b37de44a23f9c","304","1","1","late","yes","redundant","True","False","correct_to_wrong","126","220","-94","completed","completed","1","3","1","The candidate answer matches the reference answer.","The candidate answer is incorrect. The smallest possible integer value for $x$ is 1, not 3."
"prm-6a48687cd49dd67e","305","1","-1","late","yes","harmful","True","True","still_correct","94","112","-18","completed","completed","x^5 - x^4 + x^3 - x^2 + x - 1","$x^5 - x^4 + x^3 - x^2 + x - 1$","x^5 - x^4 + x^3 - x^2 + x - 1","Both answers are mathematically equivalent.","Both answers are mathematically equivalent."
"prm-4f8665f0a19739c3","307","1","0","late","no","harmful","True","True","still_correct","199","296","-97","completed","completed","12","12","12","The candidate answer 12 is mathematically equivalent to the reference answer 12.","The candidate answer matches the reference answer."
"prm-a3fb1524920e2118","308","1","0","middle","yes","redundant","True","True","still_correct","150","183","-33","completed","completed","1","1","1","The candidate answer matches the reference answer.","The candidate answer matches the reference answer."
"prm-b776a9c2dead1877","309","1","0","late","yes","redundant","True","True","still_correct","71","101","-30","completed","completed","4","4","4","The reference answer and candidate answer are the same.","The candidate answer is mathematically equivalent to the reference answer."
"prm-31f315049adee361","310","1","0","late","yes","redundant","True","True","still_correct","103","67","36","completed","completed","284","284","284","Both answers are 284.","The candidate answer matches the reference answer."
"prm-0796ce8561574c8c","311","1","1","late","no","essential","True","True","still_correct","85","203","-118","completed","completed","7","7","7","Both answers are mathematically equivalent.","The candidate answer is mathematically equivalent to the reference answer."
"prm-fa241fc7e4a6f419","312","1","1","late","yes","redundant","True","False","correct_to_wrong","67","144","-77","completed","completed","36","40","36","The candidate answer matches the reference answer.","The reference answer is 36, but the candidate answer is 40."
"prm-a619a9e3e9a63362","313","1","1","late","yes","redundant","True","True","still_correct","57","57","0","completed","completed","\frac{\sqrt{3}}{3}","\frac{\sqrt{3}}{3}","\frac{\sqrt{3}}{3}","The candidate answer matches the reference answer.","The candidate answer matches the reference answer."
"prm-b3c55327f85d52bf","314","1","-1","late","no","essential","True","True","still_correct","216","276","-60","completed","completed","$(-\infty, 2) \cup (3, \infty)$","$(-	ext{infty}, 2) 	ext{ union } (3, 	ext{infty})$","(-\infty, 2) \cup (3, \infty)","The candidate answer matches the reference answer exactly.","The candidate answer is mathematically equivalent to the reference answer, with formatting differences."
"prm-4c7b0daf67f174f2","315","1","0","middle","no","harmful","False","True","wrong_to_correct","209","234","-25","completed","completed","4\sqrt{6}","16\sqrt{3}","16 \sqrt{3}","The candidate answer $ 4\sqrt{6} $ is not mathematically equivalent to the reference answer $ 16 \sqrt{3} $.","The candidate answer matches the reference answer."
"prm-bd9c89c30ff0439e","316","1","1","late","no","essential","True","True","still_correct","171","196","-25","completed","completed","(-\infty, 2) \cup (3, \infty)","(-\infty, 2) \cup (3, \infty)","(-\infty, 2) \cup (3, \infty)","The candidate answer matches the reference answer.","The candidate answer matches the reference answer exactly."
"prm-8cc3ef6509ad6fbf","317","1","1","early","no","essential","True","True","still_correct","291","267","24","completed","completed","8","8","8","The candidate answer matches the reference answer.","Both answers are identical."
"prm-649bf3fbe6231218","318","1","1","late","no","essential","True","True","still_correct","61","71","-10","completed","completed","200","200","200","Both answers are equal to 200.","The candidate answer matches the reference answer."
"prm-1fa85012955acc38","322","1","1","early","no","essential","True","True","still_correct","687","712","-25","completed","completed","25","25","25","The candidate answer is equivalent to the reference answer.","The candidate answer is mathematically equivalent to the reference answer."
"prm-bbdc2cbce9d5d71d","324","1","1","middle","no","essential","True","False","correct_to_wrong","200","114","86","completed","completed","\boxed{\frac{8}{21}}","$\frac{4}{21}$","\frac{8}{21}","The candidate answer matches the reference answer.","The candidate answer is not mathematically equivalent to the reference answer."
"prm-61500888ffe32624","325","1","1","early","no","essential","False","True","wrong_to_correct","381","502","-121","completed","completed","540","36","36","The candidate answer is incorrect. The correct answer is 36, not 540.","The candidate answer is mathematically equivalent to the reference answer."
"prm-3b8fc6d3080aade1","326","1","0","late","yes","redundant","True","True","still_correct","224","114","110","completed","completed","4","4","4","Both answers are 4.","The candidate answer matches the reference answer."
"prm-24d79d07da1abeb8","327","1","0","middle","no","essential","True","True","still_correct","279","211","68","completed","completed","33","$c = 33$","33","Both answers are mathematically equivalent.","The candidate answer is mathematically equivalent to the reference answer."
"prm-9ef4a4362f8a777c","329","1","0","middle","no","essential","True","True","still_correct","274","372","-98","completed","completed","14","14","14","The candidate answer matches the reference answer.","The candidate answer matches the reference answer."
"prm-242890b88c115e2c","332","1","1","late","no","essential","True","True","still_correct","221","296","-75","completed","completed","\boxed{\textbf{(B)}}","\boxed{\textbf{(B)}}","\text{(B)}","The candidate answer matches the reference answer.","The candidate answer matches the reference answer exactly."
"prm-05db80661c2eea87","335","1","0","late","yes","redundant","True","True","still_correct","104","176","-72","completed","completed","60","60","60","The candidate answer matches the reference answer.","The candidate answer matches the reference answer."
"prm-dbb76c0284dc2629","338","1","-1","early","yes","harmful","False","True","wrong_to_correct","226","330","-104","completed","completed","45","46","46","The candidate answer is not mathematically equivalent to the reference answer.","The candidate answer is mathematically equivalent to the reference answer."
"prm-c93b572ed45d09e3","339","1","-1","middle","no","harmful","True","True","still_correct","101","109","-8","completed","completed","8","8","8","The candidate answer 8 is mathematically equivalent to the reference answer 8.","The candidate answer matches the reference answer."
"prm-7805f2fb660af82c","340","1","1","middle","no","essential","False","True","wrong_to_correct","2048","174","1874","cannot_continue","completed","","2","2","No candidate final answer was produced.","The candidate answer matches the reference answer."
"prm-694eda0133adae37","341","1","0","middle","yes","redundant","True","True","still_correct","150","150","0","completed","completed","1","1","1","The reference answer and candidate answer are the same.","The candidate answer is mathematically equivalent to the reference answer."
"prm-2953ceb48c3d11eb","343","1","0","early","no","harmful","True","True","still_correct","119","214","-95","completed","completed","326.5","326.5","326.5","Both answers are mathematically equivalent.","The candidate answer is mathematically equivalent to the reference answer."
"prm-5be58b31f228d28e","344","1","-1","early","yes","harmful","True","True","still_correct","321","243","78","completed","completed","63","63","63","The candidate answer matches the reference answer.","The candidate answer matches the reference answer."
"prm-de2964131ac70829","345","1","1","early","no","harmful","False","True","wrong_to_correct","352","260","92","completed","completed","270","5","5","The candidate answer is not mathematically equivalent to the reference answer.","The candidate answer matches the reference answer."
"prm-a9006452bf5662ee","346","1","-1","early","yes","redundant","True","True","still_correct","383","291","92","completed","completed","$x = 11$","$\boxed{11}$","11","The candidate answer matches the reference answer exactly.","The candidate answer 11 is mathematically equivalent to the reference answer 11."
"prm-9def3665fa2dd260","347","1","1","middle","no","harmful","True","True","still_correct","282","317","-35","completed","completed","41","41","41","The candidate answer correctly identifies $ a $ as 41, which matches the reference answer.","The candidate answer matches the reference answer."
"prm-317d37656fcc5ddd","348","1","0","middle","no","essential","True","True","still_correct","286","430","-144","completed","completed","4495","4495","4495","The candidate answer matches the reference answer.","The candidate answer matches the reference answer exactly."
"prm-7aacc6952228d379","349","1","1","late","no","essential","True","True","still_correct","114","121","-7","completed","completed","$6r^2 - 4r - 24$","6r^2 - 4r - 24","6r^2-4r-24","The candidate answer matches the reference answer.","Both answers are identical."
"prm-ac7f15288ce11c38","350","1","-1","early","yes","harmful","False","True","wrong_to_correct","74","292","-218","logical_break","completed","","6","6","No candidate final answer was produced.","The candidate answer matches the reference answer."
"prm-3fb0a1041b0e6522","352","1","-1","early","yes","harmful","False","True","wrong_to_correct","74","100","-26","completed","completed","4","0","0","The candidate answer is incorrect; the remainder of 2004 divided by 12 is 0, not 4.","The candidate answer matches the reference answer."
"prm-fa4778df65d9a289","353","1","-1","middle","no","harmful","False","True","wrong_to_correct","146","406","-260","completed","completed","\frac{4}{3}","1","1","The candidate answer is not mathematically equivalent to the reference answer.","Both answers are mathematically equivalent."
"prm-4dece02217f93500","354","1","0","late","yes","redundant","True","False","correct_to_wrong","67","2048","-1981","completed","cannot_continue","3\sqrt{13}","","3\sqrt{13}","The candidate answer is equivalent to the reference answer.","No candidate final answer was produced."
"prm-2d6ec7aa85de8014","355","1","0","middle","yes","redundant","True","True","still_correct","114","85","29","completed","completed","256","\sqrt{f(16)} = \sqrt{2^{16}} = \sqrt{65536} = 256","256","The candidate answer 256 is mathematically equivalent to the reference answer 256.","The candidate answer matches the reference answer."
"prm-c7bf20109ee3402e","357","1","-1","late","no","harmful","False","True","wrong_to_correct","113","182","-69","completed","completed","104","103","103","The candidate answer is incorrect. The correct answer is 103, not 104.","The candidate answer is mathematically equivalent to the reference answer."
"prm-7449b3260474567e","358","1","1","late","no","essential","True","True","still_correct","46","101","-55","completed","completed","14","14","14","Both answers are 14.","The candidate answer matches the reference answer."
"prm-1fdd16bd5ee2ebb1","362","1","0","early","no","harmful","False","True","wrong_to_correct","2048","341","1707","cannot_continue","completed","","\frac{\sqrt{3}}{3}","\frac{\sqrt{3}}{3}","No candidate final answer was produced.","The candidate answer is mathematically equivalent to the reference answer."
"prm-4b2cde83a58c010f","363","1","0","late","no","harmful","True","True","still_correct","61","74","-13","completed","completed","326.5","326.5","326.5","The candidate answer correctly identifies the sum as 326.5, which matches the reference answer.","The candidate answer matches the reference answer."
"prm-e3b1b8595fa68428","364","1","0","early","no","harmful","True","True","still_correct","233","179","54","completed","completed","$(a + 5)(b + 2)$","(a + 5)(b + 2)","(a+5)(b+2)","The candidate answer matches the reference answer.","The candidate answer matches the reference answer exactly."
"prm-ae5ba6e191f09528","371","1","-1","early","yes","harmful","False","True","wrong_to_correct","251","292","-41","completed","completed","140","63","63","The candidate answer 140 is not mathematically equivalent to the reference answer 63.","The candidate answer matches the reference answer."
"prm-92e6c6de9151c528","373","1","1","early","no","essential","True","True","still_correct","146","292","-146","completed","completed","\frac{33}{100}","\frac{33}{100}","\dfrac{33}{100}","The reference answer and candidate answer are the same.","The candidate answer is mathematically equivalent to the reference answer."
"prm-2fbe6edf19120d31","374","1","-1","late","yes","harmful","True","True","still_correct","148","116","32","completed","completed","12","12","12","Both answers are 12.","The candidate answer matches the reference answer."
"prm-5bd12286ca047ec0","375","1","1","early","no","essential","True","True","still_correct","337","412","-75","completed","completed","16","16","16","Both answers are mathematically equivalent.","The candidate answer is mathematically equivalent to the reference answer."
"prm-64828b0b15ca157c","376","1","1","late","yes","redundant","True","True","still_correct","95","82","13","completed","completed","90","90","90","The candidate answer matches the reference answer.","The candidate answer matches the reference answer."
"prm-6810d2c059913e28","378","1","0","middle","no","essential","False","True","wrong_to_correct","2048","165","1883","cannot_continue","completed","","2","2","No candidate final answer was produced.","The candidate answer 2 is mathematically equivalent to the reference answer 2."
"prm-ab1c7130781f0c6b","380","1","0","middle","no","harmful","True","False","correct_to_wrong","343","101","242","completed","completed","36","180","36","The candidate answer matches the reference answer.","The candidate answer is incorrect. The correct answer is 36 seconds, not 180."
"prm-6bdba3a9023070a1","382","1","-1","middle","no","harmful","True","True","still_correct","463","227","236","completed","completed","333","333","333","Both answers are equal to 333.","The candidate answer matches the reference answer."
"prm-6ee8687119787677","383","1","1","early","yes","redundant","True","True","still_correct","425","346","79","completed","completed","-125","-125","-125","The candidate answer matches the reference answer.","The candidate answer matches the reference answer."
"prm-3d7ee20871a31c85","384","1","0","middle","yes","redundant","True","False","correct_to_wrong","317","188","129","completed","completed","6","1","6","The candidate answer is mathematically equivalent to the reference answer.","The candidate answer is incorrect. The reference answer is 6, not 1."
"prm-5da3ed1afff5caaa","386","1","-1","early","yes","harmful","True","True","still_correct","249","370","-121","completed","completed","\frac{1}{9} - 4 = -\frac{35}{9}","-35/9","-\frac{35}{9}","The candidate answer is algebraically equivalent to the reference answer.","The candidate answer is mathematically equivalent to the reference answer."
"prm-49dfa9357a3a5686","387","1","0","late","no","essential","True","True","still_correct","64","91","-27","completed","completed","3","3","3","The candidate answer 3 is mathematically equivalent to the reference answer 3.","The candidate answer matches the reference answer."
"prm-91df52b1208ea81d","390","1","1","late","no","essential","True","True","still_correct","84","164","-80","completed","completed","2 * 5! * 5! = 2 * 120 * 120 = 28800","2 × 5! × 5! = 2 × 120 × 120 = 28800","28800","Both answers are 28800.","The candidate answer is mathematically equivalent to the reference answer."
"prm-951e8e518dae1077","391","1","1","late","no","essential","True","True","still_correct","69","92","-23","completed","completed","\boxed{\frac{13}{15}}","$rac{13}{15}$","\frac{13}{15}","Both answers are mathematically equivalent.","The candidate answer is mathematically equivalent to the reference answer."
"prm-ef29966d7a6bd3e2","392","1","0","early","yes","redundant","True","True","still_correct","130","85","45","completed","completed","4.5","4.5","4.5","4.5 is mathematically equivalent to 4.5","The candidate answer is mathematically equivalent to the reference answer."
"prm-27e89528dea4c565","394","1","0","early","yes","redundant","True","True","still_correct","84","90","-6","completed","completed","60","60","60","The candidate answer matches the reference answer exactly.","The candidate answer 60 is mathematically equivalent to the reference answer 60."
"prm-f254e3a090dbe70a","395","1","1","late","no","essential","True","True","still_correct","211","138","73","completed","completed","4005","4005","4005","The candidate answer matches the reference answer.","The 2003rd term of the sequence of odd numbers is 4005, which matches the reference answer."
"prm-64b92977ff492b9b","396","1","-1","late","no","essential","False","True","wrong_to_correct","277","170","107","completed","completed","1","-1","-1","The candidate answer is incorrect. The correct value of $a + b$ is -1, not 1.","The candidate answer matches the reference answer exactly."
"prm-5aef13ef62a287fc","397","1","0","late","yes","redundant","True","True","still_correct","203","190","13","completed","completed","7","7","7","The candidate answer matches the reference answer.","Both answers are identical."
"prm-c9fe17645948c6da","400","1","0","middle","yes","redundant","True","True","still_correct","249","155","94","completed","completed","11","11","11","The candidate answer is mathematically equivalent to the reference answer.","The candidate answer matches the reference answer."
"prm-1989a099acb06f53","401","1","0","late","yes","redundant","False","True","wrong_to_correct","200","274","-74","logical_break","completed","The smallest positive perfect cube that can be written as the sum of three consecutive integers is 8^3 = 512.","27","27","The reference answer is 27, but the candidate answer is 512, which is incorrect.","Both answers are equal to 27."
"prm-d4926e70a53c8c17","402","1","1","early","yes","redundant","True","True","still_correct","588","491","97","completed","completed","13","13","13","The reference answer and candidate answer are the same.","The candidate answer is mathematically equivalent to the reference answer."
"prm-707a079b8cebba7e","403","1","-1","early","yes","harmful","False","True","wrong_to_correct","268","247","21","completed","completed","\frac{1}{2}","\frac{3}{2}","\frac{3}{2}","The candidate answer 1/2 is not mathematically equivalent to the reference answer 3/2.","The candidate answer matches the reference answer."
"prm-4d125d919f106dbe","405","1","0","late","no","essential","True","True","still_correct","89","144","-55","completed","completed","137\frac{1}{2}","$137\frac{1}{2}$","137 \frac{1}{2}","The reference answer and candidate answer are the same.","The candidate answer is mathematically equivalent to the reference answer."
"prm-b46df73b9c7f1dd9","406","1","-1","late","no","harmful","False","True","wrong_to_correct","152","119","33","completed","completed","\frac{4}{3}","\frac{3}{4}","\frac 34","Candidate answer is 4/3, but reference answer is 3/4.","The candidate answer matches the reference answer."
"prm-9ceaed5b974155d1","407","1","-1","middle","yes","redundant","True","True","still_correct","146","190","-44","completed","completed","ellipse","ellipse","\text{ellipse}","The equation represents an ellipse because it is in the form of a circle equation scaled by a factor and shifted, which is still an ellipse.","The candidate answer is mathematically equivalent to the reference answer."
"prm-b61370dd7f97aa7c","408","1","1","early","no","essential","True","True","still_correct","230","300","-70","completed","completed","63","63","63","63 is mathematically equivalent to 63","The candidate answer is mathematically equivalent to the reference answer."
"prm-158ef0683bb8bf70","409","1","-1","late","yes","harmful","True","True","still_correct","154","154","0","completed","completed","11","11","11","The candidate answer matches the reference answer.","The candidate answer 11 is mathematically equivalent to the reference answer 11."
"prm-c95d41ec650cb773","410","1","-1","middle","yes","harmful","True","True","still_correct","88","126","-38","completed","completed","4","4","4","The candidate answer matches the reference answer exactly.","The candidate answer matches the reference answer."
"prm-762ceff54735d7f1","411","1","0","middle","yes","redundant","True","True","still_correct","126","176","-50","completed","completed","60","60","60","The candidate answer matches the reference answer.","The positive square root of the product $10 \times 15 \times 24$ is 60, which matches the reference answer."
"prm-e9f04531a844d980","412","1","-1","late","no","harmful","False","True","wrong_to_correct","82","85","-3","completed","completed","$4201_5$","$4210_5$","4210_{5}","The candidate answer $4201_5$ is not mathematically equivalent to the reference answer $4210_5$.","The candidate answer matches the reference answer exactly."
"prm-9db27c5e8855d8c2","413","1","-1","late","yes","harmful","True","True","still_correct","441","247","194","completed","completed","16","The minimum value is $16$","16","The candidate answer matches the reference answer.","The candidate answer matches the reference answer."
"prm-08169263b46b6a22","414","1","1","middle","no","essential","True","True","still_correct","198","273","-75","completed","completed","0.15","0.15","0.15","The candidate answer is mathematically equivalent to the reference answer.","The candidate answer 0.15 is mathematically equivalent to the reference answer 0.15."
"prm-5636d3dc1eb6633f","415","1","-1","middle","no","harmful","True","True","still_correct","125","190","-65","completed","completed","11111111100","11111111100","11,\! 111,\! 111,\! 100","The candidate answer matches the reference answer.","The candidate answer matches the reference answer."
"prm-e340bad68ddf9e2d","418","1","0","late","yes","redundant","True","True","still_correct","52","59","-7","completed","completed","0","0","0","The reference answer and candidate answer are the same.","The candidate answer is mathematically equivalent to the reference answer."
"prm-f8d5e2b8c3ae4947","419","1","0","late","yes","redundant","True","True","still_correct","83","64","19","completed","completed","1.25","1.25","1.25","The candidate answer matches the reference answer.","The candidate answer matches the reference answer."
"prm-32cacde29c588ce5","420","1","1","late","no","essential","True","True","still_correct","70","91","-21","completed","completed","-9","-9","-9","The candidate answer matches the reference answer.","The candidate answer matches the reference answer."
"prm-78bd280e7dee8d22","421","1","1","middle","yes","redundant","True","True","still_correct","213","249","-36","completed","completed","11\sqrt{2}","11\sqrt{2}","11\sqrt2","Both answers are mathematically equivalent.","The candidate answer is mathematically equivalent to the reference answer."
"prm-2ec389700747f531","425","1","0","late","yes","redundant","True","True","still_correct","112","119","-7","completed","completed","129","129","129","The candidate answer matches the reference answer.","The candidate answer 129 is mathematically equivalent to the reference answer 129."
"prm-c95bf35f36e49166","426","1","0","late","yes","redundant","True","True","still_correct","55","55","0","completed","completed","7","7","7","The candidate answer matches the reference answer exactly.","The candidate answer matches the reference answer."
"prm-4f0a1eb97f47668a","429","1","1","late","yes","redundant","True","True","still_correct","176","62","114","completed","completed","2","2","2","The candidate answer matches the reference answer.","The candidate answer matches the reference answer."
"prm-359b37145eea0ad1","433","1","1","middle","yes","redundant","True","True","still_correct","334","384","-50","completed","completed","6","6","6","Both answers are 6, which is correct.","Both answers are equal to 6."
"prm-b22345a73912d695","434","1","1","middle","no","essential","True","True","still_correct","297","258","39","completed","completed","-1","-1","-1","The reference answer and candidate answer are the same.","Both answers are equal."
"prm-70a2e3a4f8362a3d","435","1","1","middle","no","harmful","True","True","still_correct","125","139","-14","completed","completed","\boxed{\frac{2}{3}}","\boxed{\frac{2}{3}}","\frac{2}{3}","The candidate answer matches the reference answer.","The candidate answer matches the reference answer."
"prm-a7ee94dec2e0a9cc","436","1","-1","late","yes","harmful","True","True","still_correct","192","157","35","completed","completed","\dfrac{5}{13}","\frac{5}{13}","\frac{5}{13}","The candidate answer matches the reference answer.","The candidate answer matches the reference answer."
"prm-62cd37cf091fe105","437","1","1","early","yes","redundant","True","True","still_correct","228","229","-1","completed","completed","The number of trailing zeros in $42!$ is $\left\lfloor \frac{42}{5} \right\rfloor + \left\lfloor \frac{42}{25} \right\rfloor = 8 + 1 = 9$","9","9","The candidate answer correctly calculates the number of trailing zeros in 42! as 9.","The candidate answer is mathematically equivalent to the reference answer."
"prm-27d0dda20005b851","438","1","-1","late","yes","harmful","True","True","still_correct","111","114","-3","completed","completed","9","9","9","The candidate answer 9 is mathematically equivalent to the reference answer 9.","The candidate answer matches the reference answer."
"prm-d7cd2fc406477b13","439","1","0","middle","no","essential","True","False","correct_to_wrong","589","592","-3","completed","completed","203","35","203","The candidate answer matches the reference answer.","The candidate answer is incorrect. The correct answer is 203."
"prm-b5f8d24593f1e708","440","1","0","late","yes","redundant","True","True","still_correct","144","100","44","completed","completed","60","60","60","60 is mathematically equivalent to 60","The candidate answer is mathematically equivalent to the reference answer."
"prm-d3fcbd13ec57a842","441","1","1","middle","yes","redundant","True","True","still_correct","128","125","3","completed","completed","2","2","2","The candidate answer matches the reference answer.","The candidate answer 2 is mathematically equivalent to the reference answer 2."
"prm-b8e3cc348f791b5a","442","1","-1","late","yes","harmful","True","True","still_correct","58","69","-11","completed","completed","4.5","4.5","4.5","The candidate answer matches the reference answer exactly.","The candidate answer matches the reference answer."
"prm-5c51e282ba7208e7","443","1","0","middle","no","harmful","True","True","still_correct","161","134","27","completed","completed","6","6","6","The candidate answer matches the reference answer.","The solution to $\frac{x}2 + \frac{x}3 = 5$ is 6, which matches the reference answer."
"prm-1e1ebbda6644be84","445","1","1","late","yes","redundant","True","True","still_correct","131","76","55","completed","completed","58500","58500","58,500","The candidate answer matches the reference answer.","The candidate answer matches the reference answer."
"prm-939dcfcb80f17717","447","1","1","late","yes","redundant","True","True","still_correct","86","120","-34","completed","completed","45","45","45","The candidate answer matches the reference answer.","The candidate answer matches the reference answer."
"prm-eadb47af80561526","448","1","-1","late","no","harmful","True","False","correct_to_wrong","290","183","107","completed","completed","Chris is currently 10 years old.","Chris is currently 8 years old.","10","The candidate answer correctly states Chris's age as 10, matching the reference answer.","The candidate answer is a statement rather than a numerical value. The reference answer is 10."
"prm-6b1c6a29b6d1c9f7","451","1","0","early","no","harmful","False","True","wrong_to_correct","194","203","-9","completed","completed","0","59","59","The candidate answer is incorrect; the correct answer is 59.","The candidate answer matches the reference answer."
"prm-0d673acec3561559","455","1","-1","middle","no","harmful","False","True","wrong_to_correct","136","142","-6","completed","completed","The 8th grade should have 10 representatives.","The 8th grade should have 10 representatives.","10","The candidate answer includes extra text and does not match the required format of a numerical answer.","The candidate answer is correct. The 8th grade should have 10 representatives."
"prm-6a11cd36a6d48aac","458","1","0","middle","yes","harmful","True","False","correct_to_wrong","250","287","-37","completed","completed","64","264","64","The candidate answer matches the reference answer exactly.","The candidate answer is incorrect. The correct answer is 64, not 264."
"prm-b4b221e907450223","459","1","0","late","yes","redundant","True","True","still_correct","126","64","62","completed","completed","3","3","3","The candidate answer matches the reference answer.","The radius of a sphere with numerically equal volume and surface area is 3, which matches the reference answer."
"prm-ae250ba55293ea93","460","1","1","early","no","essential","False","True","wrong_to_correct","2048","411","1637","cannot_continue","completed","","\boxed{\sqrt{5}}","\sqrt{5}","No candidate final answer was produced.","The candidate answer matches the reference answer."
"prm-e8138a79d9f11b5f","461","1","1","late","yes","redundant","True","True","still_correct","88","127","-39","completed","completed","60","60","60","The candidate answer matches the reference answer.","The candidate answer matches the reference answer."
"prm-a795bb4c871ed999","462","1","-1","middle","no","harmful","False","True","wrong_to_correct","808","879","-71","completed","completed","7","21","21","The candidate answer is not mathematically equivalent to the reference answer.","The candidate answer 21 is mathematically equivalent to the reference answer 21."
"prm-afb60f3ac0dd9a0b","463","1","0","middle","no","harmful","True","True","still_correct","568","492","76","completed","completed","6","\boxed{6}","6","The candidate answer matches the reference answer.","The candidate answer is mathematically equivalent to the reference answer."
"prm-c3e6885bc7f884e7","465","1","1","late","yes","redundant","True","True","still_correct","172","115","57","completed","completed","\boxed{\frac{4}{3}}","\boxed{\frac{4}{3}}","\frac43","Both answers are \frac{4}{3}, which is correct.","Both answers are equal to \frac{4}{3}."
"prm-8d8817bd48cf495e","466","1","-1","late","no","harmful","False","True","wrong_to_correct","185","205","-20","completed","completed","-9 - 12i","1 - 12i","1 - 12i","The reference answer is 1 - 12i, but the candidate answer is -9 - 12i.","Both answers are equal."
"prm-e319831ecda4ad73","467","1","-1","late","no","harmful","True","True","still_correct","66","169","-103","completed","completed","58500","58500","58,500","The candidate answer matches the reference answer.","The candidate answer matches the reference answer."
"prm-8be5e8ce53ce132a","468","1","0","late","yes","redundant","False","True","wrong_to_correct","541","953","-412","completed","completed","256","203","203","The candidate answer does not match the reference answer.","The candidate answer matches the reference answer."
"prm-5699f280aa96d018","469","1","1","early","no","essential","True","True","still_correct","323","362","-39","completed","completed","-5","-5","-5","Both answers are mathematically equivalent.","The candidate answer is mathematically equivalent to the reference answer."
"prm-015f040f29e2b298","470","1","0","early","no","essential","True","False","correct_to_wrong","251","85","166","completed","completed","\boxed{\frac{9}{19}}","$\boxed{\frac{1}{3}}$","\frac9{19}","The candidate answer \boxed{\frac{9}{19}} is mathematically equivalent to the reference answer \frac{9}{19}.","The candidate answer is not mathematically equivalent to the reference answer."
"prm-a136374e0913b303","471","1","1","late","yes","redundant","True","True","still_correct","91","128","-37","completed","completed","14","14","14","The candidate answer matches the reference answer.","The candidate answer is correct. The simplified expression equals 14."
"prm-2e1055ac659ff29f","472","1","0","middle","yes","redundant","True","True","still_correct","124","166","-42","completed","completed","6","6","6","6 is mathematically equivalent to 6","The candidate answer is mathematically equivalent to the reference answer."
"prm-36e206fe8afae4f8","473","1","0","late","yes","redundant","True","True","still_correct","108","104","4","completed","completed","\frac{5}{9}","\frac{5}{9}","\frac 59","The candidate answer matches the reference answer.","The candidate answer \frac{5}{9} is mathematically equivalent to the reference answer \frac 59."
"prm-151724cd1bbe2b32","476","1","1","middle","no","essential","True","True","still_correct","117","185","-68","completed","completed","84","84","84","The candidate answer 84 is mathematically equivalent to the reference answer 84.","The candidate answer matches the reference answer."
"prm-4eb77ebc633f7a2d","477","1","1","late","yes","redundant","True","True","still_correct","72","61","11","completed","completed","4","4","4","The candidate answer matches the reference answer.","The candidate answer matches the reference answer."
"prm-901a3aa77c6c4dc2","481","1","1","middle","no","harmful","False","True","wrong_to_correct","274","268","6","completed","completed","1+2+3+6=12","13","13","The reference answer is 13, but the candidate answer is 12, which is incorrect.","Both answers are equal to 13."
"prm-bda20d3dc84e4528","482","1","0","early","yes","redundant","True","True","still_correct","70","96","-26","completed","completed","4.5","4.5","4.5","The reference answer and candidate answer are the same.","Both answers are equal."
"prm-6f55f9ad3924eda5","483","1","0","late","yes","redundant","True","True","still_correct","162","147","15","completed","completed","\frac{16}{27}","\boxed{\frac{16}{27}}","\frac{16}{27}","The candidate answer matches the reference answer.","The candidate answer matches the reference answer."
"prm-a32a5104eb5cd351","484","1","-1","late","yes","harmful","False","True","wrong_to_correct","146","97","49","completed","completed","7","8","8","The candidate answer does not match the reference answer.","The candidate answer matches the reference answer."
"prm-335e21a88e0969e0","486","1","0","early","yes","redundant","True","False","correct_to_wrong","208","124","84","completed","completed","$11\sqrt{2}$","121","11\sqrt2","The candidate answer $11\sqrt{2}$ is mathematically equivalent to the reference answer 11\sqrt2.","The candidate answer is not mathematically equivalent to the reference answer."
"prm-1984cb49b132bdb6","487","1","0","middle","yes","harmful","True","True","still_correct","466","418","48","completed","completed","4","4","4","The candidate answer matches the reference answer.","The candidate answer is correct. The smallest possible value of $a$ is 4."
"prm-6340032015881710","488","1","0","middle","yes","redundant","True","True","still_correct","189","107","82","completed","completed","29","29","29","29 is mathematically equivalent to 29","The candidate answer is mathematically equivalent to the reference answer."
"prm-ff4d90cf78aa30d8","490","1","1","middle","yes","redundant","True","True","still_correct","139","111","28","completed","completed","$15x - 80$","$15x - 80$","15x - 80","The candidate answer is algebraically equivalent to the reference answer.","The candidate answer matches the reference answer."
"prm-a6f6b01911605940","492","1","-1","early","no","harmful","False","True","wrong_to_correct","455","597","-142","completed","completed","0","14","14","The candidate answer 0 is not mathematically equivalent to the reference answer 14.","The candidate answer matches the reference answer."
"prm-21878507d8f59c4d","493","1","1","late","yes","redundant","True","True","still_correct","78","77","1","completed","completed","1","1","1","The candidate answer matches the reference answer.","The candidate answer matches the reference answer."
"prm-cb3eed5635ac46b4","494","1","0","early","yes","harmful","True","True","still_correct","170","186","-16","completed","completed","3","3","3","The candidate answer is mathematically equivalent to the reference answer.","The candidate answer 3 is mathematically equivalent to the reference answer 3."
"prm-80def83e2346512b","496","1","-1","middle","no","harmful","True","False","correct_to_wrong","370","378","-8","completed","completed","$-rac{3}{8}$","\boxed{\frac{3}{8}}","-\frac{3}{8}","The candidate answer matches the reference answer of $-rac{3}{8}$.","The candidate answer \frac{3}{8} is not mathematically equivalent to the reference answer -\frac{3}{8}."
"prm-52cd0d7cc6b4cdfc","497","1","1","early","no","essential","True","True","still_correct","322","266","56","completed","completed","\frac{\sqrt{3}}{3}","\frac{\sqrt{3}}{3}","\frac{\sqrt{3}}{3}","Both answers are \frac{\sqrt{3}}{3}, which is correct.","Both answers are equal to \frac{\sqrt{3}}{3}."
"prm-836cfecb0a834014","498","1","-1","middle","no","harmful","False","True","wrong_to_correct","225","136","89","completed","completed","-1","-2","-2","The reference answer is -2, but the candidate answer is -1.","Both answers are equal."
"prm-e164a92c13c4f1d6","499","1","0","early","no","essential","True","True","still_correct","183","193","-10","completed","completed","\frac{4}{3}","\frac{4}{3}","\frac43","The candidate answer matches the reference answer.","The candidate answer matches the reference answer."
"prm-a50457954dbd885f","502","1","1","middle","yes","redundant","True","True","still_correct","142","231","-89","completed","completed","13","13","13","The candidate answer 13 is mathematically equivalent to the reference answer 13.","The candidate answer matches the reference answer."
"prm-d7691ac94c48e3a4","503","1","1","middle","no","essential","True","True","still_correct","104","147","-43","completed","completed","(2, 4)","(2, 4)","(2,4)","The candidate answer matches the reference answer.","The candidate answer is correct. The resulting point is (2, 4)."
"prm-554fe1d6b58f094f","506","1","0","late","yes","harmful","True","True","still_correct","225","222","3","completed","completed","\frac{17}{50}","\frac{17}{50}","\dfrac{17}{50}","The candidate answer is equivalent to the reference answer with a different formatting style.","The candidate answer matches the reference answer."
"prm-36b1999ceae59aea","507","1","1","middle","no","essential","True","True","still_correct","85","55","30","completed","completed","1251","1251","1251","The candidate answer matches the reference answer.","The total number of students at Baker Middle School is 1251, which matches the reference answer."
"prm-dfdb549c682c7822","509","1","-1","early","no","harmful","False","True","wrong_to_correct","104","206","-102","completed","completed","1","$x = 2$","2","The candidate answer is not mathematically equivalent to the reference answer.","The candidate answer matches the reference answer."
"prm-4376ee5dd1ec051f","510","1","0","early","yes","redundant","True","True","still_correct","291","299","-8","completed","completed","2","2","2","The candidate answer is mathematically equivalent to the reference answer.","The candidate answer 2 is mathematically equivalent to the reference answer 2."
"prm-5b638cc553a8f6cc","511","1","0","late","no","essential","True","True","still_correct","92","61","31","completed","completed","200","200","200","The candidate answer matches the reference answer.","The candidate answer is mathematically equivalent to the reference answer."
"prm-a89889ad37cbc7e2","512","1","-1","late","no","harmful","True","True","still_correct","114","102","12","completed","completed","90","90","90","The candidate answer matches the reference answer of 90.","The candidate answer 90 is mathematically equivalent to the reference answer 90."
"prm-a4aa6a22f3134565","513","1","0","late","yes","redundant","True","True","still_correct","227","129","98","completed","completed","\boxed{\dfrac{1}{3}}","\boxed{\dfrac{1}{3}}","\frac{1}{3}","Both answers are \frac{1}{3}, which is correct.","Both answers are equal to \frac{1}{3}."
"prm-cd2eef413f1492b7","514","1","1","middle","no","essential","True","False","correct_to_wrong","124","200","-76","completed","completed","4005","The 2003rd term of the sequence is $ a_{2003} = 1 + (2003 - 1) 	imes 2 = 1 + 2002 	imes 2 = 1 + 4004 = 4005 $.","4005","The reference answer and candidate answer are the same.","The candidate answer is not a numerical value. The correct answer is 4005."
"prm-e57bd8bedd80b00d","515","1","-1","early","no","harmful","True","False","correct_to_wrong","240","329","-89","completed","logical_break","E","","\text{(E)}","The candidate answer matches the reference answer.","No candidate final answer was produced."
"prm-932de7bca0e7c93d","516","1","0","early","yes","redundant","True","False","correct_to_wrong","281","225","56","completed","completed","Chris is currently 10 years old.","Chris is currently 10 years old.","10","The candidate answer matches the reference answer.","The candidate answer is not mathematically equivalent to the reference answer. The reference answer is a numerical value, while the candidate answer is a descriptive statement."
"prm-da7d81c2f0986b42","517","1","-1","late","no","harmful","False","True","wrong_to_correct","78","140","-62","completed","completed","x^3 + 6x^2 - 3x + 6","$x^3 + 3x - 6$","x^3+3x-6","The candidate answer is incorrect; the correct expansion is $x^3 + 3x - 6$.","The candidate answer is algebraically equivalent to the reference answer."
"prm-d10dadbf854a3250","519","1","-1","late","no","harmful","False","True","wrong_to_correct","142","156","-14","completed","completed","60","30","30^\circ","The candidate answer is incorrect. The correct answer is 30 degrees, not 60 degrees.","The candidate answer is correct. The smallest possible angle is 30 degrees."
"prm-f7aa110cdcd4de1b","521","1","-1","middle","no","harmful","True","True","still_correct","227","272","-45","completed","completed","\sqrt{5}","\sqrt{5}","\sqrt{5}","The candidate answer matches the reference answer.","Both answers are mathematically equivalent."
"prm-200cc16bd7b20d90","522","1","1","early","yes","redundant","True","True","still_correct","130","141","-11","completed","completed","\frac{33}{100}","\frac{33}{100}","\dfrac{33}{100}","The candidate answer is equivalent to the reference answer with a different formatting style.","The candidate answer matches the reference answer."
"prm-372a06491c3ab4c3","523","1","1","late","no","essential","True","True","still_correct","103","103","0","completed","completed","210","210","210","The candidate answer matches the reference answer.","The number of ways to pick 3 boys and 2 girls is 210, which matches the reference answer."
"prm-7c8b800f666a8d2b","524","1","0","late","yes","redundant","True","True","still_correct","75","100","-25","completed","completed","18","18","18","The candidate answer 18 is mathematically equivalent to the reference answer 18.","The candidate answer matches the reference answer."
"prm-ad9e7fa994103189","525","1","0","middle","yes","redundant","False","True","wrong_to_correct","128","279","-151","completed","completed","10000","9901","9901","The candidate answer is incorrect. 99^2 + 99 + 1 = 9801 + 99 + 1 = 9901.","The candidate answer matches the reference answer."
"prm-39b8f0d9babefef6","526","1","0","early","yes","redundant","True","False","correct_to_wrong","216","193","23","completed","completed","The number of ways is $ 3! 	imes S(6, 3) $, where $ S(6, 3) $ is the Stirling number of the second kind. Calculating this, we get $ 3! 	imes 90 = 6 	imes 90 = 540 $.","The number of ways is $ 3! 	imes S(6, 3) $, where $ S(6, 3) $ is the Stirling number of the second kind. Calculating this, we get $ 3! 	imes 90 = 540 $.","540","The candidate answer is mathematically equivalent to the reference answer.","The candidate answer is not a numerical value but an expression, which is not equivalent to the reference answer 540."
"prm-a8f0f0d569ae9708","527","1","-1","late","no","harmful","False","True","wrong_to_correct","74","123","-49","completed","completed","\boxed{104}","103","103","The candidate answer is incorrect. The correct answer is 103, not 104.","The candidate answer is mathematically equivalent to the reference answer."
"prm-17fa230838c04542","528","1","-1","early","yes","redundant","True","False","correct_to_wrong","92","266","-174","completed","completed","0","2","0","The candidate answer matches the reference answer of 0.","The candidate answer 2 is not mathematically equivalent to the reference answer 0."
"prm-79304f2f93ee36e7","529","1","-1","late","no","essential","True","True","still_correct","214","268","-54","completed","completed","-2","-2","-2","The candidate answer matches the reference answer.","The candidate answer matches the reference answer."
"prm-5f58d3f9cdbdd4cd","531","1","1","middle","yes","redundant","True","True","still_correct","169","212","-43","completed","completed","\boxed{\frac{13}{15}}","\frac{13}{15}","\frac{13}{15}","The candidate answer matches the reference answer.","The candidate answer matches the reference answer."
"prm-23e70faea1873d2b","532","1","-1","late","no","harmful","True","True","still_correct","181","126","55","logical_break","completed","28800","2 \times 5! \times 5! = 2 \times 120 \times 120 = 28800","28800","The candidate answer matches the reference answer.","The candidate answer is mathematically equivalent to the reference answer."
"prm-d8dd25afa49d220a","534","1","1","early","yes","redundant","True","False","correct_to_wrong","248","122","126","completed","completed","\frac{639}{40}","\frac{159.75}{10} = 15.975 inches, which can be expressed as the fraction $\frac{639}{40}$ inches.","\frac{639}{40}","The candidate answer \frac{639}{40} is mathematically equivalent to the reference answer \frac{639}{40}.","The candidate answer is not mathematically equivalent to the reference answer."
"prm-b8a1339e40d14487","535","1","0","middle","no","harmful","False","True","wrong_to_correct","258","321","-63","completed","completed","202020","2220","2220","202020 is not a multiple of 30, while 2220 is.","The candidate answer is correct. The least positive integer multiple of 30 with only digits 0 and 2 is 2220."
"prm-bdb3ede8ec7d1902","536","1","0","middle","yes","redundant","False","True","wrong_to_correct","196","167","29","completed","completed","90","60","60","The candidate answer 90 is not mathematically equivalent to the reference answer 60.","Both answers are equal."
"prm-f3ade9b68838159b","539","1","1","early","no","harmful","True","True","still_correct","331","347","-16","completed","completed","58","58","58","The candidate answer matches the reference answer.","The candidate answer matches the reference answer."
"prm-81d72916fff41df2","541","1","0","early","yes","redundant","True","True","still_correct","103","97","6","completed","completed","4","4","4","The candidate answer is correct. The positive square root of 64 is 8 and the cube root of 64 is 4, so their difference is 4.","The candidate answer matches the reference answer."
"prm-30611e95e1fdab2f","542","1","1","early","yes","redundant","True","True","still_correct","599","378","221","completed","completed","16","16","16","The candidate answer matches the reference answer.","The reference answer and candidate answer are the same."
"prm-5b41ee9b9b0d17ba","543","1","0","early","no","essential","False","True","wrong_to_correct","2048","164","1884","cannot_continue","completed","","\boxed{2}","2","No candidate final answer was produced.","The candidate answer is mathematically equivalent to the reference answer."
"prm-8b98fbc7066216ce","544","1","-1","early","no","essential","True","True","still_correct","161","173","-12","completed","completed","3","3","3","The candidate answer matches the reference answer of 3.","The degree of $f(x)$ is 3, which matches the reference answer."
"prm-9cdea0642dfb0680","547","1","0","middle","no","harmful","True","True","still_correct","439","256","183","completed","completed","14","14","14","The candidate answer matches the reference answer.","The candidate answer matches the reference answer."
"prm-a1de62b9ef1cf246","548","1","0","early","no","essential","True","False","correct_to_wrong","188","207","-19","completed","completed","36 seconds","\boxed{60} seconds","36","The candidate answer matches the reference answer.","The candidate answer is incorrect; the correct answer is 36, not 60."
"prm-925200af07947f5c","549","1","0","middle","yes","redundant","True","False","correct_to_wrong","548","231","317","completed","completed","3","2","3","The candidate answer matches the reference answer.","The candidate answer is incorrect; the correct number of distinct values in the range of the function is 3."
"prm-bbc52970464fbf13","550","1","0","middle","no","essential","True","True","still_correct","118","311","-193","completed","completed","x^3 + 3x - 6","x^3 + 3x - 6","x^3+3x-6","Algebraically equivalent form with harmless formatting differences","The candidate answer matches the reference answer."
"prm-0ff002313a594db0","551","1","0","early","yes","redundant","False","True","wrong_to_correct","167","210","-43","completed","completed","$g(1) = 3(0)^4 + 5(0)^2 - 9(0) - 2 = -2$","-2","-2","The candidate answer incorrectly evaluates g(1) as 3(0)^4 + 5(0)^2 - 9(0) - 2, but the correct value is -2.","The sum of the coefficients of a polynomial is equal to the value of the polynomial evaluated at $x=1$. Therefore, the sum of the coefficients of $g(x) = f(x-1)$ is $g(1) = f(0) = -2$."
"prm-cfef1e0669eb8eee","552","1","1","early","no","essential","False","True","wrong_to_correct","195","226","-31","completed","completed","$4333_6$","$4343_6$","4343_6","The candidate answer 4333_6 is not mathematically equivalent to the reference answer 4343_6.","Both answers are equal."
"prm-809326ad29e9fe7f","553","1","0","middle","no","harmful","True","True","still_correct","89","87","2","completed","completed","(5, ∞)","(5, ∞)","(5,\infty)","The candidate answer is mathematically equivalent to the reference answer with a formatting difference.","Both answers are mathematically equivalent."
"prm-542b09ca81c2a59d","554","1","1","middle","no","harmful","True","False","correct_to_wrong","765","215","550","completed","completed","14","The least possible sum is 14, achieved by the integers 3, 4, and 7 (since 3 × 4 × 7 = 84 and 3 + 4 + 7 = 14).","14","The candidate answer is mathematically equivalent to the reference answer.","The candidate answer is not mathematically equivalent. The reference answer is a numerical value, while the candidate answer includes an explanation."
"prm-f20b3a116ae0c86a","555","1","0","late","no","essential","True","True","still_correct","195","183","12","completed","completed","\$1250","\boxed{\$1250}","1250","The candidate answer matches the reference answer.","The candidate answer matches the reference answer."
"prm-a8a8bda6701d4be2","557","1","0","middle","no","harmful","True","False","correct_to_wrong","352","167","185","completed","completed","9","The minimum value is $8$","9","The candidate answer is correct. The minimum value of the expression is 9.","The candidate answer is incorrect; the reference answer is 9."
"prm-b1821859ea0c9d57","558","1","1","middle","yes","redundant","True","True","still_correct","93","124","-31","completed","completed","1251","1251","1251","The candidate answer matches the reference answer.","The reference answer and candidate answer are the same."
"prm-7e6bdad2d7a80ef9","559","1","-1","middle","no","harmful","True","True","still_correct","152","88","64","completed","completed","30","30","30","The candidate answer matches the reference answer.","The candidate answer is mathematically equivalent to the reference answer."
"prm-d2f74008879c56dd","560","1","0","middle","yes","redundant","True","False","correct_to_wrong","90","95","-5","completed","completed","3","3","3","The candidate answer matches the reference answer of 3.","The reference answer is 3, but the candidate answer is also 3. However, the problem asks for all possible values of $x$, and the answer should be a set or list, not a single value."
"prm-1f8e288adb17d18c","561","1","-1","middle","no","harmful","True","True","still_correct","164","349","-185","completed","completed","(0, 9) ∪ (9, 36)","$x 
i (0, 36) \setminus 	ext{{9}}$ or in interval notation $ (0, 9) igcup (9, 36) $","(0,9) \cup (9,36)","The candidate answer matches the reference answer.","The candidate answer is mathematically equivalent to the reference answer."
"prm-4e153a707e488ac9","564","1","0","middle","no","harmful","True","False","correct_to_wrong","503","109","394","completed","completed","81","The maximum value is $36$","81","The candidate answer matches the reference answer.","The candidate answer is incorrect; the correct answer is 81, not 36."
"prm-0914b22e28651211","565","1","0","early","yes","redundant","True","False","correct_to_wrong","428","327","101","completed","completed","3","\boxed{2}","3","The candidate answer matches the reference answer.","The candidate answer is incorrect; the smallest possible value of |m - n| is 3, not 2."
"prm-a33bd2bed39c0904","566","1","1","early","yes","redundant","True","True","still_correct","234","217","17","completed","completed","\frac{\sqrt{3}}{3}","$\frac{\sqrt{3}}{3}$","\frac{\sqrt{3}}{3}","Mathematically equivalent","The candidate answer is algebraically equivalent to the reference answer."
"prm-9689f5a49ddfdb3e","567","1","0","late","no","essential","True","True","still_correct","158","59","99","completed","completed","1940","\boxed{3160}","1940","Both answers are equal.","The candidate answer matches the reference answer."
"prm-95090e247bc58e1e","568","1","-1","middle","yes","harmful","True","True","still_correct","154","60","94","completed","completed","83","83","83","The candidate answer 83 is mathematically equivalent to the reference answer 83.","Both answers are equal."
"prm-d96f1fc3f096f50e","569","1","0","early","no","essential","False","True","wrong_to_correct","193","268","-75","completed","completed","The sixth term is $ 350 $.","350","350","The candidate answer includes extra text and is not a numerical value.","Both answers are mathematically equivalent."
"prm-ee33bfc442fd8af0","570","1","1","late","yes","redundant","True","True","still_correct","273","251","22","completed","completed","2516","2516","2516_8","The candidate answer is equivalent to the reference answer with a different formatting style.","The binary number 10101001110_2 is equivalent to 2516_8."
"prm-cb4a5cbf9bb5b458","572","1","1","early","no","essential","True","False","correct_to_wrong","418","206","212","completed","completed","Chris is currently 10 years old.","Chris is currently 8 years old.","10","The candidate answer 'Chris is currently 10 years old.' is mathematically equivalent to the reference answer 10.","The candidate answer is not mathematically equivalent to the reference answer."
"prm-4657ae2feebcdcab","573","1","-1","middle","no","harmful","False","True","wrong_to_correct","466","375","91","completed","completed","28","\boxed{14}","14","The candidate answer is incorrect. The least possible value of |a_{n-1}| is 14, not 28.","The candidate answer matches the reference answer."
"prm-7fa27f0af15756ce","574","1","1","middle","no","essential","False","True","wrong_to_correct","107","214","-107","completed","completed","{3, 5, 7, 11, 13, 17, 19, 23, 29}","9","9","The candidate answer provides the set of elements, but the reference answer is the count of elements, which is 9.","The reference answer and candidate answer are the same."
"prm-7df4ff373ff4bd62","577","1","1","middle","no","essential","True","False","correct_to_wrong","325","2048","-1723","completed","cannot_continue","3","","3","The candidate answer matches the reference answer.","No candidate final answer was produced."
"prm-abe53d5b468a1ebc","578","1","-1","late","no","harmful","True","True","still_correct","88","66","22","completed","completed","Navin","Navin","\text{Navin}","The candidate answer is mathematically equivalent to the reference answer.","Both answers are equal."
"prm-c796e9f10b13c8d1","579","1","0","middle","no","essential","True","True","still_correct","202","88","114","completed","completed","28","28","28","The candidate answer matches the reference answer.","The candidate answer matches the reference answer."
"prm-102acf97bfdd07f4","580","1","0","late","yes","redundant","True","True","still_correct","100","94","6","completed","completed","60","60","60","The candidate answer matches the reference answer.","The candidate answer is mathematically equivalent to the reference answer."
"prm-6fae419daf3fea6a","581","1","1","late","yes","redundant","True","True","still_correct","152","130","22","completed","completed","6","6","6","The candidate answer matches the reference answer.","The candidate answer is correct and matches the reference answer."
"prm-04b463c60fdb3f38","582","1","0","late","yes","redundant","True","True","still_correct","175","178","-3","completed","completed","4","4","4","Correct value","The candidate answer matches the reference answer."
"prm-cb956bad5ee66d16","583","1","1","middle","no","essential","True","True","still_correct","93","93","0","completed","completed","200","200","200","Both answers are equal.","The candidate answer matches the reference answer."
"prm-ea5630c2b42fdb9a","586","1","0","early","yes","redundant","True","True","still_correct","191","251","-60","completed","completed","(\frac{3}{2}, -13)","\left(\frac{3}{2}, -13\right)","\left( \frac{3}{2}, -13 \right)","The candidate answer is equivalent to the reference answer with a different formatting style.","The ordered pair (3/2, -13) is correctly formatted and matches the reference answer."
"prm-dd448bdba8557edf","588","1","-1","middle","yes","harmful","False","True","wrong_to_correct","266","205","61","completed","completed","\frac{2}{9}","\frac{11}{36}","\frac{11}{36}","The candidate answer $\frac{2}{9}$ is not mathematically equivalent to the reference answer $\frac{11}{36}$.","The candidate answer matches the reference answer."
"prm-8eab1f56bd806ddc","590","1","1","late","yes","redundant","True","True","still_correct","86","160","-74","completed","completed","\frac{\cos x}{\sin x}","\boxed{\cot x}","\cot x","The candidate answer is algebraically equivalent to the reference answer.","The reference answer and candidate answer are the same."
"prm-68f28d955828cf44","591","1","-1","middle","no","harmful","False","True","wrong_to_correct","284","288","-4","completed","completed","5","12","12","The candidate answer is incorrect. The correct answer is 12, not 5.","The candidate answer is mathematically equivalent to the reference answer."
"prm-dbc1373a79928aa0","594","1","1","late","yes","redundant","True","True","still_correct","74","105","-31","completed","completed","$3\sqrt{13}$","$3\sqrt{13}$","3\sqrt{13}","The candidate answer is mathematically equivalent to the reference answer.","The candidate answer matches the reference answer."
"prm-df2ec95ccf5f161f","595","1","0","middle","no","harmful","True","True","still_correct","81","68","13","completed","completed","2","2","2","The candidate answer matches the reference answer.","The candidate answer matches the reference answer."
"prm-a625e035a295d2bd","596","1","0","early","no","essential","True","True","still_correct","384","379","5","completed","completed","58","58","58","The candidate answer matches the reference answer.","The candidate answer is mathematically equivalent to the reference answer."
"prm-ddb44dca9b82bb3d","597","1","1","early","no","essential","True","True","still_correct","339","133","206","completed","completed","200","200","200","The candidate answer matches the reference answer.","The candidate answer is correct and matches the reference answer."
"prm-f1c09b6fd89155cf","598","1","-1","late","no","harmful","False","True","wrong_to_correct","142","122","20","completed","completed","49","45","45","Incorrect integer value","The candidate answer matches the reference answer."
"prm-7b6647a191e51a48","599","1","0","early","yes","redundant","False","True","wrong_to_correct","335","389","-54","completed","completed","15","4","4","The reference answer is 4, but the candidate answer is 15.","The candidate answer matches the reference answer."
"prm-feab03f43e4af912","600","1","0","late","yes","redundant","True","False","correct_to_wrong","953","132","821","completed","completed","203","The smallest number of coins you could have had before finding the bag of 53 coins is 133.","203","The candidate answer 203 is mathematically equivalent to the reference answer 203.","The candidate answer is not a numerical value; the correct answer is 133."
"prm-23439bf6a10e0389","2","2","1","middle","yes","redundant","True","True","still_correct","365","127","238","completed","completed","9","9","9","The candidate answer is mathematically equivalent to the reference answer.","The number 196 has 9 positive whole-number divisors."
"prm-9a6f73708a6d6a9f","3","2","1","early","no","essential","True","False","correct_to_wrong","137","255","-118","completed","logical_break","$-\frac{\pi}{6}$","$-rac{	heta}{	heta}$","-\frac{\pi}{6}","The candidate answer matches the reference answer.","The candidate answer is not mathematically equivalent to the reference answer."
"prm-7c4b728ac8b7ff8c","4","2","0","early","yes","redundant","True","True","still_correct","60","68","-8","completed","completed","83","83","83","The candidate answer matches the reference answer.","The candidate answer matches the reference answer."
"prm-b4172ae8c86b6f76","5","2","0","early","yes","redundant","True","True","still_correct","139","408","-269","completed","completed","$x = 9$","9","9","The candidate answer is correct. The solution to the system of equations yields x = 9.","The candidate answer matches the reference answer."
"prm-57f3dc0fcc359327","7","2","-1","early","no","essential","False","True","wrong_to_correct","191","345","-154","completed","completed","1, 0","1","1","The candidate answer includes an incorrect value (0) which is not a possible value of the expression.","The candidate answer matches the reference answer."
"prm-3e4ac009eae25363","8","2","-1","late","yes","harmful","False","True","wrong_to_correct","142","506","-364","completed","completed","11330","1030","1030","The reference answer is 1030, but the candidate answer is 11330.","The candidate answer matches the reference answer."
"prm-734c17ddd0cff62a","9","2","1","early","no","essential","True","True","still_correct","145","241","-96","completed","completed","$\boxed{\frac{16}{27}}$","\boxed{\frac{16}{27}}","\frac{16}{27}","The candidate answer matches the reference answer.","The candidate answer matches the reference answer."
"prm-0cbc0287aab226af","10","2","0","middle","no","harmful","True","False","correct_to_wrong","412","317","95","completed","completed","66","29","66","The candidate answer is mathematically equivalent to the reference answer.","The candidate answer does not match the reference answer."
"prm-bfc1c5c3c815660c","11","2","-1","early","no","harmful","True","True","still_correct","340","415","-75","completed","completed","-5","-5","-5","The candidate answer matches the reference answer.","The candidate answer matches the reference answer."
"prm-5464f1648525f7ea","12","2","1","middle","no","essential","True","True","still_correct","147","134","13","completed","completed","5","5","5","The candidate answer matches the reference answer.","The candidate answer is mathematically equivalent to the reference answer."
"prm-7a2c9794408559fd","13","2","1","late","yes","redundant","True","True","still_correct","98","91","7","completed","completed","15","15","15","The candidate answer matches the reference answer.","The candidate answer is correct and matches the reference answer."
"prm-526e2011568d24e6","14","2","1","middle","no","essential","True","True","still_correct","110","174","-64","completed","completed","2","2","2","Correct value","The candidate answer matches the reference answer."
"prm-010e43e3a679e690","15","2","1","middle","no","essential","True","True","still_correct","89","195","-106","completed","completed","2","2","2","Both answers are equal.","The candidate answer matches the reference answer."
"prm-75ab2c1847631c14","18","2","0","middle","yes","redundant","True","True","still_correct","225","178","47","completed","completed","326.5","326.5","326.5","The candidate answer matches the reference answer.","Adding 313.9 and 12.6 gives 326.5."
"prm-dc55f1d7dc4e178f","20","2","-1","middle","no","harmful","False","True","wrong_to_correct","198","291","-93","completed","completed","0","-1","-1","The candidate answer is incorrect. The correct value of $a + b$ is $-1$.","The candidate answer matches the reference answer."
"prm-0a02ab06b394a416","21","2","1","early","no","essential","True","False","correct_to_wrong","193","270","-77","completed","completed","\boxed{\frac{6}{5}}","The sum of the roots $a + b + c$ of the polynomial $5x^3 - 6x^2 + 24x + 1 = 0$ can be found using Vieta's formulas, which state that the sum of the roots is equal to the negative coefficient of $x^2$ divided by the coefficient of $x^3$. Thus, $a + b + c = rac{6}{5}$.","\frac65","The candidate answer is correct. The sum of the roots of the equation is 6/5.","The candidate answer provides reasoning but does not give the final answer in the required format."
"prm-dbc12362d53ec14f","22","2","1","early","yes","redundant","True","True","still_correct","262","267","-5","completed","completed","8","8","8","The candidate answer matches the reference answer.","The reference answer and candidate answer are the same."
"prm-bedcbd8166cb0b0f","24","2","1","late","no","essential","True","True","still_correct","43","97","-54","completed","completed","17","17","17","Both answers are 17.","The candidate answer matches the reference answer."
"prm-859d5c93d5ea0f57","25","2","0","middle","yes","harmful","False","True","wrong_to_correct","340","255","85","completed","completed","\begin{pmatrix} \frac{16}{7} \\ \frac{48}{7} \\ \frac{24}{7} \end{pmatrix}","\begin{pmatrix} \frac{16}{49} \\ \frac{48}{49} \\ \frac{24}{49} \end{pmatrix}","\begin{pmatrix} 16/49 \\ 48/49 \\ 24/49 \end{pmatrix}","The candidate answer does not match the reference answer.","The candidate answer matches the reference answer."
"prm-44f81fba1d026488","26","2","0","middle","yes","redundant","True","True","still_correct","724","629","95","completed","completed","0.09","0.09","\frac{9}{100}","The candidate answer is mathematically equivalent to the reference answer.","The candidate answer matches the reference answer."
"prm-87593f72c0253cec","28","2","1","middle","no","essential","True","True","still_correct","167","146","21","completed","completed","1.25","1.25","1.25","The candidate answer matches the reference answer.","The candidate answer is mathematically equivalent to the reference answer."
"prm-6ecf2965f1e68c18","29","2","0","middle","yes","redundant","True","False","correct_to_wrong","85","126","-41","completed","completed","\frac{7!}{2! \cdot 2!} = 1260","The number of ways to arrange the letters of the word ELLIPSE is 7! / (2! * 2!) = 1260.","1260","The candidate answer is algebraically equivalent to the reference answer.","The candidate answer includes an explanation, but the reference answer is a numerical value."
"prm-14e2f6c826426674","30","2","0","early","yes","redundant","True","True","still_correct","477","432","45","completed","completed","4","4","4","Correct value","The candidate answer matches the reference answer."
"prm-2d92ce0491f2f56a","31","2","1","middle","no","essential","True","True","still_correct","1084","202","882","completed","completed","The quotient is $x^5 - x^4 + x^3 - x^2 + x - 1$.","$x^5 - x^4 + x^3 - x^2 + x - 1$","x^5 - x^4 + x^3 - x^2 + x - 1","Both answers are equal.","The candidate answer matches the reference answer."
"prm-666a954e3bca4a2f","32","2","1","late","no","essential","True","False","correct_to_wrong","256","243","13","completed","completed","\boxed{\frac{2240}{78125}}","The probability that exactly 4 of the islands have treasure is $rac{2240}{78125}$","\frac{448}{15625}","The candidate answer \boxed{\frac{2240}{78125}} is mathematically equivalent to the reference answer \frac{448}{15625} as they are equivalent fractions.","The candidate answer is not equivalent to the reference answer; the correct answer is 448/15625."
"prm-14c0129055d497b2","35","2","1","late","no","essential","True","True","still_correct","59","62","-3","completed","completed","cot x","\cot x","\cot x","The candidate answer matches the reference answer.","The candidate answer matches the reference answer."
"prm-d987eb66b5f962dd","36","2","1","middle","yes","harmful","False","True","wrong_to_correct","2048","975","1073","cannot_continue","completed","","50","50","No candidate final answer was produced.","The candidate answer matches the reference answer."
"prm-9a884b78e7527ff9","38","2","-1","middle","no","harmful","True","True","still_correct","151","199","-48","completed","completed","2 * 5! * 5! * 1! = 2 * 120 * 120 * 1 = 28800","2 * 5! * 5! * 1! = 2 * 120 * 120 * 1 = 28800","28800","The candidate answer matches the reference answer.","The reference answer and candidate answer are the same."
"prm-236816577f8edaf6","39","2","1","early","no","essential","True","False","correct_to_wrong","93","103","-10","completed","completed","$36.00","The original price of the shirt was $36.00.","\$36","The candidate answer is mathematically equivalent to the reference answer with a formatting difference.","The candidate answer includes unnecessary text and formatting, but the numerical value is correct."
"prm-f80db588fbe79fa9","41","2","1","middle","yes","harmful","True","True","still_correct","418","429","-11","completed","completed","41","41","41","The candidate answer matches the reference answer.","The candidate answer matches the reference answer."
"prm-32b52a14659d1e3f","42","2","-1","early","yes","redundant","True","True","still_correct","227","519","-292","completed","completed","3","3","3","The candidate answer is mathematically equivalent to the reference answer.","The candidate answer matches the reference answer."
"prm-12c0e402310b4521","43","2","1","late","yes","redundant","False","True","wrong_to_correct","173","184","-11","completed","completed","27940","32348","\$32,\!348","The candidate answer does not match the reference answer.","The candidate answer matches the reference answer."
"prm-6a6a0bdb19ba41d4","45","2","0","late","yes","redundant","True","True","still_correct","104","114","-10","completed","completed","3","3","3","The candidate answer matches the reference answer.","The candidate answer matches the reference answer."
"prm-e46e6f9adff3443b","46","2","1","late","no","essential","True","True","still_correct","78","80","-2","completed","completed","40_9","40_9","40_9","Correct value","The candidate answer matches the reference answer."
"prm-60717bf0ef4716f2","47","2","0","late","yes","redundant","False","True","wrong_to_correct","159","170","-11","completed","completed","\boxed{\dfrac{1}{3}}","\boxed{\dfrac{1}{3}}","\frac{1}{3}","The candidate answer includes a box, while the reference answer does not.","The candidate answer matches the reference answer."
"prm-d018213d57c7afde","48","2","1","middle","yes","redundant","True","True","still_correct","109","141","-32","completed","completed","\boxed{\dfrac{13}{18}}","\boxed{\dfrac{13}{18}}","\frac{13}{18}","The candidate answer matches the reference answer.","The candidate answer matches the reference answer."
"prm-4fe0f9ece87f57df","49","2","1","early","yes","redundant","True","True","still_correct","404","451","-47","completed","completed","-1","-1","-1","The candidate answer matches the reference answer.","Both answers are mathematically equivalent."
"prm-26cc0e5d412214d1","50","2","1","late","no","essential","True","True","still_correct","92","151","-59","completed","completed","16","16","16","The candidate answer matches the reference answer.","The magnitude of (1-i)^8 is 16."
"prm-14b4f8d6eb13ea00","51","2","1","late","yes","redundant","True","True","still_correct","129","139","-10","completed","completed","2","2","2","The candidate answer matches the reference answer.","The candidate answer matches the reference answer."
"prm-23547b2809b8fcf4","52","2","-1","middle","no","harmful","False","True","wrong_to_correct","117","168","-51","completed","completed","9","10","10","The candidate answer is incorrect. The correct length of the hallway is $10$ meters.","The candidate answer matches the reference answer."
"prm-76b2b2177dea50be","53","2","1","late","no","essential","False","True","wrong_to_correct","2048","310","1738","cannot_continue","completed","","$\boxed{16\sqrt{3}}$","16 \sqrt{3}","No candidate final answer was produced.","The candidate answer matches the reference answer."
"prm-ee1dd46f28f6c0e7","55","2","-1","late","no","harmful","True","True","still_correct","138","59","79","completed","completed","6","6","6","The candidate answer is mathematically equivalent to the reference answer.","The candidate answer matches the reference answer."
"prm-5145212ea7e026b0","56","2","-1","late","no","harmful","False","True","wrong_to_correct","108","130","-22","completed","completed","0","2","2","The reference answer is 2, but the candidate answer is 0.","The candidate answer matches the reference answer."
"prm-84a947c7d146af3f","57","2","0","middle","no","essential","True","True","still_correct","217","243","-26","completed","completed","0.15","0.15","0.15","The candidate answer is mathematically equivalent to the reference answer.","The candidate answer matches the reference answer."
"prm-0e94635dc190f6f1","58","2","0","middle","yes","redundant","False","True","wrong_to_correct","351","426","-75","completed","completed","35","203","203","The candidate answer 35 is not the smallest number of coins that satisfies the conditions of the problem.","The candidate answer matches the reference answer."
"prm-0638bc02d0338441","59","2","1","middle","no","essential","True","True","still_correct","462","575","-113","completed","completed","2","2","2","The candidate answer matches the reference answer.","The candidate answer matches the reference answer."
"prm-f6029ddde78e932f","60","2","1","late","no","harmful","True","True","still_correct","106","204","-98","completed","completed","3","3","3","The candidate answer matches the reference answer.","The candidate answer matches the reference answer."
"prm-6d0334ee1141425e","61","2","0","late","no","essential","True","True","still_correct","92","434","-342","completed","completed","\sqrt{53}","\sqrt{53}","\sqrt{53}","The candidate answer matches the reference answer.","The candidate answer matches the reference answer."
"prm-f1ec503f118b2646","62","2","-1","early","no","harmful","False","True","wrong_to_correct","62","272","-210","completed","completed","7","4","4","Incorrect last nonzero digit","The candidate answer matches the reference answer."
"prm-55db6c6b79c6e553","63","2","1","late","yes","redundant","True","True","still_correct","233","104","129","completed","completed","1940","1940","1940","Both answers are equal.","The candidate answer matches the reference answer."
"prm-768b381d1efb643a","65","2","-1","middle","no","harmful","True","True","still_correct","111","98","13","completed","completed","1","1","1","The candidate answer matches the reference answer.","Both answers are 1."
"prm-d9d73e3c7b609d81","66","2","0","late","yes","redundant","True","True","still_correct","188","172","16","completed","completed","9","9","9","The candidate answer matches the reference answer.","The number 196 has 9 positive whole-number divisors."
"prm-a540f461a25e3009","67","2","1","late","yes","redundant","True","True","still_correct","80","103","-23","completed","completed","15x - 80","15x - 80","15x - 80","The candidate answer matches the reference answer.","The candidate answer matches the reference answer."
"prm-32376b54c0a0b41a","69","2","1","late","no","essential","True","True","still_correct","152","174","-22","completed","completed","\boxed{\dfrac{33}{100}}","\boxed{\dfrac{33}{100}}","\dfrac{33}{100}","The candidate answer is correct. There are 33 multiples of 3 between 1 and 100, inclusive.","The candidate answer matches the reference answer."
"prm-decee9499f5fb0d7","70","2","-1","late","no","harmful","False","True","wrong_to_correct","97","73","24","completed","completed","4333_6","$4343_6$","4343_6","The candidate answer is not mathematically equivalent to the reference answer.","The reference answer and candidate answer are the same."
"prm-059a20c710a38a1d","71","2","0","middle","yes","redundant","True","True","still_correct","178","121","57","completed","completed","4","4","4","The candidate answer is mathematically equivalent to the reference answer.","The candidate answer matches the reference answer."
"prm-7b9dea52f656c0bc","72","2","1","middle","no","essential","True","True","still_correct","75","120","-45","completed","completed","23","23","23","Both answers are 23.","The candidate answer matches the reference answer."
"prm-ab761a525cce7441","73","2","1","middle","no","essential","False","True","wrong_to_correct","154","223","-69","logical_break","completed","","0","0","No candidate final answer was produced.","The candidate answer matches the reference answer."
"prm-65c1f64f7a99498a","74","2","1","early","no","essential","True","True","still_correct","320","283","37","completed","completed","2","2","2","Both answers are the same.","The candidate answer matches the reference answer."
"prm-8bd9e6649bc32eb5","75","2","1","middle","no","essential","True","True","still_correct","203","226","-23","completed","completed","58","58","58","The candidate answer matches the reference answer.","The candidate answer matches the reference answer."
"prm-85a7807d849d0e61","76","2","0","late","yes","redundant","True","True","still_correct","64","72","-8","completed","completed","1.25","1.25","1.25","The candidate answer matches the reference answer.","The candidate answer matches the reference answer."
"prm-d4c3a3c1d1cb0d1f","78","2","-1","middle","yes","harmful","True","True","still_correct","548","282","266","completed","completed","\boxed{\frac{1}{16}}","\frac{1}{16}","\frac{1}{16}","The candidate answer matches the reference answer.","The candidate answer matches the reference answer."
"prm-eb13f69f057980c9","82","2","0","late","yes","redundant","True","True","still_correct","96","70","26","completed","completed","29","29","29","The candidate answer matches the reference answer.","The cost of a pencil is 29 cents."
"prm-77fc0b169d8585bc","83","2","-1","early","no","harmful","False","True","wrong_to_correct","203","240","-37","completed","completed","35","63","63","The reference answer is 63, but the candidate answer is 35. The correct number of interior points in the rectangle is calculated as (5-1)*(4-1) = 4*3 = 12 for the interior, but the actual region is from -5 to 5 in x and -4 to 4 in y, giving (10-1)*(8-1) = 9*7 = 63.","The candidate answer matches the reference answer."
"prm-2595a51b9bc687a5","84","2","0","late","yes","redundant","True","True","still_correct","213","224","-11","completed","completed","\begin{pmatrix} \frac{16}{49} \\ \frac{48}{49} \\ \frac{24}{49} \\ \end{pmatrix}","\begin{pmatrix} \frac{16}{49} \\ \frac{48}{49} \\ \frac{24}{49} \\ \end{pmatrix}","\begin{pmatrix} 16/49 \\ 48/49 \\ 24/49 \end{pmatrix}","The candidate answer matches the reference answer.","The candidate answer matches the reference answer."
"prm-310884399c5179a6","85","2","-1","middle","yes","harmful","False","True","wrong_to_correct","100","158","-58","completed","completed","7900","8000","8000","The candidate answer 7900 is not mathematically equivalent to the reference answer 8000.","Both answers are numerically equal."
"prm-98214e328bc84341","86","2","-1","middle","yes","harmful","False","True","wrong_to_correct","105","115","-10","completed","completed","The total number of students at Baker Middle School is 3753.","1251","1251","The candidate answer is not mathematically equivalent to the reference answer.","The candidate answer matches the reference answer."
"prm-16428e60085cafa9","87","2","1","late","no","essential","True","True","still_correct","250","211","39","completed","completed","[-2, 7]","[-2, 7]","x \in [-2,7]","The candidate answer is mathematically equivalent to the reference answer with a formatting difference.","The candidate answer matches the reference answer."
"prm-ac91d34d7871bcbc","88","2","0","middle","no","essential","True","False","correct_to_wrong","127","100","27","completed","completed","32348","32413","\$32,\!348","Both answers are 32348.","The candidate answer does not match the reference answer."
"prm-923c29c44fa03eb6","89","2","-1","late","no","essential","True","True","still_correct","165","151","14","completed","completed","$3\sqrt{13}$","$3\sqrt{13}$","3\sqrt{13}","The candidate answer is mathematically equivalent to the reference answer.","The candidate answer matches the reference answer."
"prm-a774fd18d4116fb7","90","2","0","early","yes","redundant","True","True","still_correct","144","109","35","completed","completed","2","2","2","Both answers are the same.","The candidate answer matches the reference answer."
"prm-76efc721b39b6bd3","93","2","1","late","no","essential","True","True","still_correct","87","132","-45","completed","completed","11","11","11","The candidate answer 11 is mathematically equivalent to the reference answer 11.","The candidate answer matches the reference answer."
"prm-b78ab37efb3ac6fe","95","2","-1","late","no","harmful","True","True","still_correct","183","148","35","completed","completed","\frac{14}{3}","\frac{14}{3}","\frac{14}{3}","Both answers are equal.","The candidate answer matches the reference answer."
"prm-afff103ac71bacae","96","2","-1","late","yes","harmful","False","True","wrong_to_correct","100","173","-73","completed","completed","1","-2","-2","The candidate answer is incorrect. The smallest number which is one less than twice its reciprocal is -2, not 1.","The candidate answer matches the reference answer."
"prm-94f01424485d8634","97","2","-1","middle","yes","harmful","True","True","still_correct","113","95","18","completed","completed","6r^2 - 4r - 24","6r^2 - 4r - 24","6r^2-4r-24","The candidate answer 6r^2 - 4r - 24 is mathematically equivalent to the reference answer 6r^2-4r-24.","Both answers are algebraically equivalent."
"prm-74cbbc536681f443","98","2","0","early","yes","redundant","False","True","wrong_to_correct","523","648","-125","completed","completed","1","3","3","The candidate answer does not match the reference answer.","The value of b in the continued fraction expansion is 3."
"prm-e4c8f952bd2bcb69","99","2","0","middle","no","essential","True","True","still_correct","309","300","9","completed","completed","81","81","81","The candidate answer matches the reference answer.","The candidate answer matches the reference answer."
"prm-2e89a40cec48c042","102","2","-1","early","no","harmful","False","True","wrong_to_correct","140","320","-180","logical_break","completed","","3","3","No candidate final answer was produced.","The candidate answer matches the reference answer."
"prm-d400c2ab50349260","103","2","-1","late","no","harmful","False","True","wrong_to_correct","284","159","125","completed","completed","30","6","6","The candidate answer is 30, but the correct answer is 6.","The candidate answer matches the reference answer."
"prm-bf49cda9c1b58b99","104","2","-1","early","yes","harmful","True","True","still_correct","324","204","120","completed","completed","4495","4495","4495","Both answers are 4495.","The candidate answer matches the reference answer."
"prm-5c13d28d0d1e26be","105","2","0","early","yes","redundant","True","True","still_correct","199","188","11","completed","completed","2","2","2","The candidate answer is mathematically equivalent to the reference answer.","The candidate answer matches the reference answer."
"prm-6a8171dd86016c13","106","2","1","late","yes","redundant","True","True","still_correct","187","187","0","completed","completed","12","12","12","Both answers are the same.","The candidate answer matches the reference answer."
"prm-4397a2362fedc5a3","107","2","1","late","no","essential","True","True","still_correct","98","128","-30","completed","completed","1","1","1","The candidate answer matches the reference answer.","The candidate answer matches the reference answer."
"prm-2f5e5f1e6dacb0f7","108","2","-1","late","yes","harmful","False","True","wrong_to_correct","102","86","16","completed","completed","4","1","1","The candidate answer is incorrect; the correct remainder is 1.","The candidate answer matches the reference answer."
"prm-a304fbad5368565d","110","2","-1","late","no","harmful","True","True","still_correct","79","91","-12","completed","completed","-4u + 14","14","14","The candidate answer is algebraically equivalent to the reference answer.","Both answers are mathematically equivalent."
"prm-b93ffe4952ee0425","112","2","-1","early","yes","harmful","True","True","still_correct","89","110","-21","completed","completed","65","65","65","The candidate answer matches the reference answer.","The candidate answer matches the reference answer."
"prm-1368cc3f0e85c6c9","114","2","1","middle","yes","redundant","True","True","still_correct","137","161","-24","completed","completed","\frac{16}{27}","\frac{16}{27}","\frac{16}{27}","The candidate answer matches the reference answer.","The candidate answer matches the reference answer."
"prm-de41ade60ddfc393","115","2","0","early","yes","redundant","True","True","still_correct","128","132","-4","completed","completed","11","11","11","The candidate answer matches the reference answer.","The candidate answer matches the reference answer."
"prm-b35e05ba41e78a12","116","2","1","early","no","essential","True","True","still_correct","459","544","-85","completed","completed","16","16","16","The candidate answer matches the reference answer.","The reference answer is 16 and the candidate answer is also 16."
"prm-f5ad90a250e816d4","119","2","0","late","yes","redundant","True","False","correct_to_wrong","407","2048","-1641","completed","cannot_continue","1","","6","The candidate answer is mathematically equivalent to the reference answer.","No candidate final answer was produced."
"prm-dfc9bfdaf9a344b2","121","2","1","middle","yes","redundant","True","True","still_correct","319","376","-57","completed","completed","284","284","284","The candidate answer is mathematically equivalent to the reference answer.","The candidate answer matches the reference answer."
"prm-55383ac51f763ea4","124","2","-1","early","yes","redundant","True","True","still_correct","114","148","-34","completed","completed","326.5","326.5","326.5","The candidate answer matches the reference answer.","The candidate answer matches the reference answer."
"prm-8169dadf3bfeafa7","125","2","1","late","no","essential","True","True","still_correct","218","190","28","completed","completed","16","16","16","The candidate answer 16 is mathematically equivalent to the reference answer 16.","The candidate answer matches the reference answer."
"prm-fe7cc1b1ef70d69f","127","2","0","early","yes","redundant","True","False","correct_to_wrong","451","382","69","completed","completed","-1","6","-1","Both answers are equal.","The reference answer is -1, but the candidate answer is 6, which is not mathematically equivalent."
"prm-85d7c7d738bdc28f","129","2","0","middle","yes","redundant","True","True","still_correct","193","200","-7","completed","completed","28","28","28","The candidate answer 28 is mathematically equivalent to the reference answer 28.","Both answers are 28."
"prm-4e116a81462e9a1c","130","2","-1","middle","no","harmful","False","True","wrong_to_correct","112","162","-50","completed","completed","106","25","25","The candidate answer does not match the reference answer.","The candidate answer matches the reference answer."
"prm-f06f20e73957e088","131","2","1","middle","no","essential","True","True","still_correct","232","230","2","completed","completed","-1","-1","-1","The candidate answer matches the reference answer.","The candidate answer matches the reference answer."
"prm-a7a5bc91e1e562b3","133","2","0","middle","yes","redundant","True","True","still_correct","156","119","37","completed","completed","326.5","326.5","326.5","The candidate answer 326.5 is mathematically equivalent to the reference answer 326.5.","Both answers are numerically equal."
"prm-c03abfd4982e0b4e","134","2","-1","middle","no","harmful","False","True","wrong_to_correct","234","293","-59","completed","completed","\boxed{\frac{3}{4}}","\frac{1}{4}","\frac{1}{4}","The candidate answer is not mathematically equivalent to the reference answer.","The candidate answer matches the reference answer."
"prm-9f8de872e85deb1c","135","2","1","late","no","essential","True","True","still_correct","166","175","-9","completed","completed","(0, 9) \\cup (9, 36)","(0, 9) ∪ (9, 36)","(0,9) \cup (9,36)","The candidate answer matches the reference answer with minor formatting differences.","The candidate answer matches the reference answer."
"prm-08ffb439fa587578","137","2","1","middle","no","essential","True","True","still_correct","223","293","-70","completed","completed","10","10","10","The candidate answer is mathematically equivalent to the reference answer.","The candidate answer matches the reference answer."
"prm-94b3b2909358d23e","138","2","1","early","yes","redundant","True","True","still_correct","294","310","-16","completed","completed","12","12","12","Both answers are the same.","The candidate answer 12 is mathematically equivalent to the reference answer 12."
"prm-e4f8aa072f5528f6","139","2","1","early","yes","redundant","False","True","wrong_to_correct","198","254","-56","completed","completed","224","284","284","The candidate answer is incorrect. The correct answer is 284.","The candidate answer matches the reference answer."
"prm-b59d428fdeb2db81","140","2","1","late","no","essential","True","True","still_correct","75","69","6","completed","completed","east","east","\text{east}","The candidate answer matches the reference answer.","The candidate answer matches the reference answer."
"prm-69589edd55211e2d","141","2","1","early","yes","redundant","True","True","still_correct","338","224","114","completed","completed","40_9","40_9","40_9","The candidate answer 40_9 is mathematically equivalent to the reference answer 40_9.","The candidate answer matches the reference answer."
"prm-a0bf5d5817e64ebf","143","2","1","late","no","essential","True","True","still_correct","144","173","-29","completed","completed","23","23","23","Both answers are equal.","The candidate answer matches the reference answer."
"prm-2e47da03eaad232d","145","2","0","early","yes","redundant","True","True","still_correct","248","142","106","completed","completed","\frac{33}{100}","\frac{33}{100}","\dfrac{33}{100}","The candidate answer \frac{33}{100} is mathematically equivalent to the reference answer \dfrac{33}{100}.","Both answers are equivalent fractions."
"prm-a1fd67bb0e47eb99","146","2","0","late","no","harmful","True","True","still_correct","174","171","3","completed","completed","x^3 + 3x - 6","$x^3 + 3x - 6$","x^3+3x-6","The candidate answer matches the reference answer.","The candidate answer matches the reference answer."
"prm-729feeaa6d7fd49e","147","2","1","middle","no","essential","True","False","correct_to_wrong","1314","589","725","completed","completed","10","7","10","The candidate answer matches the reference answer.","The candidate answer does not match the reference answer."
"prm-4d106f224c1f1477","148","2","0","middle","yes","redundant","True","True","still_correct","134","109","25","completed","completed","3","3","3","The candidate answer matches the reference answer.","The reference answer is 3 and the candidate answer is also 3."
"prm-e2765e9155dae75b","149","2","1","early","no","essential","True","False","correct_to_wrong","239","100","139","completed","completed","47","53","47","The candidate answer 47 is mathematically equivalent to the reference answer 47.","The candidate answer does not match the reference answer."
"prm-685fe7b1359fce4f","151","2","1","middle","yes","redundant","True","True","still_correct","104","151","-47","completed","completed","-3","-3","-3","The candidate answer matches the reference answer.","The candidate answer matches the reference answer."
"prm-2694ff7bb4a98ca8","152","2","0","early","yes","redundant","True","True","still_correct","424","318","106","completed","completed","0.35625","0.35625",".35625","The candidate answer is mathematically equivalent to the reference answer.","The candidate answer matches the reference answer."
"prm-21c4281b443f082f","154","2","1","early","no","harmful","True","False","correct_to_wrong","82","124","-42","completed","completed","83","x = 83","83","Both answers are the same.","The candidate answer 'x = 83' is not mathematically equivalent to the reference answer 83."
"prm-c3c805b2888f0c71","155","2","-1","early","no","harmful","True","False","correct_to_wrong","589","202","387","completed","completed","9","2","9","The candidate answer matches the reference answer.","The candidate answer is not mathematically equivalent to the reference answer."
"prm-49db7302a176b729","156","2","0","early","yes","harmful","True","True","still_correct","360","348","12","completed","completed","81","81","81","The candidate answer matches the reference answer.","The candidate answer matches the reference answer."
"prm-9d7450aa50a1cc3f","157","2","-1","middle","no","harmful","True","True","still_correct","110","132","-22","completed","completed","2","2","2","The candidate answer 2 is mathematically equivalent to the reference answer 2.","The candidate answer matches the reference answer."
"prm-24a570f07e4ce807","158","2","1","late","yes","redundant","True","True","still_correct","96","131","-35","completed","completed","$3\sqrt{13}$","$3	ext{sqrt}(13)$","3\sqrt{13}","The candidate answer matches the reference answer.","Both answers are mathematically equivalent."
"prm-2e5c19fc0f94ad0f","162","2","1","middle","yes","redundant","True","True","still_correct","138","107","31","completed","completed","9","9","9","The candidate answer matches the reference answer.","The candidate answer matches the reference answer."
"prm-b659045eab2bbc92","163","2","0","early","yes","harmful","True","True","still_correct","98","230","-132","completed","completed","326.5","326.5","326.5","The candidate answer matches the reference answer.","The candidate answer matches the reference answer."
"prm-42aea905c1b49570","165","2","0","middle","yes","redundant","True","True","still_correct","71","119","-48","completed","completed","2","2","2","The candidate answer 2 is mathematically equivalent to the reference answer 2.","Both answers are numerically equal."
"prm-db5fb9c45b89211e","166","2","1","middle","no","essential","True","False","correct_to_wrong","191","132","59","completed","completed","(8, -2)","(4, -2)","(8,-2)","The candidate answer is mathematically equivalent to the reference answer.","The candidate answer does not match the reference answer."
"prm-a17bb33b5cced852","169","2","1","late","yes","redundant","True","True","still_correct","132","145","-13","completed","completed","\frac{14}{3}","\frac{14}{3}","\frac{14}{3}","The candidate answer is mathematically equivalent to the reference answer.","The candidate answer matches the reference answer."
"prm-57b082ca295d4211","170","2","0","late","yes","redundant","True","True","still_correct","103","71","32","completed","completed","256","256","256","Both answers are the same.","The candidate answer 256 is mathematically equivalent to the reference answer 256."
"prm-67c15cd755da8374","171","2","1","early","no","essential","True","True","still_correct","303","342","-39","completed","completed","The domain of the function is $(-\infty, 2) \cup (3, \infty)$","$(-\infty, 2) \cup (3, \infty)$","(-\infty, 2) \cup (3, \infty)","The candidate answer matches the reference answer.","The candidate answer matches the reference answer."
"prm-0c1ebea011e80ccd","172","2","-1","middle","no","harmful","False","True","wrong_to_correct","206","95","111","completed","completed","$-rac{	heta}{6}$","-\frac{\pi}{6}","-\frac{\pi}{6}","The candidate answer is incorrect; the reference answer is -\frac{\pi}{6}.","The candidate answer matches the reference answer."
"prm-b2a4ce5f01127d75","173","2","1","late","yes","redundant","True","True","still_correct","71","81","-10","completed","completed","2","2","2","The candidate answer 2 is mathematically equivalent to the reference answer 2.","The expression is not defined when the denominator is zero. Solving $x^2 - 9 = 0$ gives two values of $x$: $x = 3$ and $x = -3$."
"prm-56f31f0da676983f","175","2","-1","middle","no","harmful","False","True","wrong_to_correct","2048","195","1853","cannot_continue","completed","","\boxed{\frac{1997}{2}}","\frac{1997}{2}","No candidate final answer was produced.","The candidate answer matches the reference answer."
"prm-1ef2f094b18fa4d5","178","2","-1","early","no","harmful","True","True","still_correct","522","440","82","completed","completed","25","25","25","The candidate answer matches the reference answer.","The candidate answer matches the reference answer."
"prm-934ae181dbf1e5d6","181","2","-1","late","no","harmful","True","True","still_correct","133","83","50","logical_break","completed","121","121","121","The candidate answer 121 is mathematically equivalent to the reference answer 121.","Both answers are numerically equal."
"prm-df9bfb129e27eea5","183","2","0","middle","no","harmful","True","True","still_correct","581","492","89","completed","completed","6","6","6","The candidate answer matches the reference answer.","Both answers are the same."
"prm-cfbe55fef530eeea","184","2","1","early","no","essential","True","True","still_correct","188","143","45","completed","completed","0","0","0","The candidate answer is mathematically equivalent to the reference answer.","The candidate answer matches the reference answer."
"prm-17ba4f9e4d89154f","186","2","-1","late","no","harmful","False","True","wrong_to_correct","93","119","-26","completed","completed","17","23","23","The greatest common factor of 6432 and 132 is 24, and 24 + 11 = 35, not 17.","The candidate answer 23 is mathematically equivalent to the reference answer 23."
"prm-6a5663499dcdfb6e","187","2","1","early","no","essential","True","True","still_correct","269","306","-37","completed","completed","\frac{17}{50}","\frac{34}{100} = \frac{17}{50}","\dfrac{17}{50}","The candidate answer matches the reference answer.","The candidate answer is algebraically equivalent to the reference answer."
"prm-9e945c5a20713eba","188","2","0","late","no","essential","True","True","still_correct","78","81","-3","completed","completed","25","25","25","The candidate answer matches the reference answer.","The candidate answer matches the reference answer."
"prm-61fb797f33ef26d1","190","2","-1","late","no","harmful","True","True","still_correct","136","127","9","completed","completed","9","9","9","The candidate answer matches the reference answer.","Both answers are mathematically equivalent."
"prm-d828d740ba9cd096","191","2","1","early","no","essential","True","True","still_correct","306","199","107","completed","completed","$4343_6$","$4343_6$","4343_6","Both answers are equal.","The candidate answer matches the reference answer."
"prm-569d7cf9abe65f34","194","2","1","early","no","essential","False","True","wrong_to_correct","2048","196","1852","cannot_continue","completed","","5","x=5","No candidate final answer was produced.","The candidate answer matches the reference answer."
"prm-51383cc20140c6d4","195","2","0","middle","yes","redundant","True","True","still_correct","260","260","0","completed","completed","59","59","59","The candidate answer matches the reference answer.","The candidate answer matches the reference answer."
"prm-738ac1e91010e501","197","2","1","early","yes","redundant","True","True","still_correct","136","192","-56","completed","completed","6","6","6","The candidate answer 6 is mathematically equivalent to the reference answer 6.","Both answers are numerically equal."
"prm-ebe33b841de11dec","198","2","1","late","no","essential","True","True","still_correct","79","87","-8","completed","completed","56","56","56","The candidate answer is mathematically equivalent to the reference answer.","The candidate answer matches the reference answer."
"prm-178620daeb1c879c","199","2","1","late","no","essential","True","True","still_correct","160","81","79","completed","completed","(15, -29)","(15, -29)","(15,-29)","The candidate answer matches the reference answer.","Both answers are the same."
"prm-48b0d62a1035c5eb","201","2","-1","early","no","harmful","True","True","still_correct","254","205","49","completed","completed","24","24","24","The candidate answer matches the reference answer.","The candidate answer matches the reference answer."
"prm-1eb61d347e7307c6","202","2","1","late","yes","redundant","True","True","still_correct","104","134","-30","completed","completed","5","5","5","The candidate answer matches the reference answer.","The candidate answer 5 is mathematically equivalent to the reference answer 5."
"prm-7616aa089b45809c","204","2","0","late","no","essential","True","True","still_correct","129","64","65","completed","completed","3","3","3","The candidate answer matches the reference answer.","The candidate answer matches the reference answer."
"prm-c5d0b2ae9f6de94a","205","2","1","middle","yes","redundant","True","False","correct_to_wrong","362","377","-15","completed","completed","Chris is currently 10 years old.","Chris is 10 years old now.","10","The candidate answer correctly states Chris's age as 10, matching the reference answer.","The candidate answer includes extra text and does not provide a numerical answer."
"prm-32ce22f0573267db","206","2","1","early","yes","redundant","False","True","wrong_to_correct","229","254","-25","completed","completed","2","3","3","The factors of both 100 and 150 are 1, 2, 5, 10, 25, 50. The positive two-digit factors are 10, 25, 50. The candidate answer is incorrect.","Both answers are mathematically equivalent."
"prm-73806d5bdc6ee15f","207","2","0","late","yes","redundant","True","True","still_correct","282","249","33","completed","completed","11","11","11","Both answers are equal.","The candidate answer matches the reference answer."
"prm-def1910362f8da38","210","2","1","early","no","essential","True","True","still_correct","625","484","141","completed","completed","6","6","6","The candidate answer matches the reference answer.","The candidate answer matches the reference answer."
"prm-2d520973414e1dcb","211","2","1","middle","yes","redundant","True","True","still_correct","125","116","9","completed","completed","27","27","27","Both answers are equal to 27.","Both answers are equal."
"prm-6fb0c8f8ee2ebabd","213","2","0","middle","no","harmful","True","True","still_correct","159","256","-97","completed","completed","11","11","11","The candidate answer 11 is mathematically equivalent to the reference answer 11.","The candidate answer matches the reference answer."
"prm-3d9ad8daca3b8faa","214","2","-1","late","no","harmful","True","True","still_correct","313","138","175","completed","completed","$A + B + C + D = 2 + 2 + 3 + 6 = 13$","13","13","The candidate answer is mathematically equivalent to the reference answer.","The candidate answer matches the reference answer."
"prm-2413c903941648a5","215","2","-1","early","no","essential","False","True","wrong_to_correct","932","788","144","completed","completed","\boxed{\dfrac{169}{36}}","\dfrac{13}{6}","\frac{13}{6}","The candidate answer is incorrect; the correct answer is $\frac{13}{6}$, not $\boxed{\dfrac{169}{36}}$.","Both answers are the same."
"prm-c7fdd3c01ea7968c","217","2","1","late","no","essential","True","True","still_correct","131","147","-16","completed","completed","10\%","10%","10","The candidate answer matches the reference answer.","The candidate answer matches the reference answer."
"prm-b30d7b8afa669a70","218","2","-1","early","no","essential","False","True","wrong_to_correct","415","495","-80","completed","completed","$(2, rac{21}{10}) igcup (rac{21}{10}, 102)$","$(2, 12) igcup (12, 102)$","(2,12) \cup (12,102)","The reference answer is (2,12) \cup (12,102), but the candidate answer is (2, rac{21}{10}) \cup (rac{21}{10}, 102), which is not mathematically equivalent.","The candidate answer $(2, 12) igcup (12, 102)$ is mathematically equivalent to the reference answer $(2,12) \cup (12,102)$."
"prm-9d4dfc92d2809bdb","219","2","0","late","yes","redundant","True","True","still_correct","73","114","-41","completed","completed","3","3","3","The candidate answer matches the reference answer.","Both answers are the same."
"prm-fe9bce2e8059e597","222","2","-1","middle","no","harmful","True","True","still_correct","120","126","-6","completed","completed","-50","-50","-50","The candidate answer matches the reference answer.","The candidate answer matches the reference answer."
"prm-caf345262620d432","223","2","0","late","yes","redundant","True","True","still_correct","163","85","78","completed","completed","137\frac{1}{2}","$137\frac{1}{2}$","137 \frac{1}{2}","The candidate answer is mathematically equivalent to the reference answer.","The candidate answer matches the reference answer."
"prm-2a5b9be75f2130c8","224","2","-1","early","no","harmful","False","True","wrong_to_correct","146","222","-76","completed","completed","\boxed{\left(\dfrac{20}{37}\right)^{55}}","1","1","The candidate answer is incorrect. The correct answer is 1, as (4 5/8 * 8/37)^55 = (37/37)^55 = 1.","The candidate answer matches the reference answer."
"prm-7cf98f01d85acf4d","225","2","1","middle","no","harmful","False","True","wrong_to_correct","205","177","28","completed","completed","circle","ellipse","\text{ellipse}","The candidate answer circle is not mathematically equivalent to the reference answer \text{ellipse}.","Both answers are the same."
"prm-f66c436ea5314143","227","2","-1","late","yes","redundant","False","True","wrong_to_correct","2048","303","1745","cannot_continue","completed","","44","44","No candidate final answer was produced.","Both answers are equal."
"prm-e457a6097bf292ad","228","2","1","late","no","essential","True","True","still_correct","181","100","81","completed","completed","(\frac{3}{2}, -13)","(\frac{3}{2}, -13)","\left( \frac{3}{2}, -13 \right)","The ordered pair $ (m, b) $ is $ rac{3}{2}, -13 $, which matches the candidate answer.","The reference answer is $\left( \frac{3}{2}, -13 \right)$ and the candidate answer is $(\frac{3}{2}, -13)$."
"prm-91db4cb8cb67916a","230","2","1","early","yes","redundant","True","True","still_correct","446","380","66","completed","completed","3","3","3","The candidate answer is mathematically equivalent to the reference answer.","The candidate answer matches the reference answer."
"prm-24135c674fb88634","231","2","-1","middle","no","harmful","False","True","wrong_to_correct","393","319","74","completed","completed","667","333","333","The candidate answer is incorrect; the correct answer is $333$, not $667$.","Both answers are the same."
"prm-d139e98806701b02","232","2","0","late","yes","redundant","True","True","still_correct","92","92","0","completed","completed","\frac{5}{9}","\frac{5}{9}","\frac 59","The candidate answer is mathematically equivalent to the reference answer.","The candidate answer is mathematically equivalent to the reference answer."
"prm-499e50d1f2d6148c","233","2","-1","early","yes","harmful","True","True","still_correct","79","151","-72","completed","completed","0.15","0.15","0.15","The candidate answer matches the reference answer.","The candidate answer matches the reference answer."
"prm-d9a76b21965836c2","236","2","-1","late","no","harmful","True","False","correct_to_wrong","233","70","163","completed","cannot_continue","\begin{pmatrix} \frac{16}{49} \\ \frac{48}{49} \\ \frac{24}{49} \end{pmatrix}","","\begin{pmatrix} 16/49 \\ 48/49 \\ 24/49 \end{pmatrix}","The candidate answer matches the reference answer.","No candidate final answer was produced."
"prm-a3a05daf8f16a52f","237","2","0","early","no","essential","True","False","correct_to_wrong","423","152","271","completed","completed","203","The smallest number of coins you could have had before finding the bag of 53 coins is 147.","203","The candidate answer matches the reference answer of 203.","The candidate answer is incorrect. The correct value is 203."
"prm-47679397406393e0","238","2","1","early","yes","redundant","True","True","still_correct","179","198","-19","completed","completed","$4210_5$","$4210_5$","4210_{5}","The candidate answer matches the reference answer.","The candidate answer matches the reference answer."
"prm-01441d1b7d95366c","240","2","1","middle","no","essential","False","True","wrong_to_correct","2048","283","1765","cannot_continue","completed","","600","600","No candidate final answer was produced.","The candidate answer matches the reference answer."
"prm-8acbcd62bf310d16","241","2","1","middle","yes","redundant","True","True","still_correct","218","287","-69","completed","completed","7","7","7","The candidate answer matches the reference answer.","Both answers are the same."
"prm-14fb1048eb99d376","242","2","-1","late","yes","redundant","True","True","still_correct","106","114","-8","completed","completed","6, -4, -24","$6r^2 - 4r - 24$","6r^2-4r-24","The candidate answer is mathematically equivalent to the reference answer.","The candidate answer is algebraically equivalent to the reference answer."
"prm-295680b6ca231154","243","2","-1","early","no","essential","True","True","still_correct","213","243","-30","completed","completed","9","9","9","Both answers are equal to 9.","Both answers are equal."
"prm-47a902d41e673ff6","245","2","0","middle","yes","redundant","False","True","wrong_to_correct","362","307","55","completed","completed","16","14","14","The candidate answer is not mathematically equivalent to the reference answer.","The candidate answer matches the reference answer."
"prm-0700321e0038e3d1","246","2","0","early","yes","redundant","True","False","correct_to_wrong","162","106","56","completed","completed","83","x = -79","83","The candidate answer matches the reference answer.","The candidate answer is not mathematically equivalent to the reference answer."
"prm-9156dcd21a3e42c0","247","2","1","middle","no","essential","True","True","still_correct","105","170","-65","completed","completed","5","5","5","The candidate answer matches the reference answer.","Both answers are the same."
"prm-14c85f1b92bf8cfb","248","2","-1","middle","no","harmful","True","True","still_correct","159","109","50","completed","completed","49","49","49","The candidate answer is mathematically equivalent to the reference answer.","The candidate answer is mathematically equivalent to the reference answer."
"prm-8fb8c12bb402ec2d","249","2","0","late","yes","redundant","True","True","still_correct","108","74","34","completed","completed","3","3","3","The candidate answer matches the reference answer.","The candidate answer matches the reference answer."
"prm-65435eea6f0c0b9a","250","2","0","late","yes","redundant","True","True","still_correct","118","80","38","completed","completed","64","64","64","The candidate answer matches the reference answer.","The candidate answer matches the reference answer."
"prm-2dfd8218ce19b305","252","2","0","late","yes","redundant","True","True","still_correct","124","126","-2","completed","completed","(-\infty, 2) \cup (3, \infty)","(-\infty, 2) \cup (3, \infty)","(-\infty, 2) \cup (3, \infty)","The candidate answer matches the reference answer.","The candidate answer matches the reference answer."
"prm-57a23b7d9d387a2d","254","2","0","middle","no","harmful","False","True","wrong_to_correct","129","104","25","completed","completed","1.12","1.25","1.25","The correct answer is 1.25, but the candidate answer is 1.12.","The candidate answer matches the reference answer."
"prm-ac01250021f796d9","256","2","0","middle","yes","redundant","False","True","wrong_to_correct","494","426","68","completed","completed","256","203","203","The candidate answer is incorrect. The smallest number of coins before finding the bag of 53 coins is 203, not 256.","The candidate answer matches the reference answer."
"prm-0ade6393f937db17","257","2","1","middle","yes","redundant","True","True","still_correct","188","83","105","completed","completed","2","2","2","The candidate answer matches the reference answer.","Both answers are the same."
"prm-77a86cb6e4dfd1aa","258","2","1","middle","no","essential","True","True","still_correct","126","153","-27","completed","completed","26 × 25 × 10 × 9 = 58500","26 × 25 × 10 × 9 = 58500","58,500","The candidate answer is mathematically equivalent to the reference answer.","The candidate answer is mathematically equivalent to the reference answer."
"prm-99891d43a5e736a5","259","2","0","late","yes","redundant","True","True","still_correct","119","113","6","completed","completed","12","12","12","Both answers are equal to 12.","Both answers are equal."
"prm-977f248f4b7b1084","260","2","0","middle","yes","redundant","True","True","still_correct","473","531","-58","completed","completed","1030","1030","1030","The value of $ a + b $ is 1030, which matches the candidate answer.","The reference answer is 1030 and the candidate answer is also 1030."
"prm-f77af5e177e450d9","261","2","0","late","no","essential","True","True","still_correct","88","162","-74","completed","completed","[-2, 7]","[-2, 7]","x \in [-2,7]","The candidate answer is mathematically equivalent to the reference answer.","The candidate answer is mathematically equivalent to the reference answer, with a formatting difference."
"prm-55ea704e2707c428","262","2","0","middle","yes","redundant","True","True","still_correct","360","393","-33","completed","completed","\boxed{\frac{1}{8}}","\frac{1}{8}","\frac{1}{8}","The candidate answer matches the reference answer.","The candidate answer matches the reference answer."
"prm-3ef9d1189683f74d","263","2","-1","late","no","harmful","False","True","wrong_to_correct","178","131","47","completed","completed","240","480","480","The candidate answer is half the correct value. The correct answer is 480, but the candidate answer is 240.","Both answers are the same."
"prm-51eccaad45590836","264","2","-1","middle","no","harmful","False","True","wrong_to_correct","95","146","-51","completed","completed","6","1","1","The candidate answer is incorrect. The correct value is 1, but the candidate answer is 6.","The candidate answer is mathematically equivalent to the reference answer."
"prm-ac1c971aefdf8aad","265","2","0","early","no","harmful","True","True","still_correct","309","157","152","completed","completed","2","\boxed{2}","2","The candidate answer matches the reference answer.","The candidate answer matches the reference answer."
"prm-e5b42c42ddfdfe89","267","2","0","early","yes","redundant","False","True","wrong_to_correct","267","280","-13","completed","completed","$ f(2015,2) = 1 $","$ f(2015, 2) = 1 $","1","The candidate answer is not mathematically equivalent to the reference answer.","Both answers are the same."
"prm-4dbc982a4c31d7d8","269","2","1","late","no","harmful","True","True","still_correct","798","329","469","completed","completed","\boxed{2}","2","2","The candidate answer matches the reference answer of 2.","The largest value of $a$ such that the graph intersects every horizontal line at least once is 2."
"prm-92cd9c4d155c7994","270","2","0","early","yes","redundant","True","True","still_correct","248","122","126","completed","completed","1600","1600","1600","The candidate answer matches the reference answer.","The candidate answer matches the reference answer."
"prm-d86397c6b2e063ff","271","2","0","early","no","essential","True","False","correct_to_wrong","350","295","55","completed","completed","4","2","4","The candidate answer is mathematically equivalent to the reference answer.","The candidate answer provides a different modulo 7 remainder (2) compared to the reference answer (4)."
"prm-b141684d5ef466c9","273","2","0","middle","yes","redundant","True","True","still_correct","214","198","16","completed","completed","0.15","0.15","0.15","The candidate answer matches the reference answer.","Both answers are the same."
"prm-00177cb1b6246e3e","274","2","1","late","no","essential","True","True","still_correct","73","65","8","completed","completed","$11\sqrt{2}$","11\sqrt{2}","11\sqrt2","The candidate answer is mathematically equivalent to the reference answer.","The candidate answer is algebraically equivalent to the reference answer."
"prm-210861cfb25add07","278","2","0","late","yes","redundant","True","True","still_correct","63","73","-10","completed","completed","3","3","3","The candidate answer matches the reference answer.","The candidate answer matches the reference answer."
"prm-fa87724dc0063e72","279","2","-1","late","no","harmful","True","True","still_correct","96","51","45","completed","completed","6","6","6","Both answers are equal.","Both answers are the same."
"prm-656a46c9640db820","281","2","0","early","yes","redundant","True","False","correct_to_wrong","560","411","149","completed","completed","15","The minimum value of $ f(x) $ on the interval $ [p, 15] $ is $ 15 - p $, achieved at $ x = 15 $.","15","The candidate answer matches the reference answer.","The candidate answer is not mathematically equivalent to the reference answer."
"prm-d9e44ee7bd1dadc6","282","2","-1","late","no","harmful","False","True","wrong_to_correct","69","217","-148","completed","completed","8","4","4","The reference answer is 4, but the candidate answer is 8.","The candidate answer matches the reference answer."
"prm-7a821b119f49c100","283","2","1","early","yes","redundant","True","True","still_correct","251","261","-10","completed","completed","3","3","3","The candidate answer matches the reference answer.","Both answers are the same."
"prm-76baed35df6fb032","284","2","1","middle","yes","redundant","True","True","still_correct","120","175","-55","completed","completed","90","90","90","The candidate answer matches the reference answer.","The candidate answer matches the reference answer."
"prm-f418b9680e5a9dc1","285","2","-1","early","no","harmful","True","True","still_correct","155","118","37","completed","completed","$\sqrt{53}$","\sqrt{53}","\sqrt{53}","The candidate answer matches the reference answer of $\sqrt{53}$.","The square root of 53 cannot be simplified further."
"prm-23e4bf45fefddfca","287","2","-1","late","no","harmful","False","True","wrong_to_correct","81","98","-17","completed","completed","125","1250","1250","The candidate answer is not mathematically equivalent to the reference answer.","Both the candidate answer and the reference answer are 1250."
"prm-ea4bf8ee91052d6e","288","2","0","early","yes","redundant","True","True","still_correct","310","264","46","completed","completed","143","143","143","The candidate answer matches the reference answer.","The candidate answer matches the reference answer."
"prm-22008191f0fcf07c","289","2","0","late","yes","redundant","True","True","still_correct","213","239","-26","completed","completed","0.35625","0.35625",".35625","The candidate answer matches the reference answer.","Both answers are the same."
"prm-d53813f5acf46dc2","290","2","1","late","no","essential","True","True","still_correct","127","103","24","completed","completed","[-2, 7]","[-2, 7]","x \in [-2,7]","The candidate answer is mathematically equivalent to the reference answer.","The candidate answer is mathematically equivalent to the reference answer."
"prm-374f893a0a7e07c4","292","2","1","early","yes","redundant","True","True","still_correct","144","154","-10","completed","completed","0","0","0","The candidate answer matches the reference answer.","The candidate answer is correct. When $ a = 4 $, substituting into the equation $ 3x + 2y = 12 $ gives $ b = 0 $."
"prm-6b443c0ab9016cf3","293","2","0","middle","yes","redundant","True","True","still_correct","82","96","-14","completed","completed","90","90","90","The candidate answer is mathematically equivalent to the reference answer.","The candidate answer matches the reference answer."
"prm-9b09489564767b9d","294","2","0","early","no","essential","True","True","still_correct","372","352","20","completed","completed","30","30","30","The candidate answer matches the reference answer.","The candidate answer matches the reference answer."
"prm-b02cba206762c771","295","2","1","middle","no","essential","True","True","still_correct","152","171","-19","completed","completed","$78","$78","78","Both answers are equal.","The candidate answer matches the reference answer."
"prm-1590d85cae7720a6","296","2","1","late","yes","redundant","True","True","still_correct","118","131","-13","completed","completed","1","1","1","The candidate answer is correct and mathematically equivalent to the reference answer.","The candidate answer is mathematically equivalent to the reference answer."
"prm-8d9aac49538338f6","297","2","1","early","no","essential","True","True","still_correct","149","95","54","completed","completed","60","60","60","The candidate answer matches the reference answer.","The candidate answer matches the reference answer."
"prm-c00e9d4b22a619cf","299","2","0","early","no","harmful","True","True","still_correct","181","364","-183","completed","completed","2","2","2","The candidate answer matches the reference answer.","Both answers are the same."
"prm-6994d64b52995162","300","2","-1","middle","no","harmful","False","True","wrong_to_correct","93","150","-57","completed","completed","1/3","4/9","\frac{4}{9}","The candidate answer is not numerically equivalent to the reference answer.","The candidate answer is mathematically equivalent to the reference answer."
"prm-3490f4298028248f","301","2","0","middle","no","harmful","True","True","still_correct","90","97","-7","completed","completed","1.25","1.25","1.25","The candidate answer matches the reference answer of 1.25.","The total distance is $\frac{1}{2} + \frac{3}{4} + \frac{1}{2} = 1.25$ miles."
"prm-5163da324c8a2bc9","303","2","1","early","no","essential","True","True","still_correct","476","409","67","completed","completed","20","20","20","The candidate answer is mathematically equivalent to the reference answer.","Both the candidate answer and the reference answer are 20."
"prm-060b37de44a23f9c","304","2","1","late","yes","redundant","True","False","correct_to_wrong","126","239","-113","completed","completed","1","3","1","The candidate answer matches the reference answer.","The candidate answer does not match the reference answer."
"prm-6a48687cd49dd67e","305","2","-1","late","yes","harmful","True","True","still_correct","119","112","7","completed","completed","x^5 - x^4 + x^3 - x^2 + x - 1","$x^5 - x^4 + x^3 - x^2 + x - 1$","x^5 - x^4 + x^3 - x^2 + x - 1","The candidate answer matches the reference answer.","Both answers are the same."
"prm-4f8665f0a19739c3","307","2","0","late","no","harmful","True","True","still_correct","199","296","-97","completed","completed","12","12","12","Both answers are equal to 12.","Both answers are equal."
"prm-a3fb1524920e2118","308","2","0","middle","yes","redundant","True","True","still_correct","150","183","-33","completed","completed","1","1","1","The candidate answer matches the reference answer.","The candidate answer is correct. The smallest integer value for $ x $ such that $ f(x) $ has a real number value is 1."
"prm-b776a9c2dead1877","309","2","0","late","yes","redundant","True","True","still_correct","71","101","-30","completed","completed","4","4","4","The candidate answer is mathematically equivalent to the reference answer.","The candidate answer matches the reference answer."
"prm-31f315049adee361","310","2","0","late","yes","redundant","True","True","still_correct","103","67","36","completed","completed","284","284","284","The candidate answer matches the reference answer.","The candidate answer matches the reference answer."
"prm-0796ce8561574c8c","311","2","1","late","no","essential","True","True","still_correct","85","120","-35","completed","completed","7","7","7","Both answers are equal.","The candidate answer matches the reference answer."
"prm-fa241fc7e4a6f419","312","2","1","late","yes","redundant","True","False","correct_to_wrong","61","144","-83","completed","completed","36","40","36","The candidate answer is correct and mathematically equivalent to the reference answer.","The candidate answer is incorrect; the correct value is 36, not 40."
"prm-a619a9e3e9a63362","313","2","1","late","yes","redundant","True","True","still_correct","57","57","0","completed","completed","\frac{\sqrt{3}}{3}","\frac{\sqrt{3}}{3}","\frac{\sqrt{3}}{3}","The candidate answer matches the reference answer.","The candidate answer matches the reference answer."
"prm-b3c55327f85d52bf","314","2","-1","late","no","essential","True","False","correct_to_wrong","216","276","-60","completed","completed","$(-\infty, 2) \cup (3, \infty)$","$(-	ext{infty}, 2) 	ext{ union } (3, 	ext{infty})$","(-\infty, 2) \cup (3, \infty)","The candidate answer matches the reference answer.","The candidate answer is incorrect. The correct answer is (-\infty, 2) \cup (3, \infty)."
"prm-4c7b0daf67f174f2","315","2","0","middle","no","harmful","False","True","wrong_to_correct","209","234","-25","completed","completed","4\sqrt{6}","16\sqrt{3}","16 \sqrt{3}","The candidate answer is not mathematically equivalent to the reference answer.","Both answers are the same."
"prm-bd9c89c30ff0439e","316","2","1","late","no","essential","True","True","still_correct","171","172","-1","completed","completed","(-\infty, 2) \cup (3, \infty)","(-\infty, 2) \cup (3, \infty)","(-\infty, 2) \cup (3, \infty)","The candidate answer matches the reference answer.","The candidate answer matches the reference answer."
"prm-8cc3ef6509ad6fbf","317","2","1","early","no","essential","True","True","still_correct","218","267","-49","completed","completed","8","8","8","The candidate answer matches the reference answer of 8.","The expression simplifies to $ab$, which has 4 divisors (1, a, b, ab). However, since $a$ and $b$ are distinct primes, the number of divisors is $ (1+1)(1+1) = 4 $. The reference answer is incorrect, but the candidate answer is correct."
"prm-649bf3fbe6231218","318","2","1","late","no","essential","True","True","still_correct","75","71","4","completed","completed","200","200","200","The candidate answer matches the reference answer.","The candidate answer matches the reference answer."
"prm-1fa85012955acc38","322","2","1","early","no","essential","True","True","still_correct","689","744","-55","completed","completed","25","25","25","The candidate answer 25 is mathematically equivalent to the reference answer 25.","The candidate answer is mathematically equivalent to the reference answer."
"prm-bbdc2cbce9d5d71d","324","2","1","middle","no","essential","True","False","correct_to_wrong","286","272","14","completed","completed","\boxed{\frac{8}{21}}","\boxed{\frac{8}{21}}","\frac{8}{21}","The candidate answer matches the reference answer.","The candidate answer is incorrect. The simplified form of $ rac{1}{5} 	imes rac{8}{7} 	imes rac{20}{12} $ is $ rac{8}{21} $, not $ oxed{rac{8}{21}} $."
"prm-3b8fc6d3080aade1","326","2","0","late","yes","redundant","True","True","still_correct","181","114","67","completed","completed","4","4","4","The candidate answer matches the reference answer.","The candidate answer matches the reference answer."
"prm-24d79d07da1abeb8","327","2","0","middle","no","essential","True","True","still_correct","275","211","64","completed","completed","33","$c = 33$","33","Both answers are equal.","The candidate answer matches the reference answer."
"prm-9ef4a4362f8a777c","329","2","0","middle","no","essential","True","True","still_correct","287","429","-142","completed","completed","14","14","14","Both answers are equal to 14.","The candidate answer matches the reference answer."
"prm-242890b88c115e2c","332","2","1","late","no","essential","True","False","correct_to_wrong","368","296","72","completed","completed","\boxed{\textbf{(B)}}","\boxed{\textbf{(B)}}","\text{(B)}","The candidate answer matches the reference answer.","The candidate answer includes a box around the answer, which is not present in the reference answer."
"prm-05db80661c2eea87","335","2","0","late","yes","redundant","True","True","still_correct","104","176","-72","completed","completed","60","60","60","The candidate answer is mathematically equivalent to the reference answer.","Both the candidate answer and the reference answer are 60."
"prm-ca096eb77c3d707b","337","2","0","early","yes","redundant","False","True","wrong_to_correct","234","364","-130","completed","completed","63","46","46","The candidate answer (63) does not satisfy the given equation. The correct answer is 46.","The candidate answer matches the reference answer."
"prm-dbb76c0284dc2629","338","2","-1","early","yes","harmful","False","True","wrong_to_correct","320","330","-10","completed","completed","45","46","46","The candidate answer 45 is not mathematically equivalent to the reference answer 46.","The candidate answer is mathematically equivalent to the reference answer."
"prm-c93b572ed45d09e3","339","2","-1","middle","no","harmful","True","True","still_correct","101","109","-8","completed","completed","8","8","8","Both answers are equal to 8.","Both answers are equal."
"prm-7805f2fb660af82c","340","2","1","middle","no","essential","False","True","wrong_to_correct","2048","174","1874","cannot_continue","completed","","2","2","No candidate final answer was produced.","The candidate answer is correct. From $ 	an A = rac{	ext{opposite}}{	ext{adjacent}} $, and $ rac{	ext{opposite}}{	ext{adjacent}} = 2 $, it follows that $ 	an A = 2 $."
"prm-694eda0133adae37","341","2","0","middle","yes","redundant","True","True","still_correct","150","150","0","completed","completed","1","1","1","The candidate answer is mathematically equivalent to the reference answer.","The candidate answer matches the reference answer."
"prm-2953ceb48c3d11eb","343","2","0","early","no","harmful","True","True","still_correct","119","153","-34","completed","completed","326.5","326.5","326.5","Both answers are equal.","The candidate answer matches the reference answer."
"prm-5be58b31f228d28e","344","2","-1","early","yes","harmful","True","True","still_correct","321","230","91","completed","completed","63","63","63","The candidate answer is correct and mathematically equivalent to the reference answer.","Both answers are the same."
"prm-de2964131ac70829","345","2","1","early","no","harmful","True","True","still_correct","169","206","-37","completed","completed","5","5","5","Both answers are equal to 5.","The candidate answer matches the reference answer."
"prm-a9006452bf5662ee","346","2","-1","early","yes","redundant","True","True","still_correct","382","356","26","completed","completed","$x = 11$","$\boxed{11}$","11","The candidate answer matches the reference answer.","The candidate answer matches the reference answer."
"prm-9def3665fa2dd260","347","2","1","middle","no","harmful","True","True","still_correct","295","317","-22","completed","completed","41","41","41","The candidate answer matches the reference answer.","Both reference and candidate answers are equal."
"prm-317d37656fcc5ddd","348","2","0","middle","no","essential","True","True","still_correct","286","434","-148","completed","completed","4495","4495","4495","The candidate answer matches the reference answer.","The candidate answer matches the reference answer."
"prm-7aacc6952228d379","349","2","1","late","no","essential","True","True","still_correct","114","121","-7","completed","completed","$6r^2 - 4r - 24$","6r^2 - 4r - 24","6r^2-4r-24","The candidate answer is algebraically equivalent to the reference answer.","The simplified expression is $ 6r^2 - 4r - 24 $, which matches the reference answer."
"prm-ac7f15288ce11c38","350","2","-1","early","yes","harmful","False","True","wrong_to_correct","74","219","-145","logical_break","completed","","6","6","No candidate final answer was produced.","The candidate answer matches the reference answer."
"prm-7a422bc7fddfdf54","351","2","-1","middle","no","harmful","True","False","correct_to_wrong","78","154","-76","completed","completed","14","84 daps","40","The candidate answer is mathematically equivalent to the reference answer.","The candidate answer provides a different value (84 daps) compared to the reference answer (40)."
"prm-3fb0a1041b0e6522","352","2","-1","early","yes","harmful","False","True","wrong_to_correct","74","100","-26","completed","completed","4","0","0","The candidate answer is incorrect. The remainder of 2004 divided by 12 is 0, not 4.","The candidate answer matches the reference answer."
"prm-fa4778df65d9a289","353","2","-1","middle","no","harmful","False","True","wrong_to_correct","146","410","-264","completed","completed","\frac{4}{3}","1","1","The candidate answer (4/3) does not satisfy the equation. The correct answer is 1.","The candidate answer matches the reference answer."
"prm-4dece02217f93500","354","2","0","late","yes","redundant","True","True","still_correct","67","56","11","completed","completed","3\sqrt{13}","3\sqrt{13}","3\sqrt{13}","The candidate answer 3\sqrt{13} is mathematically equivalent to the reference answer 3\sqrt{13}.","The candidate answer is mathematically equivalent to the reference answer."
"prm-2d6ec7aa85de8014","355","2","0","middle","yes","redundant","True","True","still_correct","166","85","81","completed","completed","256","\sqrt{f(16)} = \sqrt{2^{16}} = \sqrt{65536} = 256","256","Both answers are equal to 256.","The candidate answer correctly simplifies the expression to 256, matching the reference answer."
"prm-c7bf20109ee3402e","357","2","-1","late","no","harmful","False","True","wrong_to_correct","110","182","-72","completed","completed","104","103","103","The candidate answer 104 is not the smallest number greater than 100 that is 3 more than a multiple of 7. The correct answer is 103.","The candidate answer matches the reference answer."
"prm-7449b3260474567e","358","2","1","late","no","essential","True","True","still_correct","46","101","-55","completed","completed","14","14","14","The candidate answer matches the reference answer.","Both answers are numerically equal."
"prm-1fdd16bd5ee2ebb1","362","2","0","early","no","harmful","False","True","wrong_to_correct","2048","341","1707","cannot_continue","completed","","\frac{\sqrt{3}}{3}","\frac{\sqrt{3}}{3}","No candidate final answer was produced.","The candidate answer matches the reference answer."
"prm-4b2cde83a58c010f","363","2","0","late","no","harmful","True","True","still_correct","107","74","33","completed","completed","326.5","326.5","326.5","The candidate answer matches the reference answer.","Both reference and candidate answers are equal."
"prm-e3b1b8595fa68428","364","2","0","early","no","harmful","True","True","still_correct","233","179","54","completed","completed","$(a + 5)(b + 2)$","(a + 5)(b + 2)","(a+5)(b+2)","The candidate answer matches the reference answer.","The candidate answer matches the reference answer."
"prm-9df86fcdc40baf88","369","2","1","early","no","essential","False","True","wrong_to_correct","273","567","-294","completed","completed","\dfrac{\sqrt{5}}{4} + \dfrac{13\sqrt{5}}{9} + 3\sqrt{5}","\dfrac{13}{6}","\frac{13}{6}","The candidate answer is not simplified to a single fraction, while the reference answer is a simplified fraction.","The candidate answer matches the reference answer."
"prm-ae5ba6e191f09528","371","2","-1","early","yes","harmful","False","True","wrong_to_correct","251","292","-41","completed","completed","140","63","63","The reference answer is 63, but the candidate answer is 140, which is not mathematically equivalent.","The candidate answer matches the reference answer of 63."
"prm-92e6c6de9151c528","373","2","1","early","no","essential","True","True","still_correct","153","305","-152","completed","completed","\frac{33}{100}","\frac{33}{100}","\dfrac{33}{100}","The candidate answer is algebraically equivalent to the reference answer.","The candidate answer matches the reference answer."
"prm-2fbe6edf19120d31","374","2","-1","late","yes","harmful","True","True","still_correct","153","116","37","completed","completed","12","12","12","The candidate answer matches the reference answer.","Both answers are numerically equal."
"prm-5bd12286ca047ec0","375","2","1","early","no","essential","True","True","still_correct","327","391","-64","completed","completed","16","16","16","Both answers are equal.","The candidate answer matches the reference answer."
"prm-64828b0b15ca157c","376","2","1","late","yes","redundant","True","True","still_correct","95","82","13","completed","completed","90","90","90","The candidate answer is correct and mathematically equivalent to the reference answer.","Both answers are the same."
"prm-6810d2c059913e28","378","2","0","middle","no","essential","False","True","wrong_to_correct","2048","167","1881","cannot_continue","completed","","2","2","No candidate final answer was produced.","The candidate answer matches the reference answer."
"prm-c01bc07ec8bcb448","379","2","-1","early","yes","harmful","False","True","wrong_to_correct","505","1074","-569","completed","completed","\boxed{0}","331","331","The candidate answer is not mathematically equivalent to the reference answer.","Both reference and candidate answers are equal."
"prm-ab1c7130781f0c6b","380","2","0","middle","no","harmful","True","False","correct_to_wrong","343","101","242","completed","completed","36","180","36","The candidate answer matches the reference answer.","The candidate answer is incorrect. The correct answer is 36, not 180."
"prm-6bdba3a9023070a1","382","2","-1","middle","no","harmful","True","True","still_correct","543","361","182","completed","completed","333","333","333","The candidate answer matches the reference answer.","The candidate answer matches the reference answer."
"prm-6ee8687119787677","383","2","1","early","yes","redundant","True","True","still_correct","436","329","107","completed","completed","-125","-125","-125","The candidate answer is mathematically equivalent to the reference answer.","The candidate answer matches the reference answer."
"prm-3d7ee20871a31c85","384","2","0","middle","yes","redundant","True","False","correct_to_wrong","317","188","129","completed","completed","6","1","6","Both answers are 6, so they are mathematically equivalent.","The candidate answer is incorrect; the correct answer is 6."
"prm-5da3ed1afff5caaa","386","2","-1","early","yes","harmful","True","True","still_correct","249","376","-127","completed","completed","\frac{1}{9} - 4 = -\frac{35}{9}","-35/9","-\frac{35}{9}","The candidate answer \frac{1}{9} - 4 = -\frac{35}{9} is mathematically equivalent to the reference answer -\frac{35}{9}.","The candidate answer -35/9 is algebraically equivalent to the reference answer -\frac{35}{9}."
"prm-49dfa9357a3a5686","387","2","0","late","no","essential","True","True","still_correct","64","90","-26","completed","completed","3","3","3","The reference answer is 3, and the candidate answer is also 3, which are mathematically equivalent.","The candidate answer matches the reference answer of 3."
"prm-91df52b1208ea81d","390","2","1","late","no","essential","True","True","still_correct","84","162","-78","completed","completed","2 * 5! * 5! = 2 * 120 * 120 = 28800","2 × 5! × 5! = 2 × 120 × 120 = 28800","28800","The candidate answer is algebraically equivalent to the reference answer.","Both answers are numerically equal."
"prm-951e8e518dae1077","391","2","1","late","no","essential","True","True","still_correct","69","92","-23","completed","completed","\boxed{\frac{13}{15}}","$rac{13}{15}$","\frac{13}{15}","Both answers are equal.","The candidate answer matches the reference answer."
"prm-ef29966d7a6bd3e2","392","2","0","early","yes","redundant","True","True","still_correct","130","85","45","completed","completed","4.5","4.5","4.5","The candidate answer is mathematically equivalent to the reference answer.","Both answers are the same."
"prm-27e89528dea4c565","394","2","0","early","yes","redundant","True","True","still_correct","84","90","-6","completed","completed","60","60","60","The candidate answer matches the reference answer.","The product 10 × 15 × 24 is 3600, and the positive square root of 3600 is 60."
"prm-f254e3a090dbe70a","395","2","1","late","no","essential","True","True","still_correct","211","133","78","completed","completed","4005","4005","4005","The candidate answer matches the reference answer.","Both reference and candidate answers are equal."
"prm-64b92977ff492b9b","396","2","-1","late","no","essential","False","True","wrong_to_correct","94","170","-76","completed","completed","1","-1","-1","The candidate answer is incorrect; the correct value of $a+b$ is $-1$.","The candidate answer matches the reference answer."
"prm-5aef13ef62a287fc","397","2","0","late","yes","redundant","True","True","still_correct","185","190","-5","completed","completed","7","7","7","The candidate answer matches the reference answer.","The number of positive integers $ n > 1 $ for which $ 2^{24} $ is a perfect $ n^{	ext{th}} $ power is 7."
"prm-c9fe17645948c6da","400","2","0","middle","yes","redundant","True","True","still_correct","249","237","12","completed","completed","11","11","11","Both answers are 11, so they are mathematically equivalent.","The candidate answer matches the reference answer."
"prm-1989a099acb06f53","401","2","0","late","yes","redundant","True","True","still_correct","305","203","102","completed","completed","27","27","27","The candidate answer matches the reference answer.","The candidate answer matches the reference answer."
"prm-d4926e70a53c8c17","402","2","1","early","yes","redundant","True","True","still_correct","588","450","138","completed","completed","13","13","13","The candidate answer 13 is mathematically equivalent to the reference answer 13.","The candidate answer matches the reference answer."
"prm-707a079b8cebba7e","403","2","-1","early","yes","harmful","False","True","wrong_to_correct","268","247","21","completed","completed","\frac{1}{2}","\frac{3}{2}","\frac{3}{2}","The reference answer is \frac{3}{2}, but the candidate answer is \frac{1}{2}, which is not mathematically equivalent.","The candidate answer matches the reference answer of 3/2."
"prm-4d125d919f106dbe","405","2","0","late","no","essential","True","True","still_correct","89","144","-55","completed","completed","137\frac{1}{2}","$137\frac{1}{2}$","137 \frac{1}{2}","The candidate answer is algebraically equivalent to the reference answer.","The candidate answer matches the reference answer."
"prm-b46df73b9c7f1dd9","406","2","-1","late","no","harmful","False","True","wrong_to_correct","152","119","33","completed","completed","\frac{4}{3}","\frac{3}{4}","\frac 34","The candidate answer is the reciprocal of the reference answer.","Both answers are numerically equal."
"prm-9ceaed5b974155d1","407","2","-1","middle","yes","redundant","True","True","still_correct","146","190","-44","completed","completed","ellipse","ellipse","\text{ellipse}","The equation represents an ellipse because it is in the form of a circle equation scaled by a factor of 2 in the x-direction, which makes it an ellipse.","The candidate answer matches the reference answer."
"prm-b61370dd7f97aa7c","408","2","1","early","no","essential","True","True","still_correct","230","292","-62","completed","completed","63","63","63","The candidate answer is mathematically equivalent to the reference answer.","Both answers are the same."
"prm-158ef0683bb8bf70","409","2","-1","late","yes","harmful","True","True","still_correct","217","198","19","completed","completed","11","11","11","Both answers are equal to 11.","The candidate answer matches the reference answer."
"prm-c95d41ec650cb773","410","2","-1","middle","yes","harmful","True","True","still_correct","86","126","-40","completed","completed","4","4","4","The candidate answer matches the reference answer.","The geometric series has a common ratio of 3/a. For the sum to be a perfect square, the smallest possible value of a is 4."
"prm-762ceff54735d7f1","411","2","0","middle","yes","redundant","True","True","still_correct","96","141","-45","completed","completed","60","60","60","The candidate answer matches the reference answer.","Both reference and candidate answers are equal."
"prm-e9f04531a844d980","412","2","-1","late","no","harmful","False","True","wrong_to_correct","82","85","-3","completed","completed","$4201_5$","$4210_5$","4210_{5}","The candidate answer is incorrect; the correct representation of $555_{10}$ in base $5$ is $4210_5$.","The candidate answer matches the reference answer."
"prm-9db27c5e8855d8c2","413","2","-1","late","yes","harmful","True","True","still_correct","359","207","152","completed","completed","16","16","16","The candidate answer matches the reference answer.","By the AM-HM inequality, the minimum value is $ 16 $, which matches the reference answer."
"prm-08169263b46b6a22","414","2","1","middle","no","essential","True","True","still_correct","198","274","-76","completed","completed","0.15","0.15","0.15","The candidate answer matches the reference answer.","The candidate answer matches the reference answer."
"prm-5636d3dc1eb6633f","415","2","-1","middle","no","harmful","True","True","still_correct","125","190","-65","completed","completed","11111111100","11111111100","11,\! 111,\! 111,\! 100","The candidate answer is mathematically equivalent to the reference answer.","The candidate answer matches the reference answer."
"prm-c502b3dc0f88dfaf","416","2","-1","early","yes","harmful","True","False","correct_to_wrong","239","2048","-1809","completed","cannot_continue","\boxed{\frac{14}{3}}","","\frac{14}{3}","Both answers are $\frac{14}{3}$, so they are mathematically equivalent.","No candidate final answer was produced."
"prm-e340bad68ddf9e2d","418","2","0","late","yes","redundant","True","True","still_correct","52","59","-7","completed","completed","0","0","0","The candidate answer 0 is mathematically equivalent to the reference answer 0.","The remainder of 2004 divided by 12 is indeed 0."
"prm-f8d5e2b8c3ae4947","419","2","0","late","yes","redundant","True","True","still_correct","83","54","29","completed","completed","1.25","1.25","1.25","The reference answer is 1.25, and the candidate answer is also 1.25, which are mathematically equivalent.","The candidate answer matches the reference answer of 1.25."
"prm-32cacde29c588ce5","420","2","1","late","no","essential","True","True","still_correct","66","91","-25","completed","completed","-9","-9","-9","The candidate answer matches the reference answer.","The candidate answer matches the reference answer."
"prm-78bd280e7dee8d22","421","2","1","middle","yes","redundant","True","True","still_correct","213","221","-8","completed","completed","11\sqrt{2}","11\sqrt{2}","11\sqrt2","The candidate answer is algebraically equivalent to the reference answer.","The candidate answer matches the reference answer."
"prm-84b3c6777c806334","422","2","-1","middle","no","harmful","False","True","wrong_to_correct","118","232","-114","completed","completed","91.33","84","84","The candidate answer is incorrect. The correct class average is 84.","Both answers are numerically equal."
"prm-2ec389700747f531","425","2","0","late","yes","redundant","True","True","still_correct","112","119","-7","completed","completed","129","129","129","Both answers are equal to 129.","The candidate answer matches the reference answer."
"prm-c95bf35f36e49166","426","2","0","late","yes","redundant","True","True","still_correct","56","55","1","completed","completed","7","7","7","The candidate answer matches the reference answer.","Let the number of nickels be n and dimes be d. Then n + d = 11 and 5n + 10d = 75. Solving these equations gives n = 7."
"prm-dba05e0cd479b592","427","2","-1","middle","no","harmful","False","True","wrong_to_correct","380","343","37","completed","completed","The largest possible value of $|a| + |b| + |c|$ is $2 + rac{1}{2} + rac{1}{2} = 3$.","17","17","The candidate answer is not mathematically equivalent to the reference answer.","Both reference and candidate answers are equal."
"prm-4f0a1eb97f47668a","429","2","1","late","yes","redundant","True","True","still_correct","176","62","114","completed","completed","2","2","2","The candidate answer matches the reference answer.","The inequality $ rac{1}{4} < rac{x}{7} < rac{1}{3} $ simplifies to $ 2 < x < rac{7}{3} $, so the integer $ x $ is $ 2 $."
"prm-43a5c71b96bc6a02","432","2","-1","middle","yes","harmful","False","True","wrong_to_correct","174","1395","-1221","completed","completed","36","24","24","The reference answer is 24, but the candidate answer is 36, which is incorrect.","The candidate answer matches the reference answer."
"prm-359b37145eea0ad1","433","2","1","middle","yes","redundant","True","True","still_correct","581","384","197","completed","completed","6","6","6","The candidate answer matches the reference answer.","The candidate answer matches the reference answer."
"prm-b22345a73912d695","434","2","1","middle","no","essential","True","True","still_correct","297","258","39","completed","completed","-1","-1","-1","The candidate answer matches the reference answer.","The candidate answer matches the reference answer."
"prm-70a2e3a4f8362a3d","435","2","1","middle","no","harmful","True","True","still_correct","125","139","-14","completed","completed","\boxed{\frac{2}{3}}","\boxed{\frac{2}{3}}","\frac{2}{3}","The reference answer is \frac{2}{3}, and the candidate answer is \boxed{\frac{2}{3}}, which are mathematically equivalent.","The candidate answer matches the reference answer of 2/3."
"prm-a7ee94dec2e0a9cc","436","2","-1","late","yes","harmful","True","True","still_correct","192","155","37","completed","completed","\frac{5}{13}","\frac{5}{13}","\frac{5}{13}","The candidate answer matches the reference answer.","The candidate answer matches the reference answer."
"prm-62cd37cf091fe105","437","2","1","early","yes","redundant","False","True","wrong_to_correct","228","229","-1","completed","completed","The number of trailing zeros in $42!$ is $\left\lfloor \frac{42}{5} \right\rfloor + \left\lfloor \frac{42}{25} \right\rfloor = 8 + 1 = 9$","9","9","The candidate answer is an explanation, not a numerical value. The correct answer is 9.","The candidate answer matches the reference answer."
"prm-27d0dda20005b851","438","2","-1","late","yes","harmful","True","True","still_correct","122","150","-28","completed","completed","9","9","9","The candidate answer matches the reference answer.","Both answers are numerically equal."
"prm-b5f8d24593f1e708","440","2","0","late","yes","redundant","True","True","still_correct","150","100","50","completed","completed","60","60","60","The candidate answer is mathematically equivalent to the reference answer.","Both answers are the same."
"prm-d3fcbd13ec57a842","441","2","1","middle","yes","redundant","True","True","still_correct","128","125","3","completed","completed","2","2","2","Both answers are equal to 2.","The candidate answer matches the reference answer."
"prm-b8e3cc348f791b5a","442","2","-1","late","yes","harmful","True","True","still_correct","58","69","-11","completed","completed","4.5","4.5","4.5","The candidate answer matches the reference answer.","The fraction 9/2 is equal to 4.5."
"prm-5c51e282ba7208e7","443","2","0","middle","no","harmful","True","True","still_correct","161","134","27","completed","completed","6","6","6","The candidate answer matches the reference answer.","Both reference and candidate answers are equal."
"prm-1e1ebbda6644be84","445","2","1","late","yes","redundant","False","True","wrong_to_correct","131","76","55","completed","completed","58500","58500","58,500","The candidate answer is missing a comma in the numerical value; the correct format is 58,500.","The candidate answer is mathematically equivalent to the reference answer."
"prm-939dcfcb80f17717","447","2","1","late","yes","redundant","True","True","still_correct","86","120","-34","completed","completed","45","45","45","The candidate answer is mathematically equivalent to the reference answer.","The candidate answer matches the reference answer."
"prm-6b1c6a29b6d1c9f7","451","2","0","early","no","harmful","True","True","still_correct","193","203","-10","completed","completed","59","59","59","The reference answer is 59, and the candidate answer is also 59, which are mathematically equivalent.","The candidate answer matches the reference answer of 59."
"prm-378914f040c48223","452","2","0","late","yes","redundant","False","True","wrong_to_correct","217","264","-47","completed","completed","$AF^2 + BF^2 + CF^2 = rac{1}{2}(a^2 + b^2 + c^2) + 3GF^2$","$AF^2 + BF^2 + CF^2 = rac{1}{3}(a^2 + b^2 + c^2) + rac{1}{3}(9R^2 - a^2 - b^2 - c^2) = 3R^2$","3R^2","The candidate answer is not mathematically equivalent to the reference answer.","The candidate answer matches the reference answer."
"prm-0d673acec3561559","455","2","-1","middle","no","harmful","True","False","correct_to_wrong","132","142","-10","completed","completed","The 8th grade should have 10 representatives.","The 8th grade should have 10 representatives.","10","The candidate answer correctly states the result, even though it includes an explanation.","The candidate answer includes a textual explanation, while the reference answer is a numerical value."
"prm-6a11cd36a6d48aac","458","2","0","middle","yes","harmful","True","False","correct_to_wrong","268","287","-19","completed","completed","64","264","64","The candidate answer matches the reference answer.","The two smallest positive integer solutions to 14u ≡ 46 (mod 100) are 64 and 164, and their average is (64 + 164)/2 = 114, not 264."
"prm-b4b221e907450223","459","2","0","late","yes","redundant","True","True","still_correct","126","64","62","completed","completed","3","3","3","The candidate answer matches the reference answer.","The candidate answer matches the reference answer."
"prm-ae250ba55293ea93","460","2","1","early","no","essential","True","True","still_correct","203","207","-4","completed","completed","\sqrt{5}","\sqrt{5}","\sqrt{5}","The candidate answer matches the reference answer.","The candidate answer matches the reference answer."
"prm-e8138a79d9f11b5f","461","2","1","late","yes","redundant","True","True","still_correct","88","146","-58","completed","completed","60","60","60","The candidate answer matches the reference answer.","The candidate answer is mathematically equivalent to the reference answer."
"prm-afb60f3ac0dd9a0b","463","2","0","middle","no","harmful","True","True","still_correct","568","610","-42","completed","completed","6","6","6","The candidate answer is mathematically equivalent to the reference answer.","The candidate answer matches the reference answer."
"prm-ce91b518cab83f12","464","2","-1","early","no","harmful","True","False","correct_to_wrong","378","381","-3","completed","completed","\boxed{100}","","100","Both answers are 100, so they are mathematically equivalent.","No candidate final answer was produced."
"prm-c3e6885bc7f884e7","465","2","1","late","yes","redundant","True","True","still_correct","172","115","57","completed","completed","\boxed{\frac{4}{3}}","\boxed{\frac{4}{3}}","\frac43","The candidate answer matches the reference answer.","The candidate answer is mathematically equivalent to the reference answer."
"prm-8d8817bd48cf495e","466","2","-1","late","no","harmful","False","True","wrong_to_correct","185","206","-21","completed","completed","-9 - 12i","1 - 12i","1 - 12i","The candidate answer does not match the reference answer.","The candidate answer is mathematically equivalent to the reference answer."
"prm-e319831ecda4ad73","467","2","-1","late","no","harmful","True","True","still_correct","66","175","-109","completed","completed","58500","58500","58,500","The reference answer is 58,500, and the candidate answer is 58500, which are mathematically equivalent.","The candidate answer matches the reference answer of 58500."
"prm-5699f280aa96d018","469","2","1","early","no","essential","True","True","still_correct","323","362","-39","completed","completed","-5","-5","-5","The candidate answer is algebraically equivalent to the reference answer.","The candidate answer matches the reference answer."
"prm-015f040f29e2b298","470","2","0","early","no","essential","True","False","correct_to_wrong","251","85","166","completed","completed","\boxed{\frac{9}{19}}","$\boxed{\frac{1}{3}}$","\frac9{19}","The candidate answer matches the reference answer.","The candidate answer is not mathematically equivalent to the reference answer."
"prm-a136374e0913b303","471","2","1","late","yes","redundant","True","True","still_correct","101","128","-27","completed","completed","14","14","14","Both answers are mathematically equivalent.","Both answers are numerically equivalent."
"prm-2e1055ac659ff29f","472","2","0","middle","yes","redundant","True","True","still_correct","120","164","-44","completed","completed","6","6","6","The candidate answer is mathematically equivalent to the reference answer.","The candidate answer matches the reference answer."
"prm-36e206fe8afae4f8","473","2","0","late","yes","redundant","True","True","still_correct","104","104","0","completed","completed","\frac{5}{9}","\frac{5}{9}","\frac 59","Both answers are equal to 5/9.","The candidate answer \frac{5}{9} is mathematically equivalent to the reference answer \frac 59."
"prm-1d5a5cb08ca68e3d","475","2","-1","middle","no","harmful","False","True","wrong_to_correct","137","129","8","completed","completed","8","6","6","The candidate answer 8 is not a nonzero value that makes the number divisible by 6.","The candidate answer matches the reference answer."
"prm-151724cd1bbe2b32","476","2","1","middle","no","essential","True","True","still_correct","114","185","-71","completed","completed","84","84","84","The candidate answer matches the reference answer.","The candidate answer matches the reference answer."
"prm-4eb77ebc633f7a2d","477","2","1","late","yes","redundant","True","True","still_correct","73","61","12","completed","completed","4","4","4","The solution to the inequality is $2 < x < 6$, so $a + b = 2 + 6 = 8$. The candidate answer is 4, which is incorrect.","The candidate answer is mathematically equivalent to the reference answer."
"prm-901a3aa77c6c4dc2","481","2","1","middle","no","harmful","False","True","wrong_to_correct","2048","246","1802","cannot_continue","completed","","2 + 2 + 3 + 6 = 13","13","No candidate final answer was produced.","The candidate answer is mathematically equivalent to the reference answer."
"prm-bda20d3dc84e4528","482","2","0","early","yes","redundant","True","True","still_correct","70","92","-22","completed","completed","4.5","4.5","4.5","The candidate answer matches the reference answer.","The candidate answer 4.5 is mathematically equivalent to the reference answer 4.5."
"prm-6f55f9ad3924eda5","483","2","0","late","yes","redundant","True","True","still_correct","166","149","17","completed","completed","\frac{16}{27}","\boxed{\frac{16}{27}}","\frac{16}{27}","The reference answer is \frac{16}{27}, and the candidate answer is also \frac{16}{27}, which are mathematically equivalent.","The candidate answer matches the reference answer."
"prm-a32a5104eb5cd351","484","2","-1","late","yes","harmful","False","True","wrong_to_correct","150","97","53","completed","completed","7","8","8","The candidate answer is not mathematically equivalent to the reference answer.","The candidate answer matches the reference answer."
"prm-335e21a88e0969e0","486","2","0","early","yes","redundant","True","False","correct_to_wrong","195","124","71","completed","completed","$11\sqrt{2}$","121","11\sqrt2","The candidate answer is algebraically equivalent to the reference answer.","11\sqrt{2} is not equal to 121."
"prm-1984cb49b132bdb6","487","2","0","middle","yes","harmful","True","True","still_correct","466","535","-69","completed","completed","4","4","4","Both answers are mathematically equivalent.","Both answers are numerically equivalent."
"prm-6340032015881710","488","2","0","middle","yes","redundant","True","True","still_correct","191","107","84","completed","completed","29","29","29","The candidate answer is mathematically equivalent to the reference answer.","The candidate answer matches the reference answer."
"prm-ff4d90cf78aa30d8","490","2","1","middle","yes","redundant","True","True","still_correct","139","107","32","completed","completed","$15x - 80$","15x - 80","15x - 80","The candidate answer matches the reference answer.","Simplifying 19x + 1 - 4x - 81 gives 15x - 80."
"prm-21878507d8f59c4d","493","2","1","late","yes","redundant","True","True","still_correct","73","77","-4","completed","completed","1","1","1","The sum $1 + 2 + 3 + 4 + \dots + 9 + 10 = 55$. Dividing 55 by 9 gives a remainder of 1. The candidate answer is 1, which is correct.","The candidate answer is mathematically equivalent to the reference answer."
"prm-cb3eed5635ac46b4","494","2","0","early","yes","harmful","True","True","still_correct","155","186","-31","completed","completed","3","3","3","The candidate answer matches the reference answer.","The candidate answer matches the reference answer."
"prm-80def83e2346512b","496","2","-1","middle","no","harmful","True","False","correct_to_wrong","370","365","5","completed","completed","$-rac{3}{8}$","\boxed{\frac{3}{4}}","-\frac{3}{8}","The candidate answer matches the reference answer.","The candidate answer is incorrect; the correct answer is -\frac{3}{8}."
"prm-52cd0d7cc6b4cdfc","497","2","1","early","no","essential","True","True","still_correct","322","266","56","completed","completed","\frac{\sqrt{3}}{3}","\frac{\sqrt{3}}{3}","\frac{\sqrt{3}}{3}","The candidate answer matches the reference answer.","The candidate answer is mathematically equivalent to the reference answer."
"prm-836cfecb0a834014","498","2","-1","middle","no","harmful","False","True","wrong_to_correct","225","136","89","completed","completed","-1","-2","-2","The candidate answer does not match the reference answer.","The candidate answer is mathematically equivalent to the reference answer."
"prm-e164a92c13c4f1d6","499","2","0","early","no","essential","True","True","still_correct","183","193","-10","completed","completed","\frac{4}{3}","\frac{4}{3}","\frac43","The candidate answer is algebraically equivalent to the reference answer.","The candidate answer matches the reference answer."
"prm-fea1ec494dc61cd4","500","2","1","early","no","harmful","True","True","still_correct","440","785","-345","completed","completed","The roots are $x = 3$, $x = 5$, and $x = 7$.","The roots of the equation are $x = 3$, $x = 5$, and $x = 7$.","3, 5, 7","The candidate answer is mathematically equivalent to the reference answer.","The candidate answer matches the reference answer."
"prm-a50457954dbd885f","502","2","1","middle","yes","redundant","True","True","still_correct","148","224","-76","completed","completed","13","13","13","The candidate answer matches the reference answer.","Both answers are 13."
"prm-d7691ac94c48e3a4","503","2","1","middle","no","essential","True","True","still_correct","106","147","-41","completed","completed","(2, 4)","(2, 4)","(2,4)","Both answers are mathematically equivalent.","Both answers are numerically equivalent."
"prm-554fe1d6b58f094f","506","2","0","late","yes","harmful","True","True","still_correct","227","222","5","completed","completed","\frac{17}{50}","\frac{17}{50}","\dfrac{17}{50}","The candidate answer matches the reference answer.","The number of integers divisible by 2 but not by 3 from 1 to 100 is 17, and the total number of integers is 100, giving a probability of 17/50."
"prm-36b1999ceae59aea","507","2","1","middle","no","essential","True","True","still_correct","140","55","85","completed","completed","1251","1251","1251","The candidate answer matches the reference answer.","The candidate answer matches the reference answer."
"prm-dfdb549c682c7822","509","2","-1","early","no","harmful","False","True","wrong_to_correct","99","206","-107","completed","completed","1","$x = 2$","2","The equation $2^{2x} = 256^{1/2}$ simplifies to $2^{2x} = 16$, so $2x = 4$ and $x = 2$. The candidate answer is 1, which is incorrect.","The candidate answer is mathematically equivalent to the reference answer."
"prm-4376ee5dd1ec051f","510","2","0","early","yes","redundant","True","True","still_correct","267","730","-463","completed","completed","\boxed{2}","2","2","The candidate answer matches the reference answer.","The candidate answer matches the reference answer."
"prm-5b638cc553a8f6cc","511","2","0","late","no","essential","True","True","still_correct","92","75","17","completed","completed","200","200","200","Both answers are equal to 200.","The candidate answer matches the reference answer."
"prm-a89889ad37cbc7e2","512","2","-1","late","no","harmful","True","True","still_correct","114","102","12","completed","completed","90","90","90","The candidate answer matches the reference answer.","The number of combinations is 10 choices for Yann and 9 for Camille, resulting in 90."
"prm-a4aa6a22f3134565","513","2","0","late","yes","redundant","True","True","still_correct","227","129","98","completed","completed","\boxed{\dfrac{1}{3}}","\boxed{\dfrac{1}{3}}","\frac{1}{3}","The candidate answer is mathematically equivalent to the reference answer.","The candidate answer is mathematically equivalent to the reference answer."
"prm-cd2eef413f1492b7","514","2","1","middle","no","essential","True","True","still_correct","124","200","-76","completed","completed","4005","The 2003rd term of the sequence is $ a_{2003} = 1 + (2003 - 1) 	imes 2 = 1 + 2002 	imes 2 = 1 + 4004 = 4005 $.","4005","The candidate answer matches the reference answer.","The candidate answer correctly calculates the 2003rd term of the sequence of odd numbers as 4005, which matches the reference answer."
"prm-932de7bca0e7c93d","516","2","0","early","yes","redundant","True","True","still_correct","281","225","56","completed","completed","Chris is currently 10 years old.","Chris is currently 10 years old.","10","The candidate answer is mathematically equivalent to the reference answer.","The candidate answer matches the reference answer."
"prm-da7d81c2f0986b42","517","2","-1","late","no","harmful","False","True","wrong_to_correct","80","140","-60","completed","completed","x^3+6x^2-3x+6","$x^3 + 3x - 6$","x^3+3x-6","The candidate answer is not algebraically equivalent to the reference answer.","The candidate answer matches the reference answer."
"prm-d10dadbf854a3250","519","2","-1","late","no","harmful","False","True","wrong_to_correct","178","156","22","completed","completed","60","30","30^\circ","The candidate answer is incorrect. The correct answer is 30 degrees, not 60 degrees.","Both answers are numerically equivalent."
"prm-f7aa110cdcd4de1b","521","2","-1","middle","no","harmful","True","True","still_correct","215","286","-71","completed","completed","\sqrt{5}","\sqrt{5}","\sqrt{5}","Both answers are \sqrt{5}.","The candidate answer \sqrt{5} is mathematically equivalent to the reference answer \sqrt{5}."
"prm-200cc16bd7b20d90","522","2","1","early","yes","redundant","True","True","still_correct","179","141","38","completed","completed","\frac{33}{100}","\frac{33}{100}","\dfrac{33}{100}","The candidate answer matches the reference answer.","The number of multiples of 3 from 1 to 100 is 33, and the total number of integers is 100, giving a probability of 33/100."
"prm-372a06491c3ab4c3","523","2","1","late","no","essential","True","True","still_correct","103","103","0","completed","completed","210","210","210","The candidate answer matches the reference answer.","The candidate answer matches the reference answer."
"prm-7c8b800f666a8d2b","524","2","0","late","yes","redundant","True","True","still_correct","75","100","-25","completed","completed","18","18","18","The candidate answer matches the reference answer.","The candidate answer matches the reference answer."
"prm-ad9e7fa994103189","525","2","0","middle","yes","redundant","False","True","wrong_to_correct","128","278","-150","completed","completed","10000","9901","9901","The expression $99^2 + 99 + 1 = 9801 + 99 + 1 = 9901$. The candidate answer is 10000, which is incorrect.","The candidate answer is mathematically equivalent to the reference answer."
"prm-39b8f0d9babefef6","526","2","0","early","yes","redundant","True","False","correct_to_wrong","216","193","23","completed","completed","The number of ways is $ 3! 	imes S(6, 3) $, where $ S(6, 3) $ is the Stirling number of the second kind. Calculating this, we get $ 3! 	imes 90 = 6 	imes 90 = 540 $.","The number of ways is $ 3! 	imes S(6, 3) $, where $ S(6, 3) $ is the Stirling number of the second kind. Calculating this, we get $ 3! 	imes 90 = 540 $.","540","The candidate answer correctly calculates the number of ways as 540.","The candidate answer is not a numerical value, while the reference answer is a number."
"prm-a8f0f0d569ae9708","527","2","-1","late","no","harmful","False","True","wrong_to_correct","145","123","22","completed","completed","104","103","103","The reference answer is 103, but the candidate answer is 104.","The candidate answer matches the reference answer."
"prm-17fa230838c04542","528","2","-1","early","yes","redundant","True","False","correct_to_wrong","98","319","-221","completed","completed","0","2","0","The candidate answer matches the reference answer.","The polynomial simplifies to a constant, so the degree is 0, not 2."
"prm-79304f2f93ee36e7","529","2","-1","late","no","essential","False","True","wrong_to_correct","360","268","92","completed","completed","2","-2","-2","The candidate answer is incorrect; the correct value is -2, not 2.","The candidate answer is mathematically equivalent to the reference answer."
"prm-5f58d3f9cdbdd4cd","531","2","1","middle","yes","redundant","True","True","still_correct","172","212","-40","completed","completed","\boxed{\frac{13}{15}}","\frac{13}{15}","\frac{13}{15}","The candidate answer is algebraically equivalent to the reference answer.","The candidate answer matches the reference answer."
"prm-23e70faea1873d2b","532","2","-1","late","no","harmful","True","True","still_correct","211","126","85","logical_break","completed","28800","2 \times 5! \times 5! = 2 \times 120 \times 120 = 28800","28800","The candidate answer is mathematically equivalent to the reference answer.","The candidate answer is mathematically equivalent to the reference answer."
"prm-d8dd25afa49d220a","534","2","1","early","yes","redundant","True","True","still_correct","242","122","120","completed","completed","\frac{639}{40}","\frac{159.75}{10} = 15.975 inches, which can be expressed as the fraction $\frac{639}{40}$ inches.","\frac{639}{40}","The candidate answer matches the reference answer.","Both answers are \frac{639}{40}."
"prm-b8a1339e40d14487","535","2","0","middle","no","harmful","False","True","wrong_to_correct","176","264","-88","completed","completed","202020","2220","2220","202020 is not a multiple of 30, while 2220 is.","Both answers are numerically equivalent."
"prm-bdb3ede8ec7d1902","536","2","0","middle","yes","redundant","False","True","wrong_to_correct","215","167","48","completed","completed","90","60","60","The candidate answer 90 is not mathematically equivalent to the reference answer 60.","The candidate answer matches the reference answer."
"prm-f3ade9b68838159b","539","2","1","early","no","harmful","True","True","still_correct","331","421","-90","completed","completed","58","58","58","The candidate answer matches the reference answer.","The candidate answer matches the reference answer."
"prm-81d72916fff41df2","541","2","0","early","yes","redundant","True","True","still_correct","103","97","6","completed","completed","4","4","4","The positive square root of 64 is 8, and the cube root of 64 is 4. The difference is $8 - 4 = 4$. The candidate answer is 4, which is correct.","The candidate answer is mathematically equivalent to the reference answer."
"prm-30611e95e1fdab2f","542","2","1","early","yes","redundant","True","True","still_correct","475","362","113","completed","completed","$h + k + a + b = -3 + 2 + 12 + 5 = 16$","16","16","The candidate answer correctly calculates $h + k + a + b = 16$.","The candidate answer matches the reference answer."
"prm-5b41ee9b9b0d17ba","543","2","0","early","no","essential","False","True","wrong_to_correct","2048","164","1884","cannot_continue","completed","","\boxed{2}","2","No candidate final answer was produced.","The candidate answer matches the reference answer."
"prm-8b98fbc7066216ce","544","2","-1","early","no","essential","True","True","still_correct","161","173","-12","completed","completed","3","3","3","The candidate answer matches the reference answer.","The degree of $ f(x) $ is 3, as the polynomial on the right has degree 4 and is divided by a degree 1 polynomial."
"prm-933bbb6ef939eb1f","545","2","-1","early","no","harmful","True","False","correct_to_wrong","245","274","-29","completed","completed","28","21","28","The candidate answer is mathematically equivalent to the reference answer.","The candidate answer is not mathematically equivalent to the reference answer."
"prm-9cdea0642dfb0680","547","2","0","middle","no","harmful","True","True","still_correct","288","288","0","completed","completed","14","14","14","The candidate answer matches the reference answer.","The candidate answer matches the reference answer."
"prm-a1de62b9ef1cf246","548","2","0","early","no","essential","True","False","correct_to_wrong","188","203","-15","completed","completed","36 seconds","\boxed{60} seconds","36","The candidate answer is mathematically equivalent to the reference answer.","The candidate answer is incorrect; the correct answer is 36, not 60."
"prm-bbc52970464fbf13","550","2","0","middle","no","essential","True","True","still_correct","154","311","-157","completed","completed","x^3 + 3x - 6","x^3 + 3x - 6","x^3+3x-6","The candidate answer matches the reference answer.","Both answers are x^3 + 3x - 6."
"prm-0ff002313a594db0","551","2","0","early","yes","redundant","False","True","wrong_to_correct","167","233","-66","completed","completed","$g(1) = 3(0)^4 + 5(0)^2 - 9(0) - 2 = -2$","-2","-2","The candidate answer incorrectly evaluates g(1) as 3(0)^4 + 5(0)^2 - 9(0) - 2, but the correct value of g(1) is -2.","Both answers are numerically equivalent."
"prm-809326ad29e9fe7f","553","2","0","middle","no","harmful","True","True","still_correct","89","87","2","completed","completed","(5, ∞)","(5, ∞)","(5,\infty)","Both answers are (5,\infty).","The candidate answer (5, ∞) is mathematically equivalent to the reference answer (5,\infty)."
"prm-542b09ca81c2a59d","554","2","1","middle","no","harmful","True","False","correct_to_wrong","566","271","295","completed","completed","14","15","14","The candidate answer 14 is mathematically equivalent to the reference answer 14.","The candidate answer is incorrect. The least possible sum of the integers is 14, not 15."
"prm-a8a8bda6701d4be2","557","2","0","middle","no","harmful","True","True","still_correct","353","377","-24","completed","completed","9","9","9","The expression simplifies to $x + 4 + \frac{5}{x + 1}$. Using calculus or AM-GM inequality, the minimum value is 9. The candidate answer is 9, which is correct.","The candidate answer is mathematically equivalent to the reference answer."
"prm-b1821859ea0c9d57","558","2","1","middle","yes","redundant","True","True","still_correct","93","124","-31","completed","completed","1251","1251","1251","The candidate answer matches the reference answer.","The candidate answer matches the reference answer."
"prm-7e6bdad2d7a80ef9","559","2","-1","middle","no","harmful","True","True","still_correct","161","88","73","completed","completed","30","30","30","Both answers are equal to 30.","The candidate answer matches the reference answer."
"prm-d2f74008879c56dd","560","2","0","middle","yes","redundant","True","True","still_correct","90","95","-5","completed","completed","3","3","3","The candidate answer matches the reference answer.","Squaring both sides gives $ 3x - 5 = 4 $, so $ x = 3 $."
"prm-1f8e288adb17d18c","561","2","-1","middle","no","harmful","True","True","still_correct","165","291","-126","completed","completed","(0, 9) ∪ (9, 36)","$(0, 9) igcup (9, 36)$","(0,9) \cup (9,36)","The candidate answer is mathematically equivalent to the reference answer.","The candidate answer is mathematically equivalent to the reference answer."
"prm-cc448d173bf0a3b0","562","2","1","early","yes","redundant","False","True","wrong_to_correct","276","213","63","completed","completed","The domain of the function is $(-rac{	ext{infty}}{	ext{infty}}) 	ext{excluding } 2 	ext{ and } 3$, which can be written as $(-	ext{infty}, 2) 	ext{ union } (3, 	ext{infty})$.","$(-\infty, 2) \cup (3, \infty)$","(-\infty, 2) \cup (3, \infty)","The candidate answer is not mathematically equivalent to the reference answer.","The candidate answer is mathematically equivalent to the reference answer."
"prm-4e153a707e488ac9","564","2","0","middle","no","harmful","True","False","correct_to_wrong","532","118","414","completed","completed","81","The maximum value is $36$","81","The candidate answer is mathematically equivalent to the reference answer.","The candidate answer is incorrect; the correct answer is 81, not 36."
"prm-0914b22e28651211","565","2","0","early","yes","redundant","True","False","correct_to_wrong","428","327","101","completed","completed","3","\boxed{2}","3","The candidate answer matches the reference answer.","The candidate answer does not match the reference answer."
"prm-a33bd2bed39c0904","566","2","1","early","yes","redundant","True","True","still_correct","225","217","8","completed","completed","\frac{\sqrt{3}}{3}","$\frac{\sqrt{3}}{3}$","\frac{\sqrt{3}}{3}","The candidate answer matches the reference answer.","Both answers are \frac{\sqrt{3}}{3}."
"prm-9689f5a49ddfdb3e","567","2","0","late","no","essential","True","False","correct_to_wrong","177","59","118","completed","completed","1940","\boxed{3160}","1940","Both answers are equal.","The candidate answer 3160 is not mathematically equivalent to the reference answer 1940."
"prm-95090e247bc58e1e","568","2","-1","middle","yes","harmful","True","True","still_correct","154","60","94","completed","completed","83","83","83","The candidate answer 83 is mathematically equivalent to the reference answer 83.","The candidate answer matches the reference answer."
"prm-d96f1fc3f096f50e","569","2","0","early","no","essential","True","True","still_correct","193","266","-73","completed","completed","The sixth term is $ 350 $.","350","350","Both answers are 350.","The candidate answer 350 is mathematically equivalent to the reference answer 350."
"prm-ee33bfc442fd8af0","570","2","1","late","yes","redundant","True","True","still_correct","273","251","22","completed","completed","2516","2516","2516_8","The candidate answer 2516 is mathematically equivalent to the reference answer 2516_8.","The candidate answer matches the reference answer."
"prm-4657ae2feebcdcab","573","2","-1","middle","no","harmful","False","True","wrong_to_correct","522","205","317","completed","completed","28","The least possible value of $|a_{n-1}|$ is $\boxed{14}$","14","The polynomial has roots that are distinct integers, and the product of the roots is 66. The least possible value of $|a_{n-1}|$ is 14. The candidate answer is 28, which is incorrect.","The candidate answer correctly states the least possible value of $|a_{n-1}|$ as 14."
"prm-7fa27f0af15756ce","574","2","1","middle","no","essential","True","True","still_correct","137","214","-77","completed","completed","9","9","9","The candidate answer matches the reference answer.","The candidate answer matches the reference answer."
"prm-b10138ab1454a3dc","576","2","1","middle","yes","redundant","False","True","wrong_to_correct","2048","151","1897","cannot_continue","completed","","3","3","No candidate final answer was produced.","Squaring both sides gives $ 3x - 5 = 4 $, so $ x = 3 $."
"prm-7df4ff373ff4bd62","577","2","1","middle","no","essential","True","False","correct_to_wrong","325","2048","-1723","completed","cannot_continue","3","","3","The candidate answer is mathematically equivalent to the reference answer.","No candidate final answer was produced."
"prm-abe53d5b468a1ebc","578","2","-1","late","no","harmful","True","True","still_correct","88","66","22","completed","completed","Navin","Navin","\text{Navin}","The candidate answer matches the reference answer.","The candidate answer matches the reference answer."
"prm-c796e9f10b13c8d1","579","2","0","middle","no","essential","True","True","still_correct","200","87","113","completed","completed","28","28","28","The candidate answer matches the reference answer.","The candidate answer matches the reference answer."
"prm-102acf97bfdd07f4","580","2","0","late","yes","redundant","True","True","still_correct","104","94","10","completed","completed","60","60","60","The candidate answer matches the reference answer.","The candidate answer is mathematically equivalent to the reference answer."
"prm-6fae419daf3fea6a","581","2","1","late","yes","redundant","True","True","still_correct","152","130","22","completed","completed","6","6","6","The candidate answer matches the reference answer.","The candidate answer matches the reference answer."
"prm-04b463c60fdb3f38","582","2","0","late","yes","redundant","True","True","still_correct","175","178","-3","completed","completed","4","4","4","The candidate answer matches the reference answer.","Both answers are 4."
"prm-cb956bad5ee66d16","583","2","1","middle","no","essential","True","True","still_correct","93","93","0","completed","completed","200","200","200","Both answers are equal.","The candidate answer 200 is mathematically equivalent to the reference answer 200."
"prm-ea5630c2b42fdb9a","586","2","0","early","yes","redundant","True","True","still_correct","191","251","-60","completed","completed","(\frac{3}{2}, -13)","\left(\frac{3}{2}, -13\right)","\left( \frac{3}{2}, -13 \right)","The candidate answer (\frac{3}{2}, -13) is mathematically equivalent to the reference answer \left( \frac{3}{2}, -13 \right).","The candidate answer matches the reference answer."
"prm-dd448bdba8557edf","588","2","-1","middle","yes","harmful","False","True","wrong_to_correct","266","205","61","completed","completed","\frac{2}{9}","\frac{11}{36}","\frac{11}{36}","The candidate answer is not equivalent to the reference answer. The reference answer is $\frac{11}{36}$, but the candidate answer is $\frac{2}{9}$.","The candidate answer matches the reference answer."
"prm-8eab1f56bd806ddc","590","2","1","late","yes","redundant","True","True","still_correct","86","154","-68","completed","completed","\frac{\cos x}{\sin x}","oxed{	ext{cot} x}","\cot x","The candidate answer is algebraically equivalent to the reference answer.","The candidate answer is mathematically equivalent to the reference answer."
"prm-68f28d955828cf44","591","2","-1","middle","no","harmful","False","True","wrong_to_correct","284","318","-34","completed","completed","5","12","12","The reference answer is 12, but the candidate answer is 5.","The candidate answer matches the reference answer."
"prm-dbc1373a79928aa0","594","2","1","late","yes","redundant","True","True","still_correct","74","119","-45","completed","completed","$3\sqrt{13}$","$3\sqrt{13}$","3\sqrt{13}","The candidate answer matches the reference answer.","The candidate answer matches the reference answer."
"prm-df2ec95ccf5f161f","595","2","0","middle","no","harmful","True","True","still_correct","81","68","13","completed","completed","2","2","2","The candidate answer matches the reference answer.","The candidate answer matches the reference answer."
"prm-a625e035a295d2bd","596","2","0","early","no","essential","False","True","wrong_to_correct","307","379","-72","completed","completed","198","58","58","The candidate answer is incorrect. The greatest possible value for the largest integer is 198, not 58.","The candidate answer is mathematically equivalent to the reference answer."
"prm-ddb44dca9b82bb3d","597","2","1","early","no","essential","True","True","still_correct","344","133","211","completed","completed","200","200","200","The candidate answer matches the reference answer.","Both answers are equal to 200."
"prm-f1c09b6fd89155cf","598","2","-1","late","no","harmful","True","True","still_correct","135","122","13","completed","completed","45","45","45","The candidate answer matches the reference answer.","Both answers are 45."
"prm-7b6647a191e51a48","599","2","0","early","yes","redundant","True","True","still_correct","373","367","6","completed","completed","4","4","4","Both answers are equal.","The candidate answer 4 is mathematically equivalent to the reference answer 4."
"prm-23439bf6a10e0389","2","3","1","middle","yes","redundant","True","True","still_correct","365","127","238","completed","completed","9","9","9","The candidate answer 9 is mathematically equivalent to the reference answer 9.","The candidate answer matches the reference answer."
"prm-9a6f73708a6d6a9f","3","3","1","early","no","essential","True","False","correct_to_wrong","134","263","-129","completed","logical_break","-\frac{\pi}{6}","$-rac{	heta}{	heta}$","-\frac{\pi}{6}","The candidate answer matches the reference answer.","The candidate answer is not mathematically equivalent to the reference answer."
"prm-7c4b728ac8b7ff8c","4","3","0","early","yes","redundant","True","True","still_correct","66","68","-2","completed","completed","83","83","83","The candidate answer matches the reference answer.","The candidate answer matches the reference answer."
"prm-b4172ae8c86b6f76","5","3","0","early","yes","redundant","False","True","wrong_to_correct","260","411","-151","completed","completed","$\boxed{\frac{65}{2}}$","9","9","The system of equations leads to $x = 9$. The candidate answer is $\boxed{\frac{65}{2}}$, which is incorrect.","The candidate answer matches the reference answer."
"prm-3e4ac009eae25363","8","3","-1","late","yes","harmful","False","True","wrong_to_correct","139","506","-367","completed","completed","11330","1030","1030","The candidate answer does not match the reference answer.","The fraction $ 0.\overline{1331} $ simplifies to $ \frac{1331}{9999} $, and $ a + b = 1030 $."
"prm-734c17ddd0cff62a","9","3","1","early","no","essential","True","True","still_correct","145","229","-84","completed","completed","$\boxed{\frac{16}{27}}$","\boxed{\frac{16}{27}}","\frac{16}{27}","The candidate answer is mathematically equivalent to the reference answer.","The candidate answer matches the reference answer."
"prm-bfc1c5c3c815660c","11","3","-1","early","no","harmful","True","True","still_correct","318","415","-97","completed","completed","-5","-5","-5","The candidate answer matches the reference answer.","The candidate answer matches the reference answer."
"prm-5464f1648525f7ea","12","3","1","middle","no","essential","True","True","still_correct","147","134","13","completed","completed","5","5","5","The candidate answer matches the reference answer.","The candidate answer is mathematically equivalent to the reference answer."
"prm-7a2c9794408559fd","13","3","1","late","yes","redundant","True","True","still_correct","98","91","7","completed","completed","15","15","15","The candidate answer matches the reference answer.","Both answers are equal to 15."
"prm-526e2011568d24e6","14","3","1","middle","no","essential","True","True","still_correct","124","174","-50","completed","completed","2","2","2","The candidate answer matches the reference answer.","The candidate answer matches the reference answer."
"prm-010e43e3a679e690","15","3","1","middle","no","essential","True","True","still_correct","91","111","-20","completed","completed","2","2","2","Both answers are equal.","The candidate answer 2 is mathematically equivalent to the reference answer 2."
"prm-9c4e4a7aac1b200e","17","3","-1","middle","no","harmful","False","True","wrong_to_correct","174","225","-51","completed","completed","3","4","4","The reference answer is 4, but the candidate answer is 3.","Both answers are equal."
"prm-75ab2c1847631c14","18","3","0","middle","yes","redundant","True","True","still_correct","223","178","45","completed","completed","326.5","326.5","326.5","The candidate answer 326.5 is mathematically equivalent to the reference answer 326.5.","The candidate answer matches the reference answer."
"prm-dc55f1d7dc4e178f","20","3","-1","middle","no","harmful","False","True","wrong_to_correct","121","259","-138","completed","completed","0","-1","-1","The candidate answer is incorrect. The correct value of $a + b$ is $-1$, but the candidate answer is $0$.","The candidate answer matches the reference answer."
"prm-0a02ab06b394a416","21","3","1","early","no","essential","True","True","still_correct","193","287","-94","completed","completed","\boxed{\frac{6}{5}}","\boxed{\frac{6}{5}}","\frac65","The candidate answer is mathematically equivalent to the reference answer.","The candidate answer correctly provides the value $\frac{6}{5}$."
"prm-dbc12362d53ec14f","22","3","1","early","yes","redundant","True","True","still_correct","248","342","-94","completed","completed","8","8","8","The candidate answer matches the reference answer.","The candidate answer matches the reference answer."
"prm-bedcbd8166cb0b0f","24","3","1","late","no","essential","True","True","still_correct","43","97","-54","completed","completed","17","17","17","The candidate answer matches the reference answer.","The arithmetic mean is $ \frac{7 + 2 + x + 10}{4} = 9 $, so $ x = 17 $."
"prm-859d5c93d5ea0f57","25","3","0","middle","yes","harmful","False","True","wrong_to_correct","340","255","85","completed","completed","\begin{pmatrix} \frac{16}{7} \\ \frac{48}{7} \\ \frac{24}{7} \end{pmatrix}","\begin{pmatrix} \frac{16}{49} \\ \frac{48}{49} \\ \frac{24}{49} \end{pmatrix}","\begin{pmatrix} 16/49 \\ 48/49 \\ 24/49 \end{pmatrix}","The candidate answer is incorrect; the correct value is \begin{pmatrix} 16/49 \\ 48/49 \\ 24/49 \end{pmatrix}, not \begin{pmatrix} \frac{16}{7} \\ \frac{48}{7} \\ \frac{24}{7} \end{pmatrix}.","The candidate answer matches the reference answer."
"prm-44f81fba1d026488","26","3","0","middle","yes","redundant","True","True","still_correct","757","629","128","completed","completed","0.09","0.09","\frac{9}{100}","The candidate answer matches the reference answer.","The candidate answer is mathematically equivalent to the reference answer."
"prm-0835351a60d3a191","27","3","1","early","no","essential","True","False","correct_to_wrong","847","256","591","completed","completed","\boxed{\frac{8}{15}}","$\boxed{\frac{2(a^2 - (b - c)^2)}{bc}}$","\frac{8}{15}","The candidate answer matches the reference answer.","The candidate answer is not mathematically equivalent to the reference answer. The reference answer is a numerical value, while the candidate answer is an expression involving $a$, $b$, and $c$."
"prm-87593f72c0253cec","28","3","1","middle","no","essential","True","True","still_correct","164","146","18","completed","completed","1.25","1.25","1.25","The candidate answer matches the reference answer.","The candidate answer is mathematically equivalent to the reference answer."
"prm-6ecf2965f1e68c18","29","3","0","middle","yes","redundant","True","False","correct_to_wrong","85","126","-41","completed","completed","\frac{7!}{2! \cdot 2!} = 1260","The number of ways to arrange the letters of the word ELLIPSE is 7! / (2! * 2!) = 1260.","1260","The candidate answer is algebraically equivalent to the reference answer.","The candidate answer is a description, not a numerical value."
"prm-14e2f6c826426674","30","3","0","early","yes","redundant","True","True","still_correct","477","415","62","completed","completed","4","4","4","The candidate answer matches the reference answer.","The candidate answer matches the reference answer."
"prm-2d92ce0491f2f56a","31","3","1","middle","no","essential","True","True","still_correct","1164","203","961","completed","completed","$x^5 - x^4 + x^3 - x^2 + x - 1$","$x^5 - x^4 + x^3 - x^2 + x - 1$","x^5 - x^4 + x^3 - x^2 + x - 1","Both answers are equal.","The candidate answer $x^5 - x^4 + x^3 - x^2 + x - 1$ is mathematically equivalent to the reference answer $x^5 - x^4 + x^3 - x^2 + x - 1$."
"prm-666a954e3bca4a2f","32","3","1","late","no","essential","True","False","correct_to_wrong","256","243","13","completed","completed","\boxed{\frac{2240}{78125}}","The probability that exactly 4 of the islands have treasure is $rac{2240}{78125}$","\frac{448}{15625}","The candidate answer $\boxed{\frac{2240}{78125}}$ is mathematically equivalent to the reference answer $\frac{448}{15625}$.","The candidate answer 2240/78125 is not mathematically equivalent to the reference answer 448/15625."
"prm-14c0129055d497b2","35","3","1","late","no","essential","True","True","still_correct","59","62","-3","completed","completed","cot x","\cot x","\cot x","The candidate answer is algebraically equivalent to the reference answer.","The candidate answer matches the reference answer."
"prm-d987eb66b5f962dd","36","3","1","middle","yes","harmful","False","True","wrong_to_correct","1037","973","64","completed","completed","The minimum value of $a^4 + b^8$ is $6 	imes rac{5^{4/3}}{2^{5/3}}$ which simplifies to $6 	imes rac{5^{4/3}}{2^{5/3}}$","50","50","The candidate answer is incorrect. The reference answer is $50$, but the candidate answer is an expression that does not simplify to $50$.","The candidate answer matches the reference answer."
"prm-9a884b78e7527ff9","38","3","-1","middle","no","harmful","True","True","still_correct","152","200","-48","completed","completed","2 * 5! * 5! * 1! = 2 * 120 * 120 * 1 = 28800","2 * 5! * 5! * 1! = 2 * 120 * 120 * 1 = 28800","28800","The candidate answer correctly calculates the number of ways as 2 * 5! * 5! * 1! = 28800, which matches the reference answer.","The candidate answer matches the reference answer."
"prm-236816577f8edaf6","39","3","1","early","no","essential","True","False","correct_to_wrong","93","103","-10","completed","completed","$36.00","The original price of the shirt was $36.00.","\$36","Both answers are equal to $36.","The candidate answer includes unnecessary text and formatting, and the reference answer is in a specific format."
"prm-f80db588fbe79fa9","41","3","1","middle","yes","harmful","True","True","still_correct","439","333","106","completed","completed","41","41","41","The candidate answer matches the reference answer.","The candidate answer matches the reference answer."
"prm-32b52a14659d1e3f","42","3","-1","early","yes","redundant","True","True","still_correct","227","519","-292","completed","completed","3","3","3","The candidate answer matches the reference answer.","The candidate answer 3 is mathematically equivalent to the reference answer 3."
"prm-12c0e402310b4521","43","3","1","late","yes","redundant","True","True","still_correct","217","184","33","completed","completed","32348","32348","\$32,\!348","The candidate answer matches the reference answer.","The candidate answer is numerically equivalent to the reference answer, with the same value and formatting."
"prm-6a6a0bdb19ba41d4","45","3","0","late","yes","redundant","True","True","still_correct","104","114","-10","completed","completed","3","3","3","The candidate answer matches the reference answer.","Both answers are equal to 3."
"prm-e46e6f9adff3443b","46","3","1","late","no","essential","True","True","still_correct","78","80","-2","completed","completed","40_9","40_9","40_9","The candidate answer matches the reference answer.","The candidate answer matches the reference answer."
"prm-60717bf0ef4716f2","47","3","0","late","yes","redundant","True","True","still_correct","129","170","-41","completed","completed","\boxed{\dfrac{1}{3}}","\boxed{\dfrac{1}{3}}","\frac{1}{3}","Both answers are equal.","The candidate answer $\dfrac{1}{3}$ is mathematically equivalent to the reference answer $\dfrac{1}{3}$."
"prm-d018213d57c7afde","48","3","1","middle","yes","redundant","True","True","still_correct","109","135","-26","completed","completed","\boxed{\dfrac{13}{18}}","\boxed{\dfrac{13}{18}}","\frac{13}{18}","The candidate answer matches the reference answer.","The candidate answer is mathematically equivalent to the reference answer."
"prm-4fe0f9ece87f57df","49","3","1","early","yes","redundant","True","True","still_correct","407","451","-44","completed","completed","-1","-1","-1","The candidate answer matches the reference answer.","Both answers are equal."
"prm-26cc0e5d412214d1","50","3","1","late","no","essential","True","True","still_correct","92","150","-58","completed","completed","16","16","16","The candidate answer 16 is mathematically equivalent to the reference answer 16.","The candidate answer matches the reference answer."
"prm-14b4f8d6eb13ea00","51","3","1","late","yes","redundant","True","True","still_correct","69","129","-60","completed","completed","2","2","2","The candidate answer matches the reference answer.","The candidate answer matches the reference answer."
"prm-23547b2809b8fcf4","52","3","-1","middle","no","harmful","False","True","wrong_to_correct","119","179","-60","completed","completed","9","10","10","The candidate answer is incorrect. The reference answer is $10$ meters, but the candidate answer is $9$ meters.","The candidate answer matches the reference answer."
"prm-ee1dd46f28f6c0e7","55","3","-1","late","no","harmful","True","True","still_correct","138","59","79","completed","completed","6","6","6","The candidate answer matches the reference answer.","The candidate answer matches the reference answer."
"prm-5145212ea7e026b0","56","3","-1","late","no","harmful","False","True","wrong_to_correct","83","125","-42","completed","completed","0","2","2","The candidate answer is not mathematically equivalent to the reference answer. The reference answer is 2, while the candidate answer is 0.","The candidate answer 2 is mathematically equivalent to the reference answer 2."
"prm-84a947c7d146af3f","57","3","0","middle","no","essential","True","True","still_correct","217","243","-26","completed","completed","0.15","0.15","0.15","The candidate answer matches the reference answer.","The candidate answer matches the reference answer."
"prm-0638bc02d0338441","59","3","1","middle","no","essential","True","True","still_correct","462","575","-113","completed","completed","2","2","2","The candidate answer matches the reference answer.","The candidate answer matches the reference answer."
"prm-f6029ddde78e932f","60","3","1","late","no","harmful","True","False","correct_to_wrong","106","139","-33","completed","completed","3","6","3","The candidate answer matches the reference answer.","The correct answer is 3, but the candidate answer is 6."
"prm-6d0334ee1141425e","61","3","0","late","no","essential","True","True","still_correct","92","434","-342","completed","completed","\sqrt{53}","\sqrt{53}","\sqrt{53}","The candidate answer matches the reference answer.","Both answers are equal to \sqrt{53}."
"prm-f1ec503f118b2646","62","3","-1","early","no","harmful","False","True","wrong_to_correct","62","272","-210","completed","completed","7","4","4","The candidate answer is incorrect; the last nonzero digit to the right of the decimal in 137/500 is 4, not 7.","The candidate answer matches the reference answer."
"prm-55db6c6b79c6e553","63","3","1","late","yes","redundant","True","True","still_correct","177","104","73","completed","completed","1940","1940","1940","Both answers are equal.","The candidate answer 1940 is mathematically equivalent to the reference answer 1940."
"prm-e26a030a97cd7abe","64","3","1","middle","yes","redundant","False","True","wrong_to_correct","113","204","-91","completed","completed","$ t(g(16)) = 3 - g(4) = 3 - rac{1}{2} = rac{5}{2} $","1","1","The candidate answer is incorrect. The correct value of $ t(g(16)) $ is 1, but the candidate answer calculates $ 3 - g(4) $, which is incorrect.","The candidate answer is mathematically equivalent to the reference answer."
"prm-768b381d1efb643a","65","3","-1","middle","no","harmful","True","True","still_correct","111","98","13","completed","completed","1","1","1","The candidate answer matches the reference answer.","Both answers are equal."
"prm-d9d73e3c7b609d81","66","3","0","late","yes","redundant","True","True","still_correct","186","172","14","completed","completed","9","9","9","The candidate answer 9 is mathematically equivalent to the reference answer 9.","The candidate answer matches the reference answer."
"prm-a540f461a25e3009","67","3","1","late","yes","redundant","True","True","still_correct","80","103","-23","completed","completed","15x - 80","15x - 80","15x - 80","The candidate answer matches the reference answer.","The candidate answer matches the reference answer."
"prm-70a8ec8eb124a0b7","68","3","-1","early","no","harmful","False","True","wrong_to_correct","361","278","83","completed","completed","67^	ext{o}","55^circ","55^\circ","The candidate answer is incorrect. The reference answer is $55^	ext{o}$, but the candidate answer is $67^	ext{o}$.","The candidate answer matches the reference answer."
"prm-32376b54c0a0b41a","69","3","1","late","no","essential","True","True","still_correct","152","162","-10","completed","completed","\boxed{\dfrac{33}{100}}","\boxed{\dfrac{33}{100}}","\dfrac{33}{100}","The candidate answer is mathematically equivalent to the reference answer.","The candidate answer matches the reference answer."
"prm-decee9499f5fb0d7","70","3","-1","late","no","harmful","False","True","wrong_to_correct","97","73","24","completed","completed","4333_6","$4343_6$","4343_6","The candidate answer is 4333_6 which is incorrect. The correct answer is 4343_6.","The candidate answer matches the reference answer."
"prm-059a20c710a38a1d","71","3","0","middle","yes","redundant","True","True","still_correct","178","121","57","completed","completed","4","4","4","The candidate answer matches the reference answer.","The candidate answer matches the reference answer."
"prm-7b9dea52f656c0bc","72","3","1","middle","no","essential","True","True","still_correct","75","120","-45","completed","completed","23","23","23","The candidate answer is mathematically equivalent to the reference answer.","The candidate answer 23 is mathematically equivalent to the reference answer 23."
"prm-ab761a525cce7441","73","3","1","middle","no","essential","False","True","wrong_to_correct","147","234","-87","logical_break","completed","","0","0","No candidate final answer was produced.","The candidate answer matches the reference answer."
"prm-65c1f64f7a99498a","74","3","1","early","no","essential","True","True","still_correct","333","287","46","completed","completed","2","2","2","The candidate answer matches the reference answer.","The parabola $x = y^2 - 4y - 1$ has 2 $y$-intercepts."
"prm-8bd9e6649bc32eb5","75","3","1","middle","no","essential","True","True","still_correct","203","226","-23","completed","completed","58","58","58","The candidate answer matches the reference answer.","The candidate answer matches the reference answer."
"prm-85a7807d849d0e61","76","3","0","late","yes","redundant","True","True","still_correct","64","72","-8","completed","completed","1.25","1.25","1.25","The candidate answer matches the reference answer.","The candidate answer matches the reference answer."
"prm-d4c3a3c1d1cb0d1f","78","3","-1","middle","yes","harmful","True","True","still_correct","459","258","201","completed","completed","\boxed{\frac{1}{16}}","\frac{1}{16}","\frac{1}{16}","The candidate answer is algebraically equivalent to the reference answer.","The candidate answer matches the reference answer."
"prm-eb13f69f057980c9","82","3","0","late","yes","redundant","True","True","still_correct","96","70","26","completed","completed","29","29","29","The candidate answer matches the reference answer.","The candidate answer matches the reference answer."
"prm-77fc0b169d8585bc","83","3","-1","early","no","harmful","False","True","wrong_to_correct","209","259","-50","completed","completed","35","63","63","The candidate answer is incorrect. The correct number of interior points is 63.","The candidate answer matches the reference answer."
"prm-2595a51b9bc687a5","84","3","0","late","yes","redundant","True","True","still_correct","213","224","-11","completed","completed","\begin{pmatrix} \frac{16}{49} \\ \frac{48}{49} \\ \frac{24}{49} \\ \end{pmatrix}","\begin{pmatrix} \frac{16}{49} \\ \frac{48}{49} \\ \frac{24}{49} \\ \end{pmatrix}","\begin{pmatrix} 16/49 \\ 48/49 \\ 24/49 \end{pmatrix}","The candidate answer is mathematically equivalent to the reference answer, with minor formatting differences.","The candidate answer matches the reference answer."
"prm-310884399c5179a6","85","3","-1","middle","yes","harmful","False","True","wrong_to_correct","100","158","-58","completed","completed","7900","8000","8000","The candidate answer is not mathematically equivalent to the reference answer.","The candidate answer matches the reference answer."
"prm-98214e328bc84341","86","3","-1","middle","yes","harmful","False","True","wrong_to_correct","105","115","-10","completed","completed","The total number of students at Baker Middle School is 3753.","1251","1251","The candidate answer is 3753, which is incorrect. The correct answer is 1251.","The candidate answer matches the reference answer."
"prm-16428e60085cafa9","87","3","1","late","no","essential","True","True","still_correct","250","211","39","completed","completed","[-2, 7]","[-2, 7]","x \in [-2,7]","The candidate answer matches the reference answer.","The candidate answer matches the reference answer."
"prm-ac91d34d7871bcbc","88","3","0","middle","no","essential","True","False","correct_to_wrong","127","100","27","completed","completed","32348","32483","\$32,\!348","The candidate answer is mathematically equivalent to the reference answer.","The candidate answer 32483 is not mathematically equivalent to the reference answer $32,348. The formatting and missing dollar sign are significant differences."
"prm-923c29c44fa03eb6","89","3","-1","late","no","essential","True","True","still_correct","165","149","16","completed","completed","$3\sqrt{13}$","$3\sqrt{13}$","3\sqrt{13}","The candidate answer matches the reference answer.","The candidate answer matches the reference answer."
"prm-a774fd18d4116fb7","90","3","0","early","yes","redundant","True","True","still_correct","144","109","35","completed","completed","2","2","2","The candidate answer matches the reference answer.","The candidate answer matches the reference answer."
"prm-76efc721b39b6bd3","93","3","1","late","no","essential","True","True","still_correct","87","132","-45","completed","completed","11","11","11","The candidate answer matches the reference answer.","Both answers are equal to 11."
"prm-b78ab37efb3ac6fe","95","3","-1","late","no","harmful","True","True","still_correct","183","149","34","completed","completed","\frac{14}{3}","\frac{14}{3}","\frac{14}{3}","Both answers are equal.","The candidate answer matches the reference answer."
"prm-afff103ac71bacae","96","3","-1","late","yes","harmful","False","True","wrong_to_correct","100","168","-68","completed","completed","1","-2","-2","The candidate answer is incorrect. The smallest number which is one less than twice its reciprocal is -2, not 1.","The candidate answer is mathematically equivalent to the reference answer."
"prm-94f01424485d8634","97","3","-1","middle","yes","harmful","True","True","still_correct","129","95","34","completed","completed","6r^2 - 4r - 24","6r^2 - 4r - 24","6r^2-4r-24","The candidate answer matches the reference answer.","Both answers are equal."
"prm-74cbbc536681f443","98","3","0","early","yes","redundant","False","True","wrong_to_correct","370","597","-227","completed","completed","1","3","3","The candidate answer does not match the reference answer.","The candidate answer matches the reference answer."
"prm-e4c8f952bd2bcb69","99","3","0","middle","no","essential","True","True","still_correct","362","292","70","completed","completed","81","81","81","The candidate answer matches the reference answer.","The candidate answer matches the reference answer."
"prm-2e89a40cec48c042","102","3","-1","early","no","harmful","False","True","wrong_to_correct","140","320","-180","logical_break","completed","","3","3","No candidate final answer was produced.","The candidate answer matches the reference answer."
"prm-d400c2ab50349260","103","3","-1","late","no","harmful","True","True","still_correct","488","159","329","completed","completed","6","6","6","The candidate answer matches the reference answer.","The candidate answer matches the reference answer."
"prm-bf49cda9c1b58b99","104","3","-1","early","yes","harmful","True","True","still_correct","269","204","65","completed","completed","4495","4495","4495","The candidate answer is mathematically equivalent to the reference answer.","The candidate answer 4495 is mathematically equivalent to the reference answer 4495."
"prm-5c13d28d0d1e26be","105","3","0","early","yes","redundant","True","True","still_correct","199","188","11","completed","completed","2","2","2","The candidate answer matches the reference answer.","The candidate answer matches the reference answer."
"prm-6a8171dd86016c13","106","3","1","late","yes","redundant","True","True","still_correct","187","187","0","completed","completed","12","12","12","The candidate answer matches the reference answer.","The candidate answer 12 is mathematically equivalent to the reference answer 12."
"prm-4397a2362fedc5a3","107","3","1","late","no","essential","True","True","still_correct","100","128","-28","completed","completed","1","1","1","The candidate answer matches the reference answer.","The candidate answer matches the reference answer."
"prm-2f5e5f1e6dacb0f7","108","3","-1","late","yes","harmful","False","True","wrong_to_correct","100","86","14","completed","completed","4","1","1","The sum of 1 to 10 is 55, and 55 mod 9 is 1, which matches the reference answer. The candidate answer is incorrect.","The candidate answer matches the reference answer."
"prm-a304fbad5368565d","110","3","-1","late","no","harmful","False","True","wrong_to_correct","79","91","-12","completed","completed","-4u + 14","14","14","The candidate answer is incorrect; the simplified expression is 14, not -4u + 14.","The candidate answer matches the reference answer."
"prm-b93ffe4952ee0425","112","3","-1","early","yes","harmful","True","True","still_correct","89","110","-21","completed","completed","65","65","65","The candidate answer matches the reference answer.","The volume is calculated as (1/3)*30*6.5 = 65, which matches the reference answer."
"prm-1368cc3f0e85c6c9","114","3","1","middle","yes","redundant","True","True","still_correct","137","161","-24","completed","completed","\frac{16}{27}","\frac{16}{27}","\frac{16}{27}","The candidate answer matches the reference answer.","The candidate answer matches the reference answer."
"prm-de41ade60ddfc393","115","3","0","early","yes","redundant","True","True","still_correct","118","132","-14","completed","completed","11","11","11","The candidate answer matches the reference answer.","The candidate answer matches the reference answer."
"prm-b35e05ba41e78a12","116","3","1","early","no","essential","True","True","still_correct","507","544","-37","completed","completed","16","16","16","The candidate answer is mathematically equivalent to the reference answer.","The candidate answer matches the reference answer."
"prm-321715581e0e716b","117","3","0","late","no","harmful","True","False","correct_to_wrong","619","478","141","completed","completed","\frac{-35}{9}","-\frac{99}{25}","-\frac{35}{9}","The candidate answer is mathematically equivalent to the reference answer.","The candidate answer is incorrect; the correct value is $-\frac{35}{9}$, not $-\frac{99}{25}$."
"prm-dfc9bfdaf9a344b2","121","3","1","middle","yes","redundant","True","True","still_correct","319","376","-57","completed","completed","284","284","284","The candidate answer matches the reference answer.","The candidate answer matches the reference answer."
"prm-55383ac51f763ea4","124","3","-1","early","yes","redundant","True","True","still_correct","124","148","-24","completed","completed","326.5","326.5","326.5","The candidate answer matches the reference answer.","The candidate answer matches the reference answer."
"prm-8169dadf3bfeafa7","125","3","1","late","no","essential","True","True","still_correct","218","205","13","completed","completed","16","16","16","The candidate answer matches the reference answer.","The candidate answer matches the reference answer."
"prm-fe7cc1b1ef70d69f","127","3","0","early","yes","redundant","True","False","correct_to_wrong","451","498","-47","completed","completed","-1","$a + b = -3 + 2 = -1$","-1","Both answers are equal.","The candidate answer is not a simple numerical value but an expression, and the reference answer is a numerical value."
"prm-85d7c7d738bdc28f","129","3","0","middle","yes","redundant","True","True","still_correct","193","207","-14","completed","completed","28","28","28","The candidate answer matches the reference answer.","Both answers are equal."
"prm-4e116a81462e9a1c","130","3","-1","middle","no","harmful","False","True","wrong_to_correct","112","150","-38","completed","completed","106","25","25","The candidate answer does not match the reference answer.","The candidate answer matches the reference answer."
"prm-f06f20e73957e088","131","3","1","middle","no","essential","True","True","still_correct","226","230","-4","completed","completed","-1","-1","-1","The candidate answer matches the reference answer.","The candidate answer matches the reference answer."
"prm-a7a5bc91e1e562b3","133","3","0","middle","yes","redundant","True","True","still_correct","156","119","37","completed","completed","326.5","326.5","326.5","The candidate answer is mathematically equivalent to the reference answer.","The candidate answer matches the reference answer."
"prm-c03abfd4982e0b4e","134","3","-1","middle","no","harmful","False","True","wrong_to_correct","234","293","-59","completed","completed","\boxed{\frac{3}{4}}","\frac{1}{4}","\frac{1}{4}","The candidate answer is \boxed{\frac{3}{4}} which is incorrect. The correct answer is \frac{1}{4}.","The candidate answer matches the reference answer."
"prm-9f8de872e85deb1c","135","3","1","late","no","essential","True","True","still_correct","166","175","-9","completed","completed","(0, 9) \\cup (9, 36)","(0, 9) ∪ (9, 36)","(0,9) \cup (9,36)","The candidate answer matches the reference answer.","The candidate answer matches the reference answer."
"prm-08ffb439fa587578","137","3","1","middle","no","essential","True","True","still_correct","223","281","-58","completed","completed","10","10","10","The candidate answer matches the reference answer.","The candidate answer matches the reference answer."
"prm-94b3b2909358d23e","138","3","1","early","yes","redundant","True","True","still_correct","294","304","-10","completed","completed","12","12","12","Both answers are mathematically equivalent.","The candidate answer 12 is mathematically equivalent to the reference answer 12."
"prm-e4f8aa072f5528f6","139","3","1","early","yes","redundant","False","True","wrong_to_correct","198","254","-56","completed","completed","224","284","284","The candidate answer is incorrect; the correct sum of the proper divisors of the sum of the proper divisors of 284 is 284, not 224.","The candidate answer matches the reference answer."
"prm-b59d428fdeb2db81","140","3","1","late","no","essential","True","False","correct_to_wrong","75","69","6","completed","completed","east","east","\text{east}","The candidate answer matches the reference answer.","The correct answer is east, but the candidate answer is east (formatting difference)."
"prm-69589edd55211e2d","141","3","1","early","yes","redundant","True","True","still_correct","144","224","-80","completed","completed","40_9","40_9","40_9","The candidate answer matches the reference answer.","The candidate answer matches the reference answer."
"prm-a0bf5d5817e64ebf","143","3","1","late","no","essential","True","True","still_correct","142","173","-31","completed","completed","23","23","23","Both answers are equal.","The candidate answer matches the reference answer."
"prm-2e47da03eaad232d","145","3","0","early","yes","redundant","True","True","still_correct","248","117","131","completed","completed","\frac{33}{100}","\frac{33}{100}","\dfrac{33}{100}","The candidate answer matches the reference answer.","The candidate answer is algebraically equivalent to the reference answer."
"prm-a1fd67bb0e47eb99","146","3","0","late","no","harmful","True","True","still_correct","174","171","3","completed","completed","x^3 + 3x - 6","$x^3 + 3x - 6$","x^3+3x-6","The candidate answer matches the reference answer.","The candidate answer matches the reference answer."
"prm-729feeaa6d7fd49e","147","3","1","middle","no","essential","True","False","correct_to_wrong","1383","593","790","completed","completed","10","7","10","The candidate answer matches the reference answer.","The reference answer is 10, but the candidate answer is 7."
"prm-4d106f224c1f1477","148","3","0","middle","yes","redundant","True","True","still_correct","134","109","25","completed","completed","3","3","3","The candidate answer matches the reference answer.","The candidate answer matches the reference answer."
"prm-e2765e9155dae75b","149","3","1","early","no","essential","True","True","still_correct","239","142","97","completed","completed","47","5\star1 = 9(5) + 2(1) - (5)(1) + 5 = 45 + 2 - 5 + 5 = 47","47","The candidate answer is mathematically equivalent to the reference answer.","The candidate answer matches the reference answer."
"prm-685fe7b1359fce4f","151","3","1","middle","yes","redundant","True","True","still_correct","104","151","-47","completed","completed","-3","-3","-3","The candidate answer matches the reference answer.","The candidate answer matches the reference answer."
"prm-2694ff7bb4a98ca8","152","3","0","early","yes","redundant","True","True","still_correct","424","318","106","completed","completed","0.35625","0.35625",".35625","The candidate answer is mathematically equivalent to the reference answer.","The candidate answer 0.35625 is mathematically equivalent to the reference answer .35625."
"prm-21c4281b443f082f","154","3","1","early","no","harmful","True","False","correct_to_wrong","75","126","-51","completed","completed","83","x = 83","83","Both answers are mathematically equivalent.","The candidate answer includes an unnecessary variable 'x' and does not match the required format of a numerical value."
"prm-c3c805b2888f0c71","155","3","-1","early","no","harmful","True","False","correct_to_wrong","772","202","570","completed","completed","9","2","9","The candidate answer matches the reference answer.","The candidate answer is incorrect. The remainder when $129^{34}+96^{38}$ is divided by $11$ is $9$."
"prm-49db7302a176b729","156","3","0","early","yes","harmful","True","False","correct_to_wrong","357","358","-1","completed","completed","81","9","81","The candidate answer matches the reference answer.","The correct answer is 81, but the candidate answer is 9."
"prm-9d7450aa50a1cc3f","157","3","-1","middle","no","harmful","True","True","still_correct","110","132","-22","completed","completed","2","2","2","The candidate answer matches the reference answer.","The candidate answer matches the reference answer."
"prm-24a570f07e4ce807","158","3","1","late","yes","redundant","True","False","correct_to_wrong","96","130","-34","completed","completed","$3\sqrt{13}$","$3	ext{sqrt}(13)$","3\sqrt{13}","The candidate answer matches the reference answer.","The candidate answer uses a different notation (\text{sqrt}) compared to the reference answer (\sqrt), which is not acceptable."
"prm-2e5c19fc0f94ad0f","162","3","1","middle","yes","redundant","True","True","still_correct","138","107","31","completed","completed","9","9","9","The candidate answer matches the reference answer.","The candidate answer matches the reference answer."
"prm-b659045eab2bbc92","163","3","0","early","yes","harmful","True","True","still_correct","98","132","-34","completed","completed","326.5","326.5","326.5","The candidate answer matches the reference answer.","The candidate answer matches the reference answer."
"prm-42aea905c1b49570","165","3","0","middle","yes","redundant","True","True","still_correct","71","119","-48","completed","completed","2","2","2","The candidate answer is mathematically equivalent to the reference answer.","The candidate answer matches the reference answer."
"prm-db5fb9c45b89211e","166","3","1","middle","no","essential","True","False","correct_to_wrong","191","129","62","completed","completed","(8, -2)","(3, 3)","(8,-2)","The candidate answer is (8, -2), which matches the reference answer.","The candidate answer (3, 3) is not mathematically equivalent to the reference answer (8, -2)."
"prm-a17bb33b5cced852","169","3","1","late","yes","redundant","True","True","still_correct","132","145","-13","completed","completed","\frac{14}{3}","\frac{14}{3}","\frac{14}{3}","The candidate answer matches the reference answer.","The candidate answer matches the reference answer."
"prm-57b082ca295d4211","170","3","0","late","yes","redundant","True","True","still_correct","103","71","32","completed","completed","256","256","256","Both answers are mathematically equivalent.","The candidate answer correctly evaluates to 256, which matches the reference answer."
"prm-67c15cd755da8374","171","3","1","early","no","essential","True","True","still_correct","400","342","58","completed","completed","$(-\infty, 2) \cup (3, \infty)$","$(-\infty, 2) \cup (3, \infty)$","(-\infty, 2) \cup (3, \infty)","The candidate answer matches the reference answer.","The candidate answer matches the reference answer."
"prm-0c1ebea011e80ccd","172","3","-1","middle","no","harmful","False","True","wrong_to_correct","206","95","111","completed","completed","$-rac{	heta}{6}$","-\frac{\pi}{6}","-\frac{\pi}{6}","The candidate answer uses an undefined symbol $\theta$, while the reference answer is $-\frac{\pi}{6}$.","The candidate answer matches the reference answer."
"prm-b2a4ce5f01127d75","173","3","1","late","yes","redundant","True","True","still_correct","71","81","-10","completed","completed","2","2","2","The candidate answer matches the reference answer.","The candidate answer matches the reference answer."
"prm-56f31f0da676983f","175","3","-1","middle","no","harmful","False","True","wrong_to_correct","2048","264","1784","cannot_continue","completed","","\boxed{\frac{1997}{2}}","\frac{1997}{2}","No candidate final answer was produced.","The candidate answer matches the reference answer."
"prm-1ef2f094b18fa4d5","178","3","-1","early","no","harmful","True","True","still_correct","592","422","170","completed","completed","25","25","25","The candidate answer matches the reference answer.","The candidate answer matches the reference answer."
"prm-b4ce181080c6935d","179","3","-1","middle","yes","redundant","True","True","still_correct","297","226","71","completed","completed","\boxed{\frac{1}{3}}","\boxed{\frac{1}{3}}","\frac{1}{3}","The candidate answer matches the reference answer.","The candidate answer matches the reference answer."
"prm-e5218a9b5d49ef04","180","3","-1","early","no","harmful","False","True","wrong_to_correct","105","206","-101","completed","completed","$x = 1$","$x = 2$","2","The candidate answer is not mathematically equivalent to the reference answer.","The candidate answer is algebraically equivalent to the reference answer."
"prm-934ae181dbf1e5d6","181","3","-1","late","no","harmful","True","True","still_correct","133","83","50","logical_break","completed","121","121","121","Both answers are equal to 121.","The candidate answer matches the reference answer."
"prm-df9bfb129e27eea5","183","3","0","middle","no","harmful","True","True","still_correct","571","488","83","completed","completed","6","6","6","The candidate answer matches the reference answer.","The candidate answer matches the reference answer."
"prm-cfbe55fef530eeea","184","3","1","early","no","essential","True","True","still_correct","274","143","131","completed","completed","0","0","0","The candidate answer is mathematically equivalent to the reference answer.","The candidate answer matches the reference answer."
"prm-17ba4f9e4d89154f","186","3","-1","late","no","harmful","False","True","wrong_to_correct","93","119","-26","completed","completed","17","23","23","The candidate answer is 17, but the reference answer is 23.","The greatest common factor of 6432 and 132 is 24, and 24 + 11 = 23, which matches the reference answer."
"prm-6a5663499dcdfb6e","187","3","1","early","no","essential","True","True","still_correct","269","306","-37","completed","completed","\frac{17}{50}","\frac{34}{100} = \frac{17}{50}","\dfrac{17}{50}","The candidate answer matches the reference answer.","The candidate answer is algebraically equivalent to the reference answer."
"prm-9e945c5a20713eba","188","3","0","late","no","essential","True","True","still_correct","78","81","-3","completed","completed","25","25","25","The candidate answer matches the reference answer.","The candidate answer matches the reference answer."
"prm-61fb797f33ef26d1","190","3","-1","late","no","harmful","True","True","still_correct","136","127","9","completed","completed","9","9","9","The candidate answer matches the reference answer.","Both answers are the same."
"prm-d828d740ba9cd096","191","3","1","early","no","essential","True","True","still_correct","306","199","107","completed","completed","$4343_6$","$4343_6$","4343_6","Both answers are equal.","The candidate answer matches the reference answer."
"prm-569d7cf9abe65f34","194","3","1","early","no","essential","False","True","wrong_to_correct","2048","196","1852","cannot_continue","completed","","5","x=5","No candidate final answer was produced.","The candidate answer matches the reference answer."
"prm-51383cc20140c6d4","195","3","0","middle","yes","redundant","True","True","still_correct","264","259","5","completed","completed","59","59","59","The candidate answer matches the reference answer.","The candidate answer matches the reference answer."
"prm-738ac1e91010e501","197","3","1","early","yes","redundant","True","True","still_correct","136","192","-56","completed","completed","6","6","6","Both answers are equal to 6.","The candidate answer matches the reference answer."
"prm-ebe33b841de11dec","198","3","1","late","no","essential","True","True","still_correct","79","87","-8","completed","completed","56","56","56","The candidate answer matches the reference answer.","The candidate answer 56 is mathematically equivalent to the reference answer 56."
"prm-178620daeb1c879c","199","3","1","late","no","essential","True","True","still_correct","160","81","79","completed","completed","(15, -29)","(15, -29)","(15,-29)","The candidate answer matches the reference answer.","The candidate answer (15, -29) is mathematically equivalent to the reference answer (15,-29)."
"prm-48b0d62a1035c5eb","201","3","-1","early","no","harmful","True","True","still_correct","254","205","49","completed","completed","24","24","24","The candidate answer matches the reference answer.","The candidate answer matches the reference answer."
"prm-1eb61d347e7307c6","202","3","1","late","yes","redundant","True","True","still_correct","104","134","-30","completed","completed","5","5","5","Both answers are mathematically equivalent.","The candidate answer matches the reference answer."
"prm-7616aa089b45809c","204","3","0","late","no","essential","True","True","still_correct","129","64","65","completed","completed","3","3","3","The candidate answer matches the reference answer.","The candidate answer matches the reference answer."
"prm-c5d0b2ae9f6de94a","205","3","1","middle","yes","redundant","True","False","correct_to_wrong","448","377","71","completed","completed","10","Chris is 10 years old now.","10","The candidate answer matches the reference answer.","The candidate answer does not match the reference answer."
"prm-32ce22f0573267db","206","3","1","early","yes","redundant","False","True","wrong_to_correct","205","254","-49","completed","completed","The two-digit factors of both 100 and 150 are 10, 25, and 50. Therefore, there are 3 such numbers.","3","3","The candidate answer includes an explanation, but the reference answer is a numerical value.","Both answers are the same."
"prm-73806d5bdc6ee15f","207","3","0","late","yes","redundant","True","True","still_correct","282","249","33","completed","completed","11","11","11","Both answers are 11.","The candidate answer matches the reference answer."
"prm-def1910362f8da38","210","3","1","early","no","essential","True","True","still_correct","625","543","82","completed","completed","6","6","6","The candidate answer matches the reference answer.","The candidate answer matches the reference answer."
"prm-2d520973414e1dcb","211","3","1","middle","yes","redundant","True","False","correct_to_wrong","128","246","-118","completed","completed","27","216","27","The candidate answer matches the reference answer.","The reference answer is 27, but the candidate answer is 216."
"prm-6fb0c8f8ee2ebabd","213","3","0","middle","no","harmful","True","True","still_correct","159","256","-97","completed","completed","11","11","11","Both answers are equal to 11.","The candidate answer matches the reference answer."
"prm-3d9ad8daca3b8faa","214","3","-1","late","no","harmful","True","True","still_correct","315","138","177","completed","completed","13","13","13","The candidate answer matches the reference answer.","The candidate answer 13 is mathematically equivalent to the reference answer 13."
"prm-2413c903941648a5","215","3","-1","early","no","essential","False","True","wrong_to_correct","664","630","34","completed","completed","\frac{169\sqrt{5}}{180}","\dfrac{13}{6}","\frac{13}{6}","The candidate answer is not mathematically equivalent to the reference answer.","The candidate answer \dfrac{13}{6} is mathematically equivalent to the reference answer \frac{13}{6}."
"prm-c7fdd3c01ea7968c","217","3","1","late","no","essential","False","True","wrong_to_correct","131","148","-17","completed","completed","10\%","10%","10","The reference answer is 10, but the candidate answer is 10\%.","The candidate answer matches the reference answer."
"prm-b30d7b8afa669a70","218","3","-1","early","no","essential","False","True","wrong_to_correct","520","444","76","completed","completed","$(2, rac{21}{10}) igcup (rac{21}{10}, 102)$","(2, 12) igcup (12, 102)","(2,12) \cup (12,102)","The candidate answer is not mathematically equivalent to the reference answer.","The candidate answer is mathematically equivalent to the reference answer."
"prm-9d4dfc92d2809bdb","219","3","0","late","yes","redundant","True","True","still_correct","73","114","-41","completed","completed","3","3","3","The candidate answer matches the reference answer.","The candidate answer matches the reference answer."
"prm-fe9bce2e8059e597","222","3","-1","middle","no","harmful","True","True","still_correct","120","126","-6","completed","completed","-50","-50","-50","The candidate answer matches the reference answer.","Both answers are the same."
"prm-caf345262620d432","223","3","0","late","yes","redundant","True","True","still_correct","76","78","-2","completed","completed","137\frac{1}{2}","$137\frac{1}{2}$","137 \frac{1}{2}","Both answers are 137 1/2.","The candidate answer matches the reference answer."
"prm-2a5b9be75f2130c8","224","3","-1","early","no","harmful","False","True","wrong_to_correct","146","206","-60","completed","completed","\boxed{\left(\dfrac{20}{37}\right)^{55}}","1","1","The candidate answer is incorrect; the correct value is $1$.","The expression simplifies to (4 5/8 * 8/37)^55 = (1)^55 = 1, which matches the reference answer."
"prm-7cf98f01d85acf4d","225","3","1","middle","no","harmful","True","True","still_correct","171","177","-6","completed","completed","ellipse","ellipse","\text{ellipse}","The candidate answer ellipse is mathematically equivalent to the reference answer ellipse.","The candidate answer matches the reference answer."
"prm-f66c436ea5314143","227","3","-1","late","yes","redundant","False","True","wrong_to_correct","2048","303","1745","cannot_continue","completed","","44","44","No candidate final answer was produced.","The candidate answer matches the reference answer."
"prm-e457a6097bf292ad","228","3","1","late","no","essential","True","True","still_correct","189","100","89","completed","completed","(\frac{3}{2}, -13)","(\frac{3}{2}, -13)","\left( \frac{3}{2}, -13 \right)","The candidate answer matches the reference answer.","The candidate answer matches the reference answer."
"prm-91db4cb8cb67916a","230","3","1","early","yes","redundant","True","True","still_correct","446","414","32","completed","completed","3","3","3","The candidate answer matches the reference answer.","The candidate answer 3 is mathematically equivalent to the reference answer 3."
"prm-24135c674fb88634","231","3","-1","middle","no","harmful","False","True","wrong_to_correct","393","296","97","completed","completed","667","333","333","The candidate answer is not mathematically equivalent to the reference answer.","The candidate answer 333 is mathematically equivalent to the reference answer 333."
"prm-d139e98806701b02","232","3","0","late","yes","redundant","True","True","still_correct","92","92","0","completed","completed","\frac{5}{9}","\frac{5}{9}","\frac 59","The candidate answer is mathematically equivalent to the reference answer.","The candidate answer matches the reference answer."
"prm-499e50d1f2d6148c","233","3","-1","early","yes","harmful","True","True","still_correct","120","151","-31","completed","completed","0.15","0.15","0.15","The candidate answer matches the reference answer.","The candidate answer matches the reference answer."
"prm-02dc733a400c8a44","235","3","-1","early","no","harmful","True","True","still_correct","255","299","-44","completed","completed","9","9","9","The candidate answer matches the reference answer.","The candidate answer matches the reference answer."
"prm-d9a76b21965836c2","236","3","-1","late","no","harmful","True","False","correct_to_wrong","233","70","163","completed","cannot_continue","\begin{pmatrix} \frac{16}{49} \\ \frac{48}{49} \\ \frac{24}{49} \end{pmatrix}","","\begin{pmatrix} 16/49 \\ 48/49 \\ 24/49 \end{pmatrix}","The candidate answer is algebraically equivalent to the reference answer.","No candidate final answer was produced."
"prm-a3a05daf8f16a52f","237","3","0","early","no","essential","True","False","correct_to_wrong","423","152","271","completed","completed","203","The smallest number of coins you could have had before finding the bag of 53 coins is 147.","203","The candidate answer matches the reference answer.","The candidate answer does not match the reference answer."
"prm-47679397406393e0","238","3","1","early","yes","redundant","True","True","still_correct","179","198","-19","completed","completed","$555_{10} = 4210_5$","$4210_5$","4210_{5}","The candidate answer matches the reference answer.","Both answers are the same."
"prm-01441d1b7d95366c","240","3","1","middle","no","essential","False","True","wrong_to_correct","2048","315","1733","cannot_continue","completed","","600","600","No candidate final answer was produced.","The calculation yields x = (15^2 * 24) / (3^2) = 600, which matches the reference answer."
"prm-8acbcd62bf310d16","241","3","1","middle","yes","redundant","True","True","still_correct","256","208","48","completed","completed","7","7","7","The candidate answer 7 is mathematically equivalent to the reference answer 7.","The candidate answer matches the reference answer."
"prm-14fb1048eb99d376","242","3","-1","late","yes","redundant","True","True","still_correct","106","114","-8","completed","completed","6, -4, -24","$6r^2 - 4r - 24$","6r^2-4r-24","The candidate answer is algebraically equivalent to the reference answer.","The candidate answer matches the reference answer."
"prm-295680b6ca231154","243","3","-1","early","no","essential","True","True","still_correct","213","224","-11","completed","completed","9","9","9","The candidate answer matches the reference answer.","The candidate answer matches the reference answer."
"prm-0700321e0038e3d1","246","3","0","early","yes","redundant","True","False","correct_to_wrong","162","106","56","completed","completed","83","x = -79","83","The candidate answer matches the reference answer.","The candidate answer x = -79 is not mathematically equivalent to the reference answer 83."
"prm-9156dcd21a3e42c0","247","3","1","middle","no","essential","True","True","still_correct","105","170","-65","completed","completed","5","5","5","The candidate answer matches the reference answer.","The candidate answer 5 is mathematically equivalent to the reference answer 5."
"prm-14c85f1b92bf8cfb","248","3","-1","middle","no","harmful","True","True","still_correct","159","100","59","completed","completed","49","49","49","The candidate answer is mathematically equivalent to the reference answer.","The candidate answer matches the reference answer."
"prm-8fb8c12bb402ec2d","249","3","0","late","yes","redundant","True","True","still_correct","108","74","34","completed","completed","3","3","3","The candidate answer matches the reference answer.","The candidate answer matches the reference answer."
"prm-65435eea6f0c0b9a","250","3","0","late","yes","redundant","True","True","still_correct","122","80","42","completed","completed","64","64","64","The candidate answer matches the reference answer.","The candidate answer matches the reference answer."
"prm-2dfd8218ce19b305","252","3","0","late","yes","redundant","True","True","still_correct","128","126","2","completed","completed","(-\infty, 2) \cup (3, \infty)","(-\infty, 2) \cup (3, \infty)","(-\infty, 2) \cup (3, \infty)","The candidate answer matches the reference answer exactly.","The candidate answer matches the reference answer."
"prm-b7f05eda927bf837","253","3","0","middle","yes","redundant","True","False","correct_to_wrong","1317","922","395","completed","completed","1","4","1","The candidate answer matches the reference answer.","The candidate answer does not match the reference answer."
"prm-57a23b7d9d387a2d","254","3","0","middle","no","harmful","False","True","wrong_to_correct","132","99","33","completed","completed","1.12","1.25","1.25","The candidate answer is incorrect; the correct answer is 1.25.","Both answers are the same."
"prm-ac01250021f796d9","256","3","0","middle","yes","redundant","False","True","wrong_to_correct","494","426","68","completed","completed","256","203","203","The candidate answer is incorrect; the correct value is $203$.","The smallest number of coins before finding the bag of 53 coins is 203, which matches the reference answer."
"prm-0ade6393f937db17","257","3","1","middle","yes","redundant","True","True","still_correct","188","83","105","completed","completed","2","2","2","The candidate answer 2 is mathematically equivalent to the reference answer 2.","The candidate answer matches the reference answer."
"prm-77a86cb6e4dfd1aa","258","3","1","middle","no","essential","True","True","still_correct","126","154","-28","completed","completed","26 × 25 × 10 × 9 = 58500","26 × 25 × 10 × 9 = 58500","58,500","The candidate answer is mathematically equivalent to the reference answer.","The candidate answer matches the reference answer."
"prm-99891d43a5e736a5","259","3","0","late","yes","redundant","True","True","still_correct","119","116","3","completed","completed","12","12","12","The candidate answer matches the reference answer.","The candidate answer matches the reference answer."
"prm-977f248f4b7b1084","260","3","0","middle","yes","redundant","True","False","correct_to_wrong","480","382","98","completed","cannot_continue","1030","","1030","The candidate answer matches the reference answer.","No candidate final answer was produced."
"prm-f77af5e177e450d9","261","3","0","late","no","essential","False","True","wrong_to_correct","82","162","-80","completed","completed","[-2, 7]","[-2, 7]","x \in [-2,7]","The reference answer is expressed as x \in [-2,7], but the candidate answer is [-2, 7], which is missing the \in notation and is not fully equivalent.","The candidate answer matches the reference answer."
"prm-55ea704e2707c428","262","3","0","middle","yes","redundant","True","True","still_correct","330","398","-68","completed","completed","\boxed{\frac{1}{8}}","\frac{1}{8}","\frac{1}{8}","The candidate answer matches the reference answer.","The candidate answer \frac{1}{8} is mathematically equivalent to the reference answer \frac{1}{8}."
"prm-3ef9d1189683f74d","263","3","-1","late","no","harmful","False","True","wrong_to_correct","153","131","22","logical_break","completed","240","480","480","The candidate answer is not mathematically equivalent to the reference answer.","The candidate answer 480 is mathematically equivalent to the reference answer 480."
"prm-51eccaad45590836","264","3","-1","middle","no","harmful","True","True","still_correct","186","146","40","completed","completed","1","1","1","The candidate answer is mathematically equivalent to the reference answer.","The candidate answer matches the reference answer."
"prm-ac1c971aefdf8aad","265","3","0","early","no","harmful","True","True","still_correct","309","157","152","completed","completed","2","\boxed{2}","2","The candidate answer matches the reference answer.","The candidate answer matches the reference answer."
"prm-e5b42c42ddfdfe89","267","3","0","early","yes","redundant","False","True","wrong_to_correct","267","280","-13","completed","completed","$ f(2015,2) = 1 $","$ f(2015, 2) = 1 $","1","The candidate answer is not a numerical value but an expression.","The candidate answer matches the reference answer."
"prm-4dbc982a4c31d7d8","269","3","1","late","no","harmful","True","True","still_correct","251","358","-107","completed","completed","2","2","2","The candidate answer matches the reference answer.","The candidate answer matches the reference answer."
"prm-92cd9c4d155c7994","270","3","0","early","yes","redundant","True","True","still_correct","248","122","126","completed","completed","1600","1600","1600","The candidate answer matches the reference answer.","Both answers are the same."
"prm-d86397c6b2e063ff","271","3","0","early","no","essential","True","False","correct_to_wrong","333","295","38","completed","completed","4","2","4","Both answers are 4.","The candidate answer is incorrect. The modulo 7 remainder of the sum 1+3+5+7+9+\dots+195+197+199 is 4, not 2."
"prm-b141684d5ef466c9","273","3","0","middle","yes","redundant","True","True","still_correct","214","198","16","completed","completed","0.15","0.15","0.15","The candidate answer 0.15 is mathematically equivalent to the reference answer 0.15.","Both answers are mathematically equivalent."
"prm-00177cb1b6246e3e","274","3","1","late","no","essential","True","True","still_correct","73","65","8","completed","completed","$11\sqrt{2}$","11\sqrt{2}","11\sqrt2","The candidate answer is mathematically equivalent to the reference answer.","The candidate answer matches the reference answer."
"prm-210861cfb25add07","278","3","0","late","yes","redundant","True","True","still_correct","70","73","-3","completed","completed","3","3","3","The candidate answer matches the reference answer.","The candidate answer matches the reference answer."
"prm-fa87724dc0063e72","279","3","-1","late","no","harmful","True","True","still_correct","96","60","36","completed","completed","6","6","6","The candidate answer matches the reference answer.","The candidate answer 6 is mathematically equivalent to the reference answer 6."
"prm-656a46c9640db820","281","3","0","early","yes","redundant","True","False","correct_to_wrong","560","411","149","completed","completed","15","The minimum value of $ f(x) $ on the interval $ [p, 15] $ is $ 15 - p $, achieved at $ x = 15 $.","15","The candidate answer matches the reference answer.","The candidate answer is incorrect; the reference answer is 15, but the candidate answer states 15 - p."
"prm-d9e44ee7bd1dadc6","282","3","-1","late","no","harmful","False","True","wrong_to_correct","211","189","22","logical_break","completed","2^{rac{10}{3}}","4","4","The candidate answer is not mathematically equivalent to the reference answer. 2^(10/3) is not equal to 4.","The candidate answer is mathematically equivalent to the reference answer."
"prm-7a821b119f49c100","283","3","1","early","yes","redundant","True","True","still_correct","251","418","-167","completed","completed","3","3","3","The candidate answer matches the reference answer.","The candidate answer matches the reference answer."
"prm-76baed35df6fb032","284","3","1","middle","yes","redundant","True","True","still_correct","122","127","-5","completed","completed","90","90","90","The candidate answer matches the reference answer exactly.","The candidate answer matches the reference answer."
"prm-f418b9680e5a9dc1","285","3","-1","early","no","harmful","True","True","still_correct","155","118","37","completed","completed","$\sqrt{53}$","\sqrt{53}","\sqrt{53}","Both answers are the same.","The candidate answer matches the reference answer."
"prm-23e4bf45fefddfca","287","3","-1","late","no","harmful","False","True","wrong_to_correct","81","98","-17","completed","completed","125","1250","1250","The candidate answer is 125, but the reference answer is 1250.","The candidate answer is correct. 1,000,000 lire is equivalent to 1250 dollars."
"prm-ea4bf8ee91052d6e","288","3","0","early","yes","redundant","True","True","still_correct","310","275","35","completed","completed","143","143","143","The candidate answer matches the reference answer.","Both the reference answer and candidate answer are 143."
"prm-22008191f0fcf07c","289","3","0","late","yes","redundant","True","True","still_correct","213","233","-20","completed","completed","0.35625","0.35625",".35625","The candidate answer 0.35625 is mathematically equivalent to the reference answer .35625.","Both answers are mathematically equivalent."
"prm-d53813f5acf46dc2","290","3","1","late","no","essential","True","True","still_correct","115","103","12","completed","completed","[-2, 7]","[-2, 7]","x \in [-2,7]","The candidate answer is mathematically equivalent to the reference answer.","The candidate answer matches the reference answer."
"prm-374f893a0a7e07c4","292","3","1","early","yes","redundant","True","True","still_correct","152","154","-2","completed","completed","0","0","0","The candidate answer is correct. When $ a = 4 $, substituting into the equation $ 3x + 2y = 12 $ gives $ b = 0 $.","The candidate answer matches the reference answer."
"prm-6b443c0ab9016cf3","293","3","0","middle","yes","redundant","True","True","still_correct","82","96","-14","completed","completed","90","90","90","Both answers are equal to 90.","The candidate answer 90 is mathematically equivalent to the reference answer 90."
"prm-9b09489564767b9d","294","3","0","early","no","essential","True","True","still_correct","342","352","-10","completed","completed","30","30","30","The candidate answer matches the reference answer.","The candidate answer matches the reference answer."
"prm-b02cba206762c771","295","3","1","middle","no","essential","True","True","still_correct","152","171","-19","completed","completed","$78","$78","78","The candidate answer matches the reference answer.","The candidate answer $78 is mathematically equivalent to the reference answer 78."
"prm-1590d85cae7720a6","296","3","1","late","yes","redundant","True","False","correct_to_wrong","118","158","-40","completed","completed","1","2","1","The candidate answer matches the reference answer.","The reference answer is 1, but the candidate answer is 2."
"prm-8d9aac49538338f6","297","3","1","early","no","essential","True","True","still_correct","149","111","38","completed","completed","60","60","60","The candidate answer matches the reference answer.","The candidate answer matches the reference answer."
"prm-d14414ada709f204","298","3","0","early","yes","redundant","False","True","wrong_to_correct","2048","526","1522","cannot_continue","completed","","1","1","No candidate final answer was produced.","The candidate answer matches the reference answer."
"prm-c00e9d4b22a619cf","299","3","0","early","no","harmful","True","True","still_correct","174","364","-190","completed","completed","2","2","2","The candidate answer matches the reference answer.","The candidate answer matches the reference answer."
"prm-3490f4298028248f","301","3","0","middle","no","harmful","True","True","still_correct","90","97","-7","completed","completed","1.25","1.25","1.25","Both answers are the same.","The candidate answer matches the reference answer."
"prm-5163da324c8a2bc9","303","3","1","early","no","essential","True","True","still_correct","476","409","67","completed","completed","20","20","20","Both answers are 20.","The candidate answer is correct. The sum of the coefficients a, b, and c for the expression (\sqrt{2}+\sqrt{3})^3 is 20."
"prm-060b37de44a23f9c","304","3","1","late","yes","redundant","True","False","correct_to_wrong","126","220","-94","completed","completed","1","3","1","The candidate answer matches the reference answer.","The reference answer is 1, but the candidate answer is 3."
"prm-6a48687cd49dd67e","305","3","-1","late","yes","harmful","True","True","still_correct","94","112","-18","completed","completed","x^5 - x^4 + x^3 - x^2 + x - 1","$x^5 - x^4 + x^3 - x^2 + x - 1$","x^5 - x^4 + x^3 - x^2 + x - 1","The candidate answer matches the reference answer exactly.","Both answers are mathematically equivalent."
"prm-4f8665f0a19739c3","307","3","0","late","no","harmful","True","True","still_correct","199","296","-97","completed","completed","12","12","12","The candidate answer matches the reference answer.","The candidate answer is correct."
"prm-a3fb1524920e2118","308","3","0","middle","yes","redundant","True","True","still_correct","150","183","-33","completed","completed","1","1","1","The candidate answer is correct. The smallest possible integer value for $ x $ such that $ f(x) $ has a real number value is 1.","The candidate answer matches the reference answer."
"prm-b776a9c2dead1877","309","3","0","late","yes","redundant","True","True","still_correct","71","101","-30","completed","completed","4","4","4","The positive square root of 64 is 8, and the cube root of 64 is 4. The difference is 4.","The candidate answer 4 is mathematically equivalent to the reference answer 4."
"prm-31f315049adee361","310","3","0","late","yes","redundant","True","True","still_correct","103","67","36","completed","completed","284","284","284","The candidate answer matches the reference answer.","The candidate answer matches the reference answer."
"prm-0796ce8561574c8c","311","3","1","late","no","essential","True","True","still_correct","85","203","-118","completed","completed","7","7","7","The candidate answer matches the reference answer.","The candidate answer 7 is mathematically equivalent to the reference answer 7."
"prm-fa241fc7e4a6f419","312","3","1","late","yes","redundant","True","False","correct_to_wrong","67","150","-83","completed","completed","36","40","36","The candidate answer matches the reference answer.","The reference answer is 36, but the candidate answer is 40."
"prm-a619a9e3e9a63362","313","3","1","late","yes","redundant","True","True","still_correct","57","57","0","completed","completed","\frac{\sqrt{3}}{3}","\frac{\sqrt{3}}{3}","\frac{\sqrt{3}}{3}","The candidate answer is algebraically equivalent to the reference answer.","The candidate answer matches the reference answer."
"prm-b3c55327f85d52bf","314","3","-1","late","no","essential","True","True","still_correct","216","276","-60","completed","completed","$(-\infty, 2) \cup (3, \infty)$","$(-	ext{infty}, 2) 	ext{ union } (3, 	ext{infty})$","(-\infty, 2) \cup (3, \infty)","The candidate answer matches the reference answer.","The candidate answer is algebraically equivalent to the reference answer with formatting differences."
"prm-4c7b0daf67f174f2","315","3","0","middle","no","harmful","False","True","wrong_to_correct","209","234","-25","completed","completed","4\sqrt{6}","16\sqrt{3}","16 \sqrt{3}","The candidate answer is not mathematically equivalent to the reference answer.","The candidate answer matches the reference answer."
"prm-bd9c89c30ff0439e","316","3","1","late","no","essential","False","True","wrong_to_correct","257","196","61","completed","completed","$(-	ext{ } 	ext{, } 2) 	ext{ } 	ext{union} 	ext{ } (3, 	ext{ } 	ext{)}$","(-\infty, 2) \cup (3, \infty)","(-\infty, 2) \cup (3, \infty)","The candidate answer is not in the correct format and does not match the reference answer.","The candidate answer matches the reference answer."
"prm-8cc3ef6509ad6fbf","317","3","1","early","no","essential","True","True","still_correct","291","325","-34","completed","completed","8","8","8","Both answers are the same.","The candidate answer matches the reference answer."
"prm-649bf3fbe6231218","318","3","1","late","no","essential","True","True","still_correct","61","71","-10","completed","completed","200","200","200","The candidate answer matches the reference answer.","Both answers are the same."
"prm-1fa85012955acc38","322","3","1","early","no","essential","True","True","still_correct","689","744","-55","completed","completed","25","25","25","The candidate answer is mathematically equivalent to the reference answer.","The candidate answer matches the reference answer."
"prm-bbdc2cbce9d5d71d","324","3","1","middle","no","essential","False","True","wrong_to_correct","286","272","14","completed","completed","\boxed{\frac{8}{21}}","\boxed{\frac{8}{21}}","\frac{8}{21}","The candidate answer is incorrect. The simplified form of $ rac{1}{5} 	imes rac{8}{7} 	imes rac{20}{12} $ is $ rac{8}{21} $, not $ oxed{rac{8}{21}} $.","The candidate answer is mathematically equivalent to the reference answer."
"prm-61500888ffe32624","325","3","1","early","no","essential","True","False","correct_to_wrong","628","266","362","completed","completed","36","15","36","The least common multiple of 33 1/3 and 45 is 108, so the marks will align after 36 seconds.","The candidate answer 15 is not mathematically equivalent to the reference answer 36."
"prm-3b8fc6d3080aade1","326","3","0","late","yes","redundant","True","True","still_correct","224","114","110","completed","completed","4","4","4","The candidate answer matches the reference answer.","The candidate answer matches the reference answer."
"prm-24d79d07da1abeb8","327","3","0","middle","no","essential","True","True","still_correct","286","211","75","completed","completed","33","$c = 33$","33","The candidate answer matches the reference answer.","The candidate answer is algebraically equivalent to the reference answer."
"prm-9ef4a4362f8a777c","329","3","0","middle","no","essential","True","True","still_correct","274","374","-100","completed","completed","14","14","14","The candidate answer matches the reference answer.","The candidate answer matches the reference answer."
"prm-242890b88c115e2c","332","3","1","late","no","essential","True","False","correct_to_wrong","206","268","-62","completed","completed","\boxed{\textbf{(B)}}","\boxed{\text{E}}","\text{(B)}","The candidate answer matches the reference answer exactly.","The candidate answer is incorrect. The reference answer is (B), but the candidate answer is (E)."
"prm-05db80661c2eea87","335","3","0","late","yes","redundant","True","True","still_correct","104","176","-72","completed","completed","60","60","60","The candidate answer matches the reference answer.","The candidate answer is correct. The total number of handshakes is 60."
"prm-ca096eb77c3d707b","337","3","0","early","yes","redundant","False","True","wrong_to_correct","286","364","-78","completed","completed","63","46","46","The candidate answer (63) does not satisfy the given trigonometric equation.","Both answers are mathematically equivalent."
"prm-c93b572ed45d09e3","339","3","-1","middle","no","harmful","True","True","still_correct","101","109","-8","completed","completed","8","8","8","The candidate answer matches the reference answer.","The candidate answer is correct."
"prm-7805f2fb660af82c","340","3","1","middle","no","essential","False","True","wrong_to_correct","2048","283","1765","cannot_continue","completed","","2","2","No candidate final answer was produced.","The candidate answer is mathematically equivalent to the reference answer."
"prm-694eda0133adae37","341","3","0","middle","yes","redundant","True","True","still_correct","141","150","-9","completed","completed","1","1","1","The smallest integer value for $x$ such that $f(x) = rac{\	ext{sqrt}(x-1)}{x-2}$ is defined is 1.","The candidate answer 1 is mathematically equivalent to the reference answer 1."
"prm-2953ceb48c3d11eb","343","3","0","early","no","harmful","True","True","still_correct","119","214","-95","completed","completed","326.5","326.5","326.5","The candidate answer matches the reference answer.","The candidate answer is numerically equivalent to the reference answer."
"prm-5be58b31f228d28e","344","3","-1","early","yes","harmful","True","True","still_correct","321","243","78","completed","completed","63","63","63","The candidate answer matches the reference answer.","Both answers are 63."
"prm-de2964131ac70829","345","3","1","early","no","harmful","True","True","still_correct","169","207","-38","completed","completed","5","5","5","The candidate answer matches the reference answer.","The candidate answer matches the reference answer."
"prm-a9006452bf5662ee","346","3","-1","early","yes","redundant","True","True","still_correct","383","356","27","completed","completed","$x = 11$","$x = 11$","11","The candidate answer matches the reference answer.","The solution to the equation $\frac{2}{3} = \frac{4}{x-5}$ is $x = 11$, which matches the reference answer."
"prm-9def3665fa2dd260","347","3","1","middle","no","harmful","True","True","still_correct","282","364","-82","completed","completed","41","41","41","The candidate answer matches the reference answer.","The candidate answer matches the reference answer."
"prm-317d37656fcc5ddd","348","3","0","middle","no","essential","True","True","still_correct","286","434","-148","completed","completed","4495","4495","4495","The candidate answer matches the reference answer exactly.","The candidate answer matches the reference answer."
"prm-7aacc6952228d379","349","3","1","late","no","essential","True","True","still_correct","114","121","-7","completed","completed","$6r^2 - 4r - 24$","6r^2 - 4r - 24","6r^2-4r-24","Both answers are the same.","The candidate answer matches the reference answer."
"prm-ac7f15288ce11c38","350","3","-1","early","yes","harmful","False","True","wrong_to_correct","74","219","-145","logical_break","completed","","6","6","No candidate final answer was produced.","Both answers are the same."
"prm-3fb0a1041b0e6522","352","3","-1","early","yes","harmful","False","True","wrong_to_correct","73","100","-27","completed","completed","4","0","0","The remainder of 2004 divided by 12 is 0, but the candidate answer is 4.","Both the reference answer and candidate answer are 0."
"prm-4dece02217f93500","354","3","0","late","yes","redundant","True","False","correct_to_wrong","67","2048","-1981","completed","cannot_continue","3\sqrt{13}","","3\sqrt{13}","The candidate answer matches the reference answer.","No candidate final answer was produced."
"prm-2d6ec7aa85de8014","355","3","0","middle","yes","redundant","True","True","still_correct","166","85","81","completed","completed","256","\sqrt{f(16)} = \sqrt{2^{16}} = \sqrt{65536} = 256","256","The candidate answer matches the reference answer.","The candidate answer is correct."
"prm-c7bf20109ee3402e","357","3","-1","late","no","harmful","False","True","wrong_to_correct","110","182","-72","completed","completed","104","103","103","The smallest number of leaves greater than 100 such that the number of pages is 3 more than a multiple of 7 is 103, not 104.","The candidate answer 103 is mathematically equivalent to the reference answer 103."
"prm-7449b3260474567e","358","3","1","late","no","essential","True","True","still_correct","46","101","-55","completed","completed","14","14","14","The candidate answer matches the reference answer.","The candidate answer matches the reference answer."
"prm-1fdd16bd5ee2ebb1","362","3","0","early","no","harmful","False","True","wrong_to_correct","103","341","-238","completed","completed","9","\frac{\sqrt{3}}{3}","\frac{\sqrt{3}}{3}","The candidate answer is not mathematically equivalent to the reference answer. 9 is not equal to sqrt(3)/3.","The candidate answer is mathematically equivalent to the reference answer."
"prm-4b2cde83a58c010f","363","3","0","late","no","harmful","True","True","still_correct","97","95","2","completed","completed","326.5","326.5","326.5","The candidate answer matches the reference answer.","The candidate answer matches the reference answer."
"prm-e3b1b8595fa68428","364","3","0","early","no","harmful","True","True","still_correct","233","183","50","completed","completed","$(a + 5)(b + 2)$","(a + 5)(b + 2)","(a+5)(b+2)","The candidate answer matches the reference answer exactly.","Algebraically equivalent form with harmless formatting differences."
"prm-9df86fcdc40baf88","369","3","1","early","no","essential","True","True","still_correct","484","567","-83","completed","completed","\dfrac{13}{6}","\dfrac{13}{6}","\frac{13}{6}","The candidate answer matches the reference answer exactly.","Both answers are mathematically equivalent."
"prm-ae5ba6e191f09528","371","3","-1","early","yes","harmful","False","True","wrong_to_correct","250","311","-61","completed","completed","140","63","63","The candidate answer is incorrect; the correct answer is 63, not 140.","The candidate answer is correct."
"prm-92e6c6de9151c528","373","3","1","early","no","essential","True","True","still_correct","153","297","-144","completed","completed","\frac{33}{100}","\frac{33}{100}","\dfrac{33}{100}","There are 33 multiples of 3 between 1 and 100, so the probability is $\frac{33}{100}$.","The candidate answer \frac{33}{100} is mathematically equivalent to the reference answer \dfrac{33}{100}."
"prm-2fbe6edf19120d31","374","3","-1","late","yes","harmful","True","True","still_correct","153","116","37","completed","completed","12","12","12","The candidate answer matches the reference answer.","The candidate answer matches the reference answer."
"prm-5bd12286ca047ec0","375","3","1","early","no","essential","True","True","still_correct","337","466","-129","completed","completed","16","-3 + 2 + 12 + 5 = 16","16","The candidate answer matches the reference answer.","The candidate answer is numerically equivalent to the reference answer."
"prm-64828b0b15ca157c","376","3","1","late","yes","redundant","True","True","still_correct","95","82","13","completed","completed","90","90","90","The candidate answer matches the reference answer.","Both answers are 90."
"prm-6810d2c059913e28","378","3","0","middle","no","essential","False","True","wrong_to_correct","2048","165","1883","cannot_continue","completed","","2","2","No candidate final answer was produced.","The candidate answer matches the reference answer."
"prm-ab1c7130781f0c6b","380","3","0","middle","no","harmful","True","False","correct_to_wrong","400","101","299","completed","completed","36","180","36","The candidate answer matches the reference answer.","Candidate answer is incorrect. The correct answer is 36 seconds, but the candidate answer is 180 seconds."
"prm-6bdba3a9023070a1","382","3","-1","middle","no","harmful","True","True","still_correct","543","361","182","completed","completed","333","333","333","The candidate answer matches the reference answer.","Both answers are the same."
"prm-6ee8687119787677","383","3","1","early","yes","redundant","True","True","still_correct","425","298","127","completed","completed","-125","-125","-125","The candidate answer matches the reference answer.","The candidate answer matches the reference answer."
"prm-3d7ee20871a31c85","384","3","0","middle","yes","redundant","True","True","still_correct","678","251","427","completed","completed","6","6","6","Both the reference answer and candidate answer are 6.","Both the reference answer and candidate answer are 6."
"prm-5da3ed1afff5caaa","386","3","-1","early","yes","harmful","True","False","correct_to_wrong","331","424","-93","completed","completed","-\frac{35}{9}","-\frac{323}{9}","-\frac{35}{9}","The candidate answer matches the reference answer.","The candidate answer is incorrect. The correct value is -\frac{35}{9}, but the candidate answer is -\frac{323}{9}."
"prm-49dfa9357a3a5686","387","3","0","late","no","essential","True","True","still_correct","64","91","-27","completed","completed","3","3","3","The candidate answer matches the reference answer.","The candidate answer is correct."
"prm-91df52b1208ea81d","390","3","1","late","no","essential","True","True","still_correct","84","164","-80","completed","completed","2 * 5! * 5! = 2 * 120 * 120 = 28800","2 × 5! × 5! = 2 × 120 × 120 = 28800","28800","The candidate answer matches the reference answer.","The candidate answer is algebraically equivalent to the reference answer."
"prm-951e8e518dae1077","391","3","1","late","no","essential","True","True","still_correct","69","92","-23","completed","completed","\boxed{\frac{13}{15}}","$rac{13}{15}$","\frac{13}{15}","The candidate answer matches the reference answer.","The candidate answer is algebraically equivalent to the reference answer."
"prm-ef29966d7a6bd3e2","392","3","0","early","yes","redundant","True","True","still_correct","133","85","48","completed","completed","4.5","4.5","4.5","The candidate answer matches the reference answer.","Both answers are 4.5."
"prm-27e89528dea4c565","394","3","0","early","yes","redundant","True","True","still_correct","84","90","-6","completed","completed","60","60","60","The candidate answer matches the reference answer.","The product 10 × 15 × 24 is 3600, and the positive square root of 3600 is 60."
"prm-f254e3a090dbe70a","395","3","1","late","no","essential","True","True","still_correct","211","133","78","completed","completed","4005","4005","4005","The candidate answer matches the reference answer.","The candidate answer matches the reference answer."
"prm-64b92977ff492b9b","396","3","-1","late","no","essential","False","True","wrong_to_correct","277","170","107","completed","completed","1","-1","-1","The candidate answer is incorrect; the correct value of $a+b$ is $-1$.","Both answers are the same."
"prm-5aef13ef62a287fc","397","3","0","late","yes","redundant","True","True","still_correct","203","190","13","completed","completed","7","7","7","Both answers are the same.","The candidate answer matches the reference answer."
"prm-c9fe17645948c6da","400","3","0","middle","yes","redundant","True","True","still_correct","249","208","41","completed","completed","11","11","11","Both the reference answer and candidate answer are 11.","Both the reference answer and candidate answer are 11."
"prm-1989a099acb06f53","401","3","0","late","yes","redundant","False","True","wrong_to_correct","200","203","-3","logical_break","completed","The smallest positive perfect cube that can be written as the sum of three consecutive integers is 8^3 = 512.","27","27","The candidate answer (512) is incorrect. The correct answer is 27.","Both answers are equal to 27."
"prm-d4926e70a53c8c17","402","3","1","early","yes","redundant","True","True","still_correct","814","450","364","completed","completed","13","13","13","The candidate answer matches the reference answer.","The candidate answer is correct. The value of A+B+C+D is 13."
"prm-707a079b8cebba7e","403","3","-1","early","yes","harmful","True","True","still_correct","544","247","297","completed","completed","\frac{3}{2}","\frac{3}{2}","\frac{3}{2}","The candidate answer matches the reference answer.","The candidate answer is correct."
"prm-da9a80d73183841e","404","3","0","early","yes","redundant","False","True","wrong_to_correct","2048","351","1697","cannot_continue","completed","","3","3","No candidate final answer was produced.","The candidate answer is mathematically equivalent to the reference answer."
"prm-4d125d919f106dbe","405","3","0","late","no","essential","True","True","still_correct","86","144","-58","completed","completed","137\frac{1}{2}","$137\frac{1}{2}$","137 \frac{1}{2}","$\sqrt{242} = 11\sqrt{2}$.","The candidate answer is mathematically equivalent to the reference answer."
"prm-b46df73b9c7f1dd9","406","3","-1","late","no","harmful","False","True","wrong_to_correct","152","139","13","completed","completed","\frac{4}{3}","\frac{3}{4}","\frac 34","The candidate answer does not match the reference answer.","The candidate answer \frac{3}{4} is mathematically equivalent to the reference answer \frac 34."
"prm-9ceaed5b974155d1","407","3","-1","middle","yes","redundant","True","True","still_correct","146","190","-44","completed","completed","ellipse","ellipse","\text{ellipse}","The candidate answer matches the reference answer.","The candidate answer is equivalent to the reference answer."
"prm-b61370dd7f97aa7c","408","3","1","early","no","essential","True","True","still_correct","230","292","-62","completed","completed","63","63","63","The candidate answer matches the reference answer.","Both answers are 63."
"prm-158ef0683bb8bf70","409","3","-1","late","yes","harmful","True","True","still_correct","154","154","0","completed","completed","11","11","11","The candidate answer matches the reference answer.","The candidate answer 11 is mathematically equivalent to the reference answer 11."
"prm-c95d41ec650cb773","410","3","-1","middle","yes","harmful","True","True","still_correct","86","126","-40","completed","completed","4","4","4","The candidate answer matches the reference answer.","The candidate answer matches the reference answer."
"prm-762ceff54735d7f1","411","3","0","middle","yes","redundant","True","True","still_correct","96","141","-45","completed","completed","60","60","60","The candidate answer matches the reference answer.","The product 10 × 15 × 24 is 3600, and the positive square root of 3600 is 60."
"prm-e9f04531a844d980","412","3","-1","late","no","harmful","False","True","wrong_to_correct","82","85","-3","completed","completed","$4201_5$","$4210_5$","4210_{5}","The candidate answer is incorrect; the correct representation of $555_{10}$ in base $5$ is $4210_5$.","Algebraically equivalent form with harmless formatting differences."
"prm-9db27c5e8855d8c2","413","3","-1","late","yes","harmful","True","True","still_correct","462","234","228","completed","completed","16","The minimum value is $16$","16","Both answers are the same.","The candidate answer matches the reference answer."
"prm-08169263b46b6a22","414","3","1","middle","no","essential","True","True","still_correct","198","274","-76","completed","completed","0.15","0.15","0.15","The candidate answer matches the reference answer.","The candidate answer 0.15 is mathematically equivalent to the reference answer 0.15."
"prm-5636d3dc1eb6633f","415","3","-1","middle","no","harmful","True","True","still_correct","125","213","-88","completed","completed","11111111100","11111111100","11,\! 111,\! 111,\! 100","The candidate answer matches the reference answer.","The candidate answer matches the reference answer."
"prm-c502b3dc0f88dfaf","416","3","-1","early","yes","harmful","False","True","wrong_to_correct","328","117","211","completed","completed","\boxed{\frac{14}{5}}","\frac{14}{3}","\frac{14}{3}","The reference answer is \frac{14}{3}, but the candidate answer is \boxed{\frac{14}{5}}.","The candidate answer matches the reference answer."
"prm-e340bad68ddf9e2d","418","3","0","late","yes","redundant","True","True","still_correct","52","59","-7","completed","completed","0","0","0","The candidate answer matches the reference answer.","The candidate answer is correct. The remainder of 2004 divided by 12 is 0."
"prm-f8d5e2b8c3ae4947","419","3","0","late","yes","redundant","True","True","still_correct","83","64","19","completed","completed","1.25","1.25","1.25","The candidate answer matches the reference answer.","The candidate answer matches the reference answer."
"prm-32cacde29c588ce5","420","3","1","late","no","essential","True","True","still_correct","66","91","-25","completed","completed","-9","-9","-9","The candidate answer is correct. The minimum possible value of the expression is -9.","The candidate answer is mathematically equivalent to the reference answer."
"prm-78bd280e7dee8d22","421","3","1","middle","yes","redundant","True","True","still_correct","213","249","-36","completed","completed","11\sqrt{2}","11\sqrt{2}","11\sqrt2","$\sqrt{242} = 11\sqrt{2}$.","The candidate answer is mathematically equivalent to the reference answer."
"prm-090c92a536a6f7cf","424","3","0","early","yes","redundant","False","True","wrong_to_correct","386","520","-134","completed","completed","1","21","21","The greatest common divisor of 3339, 2961, and 1491 is 21, but the candidate answer is 1.","Both answers are equal."
"prm-2ec389700747f531","425","3","0","late","yes","redundant","True","True","still_correct","112","119","-7","completed","completed","129","129","129","The candidate answer matches the reference answer.","The candidate answer 129 is mathematically equivalent to the reference answer 129."
"prm-c95bf35f36e49166","426","3","0","late","yes","redundant","True","True","still_correct","56","55","1","completed","completed","7","7","7","The candidate answer matches the reference answer.","The candidate answer is mathematically equivalent to the reference answer."
"prm-dba05e0cd479b592","427","3","-1","middle","no","harmful","False","True","wrong_to_correct","349","356","-7","completed","completed","The largest possible value of $|a| + |b| + |c|$ is $2 + rac{1}{2} + rac{1}{2} = 3$.","17","17","The candidate answer is incorrect. The correct value is 17, not 3.","The reference answer and candidate answer are both 17."
"prm-4f0a1eb97f47668a","429","3","1","late","yes","redundant","True","True","still_correct","153","69","84","completed","completed","2","2","2","The candidate answer matches the reference answer.","The candidate answer matches the reference answer."
"prm-c1d4d174440821f2","431","3","0","late","no","essential","True","False","correct_to_wrong","264","369","-105","completed","completed","$AF^2 + BF^2 + CF^2 = rac{1}{3}(a^2 + b^2 + c^2) + rac{1}{3}(9R^2 - a^2 - b^2 - c^2) = 3R^2$","$AF^2 + BF^2 + CF^2 = rac{1}{3}(a^2 + b^2 + c^2) + 3R^2$","3R^2","The candidate answer matches the reference answer.","The candidate answer is not mathematically equivalent to the reference answer."
"prm-43a5c71b96bc6a02","432","3","-1","middle","yes","harmful","True","False","correct_to_wrong","174","697","-523","completed","completed","24","$p(0) + p(4) = 144$","24","Both the reference answer and candidate answer are 24.","The candidate answer is not numerically equivalent to the reference answer."
"prm-359b37145eea0ad1","433","3","1","middle","yes","redundant","True","True","still_correct","518","384","134","completed","completed","6","6","6","The candidate answer matches the reference answer.","Both answers are equal to 6."
"prm-b22345a73912d695","434","3","1","middle","no","essential","True","True","still_correct","297","258","39","completed","completed","-1","-1","-1","The candidate answer matches the reference answer.","The candidate answer is correct. The value of the expression is -1."
"prm-70a2e3a4f8362a3d","435","3","1","middle","no","harmful","True","True","still_correct","125","139","-14","completed","completed","\boxed{\frac{2}{3}}","\boxed{\frac{2}{3}}","\frac{2}{3}","The candidate answer matches the reference answer.","The candidate answer matches the reference answer."
"prm-a7ee94dec2e0a9cc","436","3","-1","late","yes","harmful","True","True","still_correct","190","157","33","completed","completed","\frac{5}{13}","\frac{5}{13}","\frac{5}{13}","The candidate answer matches the reference answer.","The candidate answer is mathematically equivalent to the reference answer."
"prm-62cd37cf091fe105","437","3","1","early","yes","redundant","True","True","still_correct","228","253","-25","completed","completed","The number of trailing zeros in $42!$ is $\left\lfloor \frac{42}{5} \right\rfloor + \left\lfloor \frac{42}{25} \right\rfloor = 8 + 1 = 9$","9","9","The candidate answer correctly calculates the number of trailing zeros in 42! using the formula and arrives at the correct result of 9.","The candidate answer is mathematically equivalent to the reference answer."
"prm-27d0dda20005b851","438","3","-1","late","yes","harmful","True","True","still_correct","122","137","-15","completed","completed","9","9","9","The candidate answer matches the reference answer.","The candidate answer 9 is mathematically equivalent to the reference answer 9."
"prm-b5f8d24593f1e708","440","3","0","late","yes","redundant","True","True","still_correct","144","100","44","completed","completed","60","60","60","The candidate answer matches the reference answer.","Both answers are equal."
"prm-d3fcbd13ec57a842","441","3","1","middle","yes","redundant","True","True","still_correct","128","125","3","completed","completed","2","2","2","The candidate answer is mathematically equivalent to the reference answer.","The candidate answer 2 is mathematically equivalent to the reference answer 2."
"prm-b8e3cc348f791b5a","442","3","-1","late","yes","harmful","True","True","still_correct","58","69","-11","completed","completed","4.5","4.5","4.5","The candidate answer is mathematically equivalent to the reference answer.","The decimal representation of $\frac{9}{2}$ is 4.5, which matches the reference answer."
"prm-5c51e282ba7208e7","443","3","0","middle","no","harmful","True","True","still_correct","161","134","27","completed","completed","6","6","6","The candidate answer matches the reference answer.","The equation simplifies to (3x + 2x)/6 = 5, leading to x = 6."
"prm-1e1ebbda6644be84","445","3","1","late","yes","redundant","True","True","still_correct","131","76","55","completed","completed","58500","58500","58,500","The candidate answer matches the reference answer.","The candidate answer matches the reference answer."
"prm-939dcfcb80f17717","447","3","1","late","yes","redundant","True","True","still_correct","86","120","-34","completed","completed","45","45","45","The candidate answer matches the reference answer.","The candidate answer matches the reference answer."
"prm-6b1c6a29b6d1c9f7","451","3","0","early","no","harmful","True","True","still_correct","193","203","-10","completed","completed","59","59","59","The candidate answer matches the reference answer.","The candidate answer matches the reference answer."
"prm-378914f040c48223","452","3","0","late","yes","redundant","False","True","wrong_to_correct","293","264","29","completed","completed","$AF^2 + BF^2 + CF^2 = rac{1}{3}(a^2 + b^2 + c^2) + rac{1}{2}(a^2 + b^2 + c^2) - 3R^2 = rac{5}{3}(a^2 + b^2 + c^2) - 3R^2$","$AF^2 + BF^2 + CF^2 = rac{1}{3}(a^2 + b^2 + c^2) + rac{1}{3}(9R^2 - a^2 - b^2 - c^2) = 3R^2$","3R^2","The candidate answer is not equivalent to the reference answer.","The candidate answer simplifies to 3R^2, which matches the reference answer."
"prm-6a11cd36a6d48aac","458","3","0","middle","yes","harmful","True","False","correct_to_wrong","252","276","-24","completed","completed","64","54","64","The candidate answer is mathematically equivalent to the reference answer.","The candidate answer does not match the reference answer."
"prm-b4b221e907450223","459","3","0","late","yes","redundant","True","True","still_correct","126","64","62","completed","completed","3","3","3","The candidate answer matches the reference answer.","The volume of a sphere is (4/3)πr³ and the surface area is 4πr². Setting these equal gives r = 3."
"prm-ae250ba55293ea93","460","3","1","early","no","essential","False","True","wrong_to_correct","2048","207","1841","cannot_continue","completed","","\sqrt{5}","\sqrt{5}","No candidate final answer was produced.","Both answers are the same."
"prm-e8138a79d9f11b5f","461","3","1","late","yes","redundant","True","True","still_correct","88","141","-53","completed","completed","60","60","60","The candidate answer matches the reference answer.","The candidate answer matches the reference answer."
"prm-a795bb4c871ed999","462","3","-1","middle","no","harmful","False","True","wrong_to_correct","801","879","-78","completed","completed","7","21","21","The candidate answer is incorrect. The greatest common divisor of 3339, 2961, and 1491 is 21, not 7.","The candidate answer 21 is mathematically equivalent to the reference answer 21."
"prm-afb60f3ac0dd9a0b","463","3","0","middle","no","harmful","True","True","still_correct","568","457","111","completed","completed","6","6","6","The candidate answer matches the reference answer.","The candidate answer matches the reference answer."
"prm-c3e6885bc7f884e7","465","3","1","late","yes","redundant","True","True","still_correct","172","115","57","completed","completed","\boxed{\frac{4}{3}}","\boxed{\frac{4}{3}}","\frac43","The candidate answer matches the reference answer.","Both answers are equal to \frac{4}{3}."
"prm-8d8817bd48cf495e","466","3","-1","late","no","harmful","False","True","wrong_to_correct","185","205","-20","completed","completed","-9 - 12i","1 - 12i","1 - 12i","The candidate answer does not match the reference answer.","The candidate answer is correct. The resulting complex number is 1 - 12i."
"prm-e319831ecda4ad73","467","3","-1","late","no","harmful","True","True","still_correct","69","175","-106","completed","completed","58500","58500","58,500","The candidate answer matches the reference answer.","The candidate answer matches the reference answer."
"prm-5699f280aa96d018","469","3","1","early","no","essential","True","False","correct_to_wrong","323","362","-39","completed","completed","-5","-5","-5","The candidate answer correctly identifies the product CD as -5, which matches the reference answer.","The candidate answer is not mathematically equivalent to the reference answer."
"prm-015f040f29e2b298","470","3","0","early","no","essential","True","False","correct_to_wrong","256","85","171","completed","completed","\frac{9}{19}","$\boxed{\frac{1}{3}}$","\frac9{19}","The candidate answer \frac{9}{19} is mathematically equivalent to the reference answer \frac{9}{19}.","The candidate answer \boxed{\frac{1}{3}} is not mathematically equivalent to the reference answer \frac{9}{19}."
"prm-a136374e0913b303","471","3","1","late","yes","redundant","True","True","still_correct","101","128","-27","completed","completed","14","14","14","The candidate answer matches the reference answer.","Both answers are numerically equal."
"prm-2e1055ac659ff29f","472","3","0","middle","yes","redundant","True","True","still_correct","124","166","-42","completed","completed","6","6","6","The candidate answer matches the reference answer.","Both answers are equal."
"prm-36e206fe8afae4f8","473","3","0","late","yes","redundant","True","True","still_correct","102","104","-2","completed","completed","\frac{5}{9}","\frac{5}{9}","\frac 59","The candidate answer is mathematically equivalent to the reference answer.","The candidate answer $\frac{5}{9}$ is mathematically equivalent to the reference answer $\frac 59$."
"prm-1d5a5cb08ca68e3d","475","3","-1","middle","no","harmful","False","True","wrong_to_correct","137","117","20","completed","completed","8","6","6","The candidate answer is incorrect. The correct value is 6, not 8.","The number 21420N is divisible by 6 if N is 6, as 6 is divisible by both 2 and 3."
"prm-151724cd1bbe2b32","476","3","1","middle","no","essential","True","True","still_correct","114","185","-71","completed","completed","84","84","84","The candidate answer matches the reference answer.","Both answers are the same."
"prm-4eb77ebc633f7a2d","477","3","1","late","yes","redundant","True","True","still_correct","73","61","12","completed","completed","4","4","4","The candidate answer matches the reference answer.","The candidate answer matches the reference answer."
"prm-901a3aa77c6c4dc2","481","3","1","middle","no","harmful","False","True","wrong_to_correct","2048","268","1780","cannot_continue","completed","","13","13","No candidate final answer was produced.","Both answers are equal to 13."
"prm-bda20d3dc84e4528","482","3","0","early","yes","redundant","True","True","still_correct","70","92","-22","completed","completed","4.5","4.5","4.5","The candidate answer matches the reference answer.","The candidate answer matches the reference answer."
"prm-6f55f9ad3924eda5","483","3","0","late","yes","redundant","True","True","still_correct","162","149","13","completed","completed","\frac{16}{27}","\boxed{\frac{16}{27}}","\frac{16}{27}","The candidate answer matches the reference answer.","The candidate answer matches the reference answer."
"prm-a32a5104eb5cd351","484","3","-1","late","yes","harmful","False","True","wrong_to_correct","157","97","60","completed","completed","7","8","8","The candidate answer is not equivalent to the reference answer.","The candidate answer is 8, which matches the reference answer."
"prm-335e21a88e0969e0","486","3","0","early","yes","redundant","True","False","correct_to_wrong","195","124","71","completed","completed","$11\sqrt{2}$","121","11\sqrt2","The candidate answer $11\sqrt{2}$ is mathematically equivalent to the reference answer $11\sqrt{2}$.","The candidate answer 121 is not mathematically equivalent to the reference answer 11\sqrt{2}."
"prm-1984cb49b132bdb6","487","3","0","middle","yes","harmful","False","True","wrong_to_correct","390","428","-38","completed","completed","The smallest possible value of $ a $ is $ 12 $","4","4","The candidate answer does not match the reference answer.","Both answers are numerically equal."
"prm-6340032015881710","488","3","0","middle","yes","redundant","True","True","still_correct","191","122","69","completed","completed","29","29","29","The candidate answer matches the reference answer.","Both answers are equal."
"prm-ff4d90cf78aa30d8","490","3","1","middle","yes","redundant","True","True","still_correct","139","107","32","completed","completed","$15x - 80$","15x - 80","15x - 80","The candidate answer is mathematically equivalent to the reference answer.","The candidate answer matches the reference answer."
"prm-a6f6b01911605940","492","3","-1","early","no","harmful","False","True","wrong_to_correct","596","360","236","completed","completed","28","14","14","The candidate answer is incorrect; the least possible value of $|a_{n-1}|$ is $14$.","The candidate answer matches the reference answer."
"prm-21878507d8f59c4d","493","3","1","late","yes","redundant","True","True","still_correct","65","77","-12","completed","completed","1","1","1","The candidate answer matches the reference answer.","The candidate answer matches the reference answer."
"prm-cb3eed5635ac46b4","494","3","0","early","yes","harmful","True","True","still_correct","155","186","-31","completed","completed","3","3","3","The candidate answer is correct. The value of $x$ is 3.","The candidate answer 3 is mathematically equivalent to the reference answer 3."
"prm-80def83e2346512b","496","3","-1","middle","no","harmful","True","False","correct_to_wrong","383","362","21","completed","completed","$-rac{3}{8}$","\boxed{\frac{3}{4}}","-\frac{3}{8}","The candidate answer matches the reference answer.","The candidate answer is not numerically equivalent to the reference answer."
"prm-52cd0d7cc6b4cdfc","497","3","1","early","no","essential","True","True","still_correct","346","266","80","completed","completed","\frac{\sqrt{3}}{3}","\frac{\sqrt{3}}{3}","\frac{\sqrt{3}}{3}","The candidate answer matches the reference answer.","Both answers are equal to \frac{\sqrt{3}}{3}."
"prm-e164a92c13c4f1d6","499","3","0","early","no","essential","True","True","still_correct","183","193","-10","completed","completed","\frac{4}{3}","\frac{4}{3}","\frac43","The candidate answer matches the reference answer.","The candidate answer matches the reference answer."
"prm-fea1ec494dc61cd4","500","3","1","early","no","harmful","True","True","still_correct","440","1089","-649","completed","completed","The roots are $x = 3$, $x = 5$, and $x = 7$.","The roots of the equation are $x = 3$, $x = 5$, and $x = 7$.","3, 5, 7","The candidate answer matches the reference answer.","The candidate answer lists the roots as 3, 5, and 7, which matches the reference answer."
"prm-a50457954dbd885f","502","3","1","middle","yes","redundant","True","True","still_correct","148","248","-100","completed","completed","13","13","13","The candidate answer 13 is mathematically equivalent to the reference answer 13.","The candidate answer 13 is mathematically equivalent to the reference answer 13."
"prm-d7691ac94c48e3a4","503","3","1","middle","no","essential","True","True","still_correct","106","147","-41","completed","completed","(2, 4)","(2, 4)","(2,4)","The candidate answer matches the reference answer.","Both answers are numerically equal."
"prm-554fe1d6b58f094f","506","3","0","late","yes","harmful","True","True","still_correct","225","222","3","completed","completed","\frac{17}{50}","\frac{17}{50}","\dfrac{17}{50}","The candidate answer is mathematically equivalent to the reference answer.","The candidate answer is algebraically equivalent to the reference answer."
"prm-36b1999ceae59aea","507","3","1","middle","no","essential","True","True","still_correct","140","55","85","completed","completed","1251","1251","1251","The candidate answer matches the reference answer.","If two-thirds of the students take music and this is 834 students, then the total number of students is 1251."
"prm-dfdb549c682c7822","509","3","-1","early","no","harmful","False","True","wrong_to_correct","99","206","-107","completed","completed","1","$x = 2$","2","The candidate answer is incorrect. The correct answer is 2, not 1.","The candidate answer matches the reference answer."
"prm-4376ee5dd1ec051f","510","3","0","early","yes","redundant","True","False","correct_to_wrong","247","2048","-1801","completed","cannot_continue","2","","2","The candidate answer is correct. The value of $\tan A$ is 2.","No candidate final answer was produced."
"prm-5b638cc553a8f6cc","511","3","0","late","no","essential","True","True","still_correct","92","75","17","completed","completed","200","200","200","The candidate answer 200 is mathematically equivalent to the reference answer 200.","The candidate answer matches the reference answer."
"prm-a89889ad37cbc7e2","512","3","-1","late","no","harmful","True","True","still_correct","114","100","14","completed","completed","90","90","90","The candidate answer matches the reference answer.","The candidate answer matches the reference answer."
"prm-a4aa6a22f3134565","513","3","0","late","yes","redundant","True","True","still_correct","227","129","98","completed","completed","\boxed{\dfrac{1}{3}}","\boxed{\dfrac{1}{3}}","\frac{1}{3}","The candidate answer matches the reference answer.","Both answers are equal to \frac{1}{3}."
"prm-cd2eef413f1492b7","514","3","1","middle","no","essential","True","True","still_correct","124","180","-56","completed","completed","4005","4005","4005","The candidate answer matches the reference answer.","The candidate answer matches the reference answer."
"prm-e57bd8bedd80b00d","515","3","-1","early","no","harmful","True","True","still_correct","240","215","25","completed","completed","E","E","\text{(E)}","The candidate answer matches the reference answer.","The candidate answer matches the reference answer."
"prm-932de7bca0e7c93d","516","3","0","early","yes","redundant","True","True","still_correct","281","225","56","completed","completed","Chris is currently 10 years old.","Chris is currently 10 years old.","10","The candidate answer matches the reference answer.","The candidate answer states Chris is currently 10 years old, which matches the reference answer."
"prm-da7d81c2f0986b42","517","3","-1","late","no","harmful","False","True","wrong_to_correct","80","140","-60","completed","completed","x^3+6x^2-3x+6","$x^3 + 3x - 6$","x^3+3x-6","The candidate answer is incorrect. The correct expansion and simplification is x^3+3x-6, but the candidate answer is x^3+6x^2-3x+6.","The candidate answer is mathematically equivalent to the reference answer."
"prm-d10dadbf854a3250","519","3","-1","late","no","harmful","False","True","wrong_to_correct","178","156","22","completed","completed","60","30","30^\circ","The candidate answer does not match the reference answer.","Both answers are numerically equal."
"prm-f7aa110cdcd4de1b","521","3","-1","middle","no","harmful","True","True","still_correct","215","272","-57","completed","completed","\sqrt{5}","\sqrt{5}","\sqrt{5}","The candidate answer is mathematically equivalent to the reference answer.","The candidate answer $\sqrt{5}$ is mathematically equivalent to the reference answer $\sqrt{5}$."
"prm-200cc16bd7b20d90","522","3","1","early","yes","redundant","True","True","still_correct","130","141","-11","completed","completed","\frac{33}{100}","\frac{33}{100}","\dfrac{33}{100}","The candidate answer is mathematically equivalent to the reference answer.","The candidate answer is algebraically equivalent to the reference answer."
"prm-372a06491c3ab4c3","523","3","1","late","no","essential","True","True","still_correct","97","103","-6","completed","completed","210","210","210","The candidate answer matches the reference answer.","The number of ways to choose 3 boys from 7 is C(7,3) = 35, and the number of ways to choose 2 girls from 4 is C(4,2) = 6. Multiplying these gives 210."
"prm-7c8b800f666a8d2b","524","3","0","late","yes","redundant","True","True","still_correct","75","100","-25","completed","completed","18","18","18","The candidate answer matches the reference answer.","The candidate answer matches the reference answer."
"prm-ad9e7fa994103189","525","3","0","middle","yes","redundant","False","True","wrong_to_correct","128","278","-150","completed","completed","10000","9901","9901","The candidate answer is incorrect. The correct answer is 9901, not 10000.","The candidate answer matches the reference answer."
"prm-a8f0f0d569ae9708","527","3","-1","late","no","harmful","False","True","wrong_to_correct","74","123","-49","completed","completed","\boxed{104}","103","103","The candidate answer 104 is not mathematically equivalent to the reference answer 103.","The candidate answer matches the reference answer."
"prm-17fa230838c04542","528","3","-1","early","yes","redundant","True","False","correct_to_wrong","98","258","-160","completed","completed","0","2","0","The candidate answer matches the reference answer.","The candidate answer is not numerically equivalent to the reference answer."
"prm-79304f2f93ee36e7","529","3","-1","late","no","essential","True","False","correct_to_wrong","214","2048","-1834","completed","cannot_continue","-2","","-2","The candidate answer matches the reference answer.","No candidate final answer was produced."
"prm-5f58d3f9cdbdd4cd","531","3","1","middle","yes","redundant","True","True","still_correct","169","202","-33","completed","completed","\boxed{\frac{13}{15}}","\frac{13}{15}","\frac{13}{15}","The candidate answer matches the reference answer.","The candidate answer matches the reference answer."
"prm-23e70faea1873d2b","532","3","-1","late","no","harmful","True","True","still_correct","173","132","41","logical_break","completed","28800","2 \times 5! \times 5! = 2 \times 120 \times 120 = 28800","28800","The candidate answer matches the reference answer.","The candidate answer calculates 28800, which matches the reference answer."
"prm-d8dd25afa49d220a","534","3","1","early","yes","redundant","True","True","still_correct","248","122","126","completed","completed","\frac{639}{40}","\frac{159.75}{10} = 15.975 inches, which can be expressed as the fraction $\frac{639}{40}$ inches.","\frac{639}{40}","The candidate answer \frac{639}{40} is mathematically equivalent to the reference answer \frac{639}{40}.","The candidate answer correctly simplifies to the reference answer, despite additional explanation."
"prm-bdb3ede8ec7d1902","536","3","0","middle","yes","redundant","False","True","wrong_to_correct","215","167","48","completed","completed","90","60","60","The reference answer is 60, but the candidate answer is 90, which is incorrect.","Both answers are equal."
"prm-f3ade9b68838159b","539","3","1","early","no","harmful","True","True","still_correct","331","416","-85","completed","completed","58","58","58","The candidate answer matches the reference answer.","The sum of three consecutive integers is a three-digit palindrome less than 220. The greatest possible value for the largest integer is 58."
"prm-81d72916fff41df2","541","3","0","early","yes","redundant","True","True","still_correct","103","97","6","completed","completed","4","4","4","The candidate answer matches the reference answer.","The candidate answer matches the reference answer."
"prm-30611e95e1fdab2f","542","3","1","early","yes","redundant","True","True","still_correct","475","362","113","completed","completed","$h + k + a + b = -3 + 2 + 12 + 5 = 16$","16","16","The candidate answer is correct. The value of $h + k + a + b$ is 16.","The candidate answer 16 is mathematically equivalent to the reference answer 16."
"prm-5b41ee9b9b0d17ba","543","3","0","early","no","essential","False","True","wrong_to_correct","2048","164","1884","cannot_continue","completed","","\boxed{2}","2","No candidate final answer was produced.","The candidate answer is mathematically equivalent to the reference answer."
"prm-8b98fbc7066216ce","544","3","-1","early","no","essential","True","True","still_correct","161","173","-12","completed","completed","3","3","3","The candidate answer matches the reference answer.","The degree of $f(x)$ is 3, which matches the reference answer."
"prm-933bbb6ef939eb1f","545","3","-1","early","no","harmful","True","False","correct_to_wrong","245","274","-29","completed","completed","28","21","28","The candidate answer matches the reference answer.","The candidate answer 21 is not mathematically equivalent to the reference answer 28."
"prm-9cdea0642dfb0680","547","3","0","middle","no","harmful","True","True","still_correct","286","288","-2","completed","completed","14","14","14","The candidate answer matches the reference answer.","The candidate answer matches the reference answer."
"prm-a1de62b9ef1cf246","548","3","0","early","no","essential","True","False","correct_to_wrong","188","207","-19","completed","completed","36 seconds","\boxed{60} seconds","36","The candidate answer matches the reference answer.","The candidate answer is 60, which does not match the reference answer of 36."
"prm-925200af07947f5c","549","3","0","middle","yes","redundant","True","False","correct_to_wrong","560","231","329","completed","completed","3","2","3","The candidate answer correctly identifies that there are 3 distinct values in the range of f(x), which matches the reference answer.","The candidate answer is incorrect; the correct number of distinct values in the range of $ f(x) $ is 3."
"prm-bbc52970464fbf13","550","3","0","middle","no","essential","True","True","still_correct","118","311","-193","completed","completed","x^3 + 3x - 6","x^3 + 3x - 6","x^3+3x-6","The candidate answer $x^3 + 3x - 6$ is mathematically equivalent to the reference answer $x^3+3x-6$.","Both answers are mathematically equivalent."
"prm-0ff002313a594db0","551","3","0","early","yes","redundant","False","True","wrong_to_correct","167","211","-44","completed","completed","$g(1) = 3(0)^4 + 5(0)^2 - 9(0) - 2 = -2$","-2","-2","The candidate answer includes extra text and does not match the numerical reference answer.","Both answers are numerically equal."
"prm-cfef1e0669eb8eee","552","3","1","early","no","essential","False","True","wrong_to_correct","195","220","-25","completed","completed","$4333_6$","$4343_6$","4343_6","The candidate answer $4333_6$ is not equal to the reference answer $4343_6$.","The candidate answer matches the reference answer."
"prm-809326ad29e9fe7f","553","3","0","middle","no","harmful","True","True","still_correct","89","87","2","completed","completed","(5, ∞)","(5, ∞)","(5,\infty)","The candidate answer is mathematically equivalent to the reference answer.","The candidate answer is algebraically equivalent to the reference answer with a formatting difference."
"prm-542b09ca81c2a59d","554","3","1","middle","no","harmful","True","False","correct_to_wrong","566","215","351","completed","completed","14","The least possible sum is 14, achieved by the integers 3, 4, and 7 (since 3 × 4 × 7 = 84 and 3 + 4 + 7 = 14).","14","The candidate answer is mathematically equivalent to the reference answer.","The candidate answer includes an explanation, but the reference answer is just the numerical value '14'."
"prm-f20b3a116ae0c86a","555","3","0","late","no","essential","True","True","still_correct","195","185","10","completed","completed","\$1250","\boxed{\$1250}","1250","The candidate answer matches the reference answer.","The candidate answer is mathematically equivalent to the reference answer."
"prm-a8a8bda6701d4be2","557","3","0","middle","no","harmful","True","True","still_correct","345","367","-22","completed","completed","9","9","9","The candidate answer matches the reference answer.","The candidate answer matches the reference answer."
"prm-b1821859ea0c9d57","558","3","1","middle","yes","redundant","True","True","still_correct","93","121","-28","completed","completed","1251","1251","1251","The candidate answer is correct. The total number of students at Baker Middle School is 1251.","The candidate answer matches the reference answer."
"prm-7e6bdad2d7a80ef9","559","3","-1","middle","no","harmful","True","True","still_correct","152","88","64","completed","completed","30","30","30","The candidate answer 30 is mathematically equivalent to the reference answer 30.","The candidate answer is mathematically equivalent to the reference answer."
"prm-d2f74008879c56dd","560","3","0","middle","yes","redundant","True","False","correct_to_wrong","90","95","-5","completed","completed","3","3","3","The candidate answer matches the reference answer.","The reference answer is 3, but the candidate answer is incorrect. The equation $\sqrt{3x-5}=2$ has only one solution, which is $x=3$."
"prm-1f8e288adb17d18c","561","3","-1","middle","no","harmful","True","False","correct_to_wrong","164","284","-120","completed","completed","(0, 9) ∪ (9, 36)","$x 
otin [0, 36] 	ext{ and } x 
eq 9, -9$","(0,9) \cup (9,36)","The candidate answer matches the reference answer.","The candidate answer incorrectly describes the solution set, while the reference answer correctly identifies the intervals (0,9) \cup (9,36)."
"prm-cc448d173bf0a3b0","562","3","1","early","yes","redundant","False","True","wrong_to_correct","276","213","63","completed","completed","The domain of the function is $(-rac{	ext{infty}}{	ext{infty}}) 	ext{excluding } 2 	ext{ and } 3$, which can be written as $(-	ext{infty}, 2) 	ext{ union } (3, 	ext{infty})$.","$(-\infty, 2) \cup (3, \infty)$","(-\infty, 2) \cup (3, \infty)","The candidate answer is incorrect. The correct answer is (-\infty, 2) \cup (3, \infty), not the description provided.","The candidate answer matches the reference answer."
"prm-4e153a707e488ac9","564","3","0","middle","no","harmful","True","False","correct_to_wrong","474","118","356","completed","completed","81","The maximum value is $36$","81","The candidate answer matches the reference answer.","The candidate answer is 36, which does not match the reference answer of 81."
"prm-0914b22e28651211","565","3","0","early","yes","redundant","True","False","correct_to_wrong","391","327","64","completed","completed","3","\boxed{2}","3","The candidate answer correctly identifies the smallest possible value of |m - n| as 3, which matches the reference answer.","The candidate answer is incorrect; the correct smallest possible value of $ |m - n| $ is 3."
"prm-a33bd2bed39c0904","566","3","1","early","yes","redundant","True","True","still_correct","238","242","-4","completed","completed","\frac{\sqrt{3}}{3}","\frac{\sqrt{3}}{3}","\frac{\sqrt{3}}{3}","The candidate answer \frac{\sqrt{3}}{3} is mathematically equivalent to the reference answer \frac{\sqrt{3}}{3}.","Both answers are mathematically equivalent."
"prm-9689f5a49ddfdb3e","567","3","0","late","no","essential","True","False","correct_to_wrong","158","59","99","completed","completed","1940","\boxed{3160}","1940","The candidate answer matches the reference answer.","Candidate answer is incorrect; reference answer is 1940."
"prm-95090e247bc58e1e","568","3","-1","middle","yes","harmful","True","True","still_correct","154","60","94","completed","completed","83","83","83","The candidate answer matches the reference answer.","The candidate answer matches the reference answer."
"prm-d96f1fc3f096f50e","569","3","0","early","no","essential","True","True","still_correct","193","268","-75","completed","completed","The sixth term is $ 350 $.","350","350","The candidate answer is mathematically equivalent to the reference answer.","The candidate answer matches the reference answer."
"prm-ee33bfc442fd8af0","570","3","1","late","yes","redundant","True","False","correct_to_wrong","235","251","-16","completed","completed","2516","2516","2516_8","The binary number 10101001110_2 is equivalent to 2516_8.","The candidate answer is missing the base subscript '_8' which is required for the correct representation."
"prm-cb4a5cbf9bb5b458","572","3","1","early","no","essential","True","False","correct_to_wrong","422","466","-44","completed","completed","Chris is 10 years old now.","Chris is currently 8 years old.","10","The candidate answer correctly states Chris's age as 10, matching the reference answer.","The candidate answer does not match the reference answer."
"prm-4657ae2feebcdcab","573","3","-1","middle","no","harmful","False","True","wrong_to_correct","737","205","532","completed","completed","28","The least possible value of $|a_{n-1}|$ is $\boxed{14}$","14","The candidate answer is double the reference answer.","The candidate answer matches the reference answer."
"prm-7fa27f0af15756ce","574","3","1","middle","no","essential","True","True","still_correct","137","214","-77","completed","completed","9","9","9","The candidate answer matches the reference answer.","The candidate answer matches the reference answer."
"prm-7df4ff373ff4bd62","577","3","1","middle","no","essential","True","False","correct_to_wrong","325","2048","-1723","completed","cannot_continue","3","","3","The candidate answer matches the reference answer.","No candidate final answer was produced."
"prm-abe53d5b468a1ebc","578","3","-1","late","no","harmful","True","True","still_correct","88","66","22","completed","completed","Navin","Navin","\text{Navin}","The candidate answer matches the reference answer.","The candidate answer matches the reference answer."
"prm-c796e9f10b13c8d1","579","3","0","middle","no","essential","True","True","still_correct","200","88","112","completed","completed","28","28","28","The candidate answer matches the reference answer.","The candidate answer matches the reference answer."
"prm-102acf97bfdd07f4","580","3","0","late","yes","redundant","True","True","still_correct","100","80","20","completed","completed","60","60","60","The candidate answer matches the reference answer.","The candidate answer matches the reference answer."
"prm-6fae419daf3fea6a","581","3","1","late","yes","redundant","True","True","still_correct","152","130","22","completed","completed","6","6","6","The candidate answer matches the reference answer.","The candidate answer matches the reference answer."
"prm-04b463c60fdb3f38","582","3","0","late","yes","redundant","True","True","still_correct","175","178","-3","completed","completed","4","4","4","The positive square root of 64 is 8 and the cube root of 64 is 4. The difference is 4.","Both answers are mathematically equivalent."
"prm-cb956bad5ee66d16","583","3","1","middle","no","essential","True","True","still_correct","93","93","0","completed","completed","200","200","200","The candidate answer matches the reference answer.","Both answers are numerically equal."
"prm-ea5630c2b42fdb9a","586","3","0","early","yes","redundant","True","True","still_correct","191","241","-50","completed","completed","(\frac{3}{2}, -13)","\left(\frac{3}{2}, -13\right)","\left( \frac{3}{2}, -13 \right)","The candidate answer matches the reference answer in form and value.","The candidate answer matches the reference answer exactly."
"prm-dd448bdba8557edf","588","3","-1","middle","yes","harmful","False","True","wrong_to_correct","267","205","62","completed","completed","\frac{2}{9}","\frac{11}{36}","\frac{11}{36}","The candidate answer $\frac{2}{9}$ is not mathematically equivalent to the reference answer $\frac{11}{36}$.","The candidate answer matches the reference answer."
"prm-8eab1f56bd806ddc","590","3","1","late","yes","redundant","False","True","wrong_to_correct","86","154","-68","completed","completed","\frac{\cos x}{\sin x}","oxed{	ext{cot} x}","\cot x","The candidate answer is algebraically equivalent to the reference answer, but the reference answer is simpler and more standard.","The candidate answer is algebraically equivalent to the reference answer."
"prm-68f28d955828cf44","591","3","-1","middle","no","harmful","False","True","wrong_to_correct","284","291","-7","completed","completed","5","12","12","The candidate answer 5 is not mathematically equivalent to the reference answer 12.","The candidate answer is mathematically equivalent to the reference answer."
"prm-dbc1373a79928aa0","594","3","1","late","yes","redundant","True","True","still_correct","70","105","-35","completed","completed","3\sqrt{13}","$3\sqrt{13}$","3\sqrt{13}","The candidate answer matches the reference answer.","The candidate answer matches the reference answer."
"prm-df2ec95ccf5f161f","595","3","0","middle","no","harmful","True","True","still_correct","81","68","13","completed","completed","2","2","2","The candidate answer matches the reference answer.","The candidate answer matches the reference answer."
"prm-a625e035a295d2bd","596","3","0","early","no","essential","True","True","still_correct","392","353","39","completed","completed","58","58","58","The candidate answer matches the reference answer.","The candidate answer matches the reference answer."
"prm-ddb44dca9b82bb3d","597","3","1","early","no","essential","True","True","still_correct","322","133","189","completed","completed","200","200","200","The candidate answer matches the reference answer.","The candidate answer matches the reference answer."
"prm-f1c09b6fd89155cf","598","3","-1","late","no","harmful","True","True","still_correct","135","122","13","completed","completed","45","45","45","The arithmetic sequence is 9, x, 81. The common difference is 45, so x = 45.","Both answers are mathematically equivalent."
"prm-7b6647a191e51a48","599","3","0","early","yes","redundant","True","False","correct_to_wrong","373","298","75","completed","completed","4","The smallest possible value of $a$ is $\boxed{12}$","4","The candidate answer matches the reference answer.","Candidate answer is incorrect; reference answer is 4."
"prm-feab03f43e4af912","600","3","0","late","yes","redundant","True","False","correct_to_wrong","973","132","841","completed","completed","203","The smallest number of coins you could have had before finding the bag of 53 coins is 133.","203","The candidate answer matches the reference answer.","The candidate answer provides an incorrect value."
"prm-23439bf6a10e0389","2","4","1","middle","yes","redundant","True","True","still_correct","365","127","238","completed","completed","9","9","9","Both answers are the same.","The number of positive whole-number divisors of 196 is 9, which matches the reference answer."
"prm-9a6f73708a6d6a9f","3","4","1","early","no","essential","True","False","correct_to_wrong","134","2048","-1914","completed","cannot_continue","-\frac{\pi}{6}","","-\frac{\pi}{6}","The candidate answer matches the reference answer.","No candidate final answer was produced."
"prm-7c4b728ac8b7ff8c","4","4","0","early","yes","redundant","True","True","still_correct","60","70","-10","completed","completed","83","83","83","The candidate answer matches the reference answer.","The candidate answer matches the reference answer."
"prm-b4172ae8c86b6f76","5","4","0","early","yes","redundant","False","True","wrong_to_correct","260","353","-93","completed","completed","$\boxed{\frac{65}{2}}$","9","9","The candidate answer is not mathematically equivalent to the reference answer.","The candidate answer matches the reference answer."
"prm-57f3dc0fcc359327","7","4","-1","early","no","essential","True","False","correct_to_wrong","232","227","5","completed","completed","1","0 1","1","The candidate answer 1 is mathematically equivalent to the reference answer 1.","The candidate answer includes an incorrect value 0, while the reference answer is 1."
"prm-3e4ac009eae25363","8","4","-1","late","yes","harmful","False","True","wrong_to_correct","139","506","-367","completed","completed","11330","1030","1030","The reference answer is 1030, but the candidate answer is 11330.","The reference answer is 1030, and the candidate answer is also 1030."
"prm-734c17ddd0cff62a","9","4","1","early","no","essential","True","True","still_correct","145","236","-91","completed","completed","$\boxed{\frac{16}{27}}$","\boxed{\frac{16}{27}}","\frac{16}{27}","The candidate answer matches the reference answer.","The candidate answer \boxed{\frac{16}{27}} is mathematically equivalent to the reference answer \frac{16}{27}."
"prm-bfc1c5c3c815660c","11","4","-1","early","no","harmful","True","True","still_correct","318","326","-8","completed","completed","-5","-5","-5","The candidate answer matches the reference answer.","The candidate answer matches the reference answer."
"prm-5464f1648525f7ea","12","4","1","middle","no","essential","True","True","still_correct","147","134","13","completed","completed","5","5","5","The candidate answer matches the reference answer.","The candidate answer matches the reference answer."
"prm-7a2c9794408559fd","13","4","1","late","yes","redundant","True","True","still_correct","98","91","7","completed","completed","15","15","15","The candidate answer matches the reference answer.","The candidate answer matches the reference answer."
"prm-526e2011568d24e6","14","4","1","middle","no","essential","True","True","still_correct","124","171","-47","completed","completed","2","2","2","Using the equation $x^2 - x - 1 = 0$, we find $x = rac{1 	ext{ } 	ext{±} 	ext{ } 	ext{√5}}{2}$. Substituting into $x^3 - 2x + 1$ results in 2.","Both answers are mathematically equivalent."
"prm-010e43e3a679e690","15","4","1","middle","no","essential","True","True","still_correct","91","195","-104","completed","completed","2","2","2","The candidate answer matches the reference answer.","The candidate answer matches the reference answer."
"prm-9c4e4a7aac1b200e","17","4","-1","middle","no","harmful","False","True","wrong_to_correct","154","225","-71","completed","completed","3","4","4","The reference answer is 4, but the candidate answer is 3.","The candidate answer matches the reference answer."
"prm-75ab2c1847631c14","18","4","0","middle","yes","redundant","True","True","still_correct","223","178","45","completed","completed","326.5","326.5","326.5","Both answers are the same.","The candidate answer is mathematically equivalent to the reference answer."
"prm-dc55f1d7dc4e178f","20","4","-1","middle","no","harmful","False","True","wrong_to_correct","198","268","-70","completed","completed","0","-1","-1","The candidate answer is 0, which is not mathematically equivalent to the reference answer -1.","The candidate answer matches the reference answer."
"prm-dbc12362d53ec14f","22","4","1","early","yes","redundant","True","True","still_correct","258","381","-123","completed","completed","8","8","8","The candidate answer matches the reference answer.","The candidate answer matches the reference answer."
"prm-bedcbd8166cb0b0f","24","4","1","late","no","essential","True","True","still_correct","43","94","-51","completed","completed","17","17","17","The candidate answer matches the reference answer.","The reference answer is 17, and the candidate answer is also 17."
"prm-859d5c93d5ea0f57","25","4","0","middle","yes","harmful","False","True","wrong_to_correct","340","255","85","completed","completed","\begin{pmatrix} \frac{16}{7} \\ \frac{48}{7} \\ \frac{24}{7} \end{pmatrix}","\begin{pmatrix} \frac{16}{49} \\ \frac{48}{49} \\ \frac{24}{49} \end{pmatrix}","\begin{pmatrix} 16/49 \\ 48/49 \\ 24/49 \end{pmatrix}","The candidate answer is incorrect; the correct answer is \begin{pmatrix} \frac{16}{49} \\ \frac{48}{49} \\ \frac{24}{49} \end{pmatrix}.","The candidate answer \begin{pmatrix} \frac{16}{49} \\ \frac{48}{49} \\ \frac{24}{49} \end{pmatrix} is mathematically equivalent to the reference answer \begin{pmatrix} 16/49 \\ 48/49 \\ 24/49 \end{pmatrix}."
"prm-44f81fba1d026488","26","4","0","middle","yes","redundant","True","True","still_correct","656","629","27","completed","completed","0.09","0.09","\frac{9}{100}","The candidate answer is mathematically equivalent to the reference answer.","The candidate answer is mathematically equivalent to the reference answer."
"prm-0835351a60d3a191","27","4","1","early","no","essential","True","False","correct_to_wrong","847","256","591","completed","completed","\boxed{\frac{8}{15}}","$\boxed{\frac{2(a^2 - (b - c)^2)}{bc}}$","\frac{8}{15}","The candidate answer matches the reference answer.","The candidate answer is not mathematically equivalent to the reference answer. The reference answer is 8/15, while the candidate answer is an expression involving $a$, $b$, and $c$."
"prm-87593f72c0253cec","28","4","1","middle","no","essential","True","True","still_correct","164","151","13","completed","completed","1.25","1.25","1.25","The candidate answer matches the reference answer.","The candidate answer matches the reference answer."
"prm-14e2f6c826426674","30","4","0","early","yes","redundant","True","True","still_correct","477","431","46","completed","completed","4","4","4","Solving the equation $\frac{6r^2 -19r - 7}{2r-7} = 4r-3$, we find $r = 4$.","Both answers are mathematically equivalent."
"prm-2d92ce0491f2f56a","31","4","1","middle","no","essential","False","True","wrong_to_correct","1084","203","881","completed","completed","The quotient is $x^5 - x^4 + x^3 - x^2 + x - 1$.","$x^5 - x^4 + x^3 - x^2 + x - 1$","x^5 - x^4 + x^3 - x^2 + x - 1","The candidate answer includes extra text and is not a simple expression, while the reference answer is a polynomial.","The candidate answer matches the reference answer."
"prm-6eb49d110f10f5c9","33","4","0","late","yes","harmful","False","True","wrong_to_correct","177","328","-151","completed","completed","19","14","14","The reference answer is 14, but the candidate answer is 19.","The candidate answer matches the reference answer."
"prm-14c0129055d497b2","35","4","1","late","no","essential","True","True","still_correct","59","62","-3","completed","completed","cot x","\cot x","\cot x","The candidate answer matches the reference answer.","The candidate answer is mathematically equivalent to the reference answer."
"prm-9a884b78e7527ff9","38","4","-1","middle","no","harmful","True","True","still_correct","151","200","-49","completed","completed","2 * 5! * 5! * 1! = 2 * 120 * 120 * 1 = 28800","2 * 5! * 5! * 1! = 2 * 120 * 120 * 1 = 28800","28800","The candidate answer matches the reference answer.","The candidate answer matches the reference answer."
"prm-236816577f8edaf6","39","4","1","early","no","essential","True","False","correct_to_wrong","93","103","-10","completed","completed","$36.00","The original price of the shirt was $36.00.","\$36","The candidate answer is mathematically equivalent to the reference answer.","The candidate answer is not in the required format and includes unnecessary text."
"prm-f80db588fbe79fa9","41","4","1","middle","yes","harmful","True","True","still_correct","400","368","32","completed","completed","41","41","41","The candidate answer matches the reference answer.","The candidate answer 41 is mathematically equivalent to the reference answer 41."
"prm-32b52a14659d1e3f","42","4","-1","early","yes","redundant","True","True","still_correct","227","517","-290","completed","completed","3","3","3","The candidate answer is mathematically equivalent to the reference answer.","Both answers are equal to 3."
"prm-12c0e402310b4521","43","4","1","late","yes","redundant","True","True","still_correct","217","184","33","completed","completed","32348","32348","\$32,\!348","The candidate answer matches the reference answer.","The candidate answer matches the reference answer."
"prm-6a6a0bdb19ba41d4","45","4","0","late","yes","redundant","True","True","still_correct","104","114","-10","completed","completed","3","3","3","The candidate answer matches the reference answer.","The candidate answer matches the reference answer."
"prm-e46e6f9adff3443b","46","4","1","late","no","essential","True","True","still_correct","78","79","-1","completed","completed","40_9","40_9","40_9","Converting $58_9$ and $18_9$ to base 10, subtracting, and converting back to base 9 gives $40_9$.","Both answers are mathematically equivalent."
"prm-60717bf0ef4716f2","47","4","0","late","yes","redundant","False","True","wrong_to_correct","159","170","-11","completed","completed","\boxed{\dfrac{1}{3}}","\boxed{\dfrac{1}{3}}","\frac{1}{3}","The candidate answer includes a box around the fraction, while the reference answer is a simple fraction.","The candidate answer matches the reference answer."
"prm-d018213d57c7afde","48","4","1","middle","yes","redundant","False","True","wrong_to_correct","109","115","-6","completed","completed","\boxed{\dfrac{13}{18}}","\boxed{\dfrac{13}{18}}","\frac{13}{18}","The candidate answer $\frac{5}{2}$ is not equal to the reference answer 1.","The candidate answer matches the reference answer."
"prm-4fe0f9ece87f57df","49","4","1","early","yes","redundant","True","True","still_correct","359","451","-92","completed","completed","-1","-1","-1","Both answers are -1.","The candidate answer matches the reference answer."
"prm-26cc0e5d412214d1","50","4","1","late","no","essential","True","True","still_correct","92","150","-58","completed","completed","16","16","16","Both answers are the same.","The magnitude of (1 - i)^8 is |1 - i|^8 = (√2)^8 = 16."
"prm-14b4f8d6eb13ea00","51","4","1","late","yes","redundant","True","True","still_correct","69","140","-71","completed","completed","2","2","2","The candidate answer matches the reference answer.","The candidate answer is mathematically equivalent to the reference answer."
"prm-23547b2809b8fcf4","52","4","-1","middle","no","harmful","False","True","wrong_to_correct","119","166","-47","completed","completed","9","10","10","The candidate answer is 9, which is not mathematically equivalent to the reference answer 10.","The candidate answer matches the reference answer."
"prm-76b2b2177dea50be","53","4","1","late","no","essential","False","True","wrong_to_correct","2048","310","1738","cannot_continue","completed","","$\boxed{16\sqrt{3}}$","16 \sqrt{3}","No candidate final answer was produced.","The candidate answer matches the reference answer."
"prm-ee1dd46f28f6c0e7","55","4","-1","late","no","harmful","True","True","still_correct","138","59","79","completed","completed","6","6","6","The candidate answer is mathematically equivalent to the reference answer.","The candidate answer is mathematically equivalent to the reference answer."
"prm-5145212ea7e026b0","56","4","-1","late","no","harmful","False","True","wrong_to_correct","83","125","-42","completed","completed","0","2","2","The candidate answer is incorrect. The reference answer is 2, but the candidate answer is 0.","The reference answer is 2, and the candidate answer is also 2."
"prm-84a947c7d146af3f","57","4","0","middle","no","essential","True","True","still_correct","217","243","-26","completed","completed","0.15","0.15","0.15","The candidate answer matches the reference answer.","The candidate answer 0.15 is mathematically equivalent to the reference answer 0.15."
"prm-0e94635dc190f6f1","58","4","0","middle","yes","redundant","False","True","wrong_to_correct","351","462","-111","completed","completed","35","203","203","The candidate answer is incorrect. The correct smallest number of coins is 203, not 35.","Both answers are equal to 203."
"prm-0638bc02d0338441","59","4","1","middle","no","essential","True","True","still_correct","420","575","-155","completed","completed","2","2","2","The candidate answer matches the reference answer.","The candidate answer matches the reference answer."
"prm-f6029ddde78e932f","60","4","1","late","no","harmful","True","False","correct_to_wrong","106","139","-33","completed","completed","3","6","3","The candidate answer matches the reference answer.","The candidate answer does not match the reference answer."
"prm-6d0334ee1141425e","61","4","0","late","no","essential","True","True","still_correct","92","412","-320","completed","completed","\sqrt{53}","\sqrt{53}","\sqrt{53}","The candidate answer matches the reference answer.","Both answers are identical."
"prm-f1ec503f118b2646","62","4","-1","early","no","harmful","False","True","wrong_to_correct","70","272","-202","completed","completed","7","4","4","The decimal expansion of $\frac{137}{500}$ is $0.274$, so the last nonzero digit to the right of the decimal is 4, not 7.","The last nonzero digit to the right of the decimal in 137/500 is 4."
"prm-55db6c6b79c6e553","63","4","1","late","yes","redundant","True","True","still_correct","178","104","74","completed","completed","1940","1940","1940","The candidate answer matches the reference answer.","The candidate answer matches the reference answer."
"prm-768b381d1efb643a","65","4","-1","middle","no","harmful","True","True","still_correct","111","98","13","completed","completed","1","1","1","Both answers are 1.","The candidate answer matches the reference answer."
"prm-d9d73e3c7b609d81","66","4","0","late","yes","redundant","True","True","still_correct","186","172","14","completed","completed","9","9","9","Both answers are the same.","The candidate answer matches the reference answer."
"prm-a540f461a25e3009","67","4","1","late","yes","redundant","True","True","still_correct","80","103","-23","completed","completed","15x - 80","15x - 80","15x - 80","The candidate answer matches the reference answer.","The candidate answer is mathematically equivalent to the reference answer."
"prm-32376b54c0a0b41a","69","4","1","late","no","essential","True","True","still_correct","152","161","-9","completed","completed","\boxed{\dfrac{33}{100}}","\boxed{\dfrac{33}{100}}","\dfrac{33}{100}","The candidate answer matches the reference answer.","The candidate answer matches the reference answer."
"prm-decee9499f5fb0d7","70","4","-1","late","no","harmful","False","True","wrong_to_correct","97","73","24","completed","completed","4333_6","$4343_6$","4343_6","The candidate answer is incorrect; the correct answer is 4343_6.","The candidate answer matches the reference answer."
"prm-059a20c710a38a1d","71","4","0","middle","yes","redundant","True","True","still_correct","178","121","57","completed","completed","4","4","4","The candidate answer is mathematically equivalent to the reference answer.","The candidate answer matches the reference answer."
"prm-7b9dea52f656c0bc","72","4","1","middle","no","essential","True","True","still_correct","75","120","-45","completed","completed","23","23","23","The candidate answer is correct. The reference answer is 23, and the candidate answer is 23.","The candidate answer matches the reference answer."
"prm-ab761a525cce7441","73","4","1","middle","no","essential","False","True","wrong_to_correct","156","184","-28","logical_break","completed","","0","0","No candidate final answer was produced.","The candidate answer 0 is mathematically equivalent to the reference answer 0."
"prm-65c1f64f7a99498a","74","4","1","early","no","essential","True","True","still_correct","320","283","37","completed","completed","2","2","2","The candidate answer is mathematically equivalent to the reference answer.","Both answers are equal to 2."
"prm-8bd9e6649bc32eb5","75","4","1","middle","no","essential","True","True","still_correct","198","230","-32","completed","completed","58","58","58","The candidate answer matches the reference answer.","The candidate answer matches the reference answer."
"prm-85a7807d849d0e61","76","4","0","late","yes","redundant","True","True","still_correct","64","72","-8","completed","completed","1.25","1.25","1.25","The candidate answer matches the reference answer.","The candidate answer matches the reference answer."
"prm-d4c3a3c1d1cb0d1f","78","4","-1","middle","yes","harmful","True","True","still_correct","355","282","73","completed","completed","\frac{1}{16}","\frac{1}{16}","\frac{1}{16}","The product of the cosines simplifies to $\frac{1}{16}$.","The simplified value of the product of cosines is 1/16."
"prm-eb13f69f057980c9","82","4","0","late","yes","redundant","True","True","still_correct","96","70","26","completed","completed","29","29","29","Both answers are the same.","The candidate answer is mathematically equivalent to the reference answer."
"prm-77fc0b169d8585bc","83","4","-1","early","no","harmful","False","True","wrong_to_correct","203","258","-55","completed","completed","35","63","63","The candidate answer does not match the reference answer.","The candidate answer is mathematically equivalent to the reference answer."
"prm-2595a51b9bc687a5","84","4","0","late","yes","redundant","True","True","still_correct","213","224","-11","completed","completed","\begin{pmatrix} \frac{16}{49} \\ \frac{48}{49} \\ \frac{24}{49} \\ \end{pmatrix}","\begin{pmatrix} \frac{16}{49} \\ \frac{48}{49} \\ \frac{24}{49} \\ \end{pmatrix}","\begin{pmatrix} 16/49 \\ 48/49 \\ 24/49 \end{pmatrix}","The candidate answer matches the reference answer with harmless formatting differences.","The candidate answer matches the reference answer."
"prm-310884399c5179a6","85","4","-1","middle","yes","harmful","False","True","wrong_to_correct","100","158","-58","completed","completed","7900","8000","8000","The candidate answer is not mathematically equivalent to the reference answer.","The candidate answer matches the reference answer."
"prm-98214e328bc84341","86","4","-1","middle","yes","harmful","False","True","wrong_to_correct","105","84","21","completed","completed","The total number of students at Baker Middle School is 3753.","1251","1251","The candidate answer is incorrect; the correct answer is 1251.","The candidate answer matches the reference answer."
"prm-16428e60085cafa9","87","4","1","late","no","essential","True","True","still_correct","250","212","38","completed","completed","[-2, 7]","[-2, 7]","x \in [-2,7]","The candidate answer is mathematically equivalent to the reference answer.","The candidate answer matches the reference answer."
"prm-ac91d34d7871bcbc","88","4","0","middle","no","essential","True","True","still_correct","127","100","27","completed","completed","32348","32483","\$32,\!348","The candidate answer is correct. The reference answer is \$32,\!348, and the candidate answer is 32348.","The candidate answer matches the reference answer when formatted appropriately."
"prm-923c29c44fa03eb6","89","4","-1","late","no","essential","True","True","still_correct","165","149","16","completed","completed","$3\sqrt{13}$","$3\sqrt{13}$","3\sqrt{13}","The candidate answer matches the reference answer.","The candidate answer matches the reference answer."
"prm-a774fd18d4116fb7","90","4","0","early","yes","redundant","True","True","still_correct","143","109","34","completed","completed","2","2","2","The candidate answer is mathematically equivalent to the reference answer.","Both answers are equal to 2."
"prm-76efc721b39b6bd3","93","4","1","late","no","essential","True","True","still_correct","91","170","-79","completed","completed","11","11","11","The candidate answer matches the reference answer.","Both answers are identical."
"prm-b78ab37efb3ac6fe","95","4","-1","late","no","harmful","True","True","still_correct","183","148","35","completed","completed","\frac{14}{3}","\frac{14}{3}","\frac{14}{3}","The candidate answer matches the reference answer.","The candidate answer matches the reference answer."
"prm-afff103ac71bacae","96","4","-1","late","yes","harmful","False","True","wrong_to_correct","100","168","-68","completed","completed","1","-2","-2","The candidate answer is incorrect; the smallest number which is one less than twice its reciprocal is -2, not 1.","Both answers are the same."
"prm-94f01424485d8634","97","4","-1","middle","yes","harmful","True","True","still_correct","113","95","18","completed","completed","6r^2 - 4r - 24","6r^2 - 4r - 24","6r^2-4r-24","Both answers are algebraically equivalent.","The candidate answer is algebraically equivalent to the reference answer."
"prm-74cbbc536681f443","98","4","0","early","yes","redundant","True","True","still_correct","663","426","237","completed","completed","3","3","3","Both answers are the same.","The candidate answer is mathematically equivalent to the reference answer."
"prm-e4c8f952bd2bcb69","99","4","0","middle","no","essential","True","True","still_correct","309","300","9","completed","completed","81","81","81","The candidate answer matches the reference answer.","The candidate answer is mathematically equivalent to the reference answer."
"prm-b16889ee222c85e0","100","4","0","middle","yes","harmful","True","False","correct_to_wrong","158","139","19","completed","completed","$\frac{1,000,000 \text{ lire} \times 0.005 \text{ dollars}}{4 \text{ lire}} = 1250 \text{ dollars}$","$5000","1250","The candidate answer correctly computes the exchange rate and arrives at the correct value of 1250 dollars.","The candidate answer is incorrect."
"prm-2e89a40cec48c042","102","4","-1","early","no","harmful","False","True","wrong_to_correct","131","320","-189","logical_break","completed","","3","3","No candidate final answer was produced.","The candidate answer matches the reference answer."
"prm-d400c2ab50349260","103","4","-1","late","no","harmful","True","True","still_correct","441","161","280","completed","completed","6","6","6","The candidate answer is mathematically equivalent to the reference answer.","The candidate answer matches the reference answer."
"prm-bf49cda9c1b58b99","104","4","-1","early","yes","harmful","True","True","still_correct","249","204","45","completed","completed","4495","4495","4495","The candidate answer is correct. The reference answer is 4495, and the candidate answer is 4495.","The candidate answer matches the reference answer."
"prm-5c13d28d0d1e26be","105","4","0","early","yes","redundant","True","True","still_correct","199","188","11","completed","completed","2","2","2","The candidate answer matches the reference answer.","The candidate answer matches the reference answer."
"prm-6a8171dd86016c13","106","4","1","late","yes","redundant","True","True","still_correct","187","179","8","completed","completed","12","12","12","The candidate answer is mathematically equivalent to the reference answer.","Both answers are equal to 12."
"prm-4397a2362fedc5a3","107","4","1","late","no","essential","True","True","still_correct","100","128","-28","completed","completed","1","1","1","The candidate answer matches the reference answer.","The candidate answer matches the reference answer."
"prm-2f5e5f1e6dacb0f7","108","4","-1","late","yes","harmful","False","True","wrong_to_correct","102","86","16","completed","completed","4","1","1","The candidate answer does not match the reference answer.","The candidate answer matches the reference answer."
"prm-a304fbad5368565d","110","4","-1","late","no","harmful","False","True","wrong_to_correct","79","91","-12","completed","completed","-4u + 14","14","14","The candidate answer is algebraically incorrect. The correct simplification is $14$.","The simplified expression evaluates to 14."
"prm-b93ffe4952ee0425","112","4","-1","early","yes","harmful","True","True","still_correct","89","110","-21","completed","completed","65","65","65","The candidate answer matches the reference answer.","Both answers are the same."
"prm-1368cc3f0e85c6c9","114","4","1","middle","yes","redundant","True","True","still_correct","132","161","-29","completed","completed","\frac{16}{27}","\frac{16}{27}","\frac{16}{27}","The candidate answer matches the reference answer.","The candidate answer matches the reference answer."
"prm-de41ade60ddfc393","115","4","0","early","yes","redundant","True","True","still_correct","128","132","-4","completed","completed","11","11","11","The sum of the first $N$ positive odd numbers is $N^2$. Since $N^2 = 121$, $N = 11$.","The sum of the first $N$ positive odd numbers is $N^2$, so $N^2 = 121$ implies $N = 11$."
"prm-b35e05ba41e78a12","116","4","1","early","no","essential","True","True","still_correct","507","651","-144","completed","completed","16","16","16","The candidate answer matches the reference answer of 16.","The candidate answer matches the reference answer."
"prm-dfc9bfdaf9a344b2","121","4","1","middle","yes","redundant","True","True","still_correct","319","376","-57","completed","completed","284","284","284","The candidate answer matches the reference answer.","The candidate answer matches the reference answer."
"prm-55383ac51f763ea4","124","4","-1","early","yes","redundant","True","True","still_correct","124","148","-24","completed","completed","326.5","326.5","326.5","The candidate answer is mathematically equivalent to the reference answer.","The candidate answer is mathematically equivalent to the reference answer."
"prm-8169dadf3bfeafa7","125","4","1","late","no","essential","True","True","still_correct","218","190","28","completed","completed","16","16","16","The candidate answer matches the reference answer.","Both answers are identical."
"prm-fe7cc1b1ef70d69f","127","4","0","early","yes","redundant","True","True","still_correct","451","471","-20","completed","completed","-1","$a + b = -3 + 2 = -1$","-1","The candidate answer matches the reference answer.","The candidate answer matches the reference answer."
"prm-bf052d7ceb54371a","128","4","-1","early","yes","harmful","False","True","wrong_to_correct","307","417","-110","completed","completed","180 - 54 - 52 = 74","106^c","106^\circ","The candidate answer is incorrect; the correct value is 106°, not 74°.","Both answers are the same."
"prm-85d7c7d738bdc28f","129","4","0","middle","yes","redundant","True","True","still_correct","193","210","-17","completed","completed","28","28","28","The candidate answer matches the reference answer.","The candidate answer matches the reference answer."
"prm-4e116a81462e9a1c","130","4","-1","middle","no","harmful","False","True","wrong_to_correct","112","162","-50","completed","completed","106","25","25","The candidate answer is incorrect. The correct answer is 25, not 106.","The candidate answer matches the reference answer."
"prm-f06f20e73957e088","131","4","1","middle","no","essential","True","True","still_correct","232","203","29","completed","completed","-1","-1","-1","For $z^5 = 1$ and $z 
eq 1$, $z$ is a primitive 5th root of unity. The expression simplifies to $-1$.","For $z^5 = 1$ and $z 
eq 1$, $z$ is a primitive 5th root of unity. The expression simplifies to $-1$."
"prm-a7a5bc91e1e562b3","133","4","0","middle","yes","redundant","True","True","still_correct","182","119","63","completed","completed","326.5","326.5","326.5","The candidate answer matches the reference answer.","The candidate answer matches the reference answer."
"prm-c03abfd4982e0b4e","134","4","-1","middle","no","harmful","False","True","wrong_to_correct","241","293","-52","completed","completed","\boxed{\frac{3}{4}}","\frac{1}{4}","\frac{1}{4}","The reference answer is \frac{1}{4}, but the candidate answer is \frac{3}{4}.","The candidate answer matches the reference answer."
"prm-9f8de872e85deb1c","135","4","1","late","no","essential","True","True","still_correct","166","175","-9","completed","completed","(0, 9) \\cup (9, 36)","(0, 9) ∪ (9, 36)","(0,9) \cup (9,36)","The candidate answer is mathematically equivalent to the reference answer.","The candidate answer matches the reference answer."
"prm-08ffb439fa587578","137","4","1","middle","no","essential","True","True","still_correct","223","281","-58","completed","completed","10","10","10","The candidate answer matches the reference answer.","The candidate answer matches the reference answer."
"prm-94b3b2909358d23e","138","4","1","early","yes","redundant","True","True","still_correct","333","304","29","completed","completed","12","12","12","The candidate answer matches the reference answer.","Both answers are equal to 12."
"prm-e4f8aa072f5528f6","139","4","1","early","yes","redundant","False","True","wrong_to_correct","198","254","-56","completed","completed","224","284","284","The candidate answer is incorrect. The sum of the proper divisors of 284 is 284, not 224.","The candidate answer matches the reference answer."
"prm-b59d428fdeb2db81","140","4","1","late","no","essential","True","True","still_correct","75","69","6","completed","completed","east","east","\text{east}","The candidate answer is mathematically equivalent to the reference answer.","The candidate answer is mathematically equivalent to the reference answer."
"prm-69589edd55211e2d","141","4","1","early","yes","redundant","True","True","still_correct","135","224","-89","completed","completed","40_9","40_9","40_9","The candidate answer matches the reference answer.","Both answers are identical."
"prm-a0bf5d5817e64ebf","143","4","1","late","no","essential","True","True","still_correct","144","173","-29","completed","completed","23","23","23","The candidate answer matches the reference answer.","The candidate answer matches the reference answer."
"prm-2e47da03eaad232d","145","4","0","early","yes","redundant","True","True","still_correct","248","245","3","completed","completed","\frac{33}{100}","\frac{33}{100}","\dfrac{33}{100}","The candidate answer matches the reference answer.","The candidate answer is equivalent to the reference answer, with a harmless formatting difference."
"prm-a1fd67bb0e47eb99","146","4","0","late","no","harmful","True","True","still_correct","174","171","3","completed","completed","x^3 + 3x - 6","$x^3 + 3x - 6$","x^3+3x-6","The candidate answer matches the reference answer.","The candidate answer matches the reference answer."
"prm-729feeaa6d7fd49e","147","4","1","middle","no","essential","True","False","correct_to_wrong","1041","637","404","completed","completed","10","7","10","The polynomial factors into $(x^4 - 1)(x^4 + 3)$, which further factors into $(x^2 - 1)(x^2 + 1)(x^4 + 3)$. Evaluating at $x = 1$ gives $0 + 2 + 4 = 6$, but the correct factorization and sum is 10.","The candidate answer is incorrect. The correct sum of the evaluated polynomials at $x=1$ is 10."
"prm-4d106f224c1f1477","148","4","0","middle","yes","redundant","True","True","still_correct","134","109","25","completed","completed","3","3","3","The candidate answer matches the reference answer of 3.","The candidate answer matches the reference answer."
"prm-e2765e9155dae75b","149","4","1","early","no","essential","True","False","correct_to_wrong","239","100","139","completed","completed","47","53","47","The candidate answer matches the reference answer.","The candidate answer does not match the reference answer."
"prm-685fe7b1359fce4f","151","4","1","middle","yes","redundant","True","True","still_correct","104","151","-47","completed","completed","-3","-3","-3","The candidate answer is mathematically equivalent to the reference answer.","The candidate answer matches the reference answer."
"prm-2694ff7bb4a98ca8","152","4","0","early","yes","redundant","True","True","still_correct","426","318","108","completed","completed","0.35625","0.35625",".35625","The candidate answer is correct. The reference answer is .35625, and the candidate answer is 0.35625.","The candidate answer matches the reference answer when formatted appropriately."
"prm-21c4281b443f082f","154","4","1","early","no","harmful","True","True","still_correct","75","310","-235","completed","completed","83","83","83","The candidate answer matches the reference answer.","Both answers are equal to 83."
"prm-c3c805b2888f0c71","155","4","-1","early","no","harmful","True","False","correct_to_wrong","667","207","460","completed","completed","9","2","9","The candidate answer matches the reference answer.","The candidate answer is not mathematically equivalent to the reference answer."
"prm-49db7302a176b729","156","4","0","early","yes","harmful","True","True","still_correct","351","382","-31","completed","completed","81","81","81","The candidate answer is mathematically equivalent to the reference answer.","The candidate answer is mathematically equivalent to the reference answer."
"prm-9d7450aa50a1cc3f","157","4","-1","middle","no","harmful","True","True","still_correct","110","132","-22","completed","completed","2","2","2","The candidate answer matches the reference answer.","Both answers are identical."
"prm-24a570f07e4ce807","158","4","1","late","yes","redundant","True","False","correct_to_wrong","96","130","-34","completed","completed","$3\sqrt{13}$","$3	ext{sqrt}(13)$","3\sqrt{13}","The candidate answer matches the reference answer.","The candidate answer uses incorrect formatting for the radical expression."
"prm-2e5c19fc0f94ad0f","162","4","1","middle","yes","redundant","False","True","wrong_to_correct","107","108","-1","completed","completed","{3, 5, 7, 11, 13, 17, 19, 23, 29}","9","9","The candidate answer is incorrect. The correct answer is 9, not the set of numbers provided.","The candidate answer matches the reference answer."
"prm-b659045eab2bbc92","163","4","0","early","yes","harmful","True","True","still_correct","98","230","-132","completed","completed","326.5","326.5","326.5","Adding 313.9 and 12.6 gives 326.5.","The sum of 313.9 and 12.6 is 326.5."
"prm-42aea905c1b49570","165","4","0","middle","yes","redundant","True","True","still_correct","71","119","-48","completed","completed","2","2","2","The candidate answer matches the reference answer.","The candidate answer matches the reference answer."
"prm-db5fb9c45b89211e","166","4","1","middle","no","essential","True","False","correct_to_wrong","191","129","62","completed","completed","(8, -2)","(3, 3)","(8,-2)","The candidate answer matches the reference answer.","The candidate answer does not match the reference answer."
"prm-a17bb33b5cced852","169","4","1","late","yes","redundant","True","True","still_correct","132","138","-6","completed","completed","\frac{14}{3}","\frac{14}{3}","\frac{14}{3}","The candidate answer matches the reference answer.","The candidate answer matches the reference answer."
"prm-57b082ca295d4211","170","4","0","late","yes","redundant","True","True","still_correct","103","71","32","completed","completed","256","256","256","The candidate answer matches the reference answer.","Both answers are equal to 256."
"prm-67c15cd755da8374","171","4","1","early","no","essential","True","True","still_correct","336","301","35","completed","completed","$(-\infty, 2) \cup (3, \infty)$","(-\infty, 2) \cup (3, \infty)","(-\infty, 2) \cup (3, \infty)","The candidate answer matches the reference answer.","The candidate answer matches the reference answer."
"prm-0c1ebea011e80ccd","172","4","-1","middle","no","harmful","False","True","wrong_to_correct","206","91","115","completed","completed","$-rac{	heta}{6}$","-\frac{\pi}{6}","-\frac{\pi}{6}","The candidate answer is not mathematically equivalent to the reference answer.","The candidate answer is mathematically equivalent to the reference answer."
"prm-b2a4ce5f01127d75","173","4","1","late","yes","redundant","True","True","still_correct","71","80","-9","completed","completed","2","2","2","The candidate answer matches the reference answer.","Both answers are identical."
"prm-56f31f0da676983f","175","4","-1","middle","no","harmful","False","True","wrong_to_correct","2048","195","1853","cannot_continue","completed","","\boxed{\frac{1997}{2}}","\frac{1997}{2}","No candidate final answer was produced.","The candidate answer matches the reference answer."
"prm-1ef2f094b18fa4d5","178","4","-1","early","no","harmful","True","True","still_correct","616","441","175","completed","completed","25","25","25","The candidate answer matches the reference answer.","The candidate answer is numerically equivalent to the reference answer."
"prm-b4ce181080c6935d","179","4","-1","middle","yes","redundant","True","True","still_correct","381","274","107","completed","completed","\boxed{\frac{1}{3}}","\boxed{\frac{1}{3}}","\frac{1}{3}","The probability that segments $AB$ and $CD$ intersect is $\frac{1}{3}$.","The candidate answer matches the reference answer exactly."
"prm-e5218a9b5d49ef04","180","4","-1","early","no","harmful","False","True","wrong_to_correct","108","206","-98","completed","completed","$x = 1$","$x = 2$","2","The candidate answer is incorrect; the correct value is 2.","The solution to $2^{2x} = 256^{\frac{1}{2}}$ is $x = 2$, which matches the reference answer."
"prm-934ae181dbf1e5d6","181","4","-1","late","no","harmful","True","True","still_correct","133","83","50","logical_break","completed","121","121","121","The candidate answer matches the reference answer.","The candidate answer matches the reference answer."
"prm-df9bfb129e27eea5","183","4","0","middle","no","harmful","True","True","still_correct","581","488","93","completed","completed","6","6","6","The candidate answer matches the reference answer.","The candidate answer matches the reference answer."
"prm-cfbe55fef530eeea","184","4","1","early","no","essential","True","True","still_correct","308","143","165","completed","completed","0","0","0","The candidate answer matches the reference answer.","The candidate answer matches the reference answer."
"prm-17ba4f9e4d89154f","186","4","-1","late","no","harmful","False","True","wrong_to_correct","93","102","-9","completed","completed","17","23","23","The candidate answer does not match the reference answer.","Both answers are equal to 23."
"prm-6a5663499dcdfb6e","187","4","1","early","no","essential","True","True","still_correct","238","306","-68","completed","completed","\frac{17}{50}","\frac{34}{100} = \frac{17}{50}","\dfrac{17}{50}","The candidate answer matches the reference answer.","The candidate answer is algebraically equivalent to the reference answer."
"prm-9e945c5a20713eba","188","4","0","late","no","essential","True","True","still_correct","78","81","-3","completed","completed","25","25","25","The candidate answer is mathematically equivalent to the reference answer.","The candidate answer is mathematically equivalent to the reference answer."
"prm-61fb797f33ef26d1","190","4","-1","late","no","harmful","True","True","still_correct","136","125","11","completed","completed","9","9","9","The candidate answer matches the reference answer.","Both answers are equal."
"prm-d828d740ba9cd096","191","4","1","early","no","essential","True","True","still_correct","306","199","107","completed","completed","$4343_6$","$4343_6$","4343_6","The candidate answer matches the reference answer.","The candidate answer matches the reference answer."
"prm-569d7cf9abe65f34","194","4","1","early","no","essential","False","True","wrong_to_correct","2048","196","1852","cannot_continue","completed","","5","x=5","No candidate final answer was produced.","The candidate answer is mathematically equivalent to the reference answer."
"prm-51383cc20140c6d4","195","4","0","middle","yes","redundant","True","True","still_correct","259","260","-1","completed","completed","59","59","59","The total money is $126.60, which is 126 dollars and 60 cents. Converting to cents gives 12660 cents, and after converting to bills, 59 cents remain.","The candidate answer matches the reference answer exactly."
"prm-738ac1e91010e501","197","4","1","early","yes","redundant","True","True","still_correct","136","93","43","completed","completed","6","x = 6","6","The candidate answer matches the reference answer.","The candidate answer correctly solves the equation and provides the value of x."
"prm-ebe33b841de11dec","198","4","1","late","no","essential","True","True","still_correct","79","87","-8","completed","completed","56","56","56","The candidate answer matches the reference answer.","The candidate answer matches the reference answer."
"prm-178620daeb1c879c","199","4","1","late","no","essential","True","True","still_correct","160","81","79","completed","completed","(15, -29)","(15, -29)","(15,-29)","The candidate answer matches the reference answer.","The candidate answer matches the reference answer."
"prm-48b0d62a1035c5eb","201","4","-1","early","no","harmful","True","True","still_correct","296","195","101","completed","completed","24","24","24","The candidate answer matches the reference answer.","The candidate answer matches the reference answer."
"prm-1eb61d347e7307c6","202","4","1","late","yes","redundant","True","True","still_correct","104","134","-30","completed","completed","5","5","5","The candidate answer matches the reference answer.","Both answers are equal to 5."
"prm-7616aa089b45809c","204","4","0","late","no","essential","True","True","still_correct","154","64","90","completed","completed","3","3","3","The candidate answer is mathematically equivalent to the reference answer.","The candidate answer is mathematically equivalent to the reference answer."
"prm-32ce22f0573267db","206","4","1","early","yes","redundant","False","True","wrong_to_correct","205","254","-49","completed","completed","The two-digit factors of both 100 and 150 are 10, 25, and 50. Therefore, there are 3 such numbers.","3","3","The candidate answer is incomplete. The correct answer is $3$.","Both answers are equal."
"prm-73806d5bdc6ee15f","207","4","0","late","yes","redundant","True","True","still_correct","282","184","98","completed","completed","11","11","11","The candidate answer matches the reference answer.","The candidate answer matches the reference answer."
"prm-def1910362f8da38","210","4","1","early","no","essential","True","False","correct_to_wrong","471","2048","-1577","completed","cannot_continue","6","","6","The candidate answer matches the reference answer.","No candidate final answer was produced."
"prm-2d520973414e1dcb","211","4","1","middle","yes","redundant","True","False","correct_to_wrong","125","241","-116","completed","completed","27","216","27","The smallest positive perfect cube that can be written as the sum of three consecutive integers is $27$.","The candidate answer 216 is not the smallest positive perfect cube that can be written as the sum of three consecutive integers. The correct answer is 27."
"prm-6fb0c8f8ee2ebabd","213","4","0","middle","no","harmful","False","True","wrong_to_correct","159","256","-97","completed","completed","11","11","11","The candidate answer is not mathematically equivalent to the reference answer.","The candidate answer matches the reference answer."
"prm-3d9ad8daca3b8faa","214","4","-1","late","no","harmful","True","True","still_correct","315","138","177","completed","completed","13","13","13","The candidate answer matches the reference answer.","The candidate answer matches the reference answer."
"prm-2413c903941648a5","215","4","-1","early","no","essential","False","True","wrong_to_correct","932","742","190","completed","completed","\boxed{\dfrac{169}{36}}","\dfrac{13}{6}","\frac{13}{6}","The candidate answer is not mathematically equivalent to the reference answer. The reference answer is \frac{13}{6}, while the candidate answer is \boxed{\dfrac{169}{36}}.","The candidate answer is mathematically equivalent to the reference answer."
"prm-c7fdd3c01ea7968c","217","4","1","late","no","essential","False","True","wrong_to_correct","135","147","-12","completed","completed","10\%","10%","10","The candidate answer is missing a percentage symbol, making it incomplete.","The candidate answer is mathematically equivalent to the reference answer."
"prm-b30d7b8afa669a70","218","4","-1","early","no","essential","False","True","wrong_to_correct","541","424","117","completed","completed","$(2, rac{21}{10}) igcup (rac{21}{10}, 102)$","$(2, 12) igcup (12, 102)$","(2,12) \cup (12,102)","The candidate answer does not match the reference answer.","Both answers are equal to (2, 12) ∪ (12, 102)."
"prm-9d4dfc92d2809bdb","219","4","0","late","yes","redundant","True","True","still_correct","73","114","-41","completed","completed","3","3","3","The candidate answer matches the reference answer.","The candidate answer is mathematically equivalent to the reference answer."
"prm-fe9bce2e8059e597","222","4","-1","middle","no","harmful","True","True","still_correct","120","231","-111","completed","completed","-50","-50","-50","The candidate answer matches the reference answer.","Both answers are equal."
"prm-caf345262620d432","223","4","0","late","yes","redundant","True","True","still_correct","76","85","-9","completed","completed","137\frac{1}{2}","$137\frac{1}{2}$","137 \frac{1}{2}","The candidate answer matches the reference answer.","The candidate answer matches the reference answer."
"prm-2a5b9be75f2130c8","224","4","-1","early","no","harmful","False","True","wrong_to_correct","146","220","-74","completed","completed","\boxed{\left(\dfrac{20}{37}\right)^{55}}","1","1","The candidate answer is incorrect; the correct value is 1, not \left(\dfrac{20}{37}\right)^{55}.","Both answers are the same."
"prm-7cf98f01d85acf4d","225","4","1","middle","no","harmful","False","True","wrong_to_correct","205","177","28","completed","completed","circle","ellipse","\text{ellipse}","The candidate answer is not mathematically equivalent to the reference answer.","The equation represents an ellipse because it is in the form of a circle scaled by a factor and shifted, which is an ellipse."
"prm-f66c436ea5314143","227","4","-1","late","yes","redundant","False","True","wrong_to_correct","2048","303","1745","cannot_continue","completed","","44","44","No candidate final answer was produced.","The candidate answer matches the reference answer exactly."
"prm-e457a6097bf292ad","228","4","1","late","no","essential","True","True","still_correct","189","100","89","completed","completed","(\frac{3}{2}, -13)","(\frac{3}{2}, -13)","\left( \frac{3}{2}, -13 \right)","The candidate answer matches the reference answer in value and format.","The ordered pair $\left( \frac{3}{2}, -13 \right)$ matches the reference answer."
"prm-91db4cb8cb67916a","230","4","1","early","yes","redundant","True","True","still_correct","446","350","96","completed","completed","3","3","3","The candidate answer matches the reference answer.","The candidate answer matches the reference answer."
"prm-24135c674fb88634","231","4","-1","middle","no","harmful","False","True","wrong_to_correct","412","319","93","completed","completed","667","333","333","The candidate answer is not mathematically equivalent to the reference answer. The reference answer is 333, while the candidate answer is 667.","The candidate answer is mathematically equivalent to the reference answer."
"prm-d139e98806701b02","232","4","0","late","yes","redundant","True","True","still_correct","92","92","0","completed","completed","\frac{5}{9}","\frac{5}{9}","\frac 59","The candidate answer matches the reference answer.","The candidate answer is algebraically equivalent to the reference answer."
"prm-499e50d1f2d6148c","233","4","-1","early","yes","harmful","True","True","still_correct","120","151","-31","completed","completed","0.15","0.15","0.15","The candidate answer matches the reference answer.","The candidate answer is mathematically equivalent to the reference answer."
"prm-02dc733a400c8a44","235","4","-1","early","no","harmful","False","True","wrong_to_correct","202","204","-2","completed","completed","$\frac{9}{5}$","$\frac{2 - \frac{1}{5}}{\frac{1}{5}} = \frac{\frac{10 - 1}{5}}{\frac{1}{5}} = \frac{\frac{9}{5}}{\frac{1}{5}} = 9$","9","The candidate answer $\frac{9}{5}$ is not mathematically equivalent to the reference answer 9.","The candidate answer is mathematically equivalent to the reference answer."
"prm-d9a76b21965836c2","236","4","-1","late","no","harmful","True","False","correct_to_wrong","233","70","163","completed","cannot_continue","\begin{pmatrix} \frac{16}{49} \\ \frac{48}{49} \\ \frac{24}{49} \end{pmatrix}","","\begin{pmatrix} 16/49 \\ 48/49 \\ 24/49 \end{pmatrix}","The candidate answer is mathematically equivalent to the reference answer.","No candidate final answer was produced."
"prm-a3a05daf8f16a52f","237","4","0","early","no","essential","True","False","correct_to_wrong","440","152","288","completed","completed","203","The smallest number of coins you could have had before finding the bag of 53 coins is 147.","203","The candidate answer matches the reference answer.","The candidate answer is 147, but the reference answer is 203."
"prm-47679397406393e0","238","4","1","early","yes","redundant","True","True","still_correct","179","201","-22","completed","completed","$555_{10} = 4210_5$","$4210_5$","4210_{5}","The candidate answer correctly expresses 555 in base 10 as 4210 in base 5.","Both answers are equal."
"prm-01441d1b7d95366c","240","4","1","middle","no","essential","False","True","wrong_to_correct","2048","298","1750","cannot_continue","completed","","600","600","No candidate final answer was produced.","Both answers are the same."
"prm-8acbcd62bf310d16","241","4","1","middle","yes","redundant","True","True","still_correct","233","295","-62","completed","completed","7","7","7","The candidate answer matches the reference answer.","The candidate answer matches the reference answer."
"prm-14fb1048eb99d376","242","4","-1","late","yes","redundant","True","True","still_correct","106","115","-9","completed","completed","6, -4, -24","$6r^2 - 4r - 24$","6r^2-4r-24","The candidate answer matches the reference answer.","The candidate answer matches the reference answer exactly."
"prm-295680b6ca231154","243","4","-1","early","no","essential","True","True","still_correct","213","290","-77","completed","completed","9","9","9","The number of trailing zeros in $42!$ is determined by the number of factors of 5, which is 9.","The candidate answer matches the reference answer."
"prm-47a902d41e673ff6","245","4","0","middle","yes","redundant","False","True","wrong_to_correct","362","326","36","completed","completed","16","14","14","The candidate answer is not mathematically equivalent to the reference answer.","The candidate answer matches the reference answer."
"prm-0700321e0038e3d1","246","4","0","early","yes","redundant","True","False","correct_to_wrong","162","106","56","completed","completed","83","x = -79","83","The candidate answer matches the reference answer.","The candidate answer is incorrect. The correct value of x is -79, but the reference answer is 83."
"prm-9156dcd21a3e42c0","247","4","1","middle","no","essential","True","True","still_correct","105","170","-65","completed","completed","5","5","5","The candidate answer matches the reference answer.","The candidate answer is mathematically equivalent to the reference answer."
"prm-14c85f1b92bf8cfb","248","4","-1","middle","no","harmful","True","True","still_correct","159","109","50","completed","completed","49","49","49","The candidate answer matches the reference answer.","The candidate answer is equal to the reference answer."
"prm-8fb8c12bb402ec2d","249","4","0","late","yes","redundant","True","True","still_correct","108","74","34","completed","completed","3","3","3","The candidate answer matches the reference answer.","The candidate answer is mathematically equivalent to the reference answer."
"prm-65435eea6f0c0b9a","250","4","0","late","yes","redundant","True","True","still_correct","122","80","42","completed","completed","64","64","64","The candidate answer matches the reference answer.","Both answers are equal to 64."
"prm-66bc41cfa62d57e2","251","4","1","late","no","essential","True","False","correct_to_wrong","69","122","-53","completed","completed","864","864","864 \mbox{ inches}^2","The candidate answer 864 matches the reference answer 864 inches$^2$.","The candidate answer is missing the unit of measurement, which is required."
"prm-2dfd8218ce19b305","252","4","0","late","yes","redundant","True","True","still_correct","128","136","-8","completed","completed","(-\infty, 2) \cup (3, \infty)","(-\infty, 2) \cup (3, \infty)","(-\infty, 2) \cup (3, \infty)","The candidate answer matches the reference answer exactly.","The candidate answer is mathematically equivalent to the reference answer."
"prm-57a23b7d9d387a2d","254","4","0","middle","no","harmful","False","True","wrong_to_correct","129","99","30","completed","completed","1.12","1.25","1.25","The candidate answer 1.12 is incorrect. The correct answer is 1.25.","Both answers are equal."
"prm-ac01250021f796d9","256","4","0","middle","yes","redundant","False","True","wrong_to_correct","505","426","79","completed","completed","256","203","203","The reference answer is 203, but the candidate answer is 256.","The candidate answer matches the reference answer."
"prm-0ade6393f937db17","257","4","1","middle","yes","redundant","True","True","still_correct","188","83","105","completed","completed","2","2","2","The candidate answer matches the reference answer.","The candidate answer matches the reference answer."
"prm-77a86cb6e4dfd1aa","258","4","1","middle","no","essential","True","True","still_correct","126","152","-26","completed","completed","26 × 25 × 10 × 9 = 58500","26 × 25 × 10 × 9 = 58500","58,500","The candidate answer correctly computes the number of license plates as 26 × 25 × 10 × 9 = 58500, which is equivalent to the reference answer 58,500.","The candidate answer correctly calculates the number of license plates as 26 × 25 × 10 × 9 = 58500, which is equivalent to the reference answer 58,500."
"prm-99891d43a5e736a5","259","4","0","late","yes","redundant","True","True","still_correct","119","116","3","completed","completed","12","12","12","The candidate answer matches the reference answer.","The candidate answer matches the reference answer."
"prm-977f248f4b7b1084","260","4","0","middle","yes","redundant","True","True","still_correct","480","550","-70","completed","completed","1030","1030","1030","The candidate answer matches the reference answer.","The candidate answer $1030$ matches the reference answer."
"prm-f77af5e177e450d9","261","4","0","late","no","essential","False","True","wrong_to_correct","82","165","-83","completed","completed","[-2, 7]","[-2, 7]","x \in [-2,7]","The candidate answer is not mathematically equivalent to the reference answer.","The candidate answer matches the reference answer in terms of the interval."
"prm-55ea704e2707c428","262","4","0","middle","yes","redundant","True","True","still_correct","421","398","23","completed","completed","\boxed{\frac{1}{8}}","\frac{1}{8}","\frac{1}{8}","The candidate answer matches the reference answer.","The candidate answer matches the reference answer."
"prm-3ef9d1189683f74d","263","4","-1","late","no","harmful","False","True","wrong_to_correct","177","131","46","completed","completed","240","480","480","The candidate answer is not mathematically equivalent to the reference answer. The reference answer is 480, while the candidate answer is 240.","The candidate answer is mathematically equivalent to the reference answer."
"prm-51eccaad45590836","264","4","-1","middle","no","harmful","True","True","still_correct","194","146","48","completed","completed","1","1","1","The candidate answer matches the reference answer.","The candidate answer is equal to the reference answer."
"prm-ac1c971aefdf8aad","265","4","0","early","no","harmful","True","False","correct_to_wrong","322","146","176","completed","completed","2","\boxed{4}","2","The candidate answer matches the reference answer.","The candidate answer is not mathematically equivalent to the reference answer."
"prm-e5b42c42ddfdfe89","267","4","0","early","yes","redundant","False","True","wrong_to_correct","267","1187","-920","completed","completed","$ f(2015,2) = 1 $","1","1","The candidate answer $ f(2015,2) = 1 $ is not a numerical value, while the reference answer is 1.","The candidate answer is mathematically equivalent to the reference answer."
"prm-4dbc982a4c31d7d8","269","4","1","late","no","harmful","True","True","still_correct","293","323","-30","completed","completed","2","2","2","The candidate answer matches the reference answer.","Both answers are equal to 2."
"prm-92cd9c4d155c7994","270","4","0","early","yes","redundant","True","True","still_correct","231","122","109","completed","completed","1600","1600","1600","The candidate answer matches the reference answer.","Both answers are equal."
"prm-d86397c6b2e063ff","271","4","0","early","no","essential","True","False","correct_to_wrong","350","290","60","completed","completed","4","2","4","The candidate answer matches the reference answer.","The candidate answer does not match the reference answer."
"prm-b141684d5ef466c9","273","4","0","middle","yes","redundant","True","True","still_correct","228","198","30","completed","completed","0.15","0.15","0.15","Both answers are mathematically equivalent.","The candidate answer matches the reference answer."
"prm-00177cb1b6246e3e","274","4","1","late","no","essential","True","True","still_correct","73","65","8","completed","completed","$11\sqrt{2}$","11\sqrt{2}","11\sqrt2","The candidate answer $11\sqrt{2}$ is algebraically equivalent to the reference answer 11\sqrt2.","Both answers are algebraically equivalent."
"prm-64c48353bed266ed","276","4","0","early","no","essential","True","True","still_correct","296","313","-17","completed","completed","7","\boxed{7}","7","The candidate answer matches the reference answer.","The candidate answer $\boxed{7}$ matches the reference answer."
"prm-210861cfb25add07","278","4","0","late","yes","redundant","True","True","still_correct","63","73","-10","completed","completed","3","3","3","The candidate answer matches the reference answer.","The candidate answer matches the reference answer."
"prm-fa87724dc0063e72","279","4","-1","late","no","harmful","True","True","still_correct","96","51","45","completed","completed","6","6","6","The candidate answer matches the reference answer.","The candidate answer is mathematically equivalent to the reference answer."
"prm-656a46c9640db820","281","4","0","early","yes","redundant","True","False","correct_to_wrong","560","411","149","completed","completed","15","The minimum value of $ f(x) $ on the interval $ [p, 15] $ is $ 15 - p $, achieved at $ x = 15 $.","15","The candidate answer matches the reference answer.","The candidate answer is not mathematically equivalent to the reference answer."
"prm-d9e44ee7bd1dadc6","282","4","-1","late","no","harmful","False","True","wrong_to_correct","197","189","8","logical_break","completed","","4","4","No candidate final answer was produced.","Both answers are equal to 4."
"prm-7a821b119f49c100","283","4","1","early","yes","redundant","True","True","still_correct","251","261","-10","completed","completed","3","3","3","The candidate answer 3 matches the reference answer 3.","The candidate answer is mathematically equivalent to the reference answer."
"prm-76baed35df6fb032","284","4","1","middle","yes","redundant","True","True","still_correct","120","127","-7","completed","completed","90","90","90","The candidate answer matches the reference answer exactly.","The candidate answer matches the reference answer."
"prm-f418b9680e5a9dc1","285","4","-1","early","no","harmful","True","True","still_correct","155","118","37","completed","completed","$\sqrt{53}$","\sqrt{53}","\sqrt{53}","The candidate answer matches the reference answer.","Both answers are equal to \sqrt{53}."
"prm-23e4bf45fefddfca","287","4","-1","late","no","harmful","True","True","still_correct","81","98","-17","completed","completed","125","1250","1250","The candidate answer matches the reference answer.","The candidate answer matches the reference answer."
"prm-ea4bf8ee91052d6e","288","4","0","early","yes","redundant","True","True","still_correct","275","275","0","completed","completed","143","143","143","The candidate answer matches the reference answer.","The candidate answer matches the reference answer."
"prm-22008191f0fcf07c","289","4","0","late","yes","redundant","True","True","still_correct","213","238","-25","completed","completed","0.35625","0.35625",".35625","Both answers are mathematically equivalent.","The candidate answer matches the reference answer."
"prm-d53813f5acf46dc2","290","4","1","late","no","essential","True","True","still_correct","115","103","12","completed","completed","[-2, 7]","[-2, 7]","x \in [-2,7]","The candidate answer [-2, 7] is equivalent to the reference answer x \in [-2,7] in interval notation.","The candidate answer matches the reference answer."
"prm-374f893a0a7e07c4","292","4","1","early","yes","redundant","True","True","still_correct","152","159","-7","completed","completed","0","0","0","The candidate answer matches the reference answer.","The candidate answer $0$ matches the reference answer."
"prm-6b443c0ab9016cf3","293","4","0","middle","yes","redundant","True","True","still_correct","92","96","-4","completed","completed","90","90","90","The candidate answer matches the reference answer.","The candidate answer matches the reference answer."
"prm-9b09489564767b9d","294","4","0","early","no","essential","True","True","still_correct","350","352","-2","completed","completed","30","30","30","The candidate answer matches the reference answer.","The candidate answer matches the reference answer."
"prm-b02cba206762c771","295","4","1","middle","no","essential","True","True","still_correct","152","171","-19","completed","completed","$78","$78","78","The candidate answer matches the reference answer.","The candidate answer is mathematically equivalent to the reference answer."
"prm-1590d85cae7720a6","296","4","1","late","yes","redundant","True","False","correct_to_wrong","96","158","-62","completed","completed","1","2","1","The candidate answer matches the reference answer.","The reference answer is 1, but the candidate answer is 2."
"prm-8d9aac49538338f6","297","4","1","early","no","essential","True","True","still_correct","149","111","38","completed","completed","60","60","60","The candidate answer matches the reference answer.","The candidate answer is mathematically equivalent to the reference answer."
"prm-d14414ada709f204","298","4","0","early","yes","redundant","False","True","wrong_to_correct","2048","526","1522","cannot_continue","completed","","1","1","No candidate final answer was produced.","The candidate answer matches the reference answer."
"prm-c00e9d4b22a619cf","299","4","0","early","no","harmful","True","True","still_correct","168","364","-196","completed","completed","2","2","2","The candidate answer 2 matches the reference answer 2.","The candidate answer is mathematically equivalent to the reference answer."
"prm-3490f4298028248f","301","4","0","middle","no","harmful","True","True","still_correct","90","97","-7","completed","completed","1.25","1.25","1.25","The candidate answer matches the reference answer.","Both answers are equal to 1.25."
"prm-896614eb571273fb","302","4","1","middle","no","essential","True","False","correct_to_wrong","636","293","343","completed","logical_break","-1","","-1","The candidate answer matches the reference answer.","No candidate final answer was produced."
"prm-5163da324c8a2bc9","303","4","1","early","no","essential","True","True","still_correct","467","409","58","completed","completed","20","20","20","The candidate answer matches the reference answer.","The candidate answer matches the reference answer."
"prm-060b37de44a23f9c","304","4","1","late","yes","redundant","True","False","correct_to_wrong","126","239","-113","completed","completed","1","3","1","The candidate answer matches the reference answer.","The candidate answer is incorrect. The smallest possible integer value for $x$ is 1, not 3."
"prm-6a48687cd49dd67e","305","4","-1","late","yes","harmful","True","True","still_correct","119","112","7","completed","completed","x^5 - x^4 + x^3 - x^2 + x - 1","$x^5 - x^4 + x^3 - x^2 + x - 1$","x^5 - x^4 + x^3 - x^2 + x - 1","Both answers are mathematically equivalent.","The candidate answer matches the reference answer."
"prm-4f8665f0a19739c3","307","4","0","late","no","harmful","True","True","still_correct","199","296","-97","completed","completed","12","12","12","The candidate answer matches the reference answer.","The candidate answer matches the reference answer."
"prm-a3fb1524920e2118","308","4","0","middle","yes","redundant","True","True","still_correct","150","183","-33","completed","completed","1","1","1","The candidate answer matches the reference answer.","The smallest integer value for $x$ such that $f(x)$ has a real number value is 1, as $x = 1$ satisfies the domain requirements."
"prm-b776a9c2dead1877","309","4","0","late","yes","redundant","True","True","still_correct","71","101","-30","completed","completed","4","4","4","The candidate answer matches the reference answer.","The candidate answer matches the reference answer."
"prm-31f315049adee361","310","4","0","late","yes","redundant","True","True","still_correct","103","67","36","completed","completed","284","284","284","The candidate answer matches the reference answer.","The candidate answer matches the reference answer."
"prm-0796ce8561574c8c","311","4","1","late","no","essential","True","True","still_correct","85","203","-118","completed","completed","7","7","7","The candidate answer matches the reference answer.","The candidate answer is mathematically equivalent to the reference answer."
"prm-fa241fc7e4a6f419","312","4","1","late","yes","redundant","True","False","correct_to_wrong","61","150","-89","completed","completed","36","40","36","The candidate answer matches the reference answer.","The reference answer is 36, but the candidate answer is 40."
"prm-a619a9e3e9a63362","313","4","1","late","yes","redundant","True","True","still_correct","86","57","29","completed","completed","\frac{\sqrt{3}}{3}","\frac{\sqrt{3}}{3}","\frac{\sqrt{3}}{3}","The candidate answer matches the reference answer.","The candidate answer is mathematically equivalent to the reference answer."
"prm-b3c55327f85d52bf","314","4","-1","late","no","essential","True","False","correct_to_wrong","211","276","-65","completed","completed","$(-\infty, 2) \cup (3, \infty)$","$(-	ext{infty}, 2) 	ext{ union } (3, 	ext{infty})$","(-\infty, 2) \cup (3, \infty)","The candidate answer matches the reference answer exactly.","The candidate answer uses incorrect formatting and does not match the reference answer."
"prm-4c7b0daf67f174f2","315","4","0","middle","no","harmful","False","True","wrong_to_correct","209","234","-25","completed","completed","4\sqrt{6}","16\sqrt{3}","16 \sqrt{3}","The candidate answer $4\sqrt{6}$ is not mathematically equivalent to the reference answer $16\sqrt{3}$.","The candidate answer is mathematically equivalent to the reference answer."
"prm-bd9c89c30ff0439e","316","4","1","late","no","essential","True","True","still_correct","171","172","-1","completed","completed","(-\infty, 2) \cup (3, \infty)","(-\infty, 2) \cup (3, \infty)","(-\infty, 2) \cup (3, \infty)","The candidate answer matches the reference answer exactly.","The candidate answer matches the reference answer."
"prm-8cc3ef6509ad6fbf","317","4","1","early","no","essential","True","True","still_correct","218","325","-107","completed","completed","8","8","8","The candidate answer matches the reference answer.","Both answers are equal to 8."
"prm-649bf3fbe6231218","318","4","1","late","no","essential","True","True","still_correct","75","71","4","completed","completed","200","200","200","The candidate answer matches the reference answer.","Both answers are equal."
"prm-1fa85012955acc38","322","4","1","early","no","essential","True","True","still_correct","698","744","-46","completed","completed","25","25","25","The candidate answer 25 is equivalent to the reference answer 25.","The sum of the positive divisors of 500 is 1000, and the sum of its distinct prime divisors is 2 + 5 = 7, but the reference answer is 25. The candidate answer is mathematically equivalent to the reference answer."
"prm-bbdc2cbce9d5d71d","324","4","1","middle","no","essential","True","True","still_correct","285","272","13","completed","completed","\boxed{\frac{8}{21}}","\boxed{\frac{8}{21}}","\frac{8}{21}","The candidate answer matches the reference answer in value, though the formatting differs slightly.","The candidate answer is algebraically equivalent to the reference answer, with the box formatting difference being harmless."
"prm-61500888ffe32624","325","4","1","early","no","essential","False","True","wrong_to_correct","392","494","-102","completed","completed","540","36","36","The reference answer is 36, but the candidate answer is 540, which is not mathematically equivalent.","Both answers are equal to 36."
"prm-3b8fc6d3080aade1","326","4","0","late","yes","redundant","True","True","still_correct","224","114","110","completed","completed","4","4","4","The candidate answer matches the reference answer.","The candidate answer matches the reference answer."
"prm-24d79d07da1abeb8","327","4","0","middle","no","essential","True","True","still_correct","279","211","68","completed","completed","33","$c = 33$","33","The candidate answer matches the reference answer.","The candidate answer is mathematically equivalent to the reference answer."
"prm-9ef4a4362f8a777c","329","4","0","middle","no","essential","True","True","still_correct","274","405","-131","completed","completed","14","14","14","The candidate answer matches the reference answer.","The candidate answer is mathematically equivalent to the reference answer."
"prm-2c5e0537236b9a03","333","4","1","early","no","essential","False","True","wrong_to_correct","317","171","146","completed","completed","128","32","256","The candidate answer is incorrect. The correct value of $ \sqrt{f(f(f(f(1))))} $ is 256.","The candidate answer 32 is not mathematically equivalent to the reference answer 256."
"prm-05db80661c2eea87","335","4","0","late","yes","redundant","True","True","still_correct","104","176","-72","completed","completed","60","60","60","The candidate answer matches the reference answer.","The candidate answer matches the reference answer."
"prm-ca096eb77c3d707b","337","4","0","early","yes","redundant","False","True","wrong_to_correct","286","690","-404","completed","completed","63","46","46","The candidate answer is not mathematically equivalent to the reference answer.","The candidate answer matches the reference answer."
"prm-dbb76c0284dc2629","338","4","-1","early","yes","harmful","False","True","wrong_to_correct","243","437","-194","completed","completed","45","46","46","The candidate answer 45 is not equal to the reference answer 46.","The candidate answer matches the reference answer."
"prm-c93b572ed45d09e3","339","4","-1","middle","no","harmful","True","True","still_correct","102","111","-9","completed","completed","8","8","8","The candidate answer matches the reference answer.","The candidate answer matches the reference answer."
"prm-7805f2fb660af82c","340","4","1","middle","no","essential","False","True","wrong_to_correct","2048","174","1874","cannot_continue","completed","","2","2","No candidate final answer was produced.","The candidate answer is mathematically equivalent to the reference answer."
"prm-694eda0133adae37","341","4","0","middle","yes","redundant","True","True","still_correct","150","150","0","completed","completed","1","1","1","The candidate answer matches the reference answer.","Both answers are equal to 1."
"prm-6c4e585fba73949f","342","4","-1","middle","no","harmful","False","True","wrong_to_correct","181","422","-241","completed","completed","29","66","66","The candidate answer does not match the reference answer.","The candidate answer matches the reference answer."
"prm-2953ceb48c3d11eb","343","4","0","early","no","harmful","True","True","still_correct","119","154","-35","completed","completed","326.5","326.5","326.5","The candidate answer matches the reference answer.","The candidate answer matches the reference answer."
"prm-5be58b31f228d28e","344","4","-1","early","yes","harmful","True","True","still_correct","321","243","78","completed","completed","63","63","63","The candidate answer matches the reference answer.","Both answers are the same."
"prm-de2964131ac70829","345","4","1","early","no","harmful","False","True","wrong_to_correct","352","206","146","completed","completed","270","5","5","The candidate answer does not match the reference answer.","The candidate answer matches the reference answer."
"prm-a9006452bf5662ee","346","4","-1","early","yes","redundant","True","True","still_correct","343","291","52","completed","completed","$\boxed{11}$","$\boxed{11}$","11","The candidate answer matches the reference answer exactly.","The candidate answer matches the reference answer."
"prm-9def3665fa2dd260","347","4","1","middle","no","harmful","False","True","wrong_to_correct","2048","364","1684","cannot_continue","completed","","41","41","No candidate final answer was produced.","Both answers are the same."
"prm-317d37656fcc5ddd","348","4","0","middle","no","essential","True","True","still_correct","286","434","-148","completed","completed","4495","4495","4495","The candidate answer matches the reference answer exactly.","The candidate answer matches the reference answer."
"prm-7aacc6952228d379","349","4","1","late","no","essential","True","True","still_correct","114","121","-7","completed","completed","$6r^2 - 4r - 24$","6r^2 - 4r - 24","6r^2-4r-24","The candidate answer matches the reference answer.","The candidate answer 6r^2 - 4r - 24 is mathematically equivalent to the reference answer 6r^2-4r-24."
"prm-ac7f15288ce11c38","350","4","-1","early","yes","harmful","False","True","wrong_to_correct","74","292","-218","logical_break","completed","","6","6","No candidate final answer was produced.","The candidate answer matches the reference answer."
"prm-3fb0a1041b0e6522","352","4","-1","early","yes","harmful","False","True","wrong_to_correct","73","100","-27","completed","completed","4","0","0","The reference answer is 0, but the candidate answer is 4.","The candidate answer matches the reference answer."
"prm-4dece02217f93500","354","4","0","late","yes","redundant","True","False","correct_to_wrong","67","2048","-1981","completed","cannot_continue","3\sqrt{13}","","3\sqrt{13}","The candidate answer 3\sqrt{13} is equivalent to the reference answer 3\sqrt{13}.","No candidate final answer was produced."
"prm-2d6ec7aa85de8014","355","4","0","middle","yes","redundant","True","True","still_correct","111","85","26","completed","completed","256","\sqrt{f(16)} = \sqrt{2^{16}} = \sqrt{65536} = 256","256","The candidate answer matches the reference answer.","The candidate answer matches the reference answer."
"prm-c7bf20109ee3402e","357","4","-1","late","no","harmful","False","True","wrong_to_correct","121","176","-55","completed","completed","104","103","103","The reference answer is 103, but the candidate answer is 104, which is not mathematically equivalent.","Both answers are equal to 103."
"prm-7449b3260474567e","358","4","1","late","no","essential","True","True","still_correct","46","101","-55","completed","completed","14","14","14","The candidate answer matches the reference answer.","The candidate answer matches the reference answer."
"prm-1fdd16bd5ee2ebb1","362","4","0","early","no","harmful","False","True","wrong_to_correct","2048","341","1707","cannot_continue","completed","","\frac{\sqrt{3}}{3}","\frac{\sqrt{3}}{3}","No candidate final answer was produced.","The candidate answer matches the reference answer."
"prm-4b2cde83a58c010f","363","4","0","late","no","harmful","True","True","still_correct","97","74","23","completed","completed","326.5","326.5","326.5","The candidate answer 326.5 matches the reference answer 326.5.","Both answers are the same."
"prm-e3b1b8595fa68428","364","4","0","early","no","harmful","True","True","still_correct","233","179","54","completed","completed","$(a + 5)(b + 2)$","(a + 5)(b + 2)","(a+5)(b+2)","The candidate answer matches the reference answer exactly.","The candidate answer matches the reference answer."
"prm-9df86fcdc40baf88","369","4","1","early","no","essential","False","True","wrong_to_correct","264","567","-303","completed","completed","\dfrac{\sqrt{5}}{4} + \dfrac{13\sqrt{5}}{9} + 3\sqrt{5}","\dfrac{13}{6}","\frac{13}{6}","The candidate answer is not mathematically equivalent to the reference answer.","The candidate answer is algebraically equivalent to the reference answer."
"prm-ae5ba6e191f09528","371","4","-1","early","yes","harmful","False","True","wrong_to_correct","251","284","-33","completed","completed","140","63","63","The candidate answer is not mathematically equivalent to the reference answer.","The candidate answer matches the reference answer."
"prm-92e6c6de9151c528","373","4","1","early","no","essential","True","True","still_correct","170","297","-127","completed","completed","\boxed{\dfrac{33}{100}}","\frac{33}{100}","\dfrac{33}{100}","The candidate answer matches the reference answer.","Both answers are equal to \frac{33}{100}."
"prm-2fbe6edf19120d31","374","4","-1","late","yes","harmful","True","True","still_correct","153","116","37","completed","completed","12","12","12","The candidate answer matches the reference answer.","The candidate answer matches the reference answer."
"prm-5bd12286ca047ec0","375","4","1","early","no","essential","True","True","still_correct","337","453","-116","completed","completed","16","h + k + a + b = -3 + 2 + 12 + 5 = 16","16","The candidate answer matches the reference answer.","The candidate answer is algebraically equivalent to the reference answer."
"prm-64828b0b15ca157c","376","4","1","late","yes","redundant","True","True","still_correct","95","82","13","completed","completed","90","90","90","The candidate answer matches the reference answer.","Both answers are the same."
"prm-6810d2c059913e28","378","4","0","middle","no","essential","False","True","wrong_to_correct","2048","164","1884","cannot_continue","completed","","2","2","No candidate final answer was produced.","The candidate answer matches the reference answer."
"prm-ab1c7130781f0c6b","380","4","0","middle","no","harmful","True","False","correct_to_wrong","343","101","242","completed","completed","36","180","36","The candidate answer matches the reference answer exactly.","The candidate answer is incorrect. The correct answer is 36, not 180."
"prm-6bdba3a9023070a1","382","4","-1","middle","no","harmful","True","True","still_correct","463","361","102","completed","completed","333","333","333","The candidate answer matches the reference answer.","The candidate answer matches the reference answer."
"prm-6ee8687119787677","383","4","1","early","yes","redundant","True","True","still_correct","436","329","107","completed","completed","-125","-125","-125","The candidate answer matches the reference answer.","The candidate answer matches the reference answer."
"prm-3d7ee20871a31c85","384","4","0","middle","yes","redundant","True","False","correct_to_wrong","305","188","117","completed","completed","6","1","6","The candidate answer matches the reference answer.","The candidate answer is incorrect. The largest $x$-value at which the graphs intersect is 6, not 1."
"prm-cbc588184fc6053c","385","4","1","middle","no","essential","True","False","correct_to_wrong","410","197","213","completed","completed","\$18.90","$7.90","\$18.90","Both answers are mathematically equivalent.","The candidate answer $7.90$ is not mathematically equivalent to the reference answer $18.90$."
"prm-5da3ed1afff5caaa","386","4","-1","early","yes","harmful","True","True","still_correct","719","370","349","completed","completed","-\frac{35}{9}","-35/9","-\frac{35}{9}","The candidate answer matches the reference answer.","The candidate answer is algebraically equivalent to the reference answer."
"prm-49dfa9357a3a5686","387","4","0","late","no","essential","True","False","correct_to_wrong","64","109","-45","completed","completed","3","","3","The candidate answer matches the reference answer.","No candidate final answer was produced."
"prm-91df52b1208ea81d","390","4","1","late","no","essential","True","True","still_correct","84","162","-78","completed","completed","2 * 5! * 5! = 2 * 120 * 120 = 28800","2 × 5! × 5! = 2 × 120 × 120 = 28800","28800","The candidate answer correctly computes 2 * 5! * 5! and equals the reference answer.","The candidate answer is algebraically equivalent to the reference answer."
"prm-951e8e518dae1077","391","4","1","late","no","essential","True","True","still_correct","69","92","-23","completed","completed","\boxed{\frac{13}{15}}","$rac{13}{15}$","\frac{13}{15}","The candidate answer matches the reference answer.","The candidate answer matches the reference answer."
"prm-ef29966d7a6bd3e2","392","4","0","early","yes","redundant","True","True","still_correct","140","85","55","completed","completed","4.5","4.5","4.5","The candidate answer matches the reference answer.","Both answers are the same."
"prm-27e89528dea4c565","394","4","0","early","yes","redundant","True","True","still_correct","84","90","-6","completed","completed","60","60","60","The candidate answer matches the reference answer exactly.","The candidate answer matches the reference answer."
"prm-f254e3a090dbe70a","395","4","1","late","no","essential","True","True","still_correct","211","138","73","completed","completed","4005","4005","4005","The candidate answer matches the reference answer.","Both answers are the same."
"prm-64b92977ff492b9b","396","4","-1","late","no","essential","False","True","wrong_to_correct","277","171","106","completed","completed","1","-1","-1","The candidate answer is 1, but the correct value is -1.","The candidate answer matches the reference answer."
"prm-5aef13ef62a287fc","397","4","0","late","yes","redundant","True","True","still_correct","187","190","-3","completed","completed","7","7","7","The candidate answer matches the reference answer of 7.","The candidate answer 7 is mathematically equivalent to the reference answer 7."
"prm-c9fe17645948c6da","400","4","0","middle","yes","redundant","True","True","still_correct","184","237","-53","completed","completed","11","11","11","The candidate answer matches the reference answer.","The candidate answer matches the reference answer."
"prm-1989a099acb06f53","401","4","0","late","yes","redundant","False","True","wrong_to_correct","200","203","-3","logical_break","completed","The smallest positive perfect cube that can be written as the sum of three consecutive integers is 8^3 = 512.","27","27","The reference answer is 27, but the candidate answer is 512, which is incorrect.","The candidate answer is mathematically equivalent to the reference answer."
"prm-d4926e70a53c8c17","402","4","1","early","yes","redundant","True","True","still_correct","595","450","145","completed","completed","13","13","13","The candidate answer matches the reference answer.","The candidate answer matches the reference answer."
"prm-707a079b8cebba7e","403","4","-1","early","yes","harmful","True","True","still_correct","525","247","278","completed","completed","\frac{3}{2}","\frac{3}{2}","\frac{3}{2}","The candidate answer matches the reference answer.","The candidate answer matches the reference answer."
"prm-da9a80d73183841e","404","4","0","early","yes","redundant","True","True","still_correct","414","352","62","completed","completed","3","3","3","The candidate answer matches the reference answer.","The candidate answer is mathematically equivalent to the reference answer."
"prm-4d125d919f106dbe","405","4","0","late","no","essential","True","True","still_correct","89","144","-55","completed","completed","137\frac{1}{2}","$137\frac{1}{2}$","137 \frac{1}{2}","The candidate answer is mathematically equivalent to the reference answer.","Both answers are equal to $137\frac{1}{2}$."
"prm-b46df73b9c7f1dd9","406","4","-1","late","no","harmful","False","True","wrong_to_correct","152","139","13","completed","completed","\frac{4}{3}","\frac{3}{4}","\frac 34","The candidate answer is the reciprocal of the reference answer.","The candidate answer matches the reference answer."
"prm-9ceaed5b974155d1","407","4","-1","middle","yes","redundant","True","True","still_correct","146","190","-44","completed","completed","ellipse","ellipse","\text{ellipse}","The candidate answer matches the reference answer.","The candidate answer matches the reference answer."
"prm-b61370dd7f97aa7c","408","4","1","early","no","essential","True","True","still_correct","230","311","-81","completed","completed","63","63","63","The candidate answer matches the reference answer.","Both answers are the same."
"prm-158ef0683bb8bf70","409","4","-1","late","yes","harmful","True","True","still_correct","154","198","-44","completed","completed","11","11","11","The candidate answer matches the reference answer.","The candidate answer matches the reference answer."
"prm-c95d41ec650cb773","410","4","-1","middle","yes","harmful","True","True","still_correct","86","126","-40","completed","completed","4","4","4","The candidate answer matches the reference answer exactly.","The candidate answer matches the reference answer."
"prm-762ceff54735d7f1","411","4","0","middle","yes","redundant","True","True","still_correct","96","176","-80","completed","completed","60","60","60","The candidate answer matches the reference answer.","Both answers are the same."
"prm-e9f04531a844d980","412","4","-1","late","no","harmful","False","True","wrong_to_correct","82","85","-3","completed","completed","$4201_5$","$4210_5$","4210_{5}","The candidate answer is 4201_5, but the correct value is 4210_5.","The candidate answer is mathematically equivalent to the reference answer."
"prm-9db27c5e8855d8c2","413","4","-1","late","yes","harmful","True","True","still_correct","442","234","208","completed","completed","16","The minimum value is $16$","16","The candidate answer matches the reference answer of 16.","The candidate answer The minimum value is $16$ is mathematically equivalent to the reference answer 16."
"prm-08169263b46b6a22","414","4","1","middle","no","essential","True","True","still_correct","198","274","-76","completed","completed","0.15","0.15","0.15","The candidate answer matches the reference answer.","The candidate answer matches the reference answer."
"prm-5636d3dc1eb6633f","415","4","-1","middle","no","harmful","True","True","still_correct","125","190","-65","completed","completed","11111111100","11111111100","11,\! 111,\! 111,\! 100","The candidate answer matches the reference answer.","The candidate answer matches the reference answer."
"prm-e340bad68ddf9e2d","418","4","0","late","yes","redundant","True","True","still_correct","52","59","-7","completed","completed","0","0","0","The candidate answer matches the reference answer.","The candidate answer is mathematically equivalent to the reference answer."
"prm-f8d5e2b8c3ae4947","419","4","0","late","yes","redundant","True","True","still_correct","83","64","19","completed","completed","1.25","1.25","1.25","The candidate answer matches the reference answer.","The candidate answer matches the reference answer."
"prm-32cacde29c588ce5","420","4","1","late","no","essential","True","True","still_correct","66","107","-41","completed","completed","-9","-9","-9","The candidate answer matches the reference answer.","The candidate answer is mathematically equivalent to the reference answer."
"prm-78bd280e7dee8d22","421","4","1","middle","yes","redundant","True","True","still_correct","213","249","-36","completed","completed","11\sqrt{2}","11\sqrt{2}","11\sqrt2","The candidate answer is mathematically equivalent to the reference answer.","Both answers are equal to $11\sqrt{2}$."
"prm-84b3c6777c806334","422","4","-1","middle","no","harmful","False","True","wrong_to_correct","97","232","-135","completed","completed","91.33","84","84","The candidate answer is incorrect; the correct average is 84.","The candidate answer matches the reference answer."
"prm-2ec389700747f531","425","4","0","late","yes","redundant","True","True","still_correct","112","119","-7","completed","completed","129","129","129","The candidate answer matches the reference answer.","The candidate answer matches the reference answer."
"prm-c95bf35f36e49166","426","4","0","late","yes","redundant","True","True","still_correct","56","55","1","completed","completed","7","7","7","The candidate answer matches the reference answer exactly.","The candidate answer matches the reference answer."
"prm-de925ec448909016","428","4","1","middle","no","essential","False","True","wrong_to_correct","2048","213","1835","cannot_continue","completed","","12^{	ext{th}} grade","12","No candidate final answer was produced.","The candidate answer is mathematically equivalent to the reference answer."
"prm-4f0a1eb97f47668a","429","4","1","late","yes","redundant","True","True","still_correct","176","62","114","completed","completed","2","2","2","The candidate answer matches the reference answer of 2.","The candidate answer 2 is mathematically equivalent to the reference answer 2."
"prm-c1d4d174440821f2","431","4","0","late","no","essential","True","False","correct_to_wrong","264","434","-170","completed","completed","$AF^2 + BF^2 + CF^2 = rac{1}{3}(a^2 + b^2 + c^2) + rac{1}{3}(9R^2 - a^2 - b^2 - c^2) = 3R^2$","$AF^2 + BF^2 + CF^2 = rac{2}{9}(a^2 + b^2 + c^2) + rac{1}{9}(9R^2 - a^2 - b^2 - c^2) = rac{2}{3}R^2 + rac{1}{3}(a^2 + b^2 + c^2)$","3R^2","The candidate answer simplifies to 3R^2, which matches the reference answer.","The candidate answer is incorrect. The reference answer is 3R^2, while the candidate answer is a more complex expression."
"prm-359b37145eea0ad1","433","4","1","middle","yes","redundant","True","True","still_correct","518","384","134","completed","completed","6","6","6","Both answers are 6, which is correct.","The candidate answer is mathematically equivalent to the reference answer."
"prm-b22345a73912d695","434","4","1","middle","no","essential","True","True","still_correct","297","258","39","completed","completed","-1","-1","-1","The candidate answer matches the reference answer.","The candidate answer is mathematically equivalent to the reference answer."
"prm-70a2e3a4f8362a3d","435","4","1","middle","no","harmful","True","True","still_correct","125","139","-14","completed","completed","\boxed{\frac{2}{3}}","\boxed{\frac{2}{3}}","\frac{2}{3}","The candidate answer matches the reference answer.","The candidate answer matches the reference answer."
"prm-a7ee94dec2e0a9cc","436","4","-1","late","yes","harmful","True","True","still_correct","190","157","33","completed","completed","\frac{5}{13}","\frac{5}{13}","\frac{5}{13}","The candidate answer matches the reference answer.","The candidate answer matches the reference answer."
"prm-62cd37cf091fe105","437","4","1","early","yes","redundant","True","True","still_correct","228","253","-25","completed","completed","The number of trailing zeros in $42!$ is $\left\lfloor \frac{42}{5} \right\rfloor + \left\lfloor \frac{42}{25} \right\rfloor = 8 + 1 = 9$","9","9","The candidate answer is mathematically equivalent to the reference answer.","Both answers are equal to 9."
"prm-27d0dda20005b851","438","4","-1","late","yes","harmful","True","True","still_correct","122","114","8","completed","completed","9","9","9","Both answers are equal.","The candidate answer matches the reference answer."
"prm-b5f8d24593f1e708","440","4","0","late","yes","redundant","True","True","still_correct","150","104","46","completed","completed","60","60","60","The candidate answer matches the reference answer.","Both answers are the same."
"prm-d3fcbd13ec57a842","441","4","1","middle","yes","redundant","True","True","still_correct","128","125","3","completed","completed","2","2","2","The candidate answer matches the reference answer.","The candidate answer matches the reference answer."
"prm-b8e3cc348f791b5a","442","4","-1","late","yes","harmful","True","True","still_correct","58","69","-11","completed","completed","4.5","4.5","4.5","The candidate answer matches the reference answer exactly.","4.5 is mathematically equivalent to 4.5."
"prm-5c51e282ba7208e7","443","4","0","middle","no","harmful","True","True","still_correct","159","141","18","completed","completed","6","6","6","The candidate answer matches the reference answer.","Both answers are the same."
"prm-1e1ebbda6644be84","445","4","1","late","yes","redundant","True","True","still_correct","131","76","55","completed","completed","58500","58500","58,500","The candidate answer matches the reference answer of 58500.","The candidate answer 58500 is mathematically equivalent to the reference answer 58,500."
"prm-939dcfcb80f17717","447","4","1","late","yes","redundant","True","True","still_correct","86","120","-34","completed","completed","45","45","45","The candidate answer is numerically equal to the reference answer.","Both answers are equal to 45."
"prm-eadb47af80561526","448","4","-1","late","no","harmful","True","False","correct_to_wrong","290","183","107","completed","completed","Chris is currently 10 years old.","Chris is currently 8 years old.","10","The candidate answer \boxed{10} is mathematically equivalent to the reference answer 10.","The candidate answer includes extra text and does not match the reference answer."
"prm-6b1c6a29b6d1c9f7","451","4","0","early","no","harmful","True","True","still_correct","193","203","-10","completed","completed","59","59","59","The candidate answer matches the reference answer.","The candidate answer matches the reference answer."
"prm-378914f040c48223","452","4","0","late","yes","redundant","False","True","wrong_to_correct","293","264","29","completed","completed","$AF^2 + BF^2 + CF^2 = rac{1}{3}(a^2 + b^2 + c^2) + rac{1}{2}(a^2 + b^2 + c^2) - 3R^2 = rac{5}{3}(a^2 + b^2 + c^2) - 3R^2$","$AF^2 + BF^2 + CF^2 = rac{1}{3}(a^2 + b^2 + c^2) + rac{1}{3}(9R^2 - a^2 - b^2 - c^2) = 3R^2$","3R^2","The candidate answer is incorrect. The correct answer is 3R^2.","The candidate answer simplifies to the reference answer of 3R^2."
"prm-0d673acec3561559","455","4","-1","middle","no","harmful","False","True","wrong_to_correct","132","142","-10","completed","completed","The 8th grade should have 10 representatives.","The 8th grade should have 10 representatives.","10","The candidate answer includes extra text and is not a numerical value.","The candidate answer matches the reference answer."
"prm-6a11cd36a6d48aac","458","4","0","middle","yes","harmful","True","True","still_correct","252","375","-123","completed","completed","64","64","64","The candidate answer matches the reference answer exactly.","64 is mathematically equivalent to 64."
"prm-b4b221e907450223","459","4","0","late","yes","redundant","True","True","still_correct","126","64","62","completed","completed","3","3","3","The candidate answer matches the reference answer.","The candidate answer matches the reference answer."
"prm-ae250ba55293ea93","460","4","1","early","no","essential","True","True","still_correct","203","207","-4","completed","completed","\sqrt{5}","\sqrt{5}","\sqrt{5}","Both answers are \sqrt{5}.","The candidate answer is mathematically equivalent to the reference answer."
"prm-e8138a79d9f11b5f","461","4","1","late","yes","redundant","True","True","still_correct","88","127","-39","completed","completed","60","60","60","The candidate answer matches the reference answer of 60.","The positive square root of the product 10 × 15 × 24 is 60, which matches the reference answer."
"prm-a795bb4c871ed999","462","4","-1","middle","no","harmful","False","True","wrong_to_correct","801","879","-78","completed","completed","7","21","21","The candidate answer is '7', but the reference answer is '21'.","The candidate answer matches the reference answer."
"prm-afb60f3ac0dd9a0b","463","4","0","middle","no","harmful","True","True","still_correct","522","540","-18","completed","completed","6","6","6","The candidate answer is numerically equal to the reference answer.","Both answers are equal to 6."
"prm-c3e6885bc7f884e7","465","4","1","late","yes","redundant","True","True","still_correct","172","115","57","completed","completed","\boxed{\frac{4}{3}}","\boxed{\frac{4}{3}}","\frac43","Both answers are \frac{4}{3}, which is correct.","The candidate answer is algebraically equivalent to the reference answer."
"prm-8d8817bd48cf495e","466","4","-1","late","no","harmful","False","True","wrong_to_correct","185","205","-20","completed","completed","-9 - 12i","1 - 12i","1 - 12i","The candidate answer does not match the reference answer.","The candidate answer is mathematically equivalent to the reference answer."
"prm-e319831ecda4ad73","467","4","-1","late","no","harmful","True","True","still_correct","66","169","-103","completed","completed","58500","58500","58,500","The candidate answer matches the reference answer.","The candidate answer is numerically equivalent to the reference answer."
"prm-5699f280aa96d018","469","4","1","early","no","essential","True","False","correct_to_wrong","323","240","83","completed","completed","-5","5","-5","The candidate answer is mathematically equivalent to the reference answer.","The correct answer is -5, but the candidate answer is 5."
"prm-015f040f29e2b298","470","4","0","early","no","essential","True","False","correct_to_wrong","251","85","166","completed","completed","\boxed{\frac{9}{19}}","$\boxed{\frac{1}{3}}$","\frac9{19}","Both answers are equal.","The candidate answer is not mathematically equivalent to the reference answer."
"prm-a136374e0913b303","471","4","1","late","yes","redundant","True","True","still_correct","101","128","-27","completed","completed","14","14","14","The candidate answer 14 is mathematically equivalent to the reference answer.","The candidate answer matches the reference answer."
"prm-2e1055ac659ff29f","472","4","0","middle","yes","redundant","True","True","still_correct","120","175","-55","completed","completed","6","6","6","The candidate answer matches the reference answer.","The candidate answer matches the reference answer."
"prm-36e206fe8afae4f8","473","4","0","late","yes","redundant","True","True","still_correct","104","104","0","completed","completed","\frac{5}{9}","\frac{5}{9}","\frac 59","The candidate answer matches the reference answer.","The candidate answer \frac{5}{9} is mathematically equivalent to the reference answer \frac 59."
"prm-1d5a5cb08ca68e3d","475","4","-1","middle","no","harmful","False","True","wrong_to_correct","137","129","8","completed","completed","8","6","6","The candidate answer is incorrect. The correct value is 6, not 8.","The candidate answer matches the reference answer."
"prm-151724cd1bbe2b32","476","4","1","middle","no","essential","True","True","still_correct","114","185","-71","completed","completed","84","84","84","Both answers are 84.","The candidate answer is mathematically equivalent to the reference answer."
"prm-4eb77ebc633f7a2d","477","4","1","late","yes","redundant","True","True","still_correct","72","61","11","completed","completed","4","4","4","The candidate answer matches the reference answer of 4.","The solution to the inequality results in a + b = 4, which matches the reference answer."
"prm-901a3aa77c6c4dc2","481","4","1","middle","no","harmful","False","True","wrong_to_correct","2048","246","1802","cannot_continue","completed","","2 + 2 + 3 + 6 = 13","13","No candidate final answer was produced.","The candidate answer correctly computes the sum of A, B, C, and D as 13."
"prm-bda20d3dc84e4528","482","4","0","early","yes","redundant","True","True","still_correct","70","96","-26","completed","completed","4.5","4.5","4.5","The candidate answer matches the reference answer.","The candidate answer 4.5 is mathematically equivalent to the reference answer 4.5."
"prm-6f55f9ad3924eda5","483","4","0","late","yes","redundant","True","True","still_correct","162","149","13","completed","completed","\frac{16}{27}","\boxed{\frac{16}{27}}","\frac{16}{27}","The candidate answer matches the reference answer.","The candidate answer is mathematically equivalent to the reference answer."
"prm-a32a5104eb5cd351","484","4","-1","late","yes","harmful","False","True","wrong_to_correct","176","97","79","completed","completed","7","8","8","The candidate answer is incorrect. The correct answer is 8.","The candidate answer matches the reference answer."
"prm-335e21a88e0969e0","486","4","0","early","yes","redundant","True","False","correct_to_wrong","208","124","84","completed","completed","$11\sqrt{2}$","121","11\sqrt2","Both answers are equal.","The candidate answer is not mathematically equivalent to the reference answer."
"prm-1984cb49b132bdb6","487","4","0","middle","yes","harmful","False","True","wrong_to_correct","410","418","-8","completed","completed","The smallest possible value of $ a $ is $ 12 $","4","4","The candidate answer is not the smallest possible value of $ a $ that satisfies the conditions of the problem.","The candidate answer matches the reference answer."
"prm-6340032015881710","488","4","0","middle","yes","redundant","True","True","still_correct","189","107","82","completed","completed","29","29","29","The candidate answer matches the reference answer.","The candidate answer matches the reference answer."
"prm-ff4d90cf78aa30d8","490","4","1","middle","yes","redundant","True","True","still_correct","139","107","32","completed","completed","$15x - 80$","15x - 80","15x - 80","The candidate answer is algebraically equivalent to the reference answer.","15x - 80 is mathematically equivalent to 15x - 80."
"prm-a6f6b01911605940","492","4","-1","early","no","harmful","False","True","wrong_to_correct","325","597","-272","completed","completed","12","14","14","The candidate answer is 12, but the correct value is 14.","The candidate answer is mathematically equivalent to the reference answer."
"prm-21878507d8f59c4d","493","4","1","late","yes","redundant","True","True","still_correct","78","77","1","completed","completed","1","1","1","The candidate answer matches the reference answer of 1.","The remainder when the sum is divided by 9 is 1, which matches the reference answer."
"prm-cb3eed5635ac46b4","494","4","0","early","yes","harmful","True","True","still_correct","155","186","-31","completed","completed","3","3","3","The candidate answer matches the reference answer.","The candidate answer matches the reference answer."
"prm-80def83e2346512b","496","4","-1","middle","no","harmful","True","False","correct_to_wrong","369","310","59","completed","completed","$-rac{3}{8}$","\boxed{\frac{3}{8}}","-\frac{3}{8}","The candidate answer $-rac{3}{8}$ is mathematically equivalent to the reference answer $-rac{3}{8}$.","The candidate answer has the wrong sign and does not match the reference answer."
"prm-52cd0d7cc6b4cdfc","497","4","1","early","no","essential","True","True","still_correct","322","266","56","completed","completed","\frac{\sqrt{3}}{3}","\frac{\sqrt{3}}{3}","\frac{\sqrt{3}}{3}","Both answers are \frac{\sqrt{3}}{3}, which is correct.","The candidate answer matches the reference answer exactly."
"prm-836cfecb0a834014","498","4","-1","middle","no","harmful","False","True","wrong_to_correct","225","136","89","completed","completed","-1","-2","-2","The candidate answer does not match the reference answer.","The candidate answer is mathematically equivalent to the reference answer."
"prm-e164a92c13c4f1d6","499","4","0","early","no","essential","True","True","still_correct","183","193","-10","completed","completed","\frac{4}{3}","\frac{4}{3}","\frac43","The candidate answer matches the reference answer.","The candidate answer is mathematically equivalent to the reference answer."
"prm-fea1ec494dc61cd4","500","4","1","early","no","harmful","True","False","correct_to_wrong","440","1002","-562","completed","completed","The roots are $x = 3$, $x = 5$, and $x = 7$.","The roots of the equation are $x = 3$, $x = 5$, and $x = 7$.","3, 5, 7","The candidate answer matches the reference answer.","The candidate answer provides a description, while the reference answer lists the roots directly."
"prm-a50457954dbd885f","502","4","1","middle","yes","redundant","True","True","still_correct","148","247","-99","completed","completed","13","13","13","Both answers are equal.","The candidate answer matches the reference answer."
"prm-d7691ac94c48e3a4","503","4","1","middle","no","essential","True","True","still_correct","106","147","-41","completed","completed","(2, 4)","(2, 4)","(2,4)","The candidate answer (2, 4) is mathematically equivalent to the reference answer.","The candidate answer matches the reference answer."
"prm-554fe1d6b58f094f","506","4","0","late","yes","harmful","True","True","still_correct","232","222","10","completed","completed","\frac{17}{50}","\frac{17}{50}","\dfrac{17}{50}","The candidate answer is equivalent to the reference answer with a different formatting of the fraction.","\frac{17}{50} is mathematically equivalent to \frac{17}{50}."
"prm-36b1999ceae59aea","507","4","1","middle","no","essential","True","True","still_correct","92","55","37","completed","completed","1251","1251","1251","The candidate answer matches the reference answer.","The candidate answer matches the reference answer."
"prm-dfdb549c682c7822","509","4","-1","early","no","harmful","False","True","wrong_to_correct","104","206","-102","completed","completed","1","$x = 2$","2","The candidate answer is incorrect. The equation $2^{2x} = 256^{\frac{1}{2}}$ simplifies to $2^{2x} = 16$, and solving for $x$ gives $x = 2$.","The solution to the equation gives x = 2, which matches the reference answer."
"prm-4376ee5dd1ec051f","510","4","0","early","yes","redundant","True","False","correct_to_wrong","291","2048","-1757","completed","cannot_continue","2","","2","The candidate answer matches the reference answer.","No candidate final answer was produced."
"prm-5b638cc553a8f6cc","511","4","0","late","no","essential","True","True","still_correct","74","61","13","completed","completed","200","200","200","The candidate answer is numerically equal to the reference answer.","Both answers are equal to 200."
"prm-a89889ad37cbc7e2","512","4","-1","late","no","harmful","True","True","still_correct","114","102","12","completed","completed","90","90","90","The candidate answer 90 is mathematically equivalent to the reference answer 90.","The candidate answer matches the reference answer."
"prm-a4aa6a22f3134565","513","4","0","late","yes","redundant","True","True","still_correct","227","159","68","completed","completed","\boxed{\dfrac{1}{3}}","\boxed{\dfrac{1}{3}}","\frac{1}{3}","Both answers are \frac{1}{3}, which is correct.","The candidate answer matches the reference answer exactly."
"prm-cd2eef413f1492b7","514","4","1","middle","no","essential","True","True","still_correct","124","200","-76","completed","completed","4005","The 2003rd term of the sequence is $ a_{2003} = 1 + (2003 - 1) 	imes 2 = 1 + 2002 	imes 2 = 1 + 4004 = 4005 $.","4005","The candidate answer matches the reference answer.","The candidate answer correctly computes the 2003rd term of the sequence of odd numbers as 4005, matching the reference answer."
"prm-e57bd8bedd80b00d","515","4","-1","early","no","harmful","True","False","correct_to_wrong","198","329","-131","completed","logical_break","E","","\text{(E)}","The candidate answer matches the reference answer.","No candidate final answer was produced."
"prm-932de7bca0e7c93d","516","4","0","early","yes","redundant","True","True","still_correct","281","224","57","completed","completed","Chris is currently 10 years old.","Chris is currently 10 years old.","10","The candidate answer states Chris is currently 10 years old, which matches the reference answer.","The candidate answer matches the reference answer."
"prm-da7d81c2f0986b42","517","4","-1","late","no","harmful","False","True","wrong_to_correct","78","140","-62","completed","completed","x^3 + 6x^2 - 3x + 6","$x^3 + 3x - 6$","x^3+3x-6","The candidate answer is not mathematically equivalent to the reference answer.","The candidate answer is algebraically equivalent to the reference answer."
"prm-d10dadbf854a3250","519","4","-1","late","no","harmful","False","True","wrong_to_correct","178","156","22","completed","completed","60","30","30^\circ","The candidate answer 60 is not the smallest possible angle between $\mathbf{a}$ and $\mathbf{b}$ that satisfies the conditions of the problem.","The candidate answer matches the reference answer."
"prm-f7aa110cdcd4de1b","521","4","-1","middle","no","harmful","True","False","correct_to_wrong","215","2048","-1833","completed","cannot_continue","\sqrt{5}","","\sqrt{5}","The candidate answer matches the reference answer.","No candidate final answer was produced."
"prm-200cc16bd7b20d90","522","4","1","early","yes","redundant","True","True","still_correct","130","141","-11","completed","completed","\frac{33}{100}","\frac{33}{100}","\dfrac{33}{100}","The candidate answer is equivalent to the reference answer with a different formatting of the fraction.","\frac{33}{100} is mathematically equivalent to \frac{33}{100}."
"prm-372a06491c3ab4c3","523","4","1","late","no","essential","True","True","still_correct","103","103","0","completed","completed","210","210","210","Both answers are numerically equal.","The candidate answer matches the reference answer."
"prm-7c8b800f666a8d2b","524","4","0","late","yes","redundant","True","True","still_correct","75","98","-23","completed","completed","18","18","18","Both answers are 18.","The candidate answer is mathematically equivalent to the reference answer."
"prm-ad9e7fa994103189","525","4","0","middle","yes","redundant","False","True","wrong_to_correct","128","278","-150","completed","completed","10000","9901","9901","The candidate answer is incorrect. $99^2 + 99 + 1 = 9801 + 99 + 1 = 9901$.","The value of 99^2 + 99 + 1 is 9901, which matches the reference answer."
"prm-a8f0f0d569ae9708","527","4","-1","late","no","harmful","False","True","wrong_to_correct","74","123","-49","completed","completed","\boxed{104}","103","103","The candidate answer is 104, but the reference answer is 103.","Both answers are equal to 103."
"prm-17fa230838c04542","528","4","-1","early","yes","redundant","True","False","correct_to_wrong","92","258","-166","completed","completed","0","2","0","The candidate answer 0 is mathematically equivalent to the reference answer 0.","The candidate answer does not match the reference answer."
"prm-79304f2f93ee36e7","529","4","-1","late","no","essential","True","True","still_correct","189","268","-79","completed","completed","-2","-2","-2","Both answers are -2, which is correct.","The candidate answer matches the reference answer exactly."
"prm-5f58d3f9cdbdd4cd","531","4","1","middle","yes","redundant","True","True","still_correct","172","212","-40","completed","completed","\boxed{\frac{13}{15}}","\frac{13}{15}","\frac{13}{15}","The candidate answer is mathematically equivalent to the reference answer.","The candidate answer is mathematically equivalent to the reference answer."
"prm-23e70faea1873d2b","532","4","-1","late","no","harmful","True","True","still_correct","211","126","85","logical_break","completed","28800","2 \times 5! \times 5! = 2 \times 120 \times 120 = 28800","28800","The candidate answer matches the reference answer.","The candidate answer matches the reference answer."
"prm-d8dd25afa49d220a","534","4","1","early","yes","redundant","True","True","still_correct","253","122","131","completed","completed","\frac{639}{40}","\frac{159.75}{10} = 15.975 inches, which can be expressed as the fraction $\frac{639}{40}$ inches.","\frac{639}{40}","Both the reference and candidate answers are \frac{639}{40}.","The candidate answer includes the correct fraction, even though it contains extra explanation."
"prm-b8a1339e40d14487","535","4","0","middle","no","harmful","False","True","wrong_to_correct","287","294","-7","completed","completed","202020","2220","2220","The candidate answer 202020 is not the least positive integer multiple of 30 that can be written with only the digits 0 and 2.","The candidate answer matches the reference answer."
"prm-bdb3ede8ec7d1902","536","4","0","middle","yes","redundant","False","True","wrong_to_correct","215","167","48","completed","completed","90","60","60","The reference answer is 60, but the candidate answer is 90.","The candidate answer matches the reference answer."
"prm-f3ade9b68838159b","539","4","1","early","no","harmful","True","True","still_correct","331","343","-12","completed","completed","58","58","58","Both answers are numerically equal.","The candidate answer matches the reference answer."
"prm-81d72916fff41df2","541","4","0","early","yes","redundant","True","True","still_correct","103","97","6","completed","completed","4","4","4","The candidate answer is correct. The positive square root of 64 is 8, and the cube root of 64 is 4, so their difference is 4.","The difference between the positive square root of 64 and the cube root of 64 is 4, which matches the reference answer."
"prm-30611e95e1fdab2f","542","4","1","early","yes","redundant","True","True","still_correct","475","376","99","completed","completed","$h + k + a + b = -3 + 2 + 12 + 5 = 16$","16","16","The candidate answer correctly calculates $h + k + a + b = 16$.","The candidate answer matches the reference answer."
"prm-5b41ee9b9b0d17ba","543","4","0","early","no","essential","False","True","wrong_to_correct","2048","164","1884","cannot_continue","completed","","\boxed{2}","2","No candidate final answer was produced.","Both answers are equal to 2."
"prm-8b98fbc7066216ce","544","4","-1","early","no","essential","True","True","still_correct","161","173","-12","completed","completed","3","3","3","The candidate answer 3 is mathematically equivalent to the reference answer 3.","The candidate answer matches the reference answer."
"prm-933bbb6ef939eb1f","545","4","-1","early","no","harmful","True","False","correct_to_wrong","245","262","-17","completed","completed","28","21","28","The candidate answer matches the reference answer.","The candidate answer is 21, which does not match the reference answer of 28."
"prm-9cdea0642dfb0680","547","4","0","middle","no","harmful","True","True","still_correct","307","288","19","completed","completed","14","14","14","The candidate answer is mathematically equivalent to the reference answer.","The candidate answer matches the reference answer."
"prm-a1de62b9ef1cf246","548","4","0","early","no","essential","True","False","correct_to_wrong","188","203","-15","completed","completed","36 seconds","\boxed{60} seconds","36","The candidate answer matches the reference answer.","The candidate answer is 60, but the reference answer is 36."
"prm-bbc52970464fbf13","550","4","0","middle","no","essential","True","True","still_correct","118","288","-170","completed","completed","x^3 + 3x - 6","x^3 + 3x - 6","x^3+3x-6","Both the reference and candidate answers are x^3 + 3x - 6.","The candidate answer matches the reference answer."
"prm-0ff002313a594db0","551","4","0","early","yes","redundant","False","True","wrong_to_correct","167","233","-66","completed","completed","$g(1) = 3(0)^4 + 5(0)^2 - 9(0) - 2 = -2$","-2","-2","The candidate answer is not the sum of the coefficients of $ g(x) $; it is an explanation of how to compute $ g(1) $.","The candidate answer matches the reference answer."
"prm-cfef1e0669eb8eee","552","4","1","early","no","essential","False","True","wrong_to_correct","195","236","-41","completed","completed","$4333_6$","$4343_6$","4343_6","The candidate answer $4333_6$ is not equal to the reference answer $4343_6$.","The candidate answer matches the reference answer."
"prm-809326ad29e9fe7f","553","4","0","middle","no","harmful","True","True","still_correct","89","89","0","completed","completed","(5, ∞)","(5, ∞)","(5,\infty)","The candidate answer is mathematically equivalent to the reference answer.","The candidate answer (5, ∞) is mathematically equivalent to the reference answer (5,\infty)."
"prm-542b09ca81c2a59d","554","4","1","middle","no","harmful","True","False","correct_to_wrong","765","215","550","completed","completed","14","The least possible sum is 14, achieved by the integers 3, 4, and 7 (since 3 × 4 × 7 = 84 and 3 + 4 + 7 = 14).","14","The candidate answer is mathematically equivalent to the reference answer.","The candidate answer provides an explanation but does not provide the required numerical answer in the specified format."
"prm-ce7da7c55243f250","556","4","-1","early","no","harmful","True","False","correct_to_wrong","1116","426","690","completed","completed","850","\boxed{\frac{1}{13^{10}}}","850","The candidate answer matches the reference answer.","The candidate answer is not mathematically equivalent to the reference answer. The reference answer is a numerical value, while the candidate answer is an expression."
"prm-a8a8bda6701d4be2","557","4","0","middle","no","harmful","True","True","still_correct","352","377","-25","completed","completed","9","9","9","The candidate answer is correct. The minimum value of the expression is 9.","The minimum value of the expression is 9, which matches the reference answer."
"prm-b1821859ea0c9d57","558","4","1","middle","yes","redundant","True","True","still_correct","93","124","-31","completed","completed","1251","1251","1251","The candidate answer matches the reference answer.","The candidate answer matches the reference answer."
"prm-7e6bdad2d7a80ef9","559","4","-1","middle","no","harmful","True","True","still_correct","152","88","64","completed","completed","30","30","30","The candidate answer is numerically equal to the reference answer.","Both answers are equal to 30."
"prm-d2f74008879c56dd","560","4","0","middle","yes","redundant","False","True","wrong_to_correct","109","95","14","completed","completed","","3","3","No candidate final answer was produced.","The candidate answer matches the reference answer."
"prm-1f8e288adb17d18c","561","4","-1","middle","no","harmful","True","True","still_correct","164","349","-185","completed","completed","(0, 9) ∪ (9, 36)","$x 
i (0, 36) \setminus 	ext{{9}}$ or in interval notation $ (0, 9) igcup (9, 36) $","(0,9) \cup (9,36)","The candidate answer matches the reference answer.","The candidate answer is mathematically equivalent to the reference answer, with minor formatting differences."
"prm-cc448d173bf0a3b0","562","4","1","early","yes","redundant","False","True","wrong_to_correct","203","230","-27","completed","completed","The domain of the function is $(-	ext{infty}, 2) 	ext{ union } (3, 	ext{infty})$.","$(-	ext{infty}, 2) 	ext{ union } (3, 	ext{infty})$","(-\infty, 2) \cup (3, \infty)","The candidate answer is not mathematically equivalent to the reference answer.","The candidate answer is a formatting variant of the reference answer."
"prm-4e153a707e488ac9","564","4","0","middle","no","harmful","True","False","correct_to_wrong","448","116","332","completed","completed","81","The maximum value is $36$","81","The candidate answer matches the reference answer.","The candidate answer is incorrect. The maximum value of the quadratic expression is 81, not 36."
"prm-0914b22e28651211","565","4","0","early","yes","redundant","True","False","correct_to_wrong","395","327","68","completed","completed","3","\boxed{2}","3","Both answers are 3.","The correct answer is 3, but the candidate answer is \boxed{2}."
"prm-a33bd2bed39c0904","566","4","1","early","yes","redundant","True","True","still_correct","239","217","22","completed","completed","\frac{\sqrt{3}}{3}","$\frac{\sqrt{3}}{3}$","\frac{\sqrt{3}}{3}","Both the reference and candidate answers are \frac{\sqrt{3}}{3}.","The candidate answer matches the reference answer."
"prm-9689f5a49ddfdb3e","567","4","0","late","no","essential","True","False","correct_to_wrong","158","63","95","completed","completed","1940","\boxed{3160}","1940","The candidate answer matches the reference answer.","The candidate answer does not match the reference answer."
"prm-95090e247bc58e1e","568","4","-1","middle","yes","harmful","True","True","still_correct","154","60","94","completed","completed","83","83","83","The candidate answer 83 is mathematically equivalent to the reference answer 83.","The candidate answer matches the reference answer."
"prm-d96f1fc3f096f50e","569","4","0","early","no","essential","False","True","wrong_to_correct","193","267","-74","completed","completed","The sixth term is $ 350 $.","350","350","The candidate answer is not mathematically equivalent to the reference answer.","The candidate answer 350 is mathematically equivalent to the reference answer 350."
"prm-ee33bfc442fd8af0","570","4","1","late","yes","redundant","True","True","still_correct","273","251","22","completed","completed","2516","2516","2516_8","The candidate answer is mathematically equivalent to the reference answer.","2516_8 is mathematically equivalent to 2516_8."
"prm-4657ae2feebcdcab","573","4","-1","middle","no","harmful","False","True","wrong_to_correct","737","375","362","completed","completed","28","\boxed{14}","14","The candidate answer is incorrect. The least possible value of $|a_{n-1}|$ is 14, not 28.","The least possible value of |a_{n-1}| is 14, which matches the reference answer."
"prm-7fa27f0af15756ce","574","4","1","middle","no","essential","True","True","still_correct","137","214","-77","completed","completed","9","9","9","The candidate answer matches the reference answer.","The candidate answer matches the reference answer."
"prm-b10138ab1454a3dc","576","4","1","middle","yes","redundant","False","True","wrong_to_correct","2048","170","1878","cannot_continue","completed","","3","3","No candidate final answer was produced.","The candidate answer matches the reference answer."
"prm-7df4ff373ff4bd62","577","4","1","middle","no","essential","True","False","correct_to_wrong","325","2048","-1723","completed","cannot_continue","3","","3","The candidate answer matches the reference answer.","No candidate final answer was produced."
"prm-abe53d5b468a1ebc","578","4","-1","late","no","harmful","True","True","still_correct","88","66","22","completed","completed","Navin","Navin","\text{Navin}","The candidate answer is mathematically equivalent to the reference answer.","Navin earns 160 rupees per hour, which is equivalent to 160 / 32.35 ≈ 4.94 USD per hour. Luka earns 25 / 5.18 ≈ 4.83 USD per hour. Ian earns 34 / 6.95 ≈ 4.89 USD per hour. Navin earns the most."
"prm-c796e9f10b13c8d1","579","4","0","middle","no","essential","True","True","still_correct","200","88","112","completed","completed","28","28","28","The candidate answer is mathematically equivalent to the reference answer.","The candidate answer matches the reference answer."
"prm-102acf97bfdd07f4","580","4","0","late","yes","redundant","True","True","still_correct","100","94","6","completed","completed","60","60","60","The candidate answer matches the reference answer.","The candidate answer matches the reference answer."
"prm-6fae419daf3fea6a","581","4","1","late","yes","redundant","True","True","still_correct","129","130","-1","completed","completed","6","6","6","Both answers are 6.","The candidate answer is mathematically equivalent to the reference answer."
"prm-04b463c60fdb3f38","582","4","0","late","yes","redundant","True","True","still_correct","175","207","-32","completed","completed","4","4","4","Both the reference and candidate answers are 4.","The candidate answer matches the reference answer."
"prm-cb956bad5ee66d16","583","4","1","middle","no","essential","True","True","still_correct","93","93","0","completed","completed","200","200","200","The candidate answer matches the reference answer.","The candidate answer matches the reference answer."
"prm-ea5630c2b42fdb9a","586","4","0","early","yes","redundant","True","True","still_correct","191","251","-60","completed","completed","(\frac{3}{2}, -13)","\left(\frac{3}{2}, -13\right)","\left( \frac{3}{2}, -13 \right)","The candidate answer is mathematically equivalent to the reference answer.","The candidate answer matches the reference answer exactly."
"prm-dd448bdba8557edf","588","4","-1","middle","yes","harmful","False","True","wrong_to_correct","267","205","62","completed","completed","\frac{2}{9}","\frac{11}{36}","\frac{11}{36}","The candidate answer is not mathematically equivalent to the reference answer.","The candidate answer is mathematically equivalent to the reference answer."
"prm-8eab1f56bd806ddc","590","4","1","late","yes","redundant","True","True","still_correct","86","154","-68","completed","completed","\frac{\cos x}{\sin x}","oxed{	ext{cot} x}","\cot x","The candidate answer is algebraically equivalent to the reference answer $\cot x$.","The candidate answer matches the reference answer."
"prm-68f28d955828cf44","591","4","-1","middle","no","harmful","False","True","wrong_to_correct","266","288","-22","completed","completed","5","12","12","The reference answer is 12, but the candidate answer is 5.","The expression $10x^2 - x - 24$ can be factored as $(5x - 8)(2x + 3)$, so $A = 5$, $B = 2$. Therefore, $AB + B = 5 	imes 2 + 2 = 12$, which matches the reference answer."
"prm-dbc1373a79928aa0","594","4","1","late","yes","redundant","True","True","still_correct","72","119","-47","completed","completed","$3\sqrt{13}$","$3\sqrt{13}$","3\sqrt{13}","The candidate answer is mathematically equivalent to the reference answer.","The candidate answer matches the reference answer."
"prm-df2ec95ccf5f161f","595","4","0","middle","no","harmful","True","True","still_correct","81","68","13","completed","completed","2","2","2","The candidate answer is mathematically equivalent to the reference answer.","The candidate answer matches the reference answer."
"prm-a625e035a295d2bd","596","4","0","early","no","essential","False","True","wrong_to_correct","307","379","-72","completed","completed","198","58","58","The reference answer is 58, but the candidate answer is 198, which is incorrect.","The candidate answer matches the reference answer."
"prm-ddb44dca9b82bb3d","597","4","1","early","no","essential","True","True","still_correct","316","133","183","completed","completed","200","200","200","Both answers are 200.","The reference answer and candidate answer are mathematically equivalent."
"prm-f1c09b6fd89155cf","598","4","-1","late","no","harmful","False","True","wrong_to_correct","142","122","20","completed","completed","49","45","45","The reference answer is 45, but the candidate answer is 49, which is not mathematically equivalent.","The candidate answer matches the reference answer."
"prm-7b6647a191e51a48","599","4","0","early","yes","redundant","False","True","wrong_to_correct","294","351","-57","completed","completed","The smallest possible value of $a$ is $\boxed{12}$","4","4","The candidate answer is not mathematically equivalent to the reference answer.","The candidate answer matches the reference answer."
"prm-feab03f43e4af912","600","4","0","late","yes","redundant","True","False","correct_to_wrong","953","132","821","completed","completed","203","The smallest number of coins you could have had before finding the bag of 53 coins is 133.","203","The candidate answer 203 is mathematically equivalent to the reference answer 203.","The candidate answer is not mathematically equivalent to the reference answer. The reference answer is 203, but the candidate answer is 133."
