"taskId","sampleId","displayOrder","placeboOrder","placeboStepIndex","placeboStepTokens","targetStepIndex","targetStepTokens","lengthRatio","rating","position","stepTypeLabel","placeboCorrect","finalAnswer","groundTruthAnswer","generatorStatus","visibleOutputTokens","judgeReason","judgeModel"
"prm-c1da18d5eb32eafe|placebo1|step15","prm-c1da18d5eb32eafe","1","1","15","66","7","71","0.929577","1","early","essential","False","","504","logical_break","745","No candidate final answer was produced.","rule:no-answer"
"prm-c1da18d5eb32eafe|placebo2|step8","prm-c1da18d5eb32eafe","1","2","8","66","7","71","0.929577","1","early","essential","False","$a_1 = 12$","504","completed","234","The candidate answer is not mathematically equivalent to the reference answer.","qwen/qwen3-8b"
"prm-c1da18d5eb32eafe|placebo3|step19","prm-c1da18d5eb32eafe","1","3","19","57","7","71","0.802817","1","early","essential","False","","504","logical_break","166","No candidate final answer was produced.","rule:no-answer"
"prm-c1da18d5eb32eafe|placebo4|step3","prm-c1da18d5eb32eafe","1","4","3","69","7","71","0.971831","1","early","essential","False","126","504","completed","250","The candidate answer 126 is not mathematically equivalent to the reference answer 504.","qwen/qwen3-8b"
"prm-23439bf6a10e0389|placebo1|step17","prm-23439bf6a10e0389","2","1","17","25","18","24","1.041667","1","middle","redundant","True","9","9","completed","117","The number of positive divisors of 196 is 9, which matches the reference answer.","qwen/qwen3-8b"
"prm-23439bf6a10e0389|placebo2|step0","prm-23439bf6a10e0389","2","2","0","21","18","24","0.875","1","middle","redundant","True","9","9","completed","235","Both answers are equal to 9.","qwen/qwen3-8b"
"prm-23439bf6a10e0389|placebo3|step13","prm-23439bf6a10e0389","2","3","13","21","18","24","0.875","1","middle","redundant","True","9","9","completed","298","The candidate answer matches the reference answer.","qwen/qwen3-8b"
"prm-23439bf6a10e0389|placebo4|step1","prm-23439bf6a10e0389","2","4","1","27","18","24","1.125","1","middle","redundant","True","9","9","completed","392","Both answers are equal to 9.","qwen/qwen3-8b"
"prm-7c4b728ac8b7ff8c|placebo1|step2","prm-7c4b728ac8b7ff8c","4","1","2","24","6","20","1.2","0","early","redundant","True","83","83","completed","162","Both answers are equal to 83.","qwen/qwen3-8b"
"prm-7c4b728ac8b7ff8c|placebo2|step13","prm-7c4b728ac8b7ff8c","4","2","13","23","6","20","1.15","0","early","redundant","False","23","83","completed","223","The equation (3x - 9)/2 = x + 37 leads to x = 83, but the candidate answer is 23.","qwen/qwen3-8b"
"prm-7c4b728ac8b7ff8c|placebo3|step0","prm-7c4b728ac8b7ff8c","4","3","0","16","6","20","0.8","0","early","redundant","True","83","83","completed","196","Both answers are equal to 83.","qwen/qwen3-8b"
"prm-7c4b728ac8b7ff8c|placebo4|step14","prm-7c4b728ac8b7ff8c","4","4","14","18","6","20","0.9","0","early","redundant","False","23","83","completed","153","The equation (3x - 9)/2 = x + 37 leads to x = 83, but the candidate answer is 23.","qwen/qwen3-8b"
"prm-b4172ae8c86b6f76|placebo1|step17","prm-b4172ae8c86b6f76","5","1","17","28","8","32","0.875","0","early","redundant","False","$\boxed{\frac{1 + \sqrt{721}}{10}}$","9","completed","170","The candidate answer is not mathematically equivalent to the reference answer.","qwen/qwen3-8b"
"prm-b4172ae8c86b6f76|placebo2|step16","prm-b4172ae8c86b6f76","5","2","16","36","8","32","1.125","0","early","redundant","False","\boxed{\frac{3603}{50}}","9","completed","290","The candidate answer \boxed{\frac{3603}{50}} is not mathematically equivalent to the reference answer 9.","qwen/qwen3-8b"
"prm-b4172ae8c86b6f76|placebo3|step20","prm-b4172ae8c86b6f76","5","3","20","34","8","32","1.0625","0","early","redundant","False","$\boxed{\frac{1 + \sqrt{721}}{10}}$","9","completed","310","The candidate answer is not mathematically equivalent to the reference answer.","qwen/qwen3-8b"
"prm-b4172ae8c86b6f76|placebo4|step7","prm-b4172ae8c86b6f76","5","4","7","38","8","32","1.1875","0","early","redundant","True","9","9","completed","524","The candidate answer matches the reference answer.","qwen/qwen3-8b"
"prm-a9976436ac395dce|placebo1|step6","prm-a9976436ac395dce","6","1","6","26","10","32","0.8125","0","middle","essential","True","1.25","1.25","completed","83","The candidate answer matches the reference answer.","qwen/qwen3-8b"
"prm-a9976436ac395dce|placebo2|step11","prm-a9976436ac395dce","6","2","11","26","10","32","0.8125","0","middle","essential","False","1.12","1.25","completed","133","The candidate answer 1.12 is not mathematically equivalent to the reference answer 1.25.","qwen/qwen3-8b"
"prm-a9976436ac395dce|placebo3|step2","prm-a9976436ac395dce","6","3","2","28","10","32","0.875","0","middle","essential","True","1.25","1.25","completed","319","The candidate answer matches the reference answer.","qwen/qwen3-8b"
"prm-a9976436ac395dce|placebo4|step13","prm-a9976436ac395dce","6","4","13","37","10","32","1.15625","0","middle","essential","False","1.12","1.25","completed","167","The candidate answer 1.12 is not mathematically equivalent to the reference answer 1.25.","qwen/qwen3-8b"
"prm-57f3dc0fcc359327|placebo1|step12","prm-57f3dc0fcc359327","7","1","12","51","1","50","1.02","-1","early","essential","False","1, 3","1","completed","341","The candidate answer includes an extra value (3) which is not mathematically equivalent to the reference answer (1).","qwen/qwen3-8b"
"prm-57f3dc0fcc359327|placebo2|step11","prm-57f3dc0fcc359327","7","2","11","58","1","50","1.16","-1","early","essential","False","1, 3","1","completed","321","The candidate answer includes an extra value (3) which is not mathematically equivalent to the reference answer (1).","qwen/qwen3-8b"
"prm-57f3dc0fcc359327|placebo3|step16","prm-57f3dc0fcc359327","7","3","16","51","1","50","1.02","-1","early","essential","False","1, 3","1","completed","205","The reference answer is 1, but the candidate answer includes an extra value 3.","qwen/qwen3-8b"
"prm-57f3dc0fcc359327|placebo4|step19","prm-57f3dc0fcc359327","7","4","19","56","1","50","1.12","-1","early","essential","False","1, 3","1","completed","123","The reference answer is 1, but the candidate answer includes an extra value 3.","qwen/qwen3-8b"
"prm-3e4ac009eae25363|placebo1|step4","prm-3e4ac009eae25363","8","1","4","46","6","54","0.851852","-1","late","harmful","True","1030","1030","completed","480","The candidate answer matches the reference answer.","qwen/qwen3-8b"
"prm-3e4ac009eae25363|placebo2|step7","prm-3e4ac009eae25363","8","2","7","44","6","54","0.814815","-1","late","harmful","False","11330","1030","completed","139","The reference answer is 1030, but the candidate answer is 11330, which is not mathematically equivalent.","qwen/qwen3-8b"
"prm-734c17ddd0cff62a|placebo1|step8","prm-734c17ddd0cff62a","9","1","8","21","2","20","1.05","1","early","essential","True","\boxed{\frac{16}{27}}","\frac{16}{27}","completed","138","The candidate answer matches the reference answer.","qwen/qwen3-8b"
"prm-734c17ddd0cff62a|placebo2|step10","prm-734c17ddd0cff62a","9","2","10","24","2","20","1.2","1","early","essential","True","\boxed{\frac{16}{27}}","\frac{16}{27}","completed","185","The candidate answer matches the reference answer.","qwen/qwen3-8b"
"prm-734c17ddd0cff62a|placebo3|step0","prm-734c17ddd0cff62a","9","3","0","21","2","20","1.05","1","early","essential","True","$\frac{16}{27}$ gallons","\frac{16}{27}","completed","167","The candidate answer matches the reference answer.","qwen/qwen3-8b"
"prm-734c17ddd0cff62a|placebo4|step3","prm-734c17ddd0cff62a","9","4","3","17","2","20","0.85","1","early","essential","True","$\boxed{\frac{16}{27}}$","\frac{16}{27}","completed","145","The candidate answer matches the reference answer.","qwen/qwen3-8b"
"prm-0cbc0287aab226af|placebo1|step2","prm-0cbc0287aab226af","10","1","2","28","4","29","0.965517","0","middle","harmful","False","50","66","completed","330","The candidate answer is incorrect. The correct answer is 66.","qwen/qwen3-8b"
"prm-0cbc0287aab226af|placebo2|step3","prm-0cbc0287aab226af","10","2","3","30","4","29","1.034483","0","middle","harmful","False","74","66","completed","225","The reference answer is 66, but the candidate answer is 74.","qwen/qwen3-8b"
"prm-0cbc0287aab226af|placebo3|step5","prm-0cbc0287aab226af","10","3","5","31","4","29","1.068966","0","middle","harmful","True","66","66","completed","412","The candidate answer matches the reference answer.","qwen/qwen3-8b"
"prm-bfc1c5c3c815660c|placebo1|step22","prm-bfc1c5c3c815660c","11","1","22","22","8","22","1","-1","early","harmful","True","-5","-5","completed","110","The candidate answer is mathematically equivalent to the reference answer.","qwen/qwen3-8b"
"prm-bfc1c5c3c815660c|placebo2|step3","prm-bfc1c5c3c815660c","11","2","3","24","8","22","1.090909","-1","early","harmful","False","To find $C$ and $D$, expand and collect like terms:
$$Cx + 8C + Dx - 3D = 4x - 23,$$
$$ (C + D)x + (8C - 3D) = 4x - 23.$$ 
Equating coefficients, we get the system:
$$C + D = 4,$$
$$8C - 3D = -23.$$ 
Solving this system, we find $C = 1$ and $D = 3$. Thus, $CD = 1 	imes 3 = 3$.","-5","completed","225","The candidate answer states that $C = 1$ and $D = 3$, leading to $CD = 3$, but the reference answer is $-5$. The values of $C$ and $D$ are incorrect.","qwen/qwen3-8b"
"prm-bfc1c5c3c815660c|placebo3|step13","prm-bfc1c5c3c815660c","11","3","13","21","8","22","0.954545","-1","early","harmful","True","-5","-5","completed","263","The candidate answer -5 is mathematically equivalent to the reference answer -5.","qwen/qwen3-8b"
"prm-bfc1c5c3c815660c|placebo4|step7","prm-bfc1c5c3c815660c","11","4","7","23","8","22","1.045455","-1","early","harmful","True","-5","-5","completed","362","The product $CD$ is -5, which matches the reference answer.","qwen/qwen3-8b"
"prm-5464f1648525f7ea|placebo1|step6","prm-5464f1648525f7ea","12","1","6","33","4","39","0.846154","1","middle","essential","True","5","5","completed","128","Both answers are equal to 5.","qwen/qwen3-8b"
"prm-5464f1648525f7ea|placebo2|step5","prm-5464f1648525f7ea","12","2","5","36","4","39","0.923077","1","middle","essential","True","5","5","completed","147","The candidate answer matches the reference answer.","qwen/qwen3-8b"
"prm-5464f1648525f7ea|placebo3|step1","prm-5464f1648525f7ea","12","3","1","33","4","39","0.846154","1","middle","essential","True","5","5","completed","243","Both answers are equal to 5.","qwen/qwen3-8b"
"prm-010e43e3a679e690|placebo1|step4","prm-010e43e3a679e690","15","1","4","22","2","26","0.846154","1","middle","essential","True","2","2","completed","52","Both answers are equal to 2.","qwen/qwen3-8b"
"prm-010e43e3a679e690|placebo2|step1","prm-010e43e3a679e690","15","2","1","21","2","26","0.807692","1","middle","essential","True","2","2","completed","175","The candidate answer matches the reference answer.","qwen/qwen3-8b"
"prm-010e43e3a679e690|placebo3|step3","prm-010e43e3a679e690","15","3","3","26","2","26","1","1","middle","essential","True","2","2","completed","89","Both answers are equal to 2.","qwen/qwen3-8b"
"prm-8866ba0f5b250195|placebo1|step9","prm-8866ba0f5b250195","16","1","9","105","8","124","0.846774","-1","middle","harmful","False","$d = 1$","\frac{35}{64}","completed","301","The correct value of d is 35/64, but the candidate answer is 1.","qwen/qwen3-8b"
"prm-9c4e4a7aac1b200e|placebo1|step6","prm-9c4e4a7aac1b200e","17","1","6","44","8","39","1.128205","-1","middle","harmful","False","2","4","completed","264","The candidate answer is not mathematically equivalent to the reference answer.","qwen/qwen3-8b"
"prm-9c4e4a7aac1b200e|placebo2|step9","prm-9c4e4a7aac1b200e","17","2","9","36","8","39","0.923077","-1","middle","harmful","False","3","4","completed","144","The candidate answer 3 is not mathematically equivalent to the reference answer 4.","qwen/qwen3-8b"
"prm-9c4e4a7aac1b200e|placebo3|step1","prm-9c4e4a7aac1b200e","17","3","1","39","8","39","1","-1","middle","harmful","False","2","4","completed","290","The candidate answer is not mathematically equivalent to the reference answer.","qwen/qwen3-8b"
"prm-75ab2c1847631c14|placebo1|step3","prm-75ab2c1847631c14","18","1","3","13","6","16","0.8125","0","middle","redundant","True","326.5","326.5","completed","107","The candidate answer matches the reference answer.","qwen/qwen3-8b"
"prm-75ab2c1847631c14|placebo2|step15","prm-75ab2c1847631c14","18","2","15","18","6","16","1.125","0","middle","redundant","True","326.5","326.5","completed","91","The candidate answer matches the reference answer.","qwen/qwen3-8b"
"prm-75ab2c1847631c14|placebo3|step8","prm-75ab2c1847631c14","18","3","8","17","6","16","1.0625","0","middle","redundant","True","326.5","326.5","completed","126","The candidate answer 326.5 is mathematically equivalent to the reference answer 326.5.","qwen/qwen3-8b"
"prm-75ab2c1847631c14|placebo4|step12","prm-75ab2c1847631c14","18","4","12","18","6","16","1.125","0","middle","redundant","True","326.5","326.5","completed","84","The candidate answer matches the reference answer.","qwen/qwen3-8b"
"prm-8b05d5d648e57f29|placebo1|step14","prm-8b05d5d648e57f29","19","1","14","23","18","21","1.095238","-1","late","harmful","False","$ AF^2 + BF^2 + CF^2 = rac{1}{3}(a^2 + b^2 + c^2) + rac{1}{3}(a^2 + b^2 + c^2) - rac{1}{3}(a^2 + b^2 + c^2) = rac{1}{3}(a^2 + b^2 + c^2) $","3R^2","completed","239","The candidate answer is algebraically incorrect. The reference answer is 3R^2.","qwen/qwen3-8b"
"prm-8b05d5d648e57f29|placebo2|step15","prm-8b05d5d648e57f29","19","2","15","20","18","21","0.952381","-1","late","harmful","False","$AF^2 + BF^2 + CF^2 = rac{2}{3}(a^2 + b^2 + c^2) - rac{1}{2}(a^2 + b^2 + c^2) + 3R^2 = rac{1}{6}(a^2 + b^2 + c^2) + 3R^2$","3R^2","completed","305","The candidate answer is not equivalent to the reference answer. The reference answer is 3R^2, while the candidate answer includes additional terms.","qwen/qwen3-8b"
"prm-8b05d5d648e57f29|placebo3|step9","prm-8b05d5d648e57f29","19","3","9","25","18","21","1.190476","-1","late","harmful","False","$AF^2 + BF^2 + CF^2 = a^2 + b^2 + c^2 - 3R^2$","3R^2","completed","341","The candidate answer is not mathematically equivalent to the reference answer. The reference answer is 3R^2, while the candidate answer is a^2 + b^2 + c^2 - 3R^2.","qwen/qwen3-8b"
"prm-8b05d5d648e57f29|placebo4|step12","prm-8b05d5d648e57f29","19","4","12","25","18","21","1.190476","-1","late","harmful","False","$ AF^2 + BF^2 + CF^2 = a^2 + b^2 + c^2 $","3R^2","completed","370","The reference answer is 3R^2, but the candidate answer is a^2 + b^2 + c^2.","qwen/qwen3-8b"
"prm-dc55f1d7dc4e178f|placebo1|step4","prm-dc55f1d7dc4e178f","20","1","4","32","6","33","0.969697","-1","middle","harmful","True","-1","-1","completed","185","The candidate answer matches the reference answer.","qwen/qwen3-8b"
"prm-dc55f1d7dc4e178f|placebo2|step3","prm-dc55f1d7dc4e178f","20","2","3","32","6","33","0.969697","-1","middle","harmful","True","-1","-1","completed","551","The candidate answer matches the reference answer.","qwen/qwen3-8b"
"prm-dc55f1d7dc4e178f|placebo3|step2","prm-dc55f1d7dc4e178f","20","3","2","32","6","33","0.969697","-1","middle","harmful","False","","-1","logical_break","446","No candidate final answer was produced.","rule:no-answer"
"prm-dc55f1d7dc4e178f|placebo4|step8","prm-dc55f1d7dc4e178f","20","4","8","30","6","33","0.909091","-1","middle","harmful","False","0","-1","completed","162","The candidate answer is incorrect; the correct value is -1.","qwen/qwen3-8b"
"prm-dbc12362d53ec14f|placebo1|step5","prm-dbc12362d53ec14f","22","1","5","18","0","21","0.857143","1","early","redundant","False","","8","cannot_continue","354","No candidate final answer was produced.","rule:no-answer"
"prm-dbc12362d53ec14f|placebo2|step10","prm-dbc12362d53ec14f","22","2","10","17","0","21","0.809524","1","early","redundant","False","24","8","completed","340","The candidate answer is incorrect; the correct number of whole-number divisors is 8, not 24.","qwen/qwen3-8b"
"prm-dbc12362d53ec14f|placebo3|step16","prm-dbc12362d53ec14f","22","3","16","22","0","21","1.047619","1","early","redundant","False","The number of whole-number divisors is either 4, 16, or 24, depending on the specific values of $a$ and $b$.","8","cannot_continue","189","The candidate answer is incorrect; the reference answer is 8.","qwen/qwen3-8b"
"prm-8bf0d8a37d2eb018|placebo1|step7","prm-8bf0d8a37d2eb018","23","1","7","45","2","41","1.097561","1","early","harmful","False","16","8","completed","363","The candidate answer is incorrect. The correct answer is 8.","qwen/qwen3-8b"
"prm-8bf0d8a37d2eb018|placebo2|step6","prm-8bf0d8a37d2eb018","23","2","6","33","2","41","0.804878","1","early","harmful","False","16","8","completed","376","The reference answer is 8, but the candidate answer is 16.","qwen/qwen3-8b"
"prm-8bf0d8a37d2eb018|placebo3|step16","prm-8bf0d8a37d2eb018","23","3","16","42","2","41","1.02439","1","early","harmful","False","2","8","completed","150","The candidate answer does not match the reference answer.","qwen/qwen3-8b"
"prm-8bf0d8a37d2eb018|placebo4|step0","prm-8bf0d8a37d2eb018","23","4","0","33","2","41","0.804878","1","early","harmful","False","\boxed{\frac{128}{3}}","8","completed","458","The candidate answer is not mathematically equivalent to the reference answer.","qwen/qwen3-8b"
"prm-bedcbd8166cb0b0f|placebo1|step2","prm-bedcbd8166cb0b0f","24","1","2","32","3","36","0.888889","1","late","essential","True","17","17","completed","188","The candidate answer matches the reference answer.","qwen/qwen3-8b"
"prm-859d5c93d5ea0f57|placebo1|step4","prm-859d5c93d5ea0f57","25","1","4","44","6","42","1.047619","0","middle","harmful","True","\begin{pmatrix} \frac{16}{49} \\ \frac{48}{49} \\ \frac{24}{49} \\","\begin{pmatrix} 16/49 \\ 48/49 \\ 24/49 \end{pmatrix}","completed","212","The candidate answer is mathematically equivalent to the reference answer.","qwen/qwen3-8b"
"prm-859d5c93d5ea0f57|placebo2|step15","prm-859d5c93d5ea0f57","25","2","15","41","6","42","0.97619","0","middle","harmful","False","\begin{pmatrix} \frac{16}{7} \\ \frac{48}{7} \\ \frac{24}{7} \end{pmatrix}","\begin{pmatrix} 16/49 \\ 48/49 \\ 24/49 \end{pmatrix}","completed","171","The candidate answer is incorrect. The projection should be $\begin{pmatrix} \frac{16}{49} \\ \frac{48}{49} \\ \frac{24}{49} \end{pmatrix}$, not $\begin{pmatrix} \frac{16}{7} \\ \frac{48}{7} \\ \frac{24}{7} \end{pmatrix}$.","qwen/qwen3-8b"
"prm-859d5c93d5ea0f57|placebo3|step3","prm-859d5c93d5ea0f57","25","3","3","47","6","42","1.119048","0","middle","harmful","False","\begin{pmatrix} \frac{16}{49} \\ \frac{96}{49} \\ \frac{48}{49} \end{pmatrix}","\begin{pmatrix} 16/49 \\ 48/49 \\ 24/49 \end{pmatrix}","completed","431","The candidate answer has an incorrect second component (96/49 instead of 48/49).","qwen/qwen3-8b"
"prm-859d5c93d5ea0f57|placebo4|step0","prm-859d5c93d5ea0f57","25","4","0","45","6","42","1.071429","0","middle","harmful","False","$$oxed{egin{pmatrix} rac{16}{49} \ rac{48}{49} \ rac{24}{49} \	extbf{a}}$$","\begin{pmatrix} 16/49 \\ 48/49 \\ 24/49 \end{pmatrix}","completed","298","The candidate answer contains an extra 'a' in the matrix, making it mathematically incorrect.","qwen/qwen3-8b"
"prm-44f81fba1d026488|placebo1|step4","prm-44f81fba1d026488","26","1","4","49","5","46","1.065217","0","middle","redundant","True","0.09","\frac{9}{100}","completed","718","Both answers are equal to 0.09.","qwen/qwen3-8b"
"prm-0835351a60d3a191|placebo1|step1","prm-0835351a60d3a191","27","1","1","44","3","40","1.1","1","early","essential","False","$\boxed{\frac{a^2 - b^2 - c^2 + 2bc}{2bc}}$","\frac{8}{15}","completed","326","The candidate answer is an expression, while the reference answer is a numerical value.","qwen/qwen3-8b"
"prm-0835351a60d3a191|placebo2|step7","prm-0835351a60d3a191","27","2","7","39","3","40","0.975","1","early","essential","False","\boxed{\frac{8}{15}}","\frac{8}{15}","completed","899","The reference answer is \frac{8}{15}, but the candidate answer includes an unnecessary box.","qwen/qwen3-8b"
"prm-0835351a60d3a191|placebo3|step2","prm-0835351a60d3a191","27","3","2","39","3","40","0.975","1","early","essential","False","\boxed{\frac{2(a + b - c)(a - b + c)}{bc}}","\frac{8}{15}","completed","123","The candidate answer is not mathematically equivalent to the reference answer.","qwen/qwen3-8b"
"prm-0835351a60d3a191|placebo4|step6","prm-0835351a60d3a191","27","4","6","48","3","40","1.2","1","early","essential","False","1","\frac{8}{15}","completed","401","The correct value of tan A is 8/15, but the candidate answer is 1.","qwen/qwen3-8b"
"prm-87593f72c0253cec|placebo1|step3","prm-87593f72c0253cec","28","1","3","23","8","26","0.884615","1","middle","essential","True","1.25","1.25","completed","247","The candidate answer matches the reference answer.","qwen/qwen3-8b"
"prm-87593f72c0253cec|placebo2|step6","prm-87593f72c0253cec","28","2","6","25","8","26","0.961538","1","middle","essential","True","1.25","1.25","completed","369","The candidate answer 1.25 is mathematically equivalent to the reference answer 1.25.","qwen/qwen3-8b"
"prm-87593f72c0253cec|placebo3|step15","prm-87593f72c0253cec","28","3","15","30","8","26","1.153846","1","middle","essential","True","1.25","1.25","completed","82","The candidate answer matches the reference answer.","qwen/qwen3-8b"
"prm-87593f72c0253cec|placebo4|step0","prm-87593f72c0253cec","28","4","0","25","8","26","0.961538","1","middle","essential","True","1.25","1.25","completed","318","The candidate answer matches the reference answer.","qwen/qwen3-8b"
"prm-14e2f6c826426674|placebo1|step0","prm-14e2f6c826426674","30","1","0","22","4","24","0.916667","0","early","redundant","True","4","4","completed","369","The candidate answer matches the reference answer.","qwen/qwen3-8b"
"prm-14e2f6c826426674|placebo2|step8","prm-14e2f6c826426674","30","2","8","25","4","24","1.041667","0","early","redundant","False","$\boxed{-\frac{1}{3}}$","4","completed","192","The candidate answer $-\frac{1}{3}$ is not mathematically equivalent to the reference answer 4.","qwen/qwen3-8b"
"prm-14e2f6c826426674|placebo3|step11","prm-14e2f6c826426674","30","3","11","26","4","24","1.083333","0","early","redundant","False","7","4","completed","210","The candidate answer is not mathematically equivalent to the reference answer.","qwen/qwen3-8b"
"prm-14e2f6c826426674|placebo4|step3","prm-14e2f6c826426674","30","4","3","22","4","24","0.916667","0","early","redundant","True","4","4","completed","587","The candidate answer 4 is mathematically equivalent to the reference answer 4.","qwen/qwen3-8b"
"prm-2d92ce0491f2f56a|placebo1|step2","prm-2d92ce0491f2f56a","31","1","2","27","6","32","0.84375","1","middle","essential","False","The quotient is $x^5 - x^4 + x^3 - x^2 + x - 1$ with a remainder of $-2$.","x^5 - x^4 + x^3 - x^2 + x - 1","completed","157","The candidate answer includes a remainder, which is not required. The reference answer only asks for the quotient.","qwen/qwen3-8b"
"prm-2d92ce0491f2f56a|placebo2|step16","prm-2d92ce0491f2f56a","31","2","16","28","6","32","0.875","1","middle","essential","True","$x^5 - x^4 + x^3 - x^2 + x - 1$","x^5 - x^4 + x^3 - x^2 + x - 1","completed","151","The candidate answer is mathematically equivalent to the reference answer.","qwen/qwen3-8b"
"prm-666a954e3bca4a2f|placebo1|step3","prm-666a954e3bca4a2f","32","1","3","24","7","29","0.827586","1","late","essential","False","$\boxed{\binom{7}{4} \left(\frac{1}{5}\right)^4 \left(\frac{4}{5}\right)^3}$","\frac{448}{15625}","completed","167","The reference answer is 448/15625, but the candidate answer is an expression, not a numerical value.","qwen/qwen3-8b"
"prm-6eb49d110f10f5c9|placebo1|step6","prm-6eb49d110f10f5c9","33","1","6","35","5","43","0.813953","0","late","harmful","False","19","14","completed","172","The reference answer is 14, but the candidate answer is 19.","qwen/qwen3-8b"
"prm-6eb49d110f10f5c9|placebo2|step0","prm-6eb49d110f10f5c9","33","2","0","41","5","43","0.953488","0","late","harmful","False","The least possible sum is $1 + 2 + 3 + 4 + 7 = 17$","14","completed","214","The candidate answer provides a specific sum of 17, but the reference answer is 14. The correct minimal sum of distinct positive integers with product 84 is 14 (e.g., 1, 2, 3, 7).","qwen/qwen3-8b"
"prm-6eb49d110f10f5c9|placebo3|step4","prm-6eb49d110f10f5c9","33","3","4","49","5","43","1.139535","0","late","harmful","True","14","14","completed","230","The candidate answer matches the reference answer.","qwen/qwen3-8b"
"prm-695b2bd8829139af|placebo1|step7","prm-695b2bd8829139af","34","1","7","44","3","54","0.814815","-1","early","harmful","False","y = 2","y = 2x + 3","completed","168","The candidate answer is incomplete; the correct answer is ""y = 2x + 3"".","qwen/qwen3-8b"
"prm-695b2bd8829139af|placebo2|step5","prm-695b2bd8829139af","34","2","5","62","3","54","1.148148","-1","early","harmful","False","","y = 2x + 3","cannot_continue","2048","No candidate final answer was produced.","rule:no-answer"
"prm-d987eb66b5f962dd|placebo1|step3","prm-d987eb66b5f962dd","36","1","3","28","4","35","0.8","1","middle","harmful","False","The minimum value of $a^4 + b^8$ is $\boxed{\frac{125}{4}}$.","50","completed","249","The candidate answer is incorrect; the correct minimum value is 50, not $\frac{125}{4}$.","qwen/qwen3-8b"
"prm-d987eb66b5f962dd|placebo2|step0","prm-d987eb66b5f962dd","36","2","0","33","4","35","0.942857","1","middle","harmful","False","$\boxed{\frac{256}{25}}$","50","completed","166","The candidate answer is incorrect; the reference answer is 50.","qwen/qwen3-8b"
"prm-9a884b78e7527ff9|placebo1|step4","prm-9a884b78e7527ff9","38","1","4","34","6","37","0.918919","-1","middle","harmful","True","2 * 5! * 5! * 1! = 2 * 120 * 120 * 1 = 28800","28800","completed","203","The candidate answer is mathematically equivalent to the reference answer.","qwen/qwen3-8b"
"prm-9a884b78e7527ff9|placebo2|step2","prm-9a884b78e7527ff9","38","2","2","35","6","37","0.945946","-1","middle","harmful","True","2! × 5! × 5! = 2 × 120 × 120 = 28800","28800","completed","172","The candidate answer is algebraically equivalent to the reference answer.","qwen/qwen3-8b"
"prm-9a884b78e7527ff9|placebo3|step10","prm-9a884b78e7527ff9","38","3","10","36","6","37","0.972973","-1","middle","harmful","False","7200","28800","completed","194","The candidate answer does not match the reference answer.","qwen/qwen3-8b"
"prm-9f3753744da09c38|placebo1|step11","prm-9f3753744da09c38","40","1","11","26","5","22","1.181818","-1","middle","harmful","False","The values of $eta$ are in the interval $[1, 4]$.","(3,4]","completed","577","The candidate answer is not mathematically equivalent to the reference answer.","qwen/qwen3-8b"
"prm-f80db588fbe79fa9|placebo1|step4","prm-f80db588fbe79fa9","41","1","4","32","12","40","0.8","1","middle","harmful","True","41","41","completed","328","The candidate answer matches the reference answer.","qwen/qwen3-8b"
"prm-f80db588fbe79fa9|placebo2|step17","prm-f80db588fbe79fa9","41","2","17","32","12","40","0.8","1","middle","harmful","False","1","41","completed","358","The candidate answer 1 is not mathematically equivalent to the reference answer 41.","qwen/qwen3-8b"
"prm-f80db588fbe79fa9|placebo3|step13","prm-f80db588fbe79fa9","41","3","13","38","12","40","0.95","1","middle","harmful","True","41","41","completed","418","The value of $a$ is 41, which matches the reference answer.","qwen/qwen3-8b"
"prm-f80db588fbe79fa9|placebo4|step2","prm-f80db588fbe79fa9","41","4","2","36","12","40","0.9","1","middle","harmful","True","41","41","completed","281","Both answers are equal to 41.","qwen/qwen3-8b"
"prm-32b52a14659d1e3f|placebo1|step3","prm-32b52a14659d1e3f","42","1","3","37","1","38","0.973684","-1","early","redundant","True","3","3","completed","623","The candidate answer matches the reference answer.","qwen/qwen3-8b"
"prm-32b52a14659d1e3f|placebo2|step8","prm-32b52a14659d1e3f","42","2","8","42","1","38","1.105263","-1","early","redundant","False","","3","cannot_continue","2048","No candidate final answer was produced.","rule:no-answer"
"prm-32b52a14659d1e3f|placebo3|step9","prm-32b52a14659d1e3f","42","3","9","40","1","38","1.052632","-1","early","redundant","True","3","3","completed","342","Both answers are equal to 3.","qwen/qwen3-8b"
"prm-32b52a14659d1e3f|placebo4|step7","prm-32b52a14659d1e3f","42","4","7","41","1","38","1.078947","-1","early","redundant","False","","3","cannot_continue","2048","No candidate final answer was produced.","rule:no-answer"
"prm-2c6c822e00040ba8|placebo1|step15","prm-2c6c822e00040ba8","44","1","15","12","14","11","1.090909","-1","late","harmful","False","2","8","completed","169","The candidate answer is not mathematically equivalent to the reference answer.","qwen/qwen3-8b"
"prm-2c6c822e00040ba8|placebo2|step11","prm-2c6c822e00040ba8","44","2","11","11","14","11","1","-1","late","harmful","False","","8","cannot_continue","2048","No candidate final answer was produced.","rule:no-answer"
"prm-6a6a0bdb19ba41d4|placebo1|step12","prm-6a6a0bdb19ba41d4","45","1","12","16","14","19","0.842105","0","late","redundant","True","3","3","completed","94","The candidate answer matches the reference answer.","qwen/qwen3-8b"
"prm-6a6a0bdb19ba41d4|placebo2|step5","prm-6a6a0bdb19ba41d4","45","2","5","19","14","19","1","0","late","redundant","True","3","3","completed","74","The candidate answer 3 is mathematically equivalent to the reference answer 3.","qwen/qwen3-8b"
"prm-6a6a0bdb19ba41d4|placebo3|step7","prm-6a6a0bdb19ba41d4","45","3","7","18","14","19","0.947368","0","late","redundant","True","3","3","completed","75","The candidate answer matches the reference answer.","qwen/qwen3-8b"
"prm-60717bf0ef4716f2|placebo1|step18","prm-60717bf0ef4716f2","47","1","18","26","16","30","0.866667","0","late","redundant","True","\boxed{\dfrac{1}{3}}","\frac{1}{3}","completed","227","The candidate answer matches the reference answer.","qwen/qwen3-8b"
"prm-60717bf0ef4716f2|placebo2|step1","prm-60717bf0ef4716f2","47","2","1","29","16","30","0.966667","0","late","redundant","False","\boxed{\frac{2}{5}}","\frac{1}{3}","completed","171","The candidate answer is not mathematically equivalent to the reference answer.","qwen/qwen3-8b"
"prm-60717bf0ef4716f2|placebo3|step12","prm-60717bf0ef4716f2","47","3","12","26","16","30","0.866667","0","late","redundant","True","\boxed{\dfrac{1}{3}}","\frac{1}{3}","completed","204","The candidate answer $\boxed{\dfrac{1}{3}}$ is mathematically equivalent to the reference answer $\frac{1}{3}$.","qwen/qwen3-8b"
"prm-60717bf0ef4716f2|placebo4|step8","prm-60717bf0ef4716f2","47","4","8","26","16","30","0.866667","0","late","redundant","False","\boxed{\dfrac{1}{3}}","\frac{1}{3}","completed","313","The candidate answer includes a box around the fraction, which is not present in the reference answer.","qwen/qwen3-8b"
"prm-d018213d57c7afde|placebo1|step0","prm-d018213d57c7afde","48","1","0","26","5","24","1.083333","1","middle","redundant","True","\boxed{\dfrac{13}{18}}","\frac{13}{18}","completed","276","The candidate answer \boxed{\dfrac{13}{18}} is mathematically equivalent to the reference answer \frac{13}{18}.","qwen/qwen3-8b"
"prm-d018213d57c7afde|placebo2|step3","prm-d018213d57c7afde","48","2","3","25","5","24","1.041667","1","middle","redundant","True","13/18","\frac{13}{18}","completed","153","The candidate answer is mathematically equivalent to the reference answer.","qwen/qwen3-8b"
"prm-d018213d57c7afde|placebo3|step4","prm-d018213d57c7afde","48","3","4","24","5","24","1","1","middle","redundant","True","13/18","\frac{13}{18}","completed","126","The candidate answer is mathematically equivalent to the reference answer.","qwen/qwen3-8b"
"prm-d018213d57c7afde|placebo4|step1","prm-d018213d57c7afde","48","4","1","20","5","24","0.833333","1","middle","redundant","True","\boxed{\dfrac{13}{18}}","\frac{13}{18}","completed","239","The candidate answer matches the reference answer.","qwen/qwen3-8b"
"prm-4fe0f9ece87f57df|placebo1|step17","prm-4fe0f9ece87f57df","49","1","17","19","4","23","0.826087","1","early","redundant","False","","-1","logical_break","168","No candidate final answer was produced.","rule:no-answer"
"prm-4fe0f9ece87f57df|placebo2|step8","prm-4fe0f9ece87f57df","49","2","8","21","4","23","0.913043","1","early","redundant","False","","-1","logical_break","747","No candidate final answer was produced.","rule:no-answer"
"prm-4fe0f9ece87f57df|placebo3|step5","prm-4fe0f9ece87f57df","49","3","5","20","4","23","0.869565","1","early","redundant","True","-1","-1","completed","407","The candidate answer matches the reference answer.","qwen/qwen3-8b"
"prm-4fe0f9ece87f57df|placebo4|step19","prm-4fe0f9ece87f57df","49","4","19","25","4","23","1.086957","1","early","redundant","False","6","-1","completed","105","The candidate answer is incorrect; the correct value is -1.","qwen/qwen3-8b"
"prm-26cc0e5d412214d1|placebo1|step1","prm-26cc0e5d412214d1","50","1","1","41","14","35","1.171429","1","late","essential","False","256","16","completed","313","The candidate answer is incorrect. The correct value of \[|(1-i)^8|\] is 16, not 256.","qwen/qwen3-8b"
"prm-26cc0e5d412214d1|placebo2|step16","prm-26cc0e5d412214d1","50","2","16","30","14","35","0.857143","1","late","essential","True","16","16","completed","74","The candidate answer matches the reference answer.","qwen/qwen3-8b"
"prm-26cc0e5d412214d1|placebo3|step12","prm-26cc0e5d412214d1","50","3","12","40","14","35","1.142857","1","late","essential","True","16","16","completed","241","The candidate answer matches the reference answer.","qwen/qwen3-8b"
"prm-26cc0e5d412214d1|placebo4|step8","prm-26cc0e5d412214d1","50","4","8","28","14","35","0.8","1","late","essential","True","16","16","completed","251","The candidate answer is mathematically equivalent to the reference answer.","qwen/qwen3-8b"
"prm-23547b2809b8fcf4|placebo1|step2","prm-23547b2809b8fcf4","52","1","2","50","3","53","0.943396","-1","middle","harmful","False","The hallway is 100 meters long.","10","completed","169","The reference answer is 10, but the candidate answer is 100.","qwen/qwen3-8b"
"prm-76b2b2177dea50be|placebo1|step13","prm-76b2b2177dea50be","53","1","13","29","11","31","0.935484","1","late","essential","False","\boxed{\sqrt{1023}}","16 \sqrt{3}","completed","140","The candidate answer does not match the reference answer.","qwen/qwen3-8b"
"prm-76b2b2177dea50be|placebo2|step8","prm-76b2b2177dea50be","53","2","8","33","11","31","1.064516","1","late","essential","True","16\sqrt{3}","16 \sqrt{3}","completed","500","The candidate answer is mathematically equivalent to the reference answer.","qwen/qwen3-8b"
"prm-76b2b2177dea50be|placebo3|step10","prm-76b2b2177dea50be","53","3","10","30","11","31","0.967742","1","late","essential","True","16\sqrt{3}","16 \sqrt{3}","completed","315","The candidate answer matches the reference answer.","qwen/qwen3-8b"
"prm-76b2b2177dea50be|placebo4|step2","prm-76b2b2177dea50be","53","4","2","35","11","31","1.129032","1","late","essential","True","16\sqrt{3}","16 \sqrt{3}","completed","305","The candidate answer 16\sqrt{3} is mathematically equivalent to the reference answer 16 \sqrt{3}.","qwen/qwen3-8b"
"prm-aca8e5373e4b0749|placebo1|step1","prm-aca8e5373e4b0749","54","1","1","44","3","53","0.830189","1","middle","essential","False","\boxed{\sqrt{13}}","4","completed","153","The smallest positive real number $C$ is 4, not $\sqrt{13}$.","qwen/qwen3-8b"
"prm-aca8e5373e4b0749|placebo2|step2","prm-aca8e5373e4b0749","54","2","2","58","3","53","1.09434","1","middle","essential","False","\boxed{\sqrt{13}}","4","completed","138","The candidate answer is \boxed{\sqrt{13}} which is not equal to the reference answer 4.","qwen/qwen3-8b"
"prm-aca8e5373e4b0749|placebo3|step5","prm-aca8e5373e4b0749","54","3","5","54","3","53","1.018868","1","middle","essential","False","2","4","completed","255","The candidate answer is incorrect; the correct value is 4, not 2.","qwen/qwen3-8b"
"prm-5145212ea7e026b0|placebo1|step3","prm-5145212ea7e026b0","56","1","3","36","6","41","0.878049","-1","late","harmful","True","2","2","completed","251","Both answers are equal to 2.","qwen/qwen3-8b"
"prm-5145212ea7e026b0|placebo2|step2","prm-5145212ea7e026b0","56","2","2","40","6","41","0.97561","-1","late","harmful","True","2","2","completed","208","Both answers are equal to 2.","qwen/qwen3-8b"
"prm-5145212ea7e026b0|placebo3|step1","prm-5145212ea7e026b0","56","3","1","40","6","41","0.97561","-1","late","harmful","True","2","2","completed","219","The candidate answer matches the reference answer.","qwen/qwen3-8b"
"prm-84a947c7d146af3f|placebo1|step11","prm-84a947c7d146af3f","57","1","11","51","10","47","1.085106","0","middle","essential","True","0.15","0.15","completed","209","Both answers are equal to 0.15.","qwen/qwen3-8b"
"prm-0e94635dc190f6f1|placebo1|step6","prm-0e94635dc190f6f1","58","1","6","25","14","26","0.961538","0","middle","redundant","True","203","203","completed","461","The candidate answer matches the reference answer.","qwen/qwen3-8b"
"prm-0e94635dc190f6f1|placebo2|step0","prm-0e94635dc190f6f1","58","2","0","31","14","26","1.192308","0","middle","redundant","False","217","203","completed","221","The candidate answer is not mathematically equivalent to the reference answer.","qwen/qwen3-8b"
"prm-0e94635dc190f6f1|placebo3|step17","prm-0e94635dc190f6f1","58","3","17","21","14","26","0.807692","0","middle","redundant","True","203","203","completed","550","The candidate answer 203 is mathematically equivalent to the reference answer 203.","qwen/qwen3-8b"
"prm-0e94635dc190f6f1|placebo4|step21","prm-0e94635dc190f6f1","58","4","21","29","14","26","1.115385","0","middle","redundant","True","203","203","completed","548","The candidate answer matches the reference answer.","qwen/qwen3-8b"
"prm-0638bc02d0338441|placebo1|step20","prm-0638bc02d0338441","59","1","20","33","12","38","0.868421","1","middle","essential","False","3","2","completed","465","The candidate answer is not mathematically equivalent to the reference answer.","qwen/qwen3-8b"
"prm-0638bc02d0338441|placebo2|step13","prm-0638bc02d0338441","59","2","13","37","12","38","0.973684","1","middle","essential","True","2","2","completed","420","The candidate answer matches the reference answer.","qwen/qwen3-8b"
"prm-0638bc02d0338441|placebo3|step8","prm-0638bc02d0338441","59","3","8","41","12","38","1.078947","1","middle","essential","True","2","2","completed","502","The candidate answer 2 is mathematically equivalent to the reference answer 2.","qwen/qwen3-8b"
"prm-0638bc02d0338441|placebo4|step17","prm-0638bc02d0338441","59","4","17","34","12","38","0.894737","1","middle","essential","True","2","2","completed","312","The candidate answer matches the reference answer.","qwen/qwen3-8b"
"prm-f6029ddde78e932f|placebo1|step3","prm-f6029ddde78e932f","60","1","3","55","6","55","1","1","late","harmful","True","3","3","completed","160","The candidate answer 3 is mathematically equivalent to the reference answer 3.","qwen/qwen3-8b"
"prm-6d0334ee1141425e|placebo1|step3","prm-6d0334ee1141425e","61","1","3","19","9","23","0.826087","0","late","essential","True","\sqrt{53}","\sqrt{53}","completed","140","The candidate answer is mathematically equivalent to the reference answer.","qwen/qwen3-8b"
"prm-6d0334ee1141425e|placebo2|step10","prm-6d0334ee1141425e","61","2","10","19","9","23","0.826087","0","late","essential","True","\sqrt{53}","\sqrt{53}","completed","93","The candidate answer is mathematically equivalent to the reference answer.","qwen/qwen3-8b"
"prm-6d0334ee1141425e|placebo3|step5","prm-6d0334ee1141425e","61","3","5","23","9","23","1","0","late","essential","True","\sqrt{53}","\sqrt{53}","completed","316","The candidate answer matches the reference answer.","qwen/qwen3-8b"
"prm-6d0334ee1141425e|placebo4|step7","prm-6d0334ee1141425e","61","4","7","22","9","23","0.956522","0","late","essential","True","\sqrt{53}","\sqrt{53}","completed","437","The candidate answer matches the reference answer.","qwen/qwen3-8b"
"prm-55db6c6b79c6e553|placebo1|step5","prm-55db6c6b79c6e553","63","1","5","16","10","17","0.941176","1","late","redundant","True","$\binom{8}{4} \times \binom{6}{1} + \binom{8}{3} \times \binom{6}{2} + \binom{8}{2} \times \binom{6}{3} + \binom{8}{1} \times \binom{6}{4} = 70 \times 6 + 56 \times 15 + 28 \times 20 + 8 \times 15 = 420 + 840 + 560 + 120 = 1940$","1940","completed","300","The candidate answer correctly computes the value 1940, matching the reference answer.","qwen/qwen3-8b"
"prm-768b381d1efb643a|placebo1|step8","prm-768b381d1efb643a","65","1","8","27","5","27","1","-1","middle","harmful","True","1","1","completed","146","The candidate answer matches the reference answer.","qwen/qwen3-8b"
"prm-768b381d1efb643a|placebo2|step0","prm-768b381d1efb643a","65","2","0","31","5","27","1.148148","-1","middle","harmful","True","1","1","completed","112","The candidate answer matches the reference answer.","qwen/qwen3-8b"
"prm-768b381d1efb643a|placebo3|step3","prm-768b381d1efb643a","65","3","3","31","5","27","1.148148","-1","middle","harmful","True","1","1","completed","64","The candidate answer matches the reference answer.","qwen/qwen3-8b"
"prm-768b381d1efb643a|placebo4|step9","prm-768b381d1efb643a","65","4","9","24","5","27","0.888889","-1","middle","harmful","True","1","1","completed","115","The candidate answer matches the reference answer.","qwen/qwen3-8b"
"prm-a540f461a25e3009|placebo1|step8","prm-a540f461a25e3009","67","1","8","20","10","22","0.909091","1","late","redundant","True","$15x - 80$","15x - 80","completed","118","The candidate answer matches the reference answer.","qwen/qwen3-8b"
"prm-a540f461a25e3009|placebo2|step11","prm-a540f461a25e3009","67","2","11","26","10","22","1.181818","1","late","redundant","True","15x - 80","15x - 80","completed","80","The candidate answer is mathematically equivalent to the reference answer.","qwen/qwen3-8b"
"prm-a540f461a25e3009|placebo3|step3","prm-a540f461a25e3009","67","3","3","24","10","22","1.090909","1","late","redundant","True","15x - 80","15x - 80","completed","142","The candidate answer is algebraically equivalent to the reference answer.","qwen/qwen3-8b"
"prm-a540f461a25e3009|placebo4|step7","prm-a540f461a25e3009","67","4","7","24","10","22","1.090909","1","late","redundant","True","15x - 80","15x - 80","completed","108","The candidate answer matches the reference answer.","qwen/qwen3-8b"
"prm-70a8ec8eb124a0b7|placebo1|step8","prm-70a8ec8eb124a0b7","68","1","8","49","2","55","0.890909","-1","early","harmful","False","67^c","55^\circ","completed","137","The candidate answer is not mathematically equivalent to the reference answer.","qwen/qwen3-8b"
"prm-32376b54c0a0b41a|placebo1|step10","prm-32376b54c0a0b41a","69","1","10","24","9","22","1.090909","1","late","essential","True","\boxed{\dfrac{33}{100}}","\dfrac{33}{100}","completed","148","The candidate answer matches the reference answer.","qwen/qwen3-8b"
"prm-decee9499f5fb0d7|placebo1|step0","prm-decee9499f5fb0d7","70","1","0","24","9","24","1","-1","late","harmful","True","$4343_6$","4343_6","completed","184","The candidate answer $4343_6$ is mathematically equivalent to the reference answer 4343_6.","qwen/qwen3-8b"
"prm-decee9499f5fb0d7|placebo2|step3","prm-decee9499f5fb0d7","70","2","3","28","9","24","1.166667","-1","late","harmful","True","$4343_6$","4343_6","completed","220","The base six equivalent of $999_{10}$ is $4343_6$, which matches the reference answer.","qwen/qwen3-8b"
"prm-decee9499f5fb0d7|placebo3|step5","prm-decee9499f5fb0d7","70","3","5","27","9","24","1.125","-1","late","harmful","False","$4333_6$","4343_6","completed","181","The candidate answer is $4333_6$ which is not equal to the reference answer $4343_6$.","qwen/qwen3-8b"
"prm-decee9499f5fb0d7|placebo4|step7","prm-decee9499f5fb0d7","70","4","7","25","9","24","1.041667","-1","late","harmful","True","$4343_6$","4343_6","completed","154","The candidate answer matches the reference answer.","qwen/qwen3-8b"
"prm-059a20c710a38a1d|placebo1|step1","prm-059a20c710a38a1d","71","1","1","26","8","23","1.130435","0","middle","redundant","True","4","4","completed","151","Both answers are equal to 4.","qwen/qwen3-8b"
"prm-059a20c710a38a1d|placebo2|step2","prm-059a20c710a38a1d","71","2","2","21","8","23","0.913043","0","middle","redundant","True","4","4","completed","129","Both answers are equal to 4.","qwen/qwen3-8b"
"prm-059a20c710a38a1d|placebo3|step6","prm-059a20c710a38a1d","71","3","6","23","8","23","1","0","middle","redundant","True","4","4","completed","178","The candidate answer matches the reference answer.","qwen/qwen3-8b"
"prm-059a20c710a38a1d|placebo4|step7","prm-059a20c710a38a1d","71","4","7","21","8","23","0.913043","0","middle","redundant","True","4","4","completed","165","Both answers are equal to 4.","qwen/qwen3-8b"
"prm-7b9dea52f656c0bc|placebo1|step3","prm-7b9dea52f656c0bc","72","1","3","21","4","19","1.105263","1","middle","essential","True","23","23","completed","198","The candidate answer matches the reference answer.","qwen/qwen3-8b"
"prm-7b9dea52f656c0bc|placebo2|step6","prm-7b9dea52f656c0bc","72","2","6","22","4","19","1.157895","1","middle","essential","True","23","23","completed","69","The candidate answer matches the reference answer.","qwen/qwen3-8b"
"prm-7b9dea52f656c0bc|placebo3|step0","prm-7b9dea52f656c0bc","72","3","0","21","4","19","1.105263","1","middle","essential","True","23","23","completed","171","The candidate answer 23 is mathematically equivalent to the reference answer 23.","qwen/qwen3-8b"
"prm-ab761a525cce7441|placebo1|step0","prm-ab761a525cce7441","73","1","0","34","2","41","0.829268","1","middle","essential","True","0","0","completed","330","The candidate answer matches the reference answer.","qwen/qwen3-8b"
"prm-ab761a525cce7441|placebo2|step1","prm-ab761a525cce7441","73","2","1","49","2","41","1.195122","1","middle","essential","True","0","0","completed","282","The candidate answer matches the reference answer.","qwen/qwen3-8b"
"prm-65c1f64f7a99498a|placebo1|step12","prm-65c1f64f7a99498a","74","1","12","35","0","40","0.875","1","early","essential","False","","2","cannot_continue","2048","No candidate final answer was produced.","rule:no-answer"
"prm-65c1f64f7a99498a|placebo2|step1","prm-65c1f64f7a99498a","74","2","1","48","0","40","1.2","1","early","essential","True","2","2","completed","320","The candidate answer 2 is mathematically equivalent to the reference answer 2.","qwen/qwen3-8b"
"prm-65c1f64f7a99498a|placebo3|step7","prm-65c1f64f7a99498a","74","3","7","35","0","40","0.875","1","early","essential","True","2","2","completed","250","The candidate answer matches the reference answer.","qwen/qwen3-8b"
"prm-65c1f64f7a99498a|placebo4|step6","prm-65c1f64f7a99498a","74","4","6","35","0","40","0.875","1","early","essential","True","2","2","completed","196","The candidate answer 2 is mathematically equivalent to the reference answer 2.","qwen/qwen3-8b"
"prm-8bd9e6649bc32eb5|placebo1|step1","prm-8bd9e6649bc32eb5","75","1","1","28","12","34","0.823529","1","middle","essential","True","58","58","completed","464","The candidate answer is mathematically equivalent to the reference answer.","qwen/qwen3-8b"
"prm-8bd9e6649bc32eb5|placebo2|step16","prm-8bd9e6649bc32eb5","75","2","16","34","12","34","1","1","middle","essential","True","58","58","completed","177","The candidate answer is mathematically equivalent to the reference answer.","qwen/qwen3-8b"
"prm-8bd9e6649bc32eb5|placebo3|step24","prm-8bd9e6649bc32eb5","75","3","24","34","12","34","1","1","middle","essential","False","28","58","completed","102","The reference answer is 58, but the candidate answer is 28.","qwen/qwen3-8b"
"prm-8bd9e6649bc32eb5|placebo4|step10","prm-8bd9e6649bc32eb5","75","4","10","39","12","34","1.147059","1","middle","essential","False","191","58","completed","149","The reference answer is 58, but the candidate answer is 191.","qwen/qwen3-8b"
"prm-02ed1bb8af1a120d|placebo1|step13","prm-02ed1bb8af1a120d","77","1","13","61","1","51","1.196078","1","early","redundant","False","11","16","completed","256","The candidate answer is 11, but the reference answer is 16. The correct minimal value of $a+b+c+d$ is 16.","qwen/qwen3-8b"
"prm-02ed1bb8af1a120d|placebo2|step6","prm-02ed1bb8af1a120d","77","2","6","41","1","51","0.803922","1","early","redundant","False","The smallest possible value of $a+b+c+d$ is 24.","16","completed","539","The candidate answer is not a numerical value, while the reference answer is 16.","qwen/qwen3-8b"
"prm-02ed1bb8af1a120d|placebo3|step3","prm-02ed1bb8af1a120d","77","3","3","48","1","51","0.941176","1","early","redundant","False","","16","logical_break","171","No candidate final answer was produced.","rule:no-answer"
"prm-02ed1bb8af1a120d|placebo4|step14","prm-02ed1bb8af1a120d","77","4","14","41","1","51","0.803922","1","early","redundant","False","11","16","completed","162","The candidate answer is incorrect. The correct smallest possible value of $a+b+c+d$ is 16, not 11.","qwen/qwen3-8b"
"prm-d4c3a3c1d1cb0d1f|placebo1|step0","prm-d4c3a3c1d1cb0d1f","78","1","0","22","4","23","0.956522","-1","middle","harmful","False","$$oxed{0}$$","\frac{1}{16}","completed","393","The candidate answer is incorrect; the correct value is $\frac{1}{16}$, not 0.","qwen/qwen3-8b"
"prm-45906351f0903519|placebo1|step7","prm-45906351f0903519","80","1","7","25","5","31","0.806452","1","middle","essential","False","The minimum value is $\boxed{7}$","9","completed","159","The candidate answer is incorrect; the reference answer is 9.","qwen/qwen3-8b"
"prm-45906351f0903519|placebo2|step1","prm-45906351f0903519","80","2","1","29","5","31","0.935484","1","middle","essential","True","9","9","completed","436","The candidate answer is mathematically equivalent to the reference answer.","qwen/qwen3-8b"
"prm-45906351f0903519|placebo3|step4","prm-45906351f0903519","80","3","4","28","5","31","0.903226","1","middle","essential","True","9","9","completed","267","The candidate answer is algebraically equivalent to the reference answer.","qwen/qwen3-8b"
"prm-00c77d8adaa4cb57|placebo1|step8","prm-00c77d8adaa4cb57","81","1","8","16","1","19","0.842105","-1","early","harmful","False","(84, -144, 27)","(6,31,-1)","completed","176","The candidate answer does not match the reference answer.","qwen/qwen3-8b"
"prm-eb13f69f057980c9|placebo1|step4","prm-eb13f69f057980c9","82","1","4","16","8","14","1.142857","0","late","redundant","True","29","29","completed","87","The candidate answer is mathematically equivalent to the reference answer.","qwen/qwen3-8b"
"prm-77fc0b169d8585bc|placebo1|step10","prm-77fc0b169d8585bc","83","1","10","18","2","19","0.947368","-1","early","harmful","False","32","63","completed","159","The candidate answer is 32, but the reference answer is 63. The candidate answer is incorrect.","qwen/qwen3-8b"
"prm-77fc0b169d8585bc|placebo2|step12","prm-77fc0b169d8585bc","83","2","12","20","2","19","1.052632","-1","early","harmful","False","16","63","completed","187","The candidate answer 16 is not mathematically equivalent to the reference answer 63.","qwen/qwen3-8b"
"prm-77fc0b169d8585bc|placebo3|step11","prm-77fc0b169d8585bc","83","3","11","21","2","19","1.105263","-1","early","harmful","False","32","63","completed","198","The number of integer-coordinate points strictly in the interior is 63, not 32.","qwen/qwen3-8b"
"prm-310884399c5179a6|placebo1|step1","prm-310884399c5179a6","85","1","1","56","3","67","0.835821","-1","middle","harmful","True","8000","8000","completed","223","Both answers are equal to 8000.","qwen/qwen3-8b"
"prm-98214e328bc84341|placebo1|step7","prm-98214e328bc84341","86","1","7","30","4","33","0.909091","-1","middle","harmful","False","3753","1251","completed","124","The candidate answer is incorrect; the correct value is 1251, not 3753.","qwen/qwen3-8b"
"prm-98214e328bc84341|placebo2|step3","prm-98214e328bc84341","86","2","3","32","4","33","0.969697","-1","middle","harmful","True","1251","1251","completed","167","Both answers are equal to 1251.","qwen/qwen3-8b"
"prm-98214e328bc84341|placebo3|step0","prm-98214e328bc84341","86","3","0","35","4","33","1.060606","-1","middle","harmful","True","1251","1251","completed","121","Both answers are equal to 1251.","qwen/qwen3-8b"
"prm-16428e60085cafa9|placebo1|step2","prm-16428e60085cafa9","87","1","2","20","14","19","1.052632","1","late","essential","False","","x \in [-2,7]","cannot_continue","39","No candidate final answer was produced.","rule:no-answer"
"prm-16428e60085cafa9|placebo2|step3","prm-16428e60085cafa9","87","2","3","22","14","19","1.157895","1","late","essential","False","","x \in [-2,7]","cannot_continue","2048","No candidate final answer was produced.","rule:no-answer"
"prm-16428e60085cafa9|placebo3|step20","prm-16428e60085cafa9","87","3","20","16","14","19","0.842105","1","late","essential","True","[-2, 7]","x \in [-2,7]","completed","114","The candidate answer matches the reference answer.","qwen/qwen3-8b"
"prm-16428e60085cafa9|placebo4|step12","prm-16428e60085cafa9","87","4","12","17","14","19","0.894737","1","late","essential","False","","x \in [-2,7]","cannot_continue","2048","No candidate final answer was produced.","rule:no-answer"
"prm-ac91d34d7871bcbc|placebo1|step7","prm-ac91d34d7871bcbc","88","1","7","27","3","32","0.84375","0","middle","essential","False","32878","\$32,\!348","completed","84","The candidate answer 32878 is not mathematically equivalent to the reference answer \$32,\!348.","qwen/qwen3-8b"
"prm-923c29c44fa03eb6|placebo1|step16","prm-923c29c44fa03eb6","89","1","16","17","13","19","0.894737","-1","late","essential","True","3\sqrt{13}","3\sqrt{13}","completed","100","The candidate answer matches the reference answer.","qwen/qwen3-8b"
"prm-923c29c44fa03eb6|placebo2|step9","prm-923c29c44fa03eb6","89","2","9","17","13","19","0.894737","-1","late","essential","True","3\sqrt{13}","3\sqrt{13}","completed","145","The candidate answer matches the reference answer.","qwen/qwen3-8b"
"prm-923c29c44fa03eb6|placebo3|step12","prm-923c29c44fa03eb6","89","3","12","16","13","19","0.842105","-1","late","essential","True","3\sqrt{13}","3\sqrt{13}","completed","150","The candidate answer matches the reference answer.","qwen/qwen3-8b"
"prm-923c29c44fa03eb6|placebo4|step4","prm-923c29c44fa03eb6","89","4","4","21","13","19","1.105263","-1","late","essential","True","$3\sqrt{13}$","3\sqrt{13}","completed","290","The candidate answer $3\sqrt{13}$ is mathematically equivalent to the reference answer $3\sqrt{13}$.","qwen/qwen3-8b"
"prm-a774fd18d4116fb7|placebo1|step10","prm-a774fd18d4116fb7","90","1","10","13","0","16","0.8125","0","early","redundant","True","2","2","completed","93","The candidate answer matches the reference answer.","qwen/qwen3-8b"
"prm-a774fd18d4116fb7|placebo2|step11","prm-a774fd18d4116fb7","90","2","11","16","0","16","1","0","early","redundant","False","3","2","completed","58","The candidate answer 3 is not mathematically equivalent to the reference answer 2.","qwen/qwen3-8b"
"prm-bc4cdb54673acb6b|placebo1|step22","prm-bc4cdb54673acb6b","91","1","22","31","0","31","1","0","early","redundant","False","The smallest number of coins you could have had before finding the bag of 53 coins is 133.","203","completed","142","The candidate answer is not equivalent to the reference answer. The reference answer is 203, while the candidate answer is 133.","qwen/qwen3-8b"
"prm-bc4cdb54673acb6b|placebo2|step3","prm-bc4cdb54673acb6b","91","2","3","32","0","31","1.032258","0","early","redundant","False","The smallest number of coins you could have had before finding the bag of 53 coins is 121.","203","completed","166","The candidate answer is not mathematically equivalent to the reference answer. The reference answer is 203, while the candidate answer is 121.","qwen/qwen3-8b"
"prm-bc4cdb54673acb6b|placebo3|step8","prm-bc4cdb54673acb6b","91","3","8","26","0","31","0.83871","0","early","redundant","True","203","203","completed","449","The candidate answer matches the reference answer.","qwen/qwen3-8b"
"prm-bc4cdb54673acb6b|placebo4|step19","prm-bc4cdb54673acb6b","91","4","19","31","0","31","1","0","early","redundant","False","The smallest number of coins you could have had before finding the bag of 53 coins is 111.","203","completed","117","The candidate answer is a sentence, while the reference answer is a number.","qwen/qwen3-8b"
"prm-911d5b9b5b289e39|placebo1|step10","prm-911d5b9b5b289e39","92","1","10","112","3","107","1.046729","-1","early","harmful","False","","1+274i","cannot_continue","408","No candidate final answer was produced.","rule:no-answer"
"prm-76efc721b39b6bd3|placebo1|step1","prm-76efc721b39b6bd3","93","1","1","33","10","39","0.846154","1","late","essential","True","11","11","completed","125","The candidate answer matches the reference answer.","qwen/qwen3-8b"
"prm-76efc721b39b6bd3|placebo2|step3","prm-76efc721b39b6bd3","93","2","3","41","10","39","1.051282","1","late","essential","True","11","11","completed","176","The candidate answer matches the reference answer.","qwen/qwen3-8b"
"prm-76efc721b39b6bd3|placebo3|step9","prm-76efc721b39b6bd3","93","3","9","32","10","39","0.820513","1","late","essential","True","11","11","completed","196","The candidate answer matches the reference answer.","qwen/qwen3-8b"
"prm-76efc721b39b6bd3|placebo4|step7","prm-76efc721b39b6bd3","93","4","7","39","10","39","1","1","late","essential","True","11","11","completed","262","The candidate answer matches the reference answer.","qwen/qwen3-8b"
"prm-f902409b4b69ac6a|placebo1|step12","prm-f902409b4b69ac6a","94","1","12","15","9","16","0.9375","1","middle","essential","False","155","203","completed","143","The candidate answer is incorrect; the reference answer is 203.","qwen/qwen3-8b"
"prm-f902409b4b69ac6a|placebo2|step2","prm-f902409b4b69ac6a","94","2","2","19","9","16","1.1875","1","middle","essential","False","119","203","completed","202","The candidate answer is incorrect. The correct answer is 203.","qwen/qwen3-8b"
"prm-f902409b4b69ac6a|placebo3|step5","prm-f902409b4b69ac6a","94","3","5","15","9","16","0.9375","1","middle","essential","False","155","203","completed","351","The reference answer is 203, but the candidate answer is 155.","qwen/qwen3-8b"
"prm-f902409b4b69ac6a|placebo4|step10","prm-f902409b4b69ac6a","94","4","10","13","9","16","0.8125","1","middle","essential","False","155","203","completed","220","The candidate answer does not match the reference answer.","qwen/qwen3-8b"
"prm-b78ab37efb3ac6fe|placebo1|step3","prm-b78ab37efb3ac6fe","95","1","3","43","13","50","0.86","-1","late","harmful","True","\frac{14}{3}","\frac{14}{3}","completed","365","The candidate answer is mathematically equivalent to the reference answer.","qwen/qwen3-8b"
"prm-b78ab37efb3ac6fe|placebo2|step6","prm-b78ab37efb3ac6fe","95","2","6","48","13","50","0.96","-1","late","harmful","True","\frac{14}{3}","\frac{14}{3}","completed","304","The candidate answer matches the reference answer.","qwen/qwen3-8b"
"prm-afff103ac71bacae|placebo1|step9","prm-afff103ac71bacae","96","1","9","43","8","44","0.977273","-1","late","harmful","False","1","-2","completed","109","The candidate answer 1 is not mathematically equivalent to the reference answer -2.","qwen/qwen3-8b"
"prm-94f01424485d8634|placebo1|step1","prm-94f01424485d8634","97","1","1","45","5","43","1.046512","-1","middle","harmful","True","6r^2 - 4r - 24","6r^2-4r-24","completed","240","The simplified expression is $6r^2 - 4r - 24$, which matches the reference answer.","qwen/qwen3-8b"
"prm-94f01424485d8634|placebo2|step3","prm-94f01424485d8634","97","2","3","43","5","43","1","-1","middle","harmful","True","6r^2 - 4r - 24","6r^2-4r-24","completed","227","Both answers are equal to $6r^2 - 4r - 24$.","qwen/qwen3-8b"
"prm-94f01424485d8634|placebo3|step2","prm-94f01424485d8634","97","3","2","50","5","43","1.162791","-1","middle","harmful","True","6r^2 - 4r - 24","6r^2-4r-24","completed","262","The candidate answer matches the reference answer.","qwen/qwen3-8b"
"prm-94f01424485d8634|placebo4|step7","prm-94f01424485d8634","97","4","7","38","5","43","0.883721","-1","middle","harmful","True","6r^2 - 4r - 24","6r^2-4r-24","completed","95","Both answers are equal to 6r^2 - 4r - 24.","qwen/qwen3-8b"
"prm-74cbbc536681f443|placebo1|step13","prm-74cbbc536681f443","98","1","13","22","3","20","1.1","0","early","redundant","False","","3","cannot_continue","2048","No candidate final answer was produced.","rule:no-answer"
"prm-74cbbc536681f443|placebo2|step24","prm-74cbbc536681f443","98","2","24","23","3","20","1.15","0","early","redundant","False","","3","cannot_continue","2048","No candidate final answer was produced.","rule:no-answer"
"prm-74cbbc536681f443|placebo3|step16","prm-74cbbc536681f443","98","3","16","24","3","20","1.2","0","early","redundant","True","3","3","completed","264","Both answers are equal to 3.","qwen/qwen3-8b"
"prm-74cbbc536681f443|placebo4|step25","prm-74cbbc536681f443","98","4","25","19","3","20","0.95","0","early","redundant","False","","3","cannot_continue","2048","No candidate final answer was produced.","rule:no-answer"
"prm-e4c8f952bd2bcb69|placebo1|step1","prm-e4c8f952bd2bcb69","99","1","1","34","8","40","0.85","0","middle","essential","True","81","81","completed","357","The candidate answer matches the reference answer.","qwen/qwen3-8b"
"prm-e4c8f952bd2bcb69|placebo2|step20","prm-e4c8f952bd2bcb69","99","2","20","38","8","40","0.95","0","middle","essential","True","81","81","completed","408","The candidate answer 81 is mathematically equivalent to the reference answer 81.","qwen/qwen3-8b"
"prm-e4c8f952bd2bcb69|placebo3|step11","prm-e4c8f952bd2bcb69","99","3","11","36","8","40","0.9","0","middle","essential","True","81","81","completed","294","The candidate answer matches the reference answer.","qwen/qwen3-8b"
"prm-e4c8f952bd2bcb69|placebo4|step16","prm-e4c8f952bd2bcb69","99","4","16","32","8","40","0.8","0","middle","essential","False","27","81","completed","316","The candidate answer is not mathematically equivalent to the reference answer.","qwen/qwen3-8b"
"prm-b16889ee222c85e0|placebo1|step14","prm-b16889ee222c85e0","100","1","14","16","8","20","0.8","0","middle","harmful","False","\$1250","1250","completed","119","The candidate answer includes an unnecessary dollar sign, which is not present in the reference answer.","qwen/qwen3-8b"
"prm-b16889ee222c85e0|placebo2|step9","prm-b16889ee222c85e0","100","2","9","19","8","20","0.95","0","middle","harmful","False","$\frac{1,000,000 \text{ lire} \times 0.005 \text{ dollars}}{4 \text{ lire}} = 1250 \text{ dollars}$","1250","completed","158","The candidate answer is an expression, not a numerical value, while the reference answer is a numerical value.","qwen/qwen3-8b"
"prm-b16889ee222c85e0|placebo3|step1","prm-b16889ee222c85e0","100","3","1","20","8","20","1","0","middle","harmful","True","1250","1250","completed","161","The candidate answer matches the reference answer.","qwen/qwen3-8b"
"prm-b16889ee222c85e0|placebo4|step11","prm-b16889ee222c85e0","100","4","11","22","8","20","1.1","0","middle","harmful","True","\$1250","1250","completed","101","The candidate answer \$1250 is mathematically equivalent to the reference answer 1250.","qwen/qwen3-8b"
"prm-11c64fcd9adf9a8d|placebo1|step1","prm-11c64fcd9adf9a8d","101","1","1","36","2","40","0.9","0","early","harmful","False","0","331","completed","194","The candidate answer is not equivalent to the reference answer. The reference answer is 331, while the candidate answer is 0.","qwen/qwen3-8b"
"prm-2e89a40cec48c042|placebo1|step3","prm-2e89a40cec48c042","102","1","3","19","0","20","0.95","-1","early","harmful","False","","3","cannot_continue","2048","No candidate final answer was produced.","rule:no-answer"
"prm-2e89a40cec48c042|placebo2|step4","prm-2e89a40cec48c042","102","2","4","17","0","20","0.85","-1","early","harmful","False","5","3","completed","331","The reference answer is 3, but the candidate answer is 5.","qwen/qwen3-8b"
"prm-bf49cda9c1b58b99|placebo1|step0","prm-bf49cda9c1b58b99","104","1","0","59","3","65","0.907692","-1","early","harmful","True","4495","4495","completed","225","The candidate answer matches the reference answer.","qwen/qwen3-8b"
"prm-5c13d28d0d1e26be|placebo1|step9","prm-5c13d28d0d1e26be","105","1","9","17","0","15","1.133333","0","early","redundant","True","\boxed{2}","2","completed","82","The candidate answer is $\boxed{2}$, which matches the reference answer.","qwen/qwen3-8b"
"prm-5c13d28d0d1e26be|placebo2|step4","prm-5c13d28d0d1e26be","105","2","4","14","0","15","0.933333","0","early","redundant","True","2","2","completed","115","The candidate answer matches the reference answer.","qwen/qwen3-8b"
"prm-5c13d28d0d1e26be|placebo3|step5","prm-5c13d28d0d1e26be","105","3","5","13","0","15","0.866667","0","early","redundant","True","2","2","completed","116","The candidate answer matches the reference answer.","qwen/qwen3-8b"
"prm-5c13d28d0d1e26be|placebo4|step1","prm-5c13d28d0d1e26be","105","4","1","16","0","15","1.066667","0","early","redundant","True","2","2","completed","199","The candidate answer matches the reference answer.","qwen/qwen3-8b"
"prm-6a8171dd86016c13|placebo1|step17","prm-6a8171dd86016c13","106","1","17","5","12","6","0.833333","1","late","redundant","True","12","12","completed","74","The candidate answer matches the reference answer.","qwen/qwen3-8b"
"prm-4397a2362fedc5a3|placebo1|step1","prm-4397a2362fedc5a3","107","1","1","21","6","18","1.166667","1","late","essential","True","1","1","completed","266","The candidate answer matches the reference answer.","qwen/qwen3-8b"
"prm-4397a2362fedc5a3|placebo2|step3","prm-4397a2362fedc5a3","107","2","3","21","6","18","1.166667","1","late","essential","False","","1","cannot_continue","2048","No candidate final answer was produced.","rule:no-answer"
"prm-2f5e5f1e6dacb0f7|placebo1|step3","prm-2f5e5f1e6dacb0f7","108","1","3","34","8","34","1","-1","late","harmful","True","1","1","completed","279","The candidate answer is algebraically equivalent to the reference answer.","qwen/qwen3-8b"
"prm-4b587d923463065a|placebo1|step12","prm-4b587d923463065a","109","1","12","18","9","19","0.947368","-1","middle","essential","False","The roots of the equation are $x = 7$ and $x = 9$.","3, 5, 7","completed","324","The candidate answer does not match the reference answer.","qwen/qwen3-8b"
"prm-4b587d923463065a|placebo2|step0","prm-4b587d923463065a","109","2","0","22","9","19","1.157895","-1","middle","essential","False","The roots are $x = 3$, $x = 5$, and $x = 7$.","3, 5, 7","completed","540","The candidate answer provides a description of the roots, but the reference answer lists the roots directly.","qwen/qwen3-8b"
"prm-a304fbad5368565d|placebo1|step3","prm-a304fbad5368565d","110","1","3","46","7","40","1.15","-1","late","harmful","False","$-u + 14$","14","completed","101","The candidate answer is $-u + 14$, which is not mathematically equivalent to the reference answer of 14.","qwen/qwen3-8b"
"prm-a304fbad5368565d|placebo2|step2","prm-a304fbad5368565d","110","2","2","43","7","40","1.075","-1","late","harmful","True","14","14","completed","219","The candidate answer matches the reference answer.","qwen/qwen3-8b"
"prm-a304fbad5368565d|placebo3|step4","prm-a304fbad5368565d","110","3","4","34","7","40","0.85","-1","late","harmful","False","$2u + 14$","14","completed","73","The reference answer is a constant, but the candidate answer is a linear expression.","qwen/qwen3-8b"
"prm-a304fbad5368565d|placebo4|step5","prm-a304fbad5368565d","110","4","5","48","7","40","1.2","-1","late","harmful","True","14","14","completed","146","Both answers are equal to 14.","qwen/qwen3-8b"
"prm-2d2be0a20e1f55eb|placebo1|step15","prm-2d2be0a20e1f55eb","111","1","15","59","7","57","1.035088","0","middle","essential","False","0","331","completed","96","The candidate answer is 0, but the reference answer is 331.","qwen/qwen3-8b"
"prm-2d2be0a20e1f55eb|placebo2|step11","prm-2d2be0a20e1f55eb","111","2","11","48","7","57","0.842105","0","middle","essential","False","","331","cannot_continue","2048","No candidate final answer was produced.","rule:no-answer"
"prm-b93ffe4952ee0425|placebo1|step6","prm-b93ffe4952ee0425","112","1","6","19","2","22","0.863636","-1","early","harmful","False","130","65","completed","90","The candidate answer is 130, while the reference answer is 65.","qwen/qwen3-8b"
"prm-b93ffe4952ee0425|placebo2|step4","prm-b93ffe4952ee0425","112","2","4","19","2","22","0.863636","-1","early","harmful","False","130","65","completed","103","The volume should be (1/3)*30*6.5 = 65, but the candidate answer is 130.","qwen/qwen3-8b"
"prm-1368cc3f0e85c6c9|placebo1|step12","prm-1368cc3f0e85c6c9","114","1","12","12","7","12","1","1","middle","redundant","True","\boxed{\frac{16}{27}}","\frac{16}{27}","completed","172","Both answers are equal to 16/27.","qwen/qwen3-8b"
"prm-de41ade60ddfc393|placebo1|step25","prm-de41ade60ddfc393","115","1","25","6","3","7","0.857143","0","early","redundant","True","11","11","completed","232","The candidate answer matches the reference answer.","qwen/qwen3-8b"
"prm-de41ade60ddfc393|placebo2|step17","prm-de41ade60ddfc393","115","2","17","6","3","7","0.857143","0","early","redundant","True","11","11","completed","191","The candidate answer matches the reference answer.","qwen/qwen3-8b"
"prm-de41ade60ddfc393|placebo3|step7","prm-de41ade60ddfc393","115","3","7","7","3","7","1","0","early","redundant","True","11","11","completed","141","The candidate answer matches the reference answer.","qwen/qwen3-8b"
"prm-de41ade60ddfc393|placebo4|step1","prm-de41ade60ddfc393","115","4","1","8","3","7","1.142857","0","early","redundant","True","11","11","completed","123","The candidate answer matches the reference answer.","qwen/qwen3-8b"
"prm-b35e05ba41e78a12|placebo1|step16","prm-b35e05ba41e78a12","116","1","16","27","4","29","0.931034","1","early","essential","True","16","16","completed","240","The candidate answer matches the reference answer.","qwen/qwen3-8b"
"prm-b35e05ba41e78a12|placebo2|step19","prm-b35e05ba41e78a12","116","2","19","28","4","29","0.965517","1","early","essential","True","h + k + a + b = -3 + 2 + 12 + 5 = 16","16","completed","521","The candidate answer matches the reference answer.","qwen/qwen3-8b"
"prm-b35e05ba41e78a12|placebo3|step0","prm-b35e05ba41e78a12","116","3","0","28","4","29","0.965517","1","early","essential","True","16","16","completed","376","The candidate answer matches the reference answer.","qwen/qwen3-8b"
"prm-b35e05ba41e78a12|placebo4|step5","prm-b35e05ba41e78a12","116","4","5","32","4","29","1.103448","1","early","essential","True","16","16","completed","459","The reference answer is 16, and the candidate answer is also 16.","qwen/qwen3-8b"
"prm-321715581e0e716b|placebo1|step1","prm-321715581e0e716b","117","1","1","32","8","28","1.142857","0","late","harmful","True","-\frac{35}{9}","-\frac{35}{9}","completed","385","The candidate answer matches the reference answer.","qwen/qwen3-8b"
"prm-321715581e0e716b|placebo2|step7","prm-321715581e0e716b","117","2","7","30","8","28","1.071429","0","late","harmful","False","","-\frac{35}{9}","cannot_continue","2048","No candidate final answer was produced.","rule:no-answer"
"prm-321715581e0e716b|placebo3|step5","prm-321715581e0e716b","117","3","5","31","8","28","1.107143","0","late","harmful","False","\frac{99}{25}","-\frac{35}{9}","completed","786","The candidate answer is not mathematically equivalent to the reference answer. The reference answer is -35/9, while the candidate answer is 99/25.","qwen/qwen3-8b"
"prm-321715581e0e716b|placebo4|step0","prm-321715581e0e716b","117","4","0","32","8","28","1.142857","0","late","harmful","True","-\frac{35}{9}","-\frac{35}{9}","completed","311","Both answers are mathematically equivalent.","qwen/qwen3-8b"
"prm-1a376cfa6cfa9af8|placebo1|step2","prm-1a376cfa6cfa9af8","118","1","2","68","6","64","1.0625","-1","late","harmful","False","","8","cannot_continue","2048","No candidate final answer was produced.","rule:no-answer"
"prm-1a376cfa6cfa9af8|placebo2|step3","prm-1a376cfa6cfa9af8","118","2","3","71","6","64","1.109375","-1","late","harmful","False","16","8","completed","590","The candidate answer is 16, but the reference answer is 8. The correct number of possible values for $a$ is 8.","qwen/qwen3-8b"
"prm-f5ad90a250e816d4|placebo1|step12","prm-f5ad90a250e816d4","119","1","12","13","28","12","1.083333","0","late","redundant","True","6","6","completed","320","The candidate answer matches the reference answer.","qwen/qwen3-8b"
"prm-f5ad90a250e816d4|placebo2|step22","prm-f5ad90a250e816d4","119","2","22","14","28","12","1.166667","0","late","redundant","True","6","6","completed","423","The candidate answer matches the reference answer.","qwen/qwen3-8b"
"prm-f5ad90a250e816d4|placebo3|step18","prm-f5ad90a250e816d4","119","3","18","10","28","12","0.833333","0","late","redundant","False","2","6","completed","195","The candidate answer is incorrect. The correct largest $x$-value at which the graphs intersect is 6, not 2.","qwen/qwen3-8b"
"prm-f5ad90a250e816d4|placebo4|step24","prm-f5ad90a250e816d4","119","4","24","11","28","12","0.916667","0","late","redundant","True","6","6","completed","271","The candidate answer matches the reference answer.","qwen/qwen3-8b"
"prm-64bd046dccaa7a10|placebo1|step5","prm-64bd046dccaa7a10","120","1","5","33","9","35","0.942857","0","late","redundant","True","2220","2220","completed","156","The candidate answer matches the reference answer.","qwen/qwen3-8b"
"prm-64bd046dccaa7a10|placebo2|step8","prm-64bd046dccaa7a10","120","2","8","35","9","35","1","0","late","redundant","True","2220","2220","completed","225","The candidate answer is mathematically equivalent to the reference answer.","qwen/qwen3-8b"
"prm-64bd046dccaa7a10|placebo3|step10","prm-64bd046dccaa7a10","120","3","10","35","9","35","1","0","late","redundant","False","202020","2220","completed","129","202020 is not a multiple of 30, while 2220 is.","qwen/qwen3-8b"
"prm-64bd046dccaa7a10|placebo4|step7","prm-64bd046dccaa7a10","120","4","7","31","9","35","0.885714","0","late","redundant","False","","2220","cannot_continue","2048","No candidate final answer was produced.","rule:no-answer"
"prm-dfc9bfdaf9a344b2|placebo1|step11","prm-dfc9bfdaf9a344b2","121","1","11","19","12","17","1.117647","1","middle","redundant","True","284","284","completed","461","Both the reference answer and the candidate answer are 284.","qwen/qwen3-8b"
"prm-dfc9bfdaf9a344b2|placebo2|step15","prm-dfc9bfdaf9a344b2","121","2","15","15","12","17","0.882353","1","middle","redundant","True","284","284","completed","284","The sum of the proper divisors of 284 is 220. The sum of the proper divisors of 220 is 284, which matches the reference answer.","qwen/qwen3-8b"
"prm-dfc9bfdaf9a344b2|placebo3|step5","prm-dfc9bfdaf9a344b2","121","3","5","15","12","17","0.882353","1","middle","redundant","False","284 is a perfect number, and its sum of proper divisors is 284. The sum of the proper divisors of 284 is 220, and the sum of the proper divisors of 220 is 284. Thus, the answer is 284.","284","completed","399","The candidate answer provides reasoning but does not give the numerical answer 284.","qwen/qwen3-8b"
"prm-dfc9bfdaf9a344b2|placebo4|step16","prm-dfc9bfdaf9a344b2","121","4","16","16","12","17","0.941176","1","middle","redundant","True","284","284","completed","289","Both answers are the same.","qwen/qwen3-8b"
"prm-170a156ef3602f11|placebo1|step19","prm-170a156ef3602f11","122","1","19","18","3","22","0.818182","-1","early","harmful","False","50","66","completed","74","The candidate answer is 50, but the correct answer is 66.","qwen/qwen3-8b"
"prm-170a156ef3602f11|placebo2|step15","prm-170a156ef3602f11","122","2","15","19","3","22","0.863636","-1","early","harmful","False","50","66","completed","189","The candidate answer is 50, but the reference answer is 66.","qwen/qwen3-8b"
"prm-170a156ef3602f11|placebo3|step6","prm-170a156ef3602f11","122","3","6","23","3","22","1.045455","-1","early","harmful","False","50","66","completed","300","The reference answer is 66, but the candidate answer is 50.","qwen/qwen3-8b"
"prm-170a156ef3602f11|placebo4|step4","prm-170a156ef3602f11","122","4","4","22","3","22","1","-1","early","harmful","False","The sum of all possible values of $N$ is 117.","66","completed","154","The candidate answer provides the sum of all possible values of $N$ as 117, but the reference answer is 66.","qwen/qwen3-8b"
"prm-bd5151d40527ffa0|placebo1|step14","prm-bd5151d40527ffa0","123","1","14","19","6","20","0.95","0","middle","redundant","True","\sqrt{53}","\sqrt{53}","completed","141","The candidate answer matches the reference answer.","qwen/qwen3-8b"
"prm-bd5151d40527ffa0|placebo2|step1","prm-bd5151d40527ffa0","123","2","1","18","6","20","0.9","0","middle","redundant","True","\sqrt{53}","\sqrt{53}","completed","87","Both answers are the same.","qwen/qwen3-8b"
"prm-bd5151d40527ffa0|placebo3|step5","prm-bd5151d40527ffa0","123","3","5","22","6","20","1.1","0","middle","redundant","True","\sqrt{53}","\sqrt{53}","completed","157","The candidate answer matches the reference answer.","qwen/qwen3-8b"
"prm-bd5151d40527ffa0|placebo4|step9","prm-bd5151d40527ffa0","123","4","9","18","6","20","0.9","0","middle","redundant","False","\boxed{7.46875}","\sqrt{53}","completed","486","The candidate answer is a decimal approximation, while the reference answer is the exact radical form.","qwen/qwen3-8b"
"prm-55383ac51f763ea4|placebo1|step7","prm-55383ac51f763ea4","124","1","7","23","1","25","0.92","-1","early","redundant","True","326.5","326.5","completed","116","The candidate answer matches the reference answer.","qwen/qwen3-8b"
"prm-55383ac51f763ea4|placebo2|step4","prm-55383ac51f763ea4","124","2","4","22","1","25","0.88","-1","early","redundant","True","326.5","326.5","completed","163","The candidate answer matches the reference answer.","qwen/qwen3-8b"
"prm-55383ac51f763ea4|placebo3|step10","prm-55383ac51f763ea4","124","3","10","24","1","25","0.96","-1","early","redundant","True","326.5","326.5","completed","135","The candidate answer matches the reference answer.","qwen/qwen3-8b"
"prm-55383ac51f763ea4|placebo4|step0","prm-55383ac51f763ea4","124","4","0","21","1","25","0.84","-1","early","redundant","True","326.5","326.5","completed","88","The candidate answer is mathematically equivalent to the reference answer.","qwen/qwen3-8b"
"prm-8169dadf3bfeafa7|placebo1|step13","prm-8169dadf3bfeafa7","125","1","13","32","12","40","0.8","1","late","essential","True","16","16","completed","215","The candidate answer matches the reference answer.","qwen/qwen3-8b"
"prm-8169dadf3bfeafa7|placebo2|step1","prm-8169dadf3bfeafa7","125","2","1","41","12","40","1.025","1","late","essential","False","256","16","completed","198","The reference answer is 16, but the candidate answer is 256.","qwen/qwen3-8b"
"prm-8169dadf3bfeafa7|placebo3|step10","prm-8169dadf3bfeafa7","125","3","10","32","12","40","0.8","1","late","essential","True","16","16","completed","211","The candidate answer matches the reference answer.","qwen/qwen3-8b"
"prm-8169dadf3bfeafa7|placebo4|step4","prm-8169dadf3bfeafa7","125","4","4","36","12","40","0.9","1","late","essential","True","16","16","completed","320","Both answers are equal to 16.","qwen/qwen3-8b"
"prm-d87fe43bca23d224|placebo1|step2","prm-d87fe43bca23d224","126","1","2","18","3","22","0.818182","-1","middle","harmful","True","\frac{4}{9}","\frac{4}{9}","completed","175","The candidate answer matches the reference answer.","qwen/qwen3-8b"
"prm-d87fe43bca23d224|placebo2|step1","prm-d87fe43bca23d224","126","2","1","23","3","22","1.045455","-1","middle","harmful","True","\frac{4}{9}","\frac{4}{9}","completed","133","Both answers are mathematically equivalent.","qwen/qwen3-8b"
"prm-fe7cc1b1ef70d69f|placebo1|step16","prm-fe7cc1b1ef70d69f","127","1","16","17","3","16","1.0625","0","early","redundant","False","10","-1","completed","396","The reference answer is -1, but the candidate answer is 10.","qwen/qwen3-8b"
"prm-fe7cc1b1ef70d69f|placebo2|step14","prm-fe7cc1b1ef70d69f","127","2","14","17","3","16","1.0625","0","early","redundant","False","\boxed{\frac{47}{7}}","-1","completed","285","The candidate answer is $\boxed{\frac{47}{7}}$, which is not an integer and does not match the reference answer of -1.","qwen/qwen3-8b"
"prm-fe7cc1b1ef70d69f|placebo3|step17","prm-fe7cc1b1ef70d69f","127","3","17","19","3","16","1.1875","0","early","redundant","False","8","-1","completed","253","The candidate answer 8 is not mathematically equivalent to the reference answer -1.","qwen/qwen3-8b"
"prm-fe7cc1b1ef70d69f|placebo4|step9","prm-fe7cc1b1ef70d69f","127","4","9","13","3","16","0.8125","0","early","redundant","False","\boxed{\frac{29}{4}}","-1","completed","562","The candidate answer is not mathematically equivalent to the reference answer.","qwen/qwen3-8b"
"prm-bf052d7ceb54371a|placebo1|step2","prm-bf052d7ceb54371a","128","1","2","33","6","35","0.942857","-1","early","harmful","True","106^\	extcirc","106^\circ","completed","165","The candidate answer matches the reference answer.","qwen/qwen3-8b"
"prm-bf052d7ceb54371a|placebo2|step19","prm-bf052d7ceb54371a","128","2","19","40","6","35","1.142857","-1","early","harmful","False","","106^\circ","cannot_continue","2048","No candidate final answer was produced.","rule:no-answer"
"prm-bf052d7ceb54371a|placebo3|step22","prm-bf052d7ceb54371a","128","3","22","29","6","35","0.828571","-1","early","harmful","False","126^"", ","106^\circ","completed","138","The candidate answer is incorrect. The correct value is 106^\circ, but the candidate answer is 126^"".","qwen/qwen3-8b"
"prm-bf052d7ceb54371a|placebo4|step16","prm-bf052d7ceb54371a","128","4","16","31","6","35","0.885714","-1","early","harmful","True","106^
olimits","106^\circ","completed","493","The candidate answer is mathematically equivalent to the reference answer with a formatting difference.","qwen/qwen3-8b"
"prm-85d7c7d738bdc28f|placebo1|step0","prm-85d7c7d738bdc28f","129","1","0","25","6","30","0.833333","0","middle","redundant","True","28","28","completed","217","Both answers are equal.","qwen/qwen3-8b"
"prm-85d7c7d738bdc28f|placebo2|step4","prm-85d7c7d738bdc28f","129","2","4","24","6","30","0.8","0","middle","redundant","True","The number of different assortments of six cookies that can be selected is 28.","28","completed","111","The candidate answer correctly states the number of different assortments is 28, matching the reference answer.","qwen/qwen3-8b"
"prm-85d7c7d738bdc28f|placebo3|step2","prm-85d7c7d738bdc28f","129","3","2","25","6","30","0.833333","0","middle","redundant","False","\boxed{20}","28","completed","314","The reference answer is 28, but the candidate answer is 20.","qwen/qwen3-8b"
"prm-4e116a81462e9a1c|placebo1|step0","prm-4e116a81462e9a1c","130","1","0","47","2","50","0.94","-1","middle","harmful","True","25","25","completed","440","The sum of the positive divisors of 500 is 1 + 2 + 4 + 5 + 10 + 20 + 25 + 50 + 100 + 125 + 250 + 500 = 1000. The distinct prime divisors of 1000 are 2 and 5, and their sum is 2 + 5 = 7. However, the reference answer is 25, which is incorrect. The candidate answer is 25, which is also incorrect. The correct answer should be 7.","qwen/qwen3-8b"
"prm-f06f20e73957e088|placebo1|step8","prm-f06f20e73957e088","131","1","8","49","6","59","0.830508","1","middle","essential","True","-1","-1","completed","247","The candidate answer matches the reference answer.","qwen/qwen3-8b"
"prm-f06f20e73957e088|placebo2|step12","prm-f06f20e73957e088","131","2","12","52","6","59","0.881356","1","middle","essential","True","-1","-1","completed","225","Both answers are the same.","qwen/qwen3-8b"
"prm-f06f20e73957e088|placebo3|step15","prm-f06f20e73957e088","131","3","15","53","6","59","0.898305","1","middle","essential","True","-1","-1","completed","520","Both answers are equal to -1.","qwen/qwen3-8b"
"prm-f06f20e73957e088|placebo4|step11","prm-f06f20e73957e088","131","4","11","60","6","59","1.016949","1","middle","essential","True","-1","-1","completed","283","Both answers are -1.","qwen/qwen3-8b"
"prm-f59567dc389816f6|placebo1|step3","prm-f59567dc389816f6","132","1","3","131","2","128","1.023438","-1","early","harmful","False","\boxed{\frac{1}{2}}","\frac{17}{21}","completed","221","The candidate answer \(\frac{1}{2}\) is not mathematically equivalent to the reference answer \(\frac{17}{21}\).","qwen/qwen3-8b"
"prm-a7a5bc91e1e562b3|placebo1|step1","prm-a7a5bc91e1e562b3","133","1","1","20","6","22","0.909091","0","middle","redundant","True","326.5","326.5","completed","87","The candidate answer matches the reference answer.","qwen/qwen3-8b"
"prm-a7a5bc91e1e562b3|placebo2|step10","prm-a7a5bc91e1e562b3","133","2","10","18","6","22","0.818182","0","middle","redundant","True","326.5","326.5","completed","133","The candidate answer matches the reference answer.","qwen/qwen3-8b"
"prm-a7a5bc91e1e562b3|placebo3|step15","prm-a7a5bc91e1e562b3","133","3","15","25","6","22","1.136364","0","middle","redundant","True","326.5","326.5","completed","74","Both answers are the same.","qwen/qwen3-8b"
"prm-a7a5bc91e1e562b3|placebo4|step8","prm-a7a5bc91e1e562b3","133","4","8","18","6","22","0.818182","0","middle","redundant","True","326.5","326.5","completed","84","The candidate answer matches the reference answer.","qwen/qwen3-8b"
"prm-c03abfd4982e0b4e|placebo1|step10","prm-c03abfd4982e0b4e","134","1","10","21","8","18","1.166667","-1","middle","harmful","True","\boxed{\frac{1}{4}}","\frac{1}{4}","completed","174","The candidate answer matches the reference answer.","qwen/qwen3-8b"
"prm-c03abfd4982e0b4e|placebo2|step3","prm-c03abfd4982e0b4e","134","2","3","15","8","18","0.833333","-1","middle","harmful","True","\frac{1}{4}","\frac{1}{4}","completed","296","The candidate answer matches the reference answer.","qwen/qwen3-8b"
"prm-c03abfd4982e0b4e|placebo3|step7","prm-c03abfd4982e0b4e","134","3","7","19","8","18","1.055556","-1","middle","harmful","True","\frac{1}{4}","\frac{1}{4}","completed","173","The candidate answer matches the reference answer.","qwen/qwen3-8b"
"prm-9f8de872e85deb1c|placebo1|step0","prm-9f8de872e85deb1c","135","1","0","27","11","27","1","1","late","essential","True","$(0, 9) igcup (9, 36)$","(0,9) \cup (9,36)","completed","323","The candidate answer matches the reference answer.","qwen/qwen3-8b"
"prm-9f8de872e85deb1c|placebo2|step7","prm-9f8de872e85deb1c","135","2","7","23","11","27","0.851852","1","late","essential","True","$0 < x < 36$, $x 
eq 9$","(0,9) \cup (9,36)","completed","224","The candidate answer is mathematically equivalent to the reference answer.","qwen/qwen3-8b"
"prm-9f8de872e85deb1c|placebo3|step1","prm-9f8de872e85deb1c","135","3","1","28","11","27","1.037037","1","late","essential","False","The solution is $0 < x < 36$, excluding $x = 9$ and $x = -9$ since they make the numerator zero.","(0,9) \cup (9,36)","completed","147","The candidate answer is not mathematically equivalent to the reference answer.","qwen/qwen3-8b"
"prm-9f8de872e85deb1c|placebo4|step5","prm-9f8de872e85deb1c","135","4","5","30","11","27","1.111111","1","late","essential","True","$(0, 9) 	ext{ union } (9, 36)$","(0,9) \cup (9,36)","completed","444","The reference answer is (0,9) \cup (9,36), and the candidate answer is equivalent with different formatting.","qwen/qwen3-8b"
"prm-39445cabc3c247f3|placebo1|step23","prm-39445cabc3c247f3","136","1","23","26","19","29","0.896552","-1","late","harmful","False","6","3","completed","119","The candidate answer is incorrect; the correct value is 3, not 6.","qwen/qwen3-8b"
"prm-39445cabc3c247f3|placebo2|step20","prm-39445cabc3c247f3","136","2","20","31","19","29","1.068966","-1","late","harmful","False","6","3","completed","116","The correct answer is 3, but the candidate answer is 6.","qwen/qwen3-8b"
"prm-39445cabc3c247f3|placebo3|step1","prm-39445cabc3c247f3","136","3","1","33","19","29","1.137931","-1","late","harmful","True","3","3","completed","526","The candidate answer matches the reference answer.","qwen/qwen3-8b"
"prm-39445cabc3c247f3|placebo4|step16","prm-39445cabc3c247f3","136","4","16","30","19","29","1.034483","-1","late","harmful","False","","3","cannot_continue","2048","No candidate final answer was produced.","rule:no-answer"
"prm-08ffb439fa587578|placebo1|step5","prm-08ffb439fa587578","137","1","5","26","6","29","0.896552","1","middle","essential","True","$\$10$","10","completed","79","The candidate answer is mathematically equivalent to the reference answer.","qwen/qwen3-8b"
"prm-08ffb439fa587578|placebo2|step7","prm-08ffb439fa587578","137","2","7","34","6","29","1.172414","1","middle","essential","True","10","10","completed","223","Both answers are equal to 10.","qwen/qwen3-8b"
"prm-08ffb439fa587578|placebo3|step3","prm-08ffb439fa587578","137","3","3","29","6","29","1","1","middle","essential","True","10","10","completed","229","The candidate answer 10 is mathematically equivalent to the reference answer 10.","qwen/qwen3-8b"
"prm-08ffb439fa587578|placebo4|step0","prm-08ffb439fa587578","137","4","0","25","6","29","0.862069","1","middle","essential","True","10","10","completed","226","The candidate answer is mathematically equivalent to the reference answer.","qwen/qwen3-8b"
"prm-e4f8aa072f5528f6|placebo1|step15","prm-e4f8aa072f5528f6","139","1","15","16","2","18","0.888889","1","early","redundant","True","284","284","completed","233","The candidate answer matches the reference answer.","qwen/qwen3-8b"
"prm-e4f8aa072f5528f6|placebo2|step17","prm-e4f8aa072f5528f6","139","2","17","19","2","18","1.055556","1","early","redundant","True","284","284","completed","197","The candidate answer matches the reference answer.","qwen/qwen3-8b"
"prm-e4f8aa072f5528f6|placebo3|step13","prm-e4f8aa072f5528f6","139","3","13","18","2","18","1","1","early","redundant","True","284","284","completed","274","The candidate answer matches the reference answer.","qwen/qwen3-8b"
"prm-e4f8aa072f5528f6|placebo4|step14","prm-e4f8aa072f5528f6","139","4","14","15","2","18","0.833333","1","early","redundant","True","284","284","completed","264","The candidate answer is mathematically equivalent to the reference answer.","qwen/qwen3-8b"
"prm-b59d428fdeb2db81|placebo1|step3","prm-b59d428fdeb2db81","140","1","3","21","7","22","0.954545","1","late","essential","True","east","\text{east}","completed","123","Both answers are equal.","qwen/qwen3-8b"
"prm-b59d428fdeb2db81|placebo2|step5","prm-b59d428fdeb2db81","140","2","5","21","7","22","0.954545","1","late","essential","True","east","\text{east}","completed","115","The candidate answer correctly identifies the direction as east, matching the reference answer.","qwen/qwen3-8b"
"prm-b59d428fdeb2db81|placebo3|step2","prm-b59d428fdeb2db81","140","3","2","21","7","22","0.954545","1","late","essential","True","east","\text{east}","completed","188","Both the reference answer and the candidate answer are east.","qwen/qwen3-8b"
"prm-b59d428fdeb2db81|placebo4|step6","prm-b59d428fdeb2db81","140","4","6","21","7","22","0.954545","1","late","essential","True","east","\text{east}","completed","82","The candidate answer 'east' is mathematically equivalent to the reference answer '\text{east}'.","qwen/qwen3-8b"
"prm-ca8fbd8bc5e76268|placebo1|step6","prm-ca8fbd8bc5e76268","142","1","6","52","1","47","1.106383","1","early","essential","False","The sum of all complex solutions is $0$ because the polynomial equation derived from the given equation is of even degree and the coefficients of $x^{2n-1}$ are zero, implying that the sum of the roots is zero.","\frac{2}{1005}","completed","307","The candidate answer provides reasoning but does not give the numerical answer 2/1005.","qwen/qwen3-8b"
"prm-a0bf5d5817e64ebf|placebo1|step5","prm-a0bf5d5817e64ebf","143","1","5","30","19","34","0.882353","1","late","essential","True","23","23","completed","411","Both answers are the same.","qwen/qwen3-8b"
"prm-a0bf5d5817e64ebf|placebo2|step16","prm-a0bf5d5817e64ebf","143","2","16","29","19","34","0.852941","1","late","essential","True","23","23","completed","178","Both answers are equal to 23.","qwen/qwen3-8b"
"prm-a0bf5d5817e64ebf|placebo3|step0","prm-a0bf5d5817e64ebf","143","3","0","28","19","34","0.823529","1","late","essential","False","The result is 23.","23","completed","189","The candidate answer includes text, while the reference answer is a number.","qwen/qwen3-8b"
"prm-a0bf5d5817e64ebf|placebo4|step15","prm-a0bf5d5817e64ebf","143","4","15","31","19","34","0.911765","1","late","essential","True","23","23","completed","280","The candidate answer 23 matches the reference answer 23.","qwen/qwen3-8b"
"prm-e742e4e78ed351e6|placebo1|step0","prm-e742e4e78ed351e6","144","1","0","34","2","34","1","-1","middle","essential","True","0","0","completed","319","The candidate answer matches the reference answer.","qwen/qwen3-8b"
"prm-2e47da03eaad232d|placebo1|step1","prm-2e47da03eaad232d","145","1","1","33","3","36","0.916667","0","early","redundant","True","\frac{33}{100}","\dfrac{33}{100}","completed","125","The candidate answer is algebraically equivalent to the reference answer.","qwen/qwen3-8b"
"prm-2e47da03eaad232d|placebo2|step5","prm-2e47da03eaad232d","145","2","5","30","3","36","0.833333","0","early","redundant","True","\frac{33}{100}","\dfrac{33}{100}","completed","151","Both answers are the same.","qwen/qwen3-8b"
"prm-2e47da03eaad232d|placebo3|step11","prm-2e47da03eaad232d","145","3","11","37","3","36","1.027778","0","early","redundant","True","\boxed{\dfrac{33}{100}}","\dfrac{33}{100}","completed","119","The candidate answer matches the reference answer.","qwen/qwen3-8b"
"prm-2e47da03eaad232d|placebo4|step8","prm-2e47da03eaad232d","145","4","8","38","3","36","1.055556","0","early","redundant","True","\boxed{\frac{33}{100}}","\dfrac{33}{100}","completed","180","The candidate answer matches the reference answer.","qwen/qwen3-8b"
"prm-729feeaa6d7fd49e|placebo1|step11","prm-729feeaa6d7fd49e","147","1","11","39","9","38","1.026316","1","middle","essential","False","13","10","completed","714","The candidate answer does not match the reference answer.","qwen/qwen3-8b"
"prm-729feeaa6d7fd49e|placebo2|step10","prm-729feeaa6d7fd49e","147","2","10","43","9","38","1.131579","1","middle","essential","False","7","10","completed","635","The candidate answer does not match the reference answer.","qwen/qwen3-8b"
"prm-729feeaa6d7fd49e|placebo3|step5","prm-729feeaa6d7fd49e","147","3","5","34","9","38","0.894737","1","middle","essential","False","12","10","completed","411","The candidate answer does not match the reference answer.","qwen/qwen3-8b"
"prm-729feeaa6d7fd49e|placebo4|step7","prm-729feeaa6d7fd49e","147","4","7","40","9","38","1.052632","1","middle","essential","True","10","10","completed","710","The candidate answer is mathematically equivalent to the reference answer.","qwen/qwen3-8b"
"prm-4d106f224c1f1477|placebo1|step1","prm-4d106f224c1f1477","148","1","1","45","5","43","1.046512","0","middle","redundant","True","3","3","completed","143","The candidate answer matches the reference answer.","qwen/qwen3-8b"
"prm-4d106f224c1f1477|placebo2|step6","prm-4d106f224c1f1477","148","2","6","35","5","43","0.813953","0","middle","redundant","True","3","3","completed","134","The reference answer is 3, and the candidate answer is also 3.","qwen/qwen3-8b"
"prm-4d106f224c1f1477|placebo3|step2","prm-4d106f224c1f1477","148","3","2","36","5","43","0.837209","0","middle","redundant","True","3","3","completed","110","The candidate answer matches the reference answer.","qwen/qwen3-8b"
"prm-685fe7b1359fce4f|placebo1|step6","prm-685fe7b1359fce4f","151","1","6","15","4","14","1.071429","1","middle","redundant","True","-3","-3","completed","70","Both answers are equal to -3.","qwen/qwen3-8b"
"prm-2694ff7bb4a98ca8|placebo1|step4","prm-2694ff7bb4a98ca8","152","1","4","20","1","22","0.909091","0","early","redundant","True","0.35625",".35625","completed","359","The candidate answer matches the reference answer.","qwen/qwen3-8b"
"prm-2694ff7bb4a98ca8|placebo2|step14","prm-2694ff7bb4a98ca8","152","2","14","23","1","22","1.045455","0","early","redundant","True","0.35625",".35625","completed","674","Both answers are mathematically equivalent.","qwen/qwen3-8b"
"prm-2694ff7bb4a98ca8|placebo3|step35","prm-2694ff7bb4a98ca8","152","3","35","18","1","22","0.818182","0","early","redundant","True","0.35625",".35625","completed","140","The candidate answer is mathematically equivalent to the reference answer.","qwen/qwen3-8b"
"prm-2694ff7bb4a98ca8|placebo4|step28","prm-2694ff7bb4a98ca8","152","4","28","22","1","22","1","0","early","redundant","True","0.35625",".35625","completed","152","Both answers are equal to 0.35625.","qwen/qwen3-8b"
"prm-8115590161527562|placebo1|step10","prm-8115590161527562","153","1","10","30","4","29","1.034483","-1","early","harmful","False","24\sqrt{3}","40","completed","476","The candidate answer 24\sqrt{3} is not mathematically equivalent to the reference answer 40.","qwen/qwen3-8b"
"prm-8115590161527562|placebo2|step9","prm-8115590161527562","153","2","9","29","4","29","1","-1","early","harmful","False","$2\sqrt{19} + 2\sqrt{177}$","40","completed","760","The candidate answer is not mathematically equivalent to the reference answer.","qwen/qwen3-8b"
"prm-8115590161527562|placebo3|step3","prm-8115590161527562","153","3","3","26","4","29","0.896552","-1","early","harmful","False","The sum of the distances from the four intersection points to $(-3, 2)$ is $4	ext{sqrt}(41)$.","40","completed","376","The candidate answer is not mathematically equivalent to the reference answer.","qwen/qwen3-8b"
"prm-8115590161527562|placebo4|step0","prm-8115590161527562","153","4","0","26","4","29","0.896552","-1","early","harmful","False","The sum of the distances from the four intersection points to the point $(-3, 2)$ is $36$.","40","completed","439","The candidate answer is incorrect; the reference answer is 40, but the candidate answer states 36.","qwen/qwen3-8b"
"prm-21c4281b443f082f|placebo1|step15","prm-21c4281b443f082f","154","1","15","16","3","15","1.066667","1","early","harmful","False","23","83","completed","137","The candidate answer is incorrect. The correct value is 83, but the candidate answer is 23.","qwen/qwen3-8b"
"prm-21c4281b443f082f|placebo2|step16","prm-21c4281b443f082f","154","2","16","17","3","15","1.133333","1","early","harmful","False","23","83","completed","125","The candidate answer is not mathematically equivalent to the reference answer.","qwen/qwen3-8b"
"prm-21c4281b443f082f|placebo3|step5","prm-21c4281b443f082f","154","3","5","18","3","15","1.2","1","early","harmful","True","83","83","completed","80","Both answers are equal.","qwen/qwen3-8b"
"prm-21c4281b443f082f|placebo4|step14","prm-21c4281b443f082f","154","4","14","18","3","15","1.2","1","early","harmful","False","23","83","completed","153","The candidate answer is 23, which is not mathematically equivalent to the reference answer 83.","qwen/qwen3-8b"
"prm-c3c805b2888f0c71|placebo1|step5","prm-c3c805b2888f0c71","155","1","5","30","0","25","1.2","-1","early","harmful","False","2","9","completed","129","The reference answer is 9, but the candidate answer is 2.","qwen/qwen3-8b"
"prm-c3c805b2888f0c71|placebo2|step3","prm-c3c805b2888f0c71","155","2","3","23","0","25","0.92","-1","early","harmful","False","2","9","completed","138","The candidate answer 2 is not mathematically equivalent to the reference answer 9.","qwen/qwen3-8b"
"prm-49db7302a176b729|placebo1|step3","prm-49db7302a176b729","156","1","3","29","0","26","1.115385","0","early","harmful","True","81","81","completed","177","The candidate answer matches the reference answer.","qwen/qwen3-8b"
"prm-49db7302a176b729|placebo2|step12","prm-49db7302a176b729","156","2","12","26","0","26","1","0","early","harmful","True","81","81","completed","356","Both answers are the same.","qwen/qwen3-8b"
"prm-49db7302a176b729|placebo3|step7","prm-49db7302a176b729","156","3","7","25","0","26","0.961538","0","early","harmful","True","81","81","completed","219","Both answers are equal to 81.","qwen/qwen3-8b"
"prm-49db7302a176b729|placebo4|step5","prm-49db7302a176b729","156","4","5","27","0","26","1.038462","0","early","harmful","True","81","81","completed","228","Both answers are 81.","qwen/qwen3-8b"
"prm-9d7450aa50a1cc3f|placebo1|step12","prm-9d7450aa50a1cc3f","157","1","12","36","8","44","0.818182","-1","middle","harmful","True","2","2","completed","154","The candidate answer 2 matches the reference answer 2.","qwen/qwen3-8b"
"prm-24a570f07e4ce807|placebo1|step9","prm-24a570f07e4ce807","158","1","9","16","11","19","0.842105","1","late","redundant","True","$3\sqrt{13}$","3\sqrt{13}","completed","126","The candidate answer matches the reference answer.","qwen/qwen3-8b"
"prm-24a570f07e4ce807|placebo2|step6","prm-24a570f07e4ce807","158","2","6","16","11","19","0.842105","1","late","redundant","True","$3\sqrt{13}$","3\sqrt{13}","completed","88","The candidate answer is algebraically equivalent to the reference answer.","qwen/qwen3-8b"
"prm-24a570f07e4ce807|placebo3|step5","prm-24a570f07e4ce807","158","3","5","21","11","19","1.105263","1","late","redundant","False","$3	ext{sqrt}(13)$","3\sqrt{13}","completed","177","The candidate answer uses incorrect notation ($3	ext{sqrt}(13)$) compared to the reference answer ($3\sqrt{13}$).","qwen/qwen3-8b"
"prm-24a570f07e4ce807|placebo4|step7","prm-24a570f07e4ce807","158","4","7","21","11","19","1.105263","1","late","redundant","True","3\sqrt{13}","3\sqrt{13}","completed","110","The candidate answer matches the reference answer.","qwen/qwen3-8b"
"prm-f28e06b3ccb9dfd8|placebo1|step8","prm-f28e06b3ccb9dfd8","159","1","8","46","2","40","1.15","1","early","redundant","False","\boxed{\frac{1985}{6}}","331","completed","546","The candidate answer is incorrect; the reference answer is 331.","qwen/qwen3-8b"
"prm-f28e06b3ccb9dfd8|placebo2|step6","prm-f28e06b3ccb9dfd8","159","2","6","33","2","40","0.825","1","early","redundant","False","0","331","completed","476","The candidate answer does not match the reference answer.","qwen/qwen3-8b"
"prm-f28e06b3ccb9dfd8|placebo3|step13","prm-f28e06b3ccb9dfd8","159","3","13","43","2","40","1.075","1","early","redundant","False","0","331","completed","334","The candidate answer does not match the reference answer.","qwen/qwen3-8b"
"prm-f28e06b3ccb9dfd8|placebo4|step12","prm-f28e06b3ccb9dfd8","159","4","12","32","2","40","0.8","1","early","redundant","False","-993","331","completed","215","The candidate answer does not match the reference answer.","qwen/qwen3-8b"
"prm-1c1e7874f91737bc|placebo1|step11","prm-1c1e7874f91737bc","160","1","11","51","2","58","0.87931","-1","early","harmful","False","\frac{3}{64}","\frac{9}{256}","completed","551","The candidate answer is not mathematically equivalent to the reference answer.","qwen/qwen3-8b"
"prm-1c1e7874f91737bc|placebo2|step7","prm-1c1e7874f91737bc","160","2","7","59","2","58","1.017241","-1","early","harmful","False","0","\frac{9}{256}","completed","286","The candidate answer is not mathematically equivalent to the reference answer.","qwen/qwen3-8b"
"prm-2e5c19fc0f94ad0f|placebo1|step3","prm-2e5c19fc0f94ad0f","162","1","3","14","4","16","0.875","1","middle","redundant","True","9","9","completed","128","The reference answer is 9, and the candidate answer is also 9.","qwen/qwen3-8b"
"prm-b659045eab2bbc92|placebo1|step10","prm-b659045eab2bbc92","163","1","10","24","4","22","1.090909","0","early","harmful","True","326.5","326.5","completed","122","The candidate answer matches the reference answer.","qwen/qwen3-8b"
"prm-b659045eab2bbc92|placebo2|step2","prm-b659045eab2bbc92","163","2","2","20","4","22","0.909091","0","early","harmful","True","326.5","326.5","completed","262","Both answers are equal to 326.5.","qwen/qwen3-8b"
"prm-b659045eab2bbc92|placebo3|step1","prm-b659045eab2bbc92","163","3","1","26","4","22","1.181818","0","early","harmful","True","326.5","326.5","completed","134","The candidate answer matches the reference answer.","qwen/qwen3-8b"
"prm-b659045eab2bbc92|placebo4|step5","prm-b659045eab2bbc92","163","4","5","18","4","22","0.818182","0","early","harmful","True","326.5","326.5","completed","98","Both answers are mathematically equivalent.","qwen/qwen3-8b"
"prm-579dd704ce645be9|placebo1|step4","prm-579dd704ce645be9","164","1","4","25","5","25","1","-1","middle","harmful","True","900","900","completed","329","The candidate answer is mathematically equivalent to the reference answer.","qwen/qwen3-8b"
"prm-579dd704ce645be9|placebo2|step7","prm-579dd704ce645be9","164","2","7","20","5","25","0.8","-1","middle","harmful","True","900","900","completed","309","Both answers are equal to 900.","qwen/qwen3-8b"
"prm-579dd704ce645be9|placebo3|step6","prm-579dd704ce645be9","164","3","6","26","5","25","1.04","-1","middle","harmful","False","225","900","completed","225","The candidate answer 225 is not mathematically equivalent to the reference answer 900.","qwen/qwen3-8b"
"prm-42aea905c1b49570|placebo1|step2","prm-42aea905c1b49570","165","1","2","35","7","39","0.897436","0","middle","redundant","True","2","2","completed","213","The candidate answer is mathematically equivalent to the reference answer.","qwen/qwen3-8b"
"prm-42aea905c1b49570|placebo2|step0","prm-42aea905c1b49570","165","2","0","32","7","39","0.820513","0","middle","redundant","False","","2","cannot_continue","2048","No candidate final answer was produced.","rule:no-answer"
"prm-42aea905c1b49570|placebo3|step3","prm-42aea905c1b49570","165","3","3","36","7","39","0.923077","0","middle","redundant","True","2","2","completed","176","The candidate answer matches the reference answer.","qwen/qwen3-8b"
"prm-42aea905c1b49570|placebo4|step1","prm-42aea905c1b49570","165","4","1","32","7","39","0.820513","0","middle","redundant","True","2","2","completed","336","The candidate answer matches the reference answer.","qwen/qwen3-8b"
"prm-db5fb9c45b89211e|placebo1|step10","prm-db5fb9c45b89211e","166","1","10","22","6","19","1.157895","1","middle","essential","False","(4, 2)","(8,-2)","completed","104","The candidate answer is not mathematically equivalent to the reference answer.","qwen/qwen3-8b"
"prm-b1b1d1fed6ca6e88|placebo1|step5","prm-b1b1d1fed6ca6e88","167","1","5","40","3","36","1.111111","0","early","redundant","False","\sqrt{12^2 + 8^2} = \sqrt{144 + 64} = \sqrt{208} = 4\sqrt{13}","2\sqrt{113}","completed","223","The candidate answer is incorrect; the correct answer is 2\sqrt{113}.","qwen/qwen3-8b"
"prm-b1b1d1fed6ca6e88|placebo2|step7","prm-b1b1d1fed6ca6e88","167","2","7","36","3","36","1","0","early","redundant","False","√(1024 + 64) = √1088 = √(16 * 68) = 4√68 = 4√(4 * 17) = 8√17","2\sqrt{113}","completed","282","The candidate answer simplifies to 8√17, which is not equivalent to the reference answer 2√113.","qwen/qwen3-8b"
"prm-b1b1d1fed6ca6e88|placebo3|step11","prm-b1b1d1fed6ca6e88","167","3","11","33","3","36","0.916667","0","early","redundant","False","$4\sqrt{13}$","2\sqrt{113}","completed","146","The reference answer is $2\sqrt{113}$, but the candidate answer is $4\sqrt{13}$.","qwen/qwen3-8b"
"prm-b1b1d1fed6ca6e88|placebo4|step1","prm-b1b1d1fed6ca6e88","167","4","1","36","3","36","1","0","early","redundant","True","\sqrt{650}","2\sqrt{113}","completed","207","\sqrt{650} is algebraically equivalent to 2\sqrt{113} because 650 = 4 * 162.5 and 113 * 4 = 452, but this is incorrect. The correct simplification of \sqrt{650} is 5\sqrt{26}, which is not equal to 2\sqrt{113}. Therefore, the candidate answer is not mathematically equivalent to the reference answer.","qwen/qwen3-8b"
"prm-e165ab188607be7d|placebo1|step8","prm-e165ab188607be7d","168","1","8","22","3","27","0.814815","-1","early","essential","False","","8n^2 + 4n + 1","cannot_continue","2048","No candidate final answer was produced.","rule:no-answer"
"prm-e165ab188607be7d|placebo2|step12","prm-e165ab188607be7d","168","2","12","27","3","27","1","-1","early","essential","False","8n^2 + 1","8n^2 + 4n + 1","completed","279","The reference answer is a quadratic expression, but the candidate answer is a quadratic expression with a different coefficient.","qwen/qwen3-8b"
"prm-a17bb33b5cced852|placebo1|step9","prm-a17bb33b5cced852","169","1","9","57","8","69","0.826087","1","late","redundant","True","\frac{14}{3}","\frac{14}{3}","completed","132","Both answers are equal to 14/3.","qwen/qwen3-8b"
"prm-b2a4ce5f01127d75|placebo1|step4","prm-b2a4ce5f01127d75","173","1","4","15","5","18","0.833333","1","late","redundant","True","2","2","completed","96","Both answers are 2.","qwen/qwen3-8b"
"prm-b2a4ce5f01127d75|placebo2|step1","prm-b2a4ce5f01127d75","173","2","1","19","5","18","1.055556","1","late","redundant","True","2","2","completed","130","The candidate answer 2 matches the reference answer 2.","qwen/qwen3-8b"
"prm-e8da447d3e7aeca5|placebo1|step9","prm-e8da447d3e7aeca5","174","1","9","35","10","31","1.129032","-1","early","harmful","False","The number of students who take physics is 120.","110","completed","317","The candidate answer provides the number of students who take physics as 120, but the reference answer is 110.","qwen/qwen3-8b"
"prm-e8da447d3e7aeca5|placebo2|step30","prm-e8da447d3e7aeca5","174","2","30","30","10","31","0.967742","-1","early","harmful","False","85","110","completed","73","The candidate answer is not mathematically equivalent to the reference answer.","qwen/qwen3-8b"
"prm-e8da447d3e7aeca5|placebo3|step28","prm-e8da447d3e7aeca5","174","3","28","36","10","31","1.16129","-1","early","harmful","False","85","110","completed","113","The candidate answer is incorrect compared to the reference answer.","qwen/qwen3-8b"
"prm-e8da447d3e7aeca5|placebo4|step13","prm-e8da447d3e7aeca5","174","4","13","25","10","31","0.806452","-1","early","harmful","False","120","110","completed","147","The candidate answer is incorrect; the correct answer is 110.","qwen/qwen3-8b"
"prm-56f31f0da676983f|placebo1|step0","prm-56f31f0da676983f","175","1","0","49","6","57","0.859649","-1","middle","harmful","False","\boxed{\frac{3}{2}}","\frac{1997}{2}","completed","277","The candidate answer is incorrect; the reference answer is 1997/2.","qwen/qwen3-8b"
"prm-56f31f0da676983f|placebo2|step5","prm-56f31f0da676983f","175","2","5","52","6","57","0.912281","-1","middle","harmful","True","\boxed{\frac{1997}{2}}","\frac{1997}{2}","completed","104","The candidate answer matches the reference answer.","qwen/qwen3-8b"
"prm-1988846108e0f682|placebo1|step12","prm-1988846108e0f682","176","1","12","29","3","36","0.805556","0","early","essential","False","","331","cannot_continue","2048","No candidate final answer was produced.","rule:no-answer"
"prm-1988846108e0f682|placebo2|step17","prm-1988846108e0f682","176","2","17","32","3","36","0.888889","0","early","essential","False","993 	imes 993 = 986049","331","completed","185","The candidate answer does not match the reference answer.","qwen/qwen3-8b"
"prm-1988846108e0f682|placebo3|step13","prm-1988846108e0f682","176","3","13","42","3","36","1.166667","0","early","essential","False","","331","cannot_continue","2048","No candidate final answer was produced.","rule:no-answer"
"prm-1988846108e0f682|placebo4|step7","prm-1988846108e0f682","176","4","7","41","3","36","1.138889","0","early","essential","False","-993","331","completed","370","The candidate answer is not mathematically equivalent to the reference answer.","qwen/qwen3-8b"
"prm-1ef2f094b18fa4d5|placebo1|step20","prm-1ef2f094b18fa4d5","178","1","20","26","0","32","0.8125","-1","early","harmful","False","23","25","completed","74","The reference answer is 25, but the candidate answer is 23.","qwen/qwen3-8b"
"prm-1ef2f094b18fa4d5|placebo2|step11","prm-1ef2f094b18fa4d5","178","2","11","33","0","32","1.03125","-1","early","harmful","False","23","25","completed","399","The candidate answer is incorrect; the correct sum of distinct prime divisors of $A$ is 25, not 23.","qwen/qwen3-8b"
"prm-1ef2f094b18fa4d5|placebo3|step13","prm-1ef2f094b18fa4d5","178","3","13","35","0","32","1.09375","-1","early","harmful","False","23","25","completed","253","The correct answer is 25, but the candidate answer is 23.","qwen/qwen3-8b"
"prm-1ef2f094b18fa4d5|placebo4|step18","prm-1ef2f094b18fa4d5","178","4","18","33","0","32","1.03125","-1","early","harmful","False","23","25","completed","156","The candidate answer does not match the reference answer.","qwen/qwen3-8b"
"prm-e5218a9b5d49ef04|placebo1|step0","prm-e5218a9b5d49ef04","180","1","0","27","1","28","0.964286","-1","early","harmful","False","$x = 2$","2","completed","194","The candidate answer is not mathematically equivalent; it should be '2' without the 'x = ' prefix.","qwen/qwen3-8b"
"prm-e5218a9b5d49ef04|placebo2|step3","prm-e5218a9b5d49ef04","180","2","3","29","1","28","1.035714","-1","early","harmful","False","$x = 1$","2","completed","102","The candidate answer is not mathematically equivalent to the reference answer.","qwen/qwen3-8b"
"prm-4a41ea6ca0473740|placebo1|step14","prm-4a41ea6ca0473740","182","1","14","26","30","30","0.866667","0","late","redundant","True","6","6","completed","293","Both answers are equal to 6.","qwen/qwen3-8b"
"prm-4a41ea6ca0473740|placebo2|step2","prm-4a41ea6ca0473740","182","2","2","36","30","30","1.2","0","late","redundant","True","The largest $ x $-value at which the graphs intersect is $ oxed{6} $","6","completed","451","The candidate answer is mathematically equivalent to the reference answer 6.","qwen/qwen3-8b"
"prm-4a41ea6ca0473740|placebo3|step3","prm-4a41ea6ca0473740","182","3","3","28","30","30","0.933333","0","late","redundant","False","","6","cannot_continue","2048","No candidate final answer was produced.","rule:no-answer"
"prm-4a41ea6ca0473740|placebo4|step33","prm-4a41ea6ca0473740","182","4","33","35","30","30","1.166667","0","late","redundant","False","1","6","completed","491","The candidate answer is not mathematically equivalent to the reference answer.","qwen/qwen3-8b"
"prm-df9bfb129e27eea5|placebo1|step1","prm-df9bfb129e27eea5","183","1","1","29","7","36","0.805556","0","middle","harmful","True","6","6","completed","625","The candidate answer matches the reference answer.","qwen/qwen3-8b"
"prm-df9bfb129e27eea5|placebo2|step13","prm-df9bfb129e27eea5","183","2","13","36","7","36","1","0","middle","harmful","False","","6","cannot_continue","2048","No candidate final answer was produced.","rule:no-answer"
"prm-df9bfb129e27eea5|placebo3|step8","prm-df9bfb129e27eea5","183","3","8","30","7","36","0.833333","0","middle","harmful","True","6","6","completed","568","The candidate answer is mathematically equivalent to the reference answer.","qwen/qwen3-8b"
"prm-df9bfb129e27eea5|placebo4|step0","prm-df9bfb129e27eea5","183","4","0","42","7","36","1.166667","0","middle","harmful","False","","6","cannot_continue","115","No candidate final answer was produced.","rule:no-answer"
"prm-cfbe55fef530eeea|placebo1|step1","prm-cfbe55fef530eeea","184","1","1","57","2","50","1.14","1","early","essential","True","0","0","completed","282","The candidate answer is 0, which matches the reference answer.","qwen/qwen3-8b"
"prm-cfbe55fef530eeea|placebo2|step3","prm-cfbe55fef530eeea","184","2","3","51","2","50","1.02","1","early","essential","True","0","0","completed","292","Both the reference answer and the candidate answer are 0.","qwen/qwen3-8b"
"prm-17ba4f9e4d89154f|placebo1|step7","prm-17ba4f9e4d89154f","186","1","7","14","18","12","1.166667","-1","late","harmful","True","23","23","completed","240","The greatest common factor of 6432 and 132 is 24, and 24 + 11 = 23, which matches the reference answer.","qwen/qwen3-8b"
"prm-17ba4f9e4d89154f|placebo2|step8","prm-17ba4f9e4d89154f","186","2","8","13","18","12","1.083333","-1","late","harmful","True","23","23","completed","263","The candidate answer matches the reference answer.","qwen/qwen3-8b"
"prm-17ba4f9e4d89154f|placebo3|step14","prm-17ba4f9e4d89154f","186","3","14","13","18","12","1.083333","-1","late","harmful","True","23","23","completed","241","Both answers are the same.","qwen/qwen3-8b"
"prm-17ba4f9e4d89154f|placebo4|step15","prm-17ba4f9e4d89154f","186","4","15","14","18","12","1.166667","-1","late","harmful","True","23","23","completed","193","Both answers are equal to 23.","qwen/qwen3-8b"
"prm-6a5663499dcdfb6e|placebo1|step7","prm-6a5663499dcdfb6e","187","1","7","26","2","26","1","1","early","essential","True","\frac{17}{50}","\dfrac{17}{50}","completed","219","Both answers are \frac{17}{50}.","qwen/qwen3-8b"
"prm-6a5663499dcdfb6e|placebo2|step8","prm-6a5663499dcdfb6e","187","2","8","27","2","26","1.038462","1","early","essential","True","\frac{17}{50}","\dfrac{17}{50}","completed","216","The candidate answer \(\frac{17}{50}\) is mathematically equivalent to the reference answer \(\dfrac{17}{50}\).","qwen/qwen3-8b"
"prm-6a5663499dcdfb6e|placebo3|step1","prm-6a5663499dcdfb6e","187","3","1","24","2","26","0.923077","1","early","essential","True","\frac{17}{50}","\dfrac{17}{50}","completed","184","The candidate answer matches the reference answer.","qwen/qwen3-8b"
"prm-6a5663499dcdfb6e|placebo4|step0","prm-6a5663499dcdfb6e","187","4","0","25","2","26","0.961538","1","early","essential","True","\frac{17}{50}","\dfrac{17}{50}","completed","288","The candidate answer is algebraically equivalent to the reference answer.","qwen/qwen3-8b"
"prm-9e945c5a20713eba|placebo1|step0","prm-9e945c5a20713eba","188","1","0","20","9","23","0.869565","0","late","essential","True","25","25","completed","167","Both answers are the same.","qwen/qwen3-8b"
"prm-9e945c5a20713eba|placebo2|step3","prm-9e945c5a20713eba","188","2","3","22","9","23","0.956522","0","late","essential","True","25","25","completed","158","The candidate answer matches the reference answer.","qwen/qwen3-8b"
"prm-9e945c5a20713eba|placebo3|step4","prm-9e945c5a20713eba","188","3","4","27","9","23","1.173913","0","late","essential","True","25","25","completed","201","The candidate answer matches the reference answer.","qwen/qwen3-8b"
"prm-9e945c5a20713eba|placebo4|step1","prm-9e945c5a20713eba","188","4","1","24","9","23","1.043478","0","late","essential","True","25","25","completed","107","The candidate answer matches the reference answer.","qwen/qwen3-8b"
"prm-bf79591055298bcd|placebo1|step5","prm-bf79591055298bcd","189","1","5","51","13","45","1.133333","-1","late","harmful","False","2186","13535","completed","294","The candidate answer does not match the reference answer.","qwen/qwen3-8b"
"prm-bf79591055298bcd|placebo2|step2","prm-bf79591055298bcd","189","2","2","49","13","45","1.088889","-1","late","harmful","False","960","13535","completed","546","The candidate answer does not match the reference answer.","qwen/qwen3-8b"
"prm-bf79591055298bcd|placebo3|step4","prm-bf79591055298bcd","189","3","4","37","13","45","0.822222","-1","late","harmful","False","","13535","cannot_continue","2048","No candidate final answer was produced.","rule:no-answer"
"prm-bf79591055298bcd|placebo4|step0","prm-bf79591055298bcd","189","4","0","42","13","45","0.933333","-1","late","harmful","False","960","13535","completed","358","The candidate answer is not mathematically equivalent to the reference answer.","qwen/qwen3-8b"
"prm-61fb797f33ef26d1|placebo1|step2","prm-61fb797f33ef26d1","190","1","2","12","17","13","0.923077","-1","late","harmful","False","196 has (2+1)(2+1) = 9 positive whole-number divisors.","9","completed","169","The reference answer is 9, but the candidate answer is a description, not a numerical value.","qwen/qwen3-8b"
"prm-61fb797f33ef26d1|placebo2|step4","prm-61fb797f33ef26d1","190","2","4","11","17","13","0.846154","-1","late","harmful","True","9","9","completed","261","The candidate answer matches the reference answer.","qwen/qwen3-8b"
"prm-61fb797f33ef26d1|placebo3|step18","prm-61fb797f33ef26d1","190","3","18","13","17","13","1","-1","late","harmful","True","9","9","completed","137","Both answers are equal to 9.","qwen/qwen3-8b"
"prm-61fb797f33ef26d1|placebo4|step9","prm-61fb797f33ef26d1","190","4","9","12","17","13","0.923077","-1","late","harmful","True","9","9","completed","239","The candidate answer matches the reference answer.","qwen/qwen3-8b"
"prm-d828d740ba9cd096|placebo1|step2","prm-d828d740ba9cd096","191","1","2","13","4","14","0.928571","1","early","essential","True","$4343_6$","4343_6","completed","173","Both answers are mathematically equivalent.","qwen/qwen3-8b"
"prm-d828d740ba9cd096|placebo2|step5","prm-d828d740ba9cd096","191","2","5","13","4","14","0.928571","1","early","essential","True","$4343_6$","4343_6","completed","306","The candidate answer is mathematically equivalent to the reference answer.","qwen/qwen3-8b"
"prm-d828d740ba9cd096|placebo3|step6","prm-d828d740ba9cd096","191","3","6","12","4","14","0.857143","1","early","essential","True","$4343_6$","4343_6","completed","181","Both answers are equal to 4343_6.","qwen/qwen3-8b"
"prm-d828d740ba9cd096|placebo4|step7","prm-d828d740ba9cd096","191","4","7","13","4","14","0.928571","1","early","essential","False","$4333_6$","4343_6","completed","172","The candidate answer 4333_6 is not mathematically equivalent to the reference answer 4343_6.","qwen/qwen3-8b"
"prm-569d7cf9abe65f34|placebo1|step5","prm-569d7cf9abe65f34","194","1","5","35","1","31","1.129032","1","early","essential","True","5","x=5","completed","385","The candidate answer is mathematically equivalent to the reference answer.","qwen/qwen3-8b"
"prm-569d7cf9abe65f34|placebo2|step0","prm-569d7cf9abe65f34","194","2","0","27","1","31","0.870968","1","early","essential","False","There are no solutions.","x=5","completed","144","The candidate answer is not mathematically equivalent to the reference answer.","qwen/qwen3-8b"
"prm-569d7cf9abe65f34|placebo3|step2","prm-569d7cf9abe65f34","194","3","2","37","1","31","1.193548","1","early","essential","False","","x=5","cannot_continue","2048","No candidate final answer was produced.","rule:no-answer"
"prm-569d7cf9abe65f34|placebo4|step8","prm-569d7cf9abe65f34","194","4","8","33","1","31","1.064516","1","early","essential","False","The value of $x$ that satisfies the equation is $x = 5$.","x=5","completed","184","The candidate answer is not mathematically equivalent. The reference answer is 'x=5', but the candidate answer is a descriptive statement.","qwen/qwen3-8b"
"prm-60b56f07df1c7db4|placebo1|step7","prm-60b56f07df1c7db4","196","1","7","34","6","42","0.809524","-1","middle","harmful","False","1","\frac{1}{4}","completed","861","The candidate answer is not mathematically equivalent to the reference answer.","qwen/qwen3-8b"
"prm-60b56f07df1c7db4|placebo2|step4","prm-60b56f07df1c7db4","196","2","4","39","6","42","0.928571","-1","middle","harmful","False","\boxed{\frac{1}{2}}","\frac{1}{4}","completed","598","The candidate answer is incorrect; the correct answer is \frac{1}{4}.","qwen/qwen3-8b"
"prm-60b56f07df1c7db4|placebo3|step1","prm-60b56f07df1c7db4","196","3","1","36","6","42","0.857143","-1","middle","harmful","False","\boxed{\frac{\pi}{2}}","\frac{1}{4}","completed","501","The candidate answer is π/2, which is not equivalent to the reference answer 1/4.","qwen/qwen3-8b"
"prm-60b56f07df1c7db4|placebo4|step5","prm-60b56f07df1c7db4","196","4","5","42","6","42","1","-1","middle","harmful","False","","\frac{1}{4}","cannot_continue","2048","No candidate final answer was produced.","rule:no-answer"
"prm-738ac1e91010e501|placebo1|step0","prm-738ac1e91010e501","197","1","0","24","1","24","1","1","early","redundant","True","6","6","completed","176","The candidate answer is mathematically equivalent to the reference answer.","qwen/qwen3-8b"
"prm-ebe33b841de11dec|placebo1|step6","prm-ebe33b841de11dec","198","1","6","22","13","23","0.956522","1","late","essential","False","Frank answered 48 questions correctly.","56","completed","86","The candidate answer provides an incorrect value of 48 instead of the correct value 56.","qwen/qwen3-8b"
"prm-ebe33b841de11dec|placebo2|step12","prm-ebe33b841de11dec","198","2","12","19","13","23","0.826087","1","late","essential","True","56","56","completed","127","Both answers are the same.","qwen/qwen3-8b"
"prm-ebe33b841de11dec|placebo3|step0","prm-ebe33b841de11dec","198","3","0","21","13","23","0.913043","1","late","essential","False","Frank answered 52 questions correctly.","56","completed","122","The candidate answer is a sentence, while the reference answer is a number.","qwen/qwen3-8b"
"prm-ebe33b841de11dec|placebo4|step11","prm-ebe33b841de11dec","198","4","11","20","13","23","0.869565","1","late","essential","True","56","56","completed","99","Both answers are 56.","qwen/qwen3-8b"
"prm-178620daeb1c879c|placebo1|step1","prm-178620daeb1c879c","199","1","1","27","3","24","1.125","1","late","essential","True","(15, -29)","(15,-29)","completed","175","The candidate answer (15, -29) matches the reference answer (15,-29).","qwen/qwen3-8b"
"prm-0ea143eb25e18743|placebo1|step13","prm-0ea143eb25e18743","200","1","13","56","9","50","1.12","0","middle","essential","False","55","15","completed","189","The candidate answer provides $P(5)$ as 55, but the reference answer is 15.","qwen/qwen3-8b"
"prm-0ea143eb25e18743|placebo2|step0","prm-0ea143eb25e18743","200","2","0","42","9","50","0.84","0","middle","essential","False","23","15","completed","275","The candidate answer is not mathematically equivalent to the reference answer.","qwen/qwen3-8b"
"prm-48b0d62a1035c5eb|placebo1|step3","prm-48b0d62a1035c5eb","201","1","3","41","2","41","1","-1","early","harmful","True","24","24","completed","254","Both answers are the same.","qwen/qwen3-8b"
"prm-48b0d62a1035c5eb|placebo2|step4","prm-48b0d62a1035c5eb","201","2","4","45","2","41","1.097561","-1","early","harmful","True","24","24","completed","293","The candidate answer matches the reference answer.","qwen/qwen3-8b"
"prm-48b0d62a1035c5eb|placebo3|step8","prm-48b0d62a1035c5eb","201","3","8","44","2","41","1.073171","-1","early","harmful","True","24","24","completed","213","The candidate answer matches the reference answer.","qwen/qwen3-8b"
"prm-6c647c9d900edecf|placebo1|step7","prm-6c647c9d900edecf","203","1","7","43","8","49","0.877551","0","late","essential","False","","\frac{1}{8}","logical_break","86","No candidate final answer was produced.","rule:no-answer"
"prm-7616aa089b45809c|placebo1|step15","prm-7616aa089b45809c","204","1","15","18","11","16","1.125","0","late","essential","True","3","3","completed","70","The candidate answer matches the reference answer.","qwen/qwen3-8b"
"prm-7616aa089b45809c|placebo2|step8","prm-7616aa089b45809c","204","2","8","13","11","16","0.8125","0","late","essential","True","3","3","completed","104","The candidate answer matches the reference answer.","qwen/qwen3-8b"
"prm-7616aa089b45809c|placebo3|step7","prm-7616aa089b45809c","204","3","7","14","11","16","0.875","0","late","essential","True","3","3","completed","135","The candidate answer is mathematically equivalent to the reference answer.","qwen/qwen3-8b"
"prm-c5d0b2ae9f6de94a|placebo1|step7","prm-c5d0b2ae9f6de94a","205","1","7","14","12","15","0.933333","1","middle","redundant","False","Chris is currently 8 years old.","10","completed","102","The candidate answer is not mathematically equivalent to the reference answer.","qwen/qwen3-8b"
"prm-c5d0b2ae9f6de94a|placebo2|step8","prm-c5d0b2ae9f6de94a","205","2","8","12","12","15","0.8","1","middle","redundant","False","Chris is currently 10 years old.","10","completed","603","The reference answer is 10, but the candidate answer is a description, not a numerical value.","qwen/qwen3-8b"
"prm-c5d0b2ae9f6de94a|placebo3|step19","prm-c5d0b2ae9f6de94a","205","3","19","17","12","15","1.133333","1","middle","redundant","False","","10","logical_break","141","No candidate final answer was produced.","rule:no-answer"
"prm-c5d0b2ae9f6de94a|placebo4|step1","prm-c5d0b2ae9f6de94a","205","4","1","13","12","15","0.866667","1","middle","redundant","False","Chris is currently 10 years old.","10","completed","235","The correct answer is 10, but the candidate answer is a sentence stating Chris is currently 10 years old.","qwen/qwen3-8b"
"prm-32ce22f0573267db|placebo1|step11","prm-32ce22f0573267db","206","1","11","24","1","27","0.888889","1","early","redundant","False","2","3","completed","113","The candidate answer does not match the reference answer.","qwen/qwen3-8b"
"prm-32ce22f0573267db|placebo2|step0","prm-32ce22f0573267db","206","2","0","24","1","27","0.888889","1","early","redundant","False","2","3","completed","181","The candidate answer is not mathematically equivalent; the correct answer is 3.","qwen/qwen3-8b"
"prm-32ce22f0573267db|placebo3|step9","prm-32ce22f0573267db","206","3","9","30","1","27","1.111111","1","early","redundant","False","2","3","completed","96","The candidate answer is not mathematically equivalent to the reference answer.","qwen/qwen3-8b"
"prm-32ce22f0573267db|placebo4|step8","prm-32ce22f0573267db","206","4","8","24","1","27","0.888889","1","early","redundant","False","2","3","completed","95","The correct answer is 3, but the candidate answer is 2.","qwen/qwen3-8b"
"prm-73806d5bdc6ee15f|placebo1|step3","prm-73806d5bdc6ee15f","207","1","3","29","10","29","1","0","late","redundant","False","","11","cannot_continue","2048","No candidate final answer was produced.","rule:no-answer"
"prm-73806d5bdc6ee15f|placebo2|step13","prm-73806d5bdc6ee15f","207","2","13","30","10","29","1.034483","0","late","redundant","True","11","11","completed","217","The candidate answer is mathematically equivalent to the reference answer.","qwen/qwen3-8b"
"prm-73806d5bdc6ee15f|placebo3|step12","prm-73806d5bdc6ee15f","207","3","12","34","10","29","1.172414","0","late","redundant","True","11","11","completed","198","The candidate answer matches the reference answer.","qwen/qwen3-8b"
"prm-73806d5bdc6ee15f|placebo4|step9","prm-73806d5bdc6ee15f","207","4","9","31","10","29","1.068966","0","late","redundant","True","11","11","completed","232","The candidate answer matches the reference answer.","qwen/qwen3-8b"
"prm-e853a7a5555f3056|placebo1|step1","prm-e853a7a5555f3056","209","1","1","46","0","44","1.045455","1","early","essential","False","9","13","completed","211","The candidate answer is incorrect. The correct value is 13, but the candidate answer is 9.","qwen/qwen3-8b"
"prm-e853a7a5555f3056|placebo2|step9","prm-e853a7a5555f3056","209","2","9","38","0","44","0.863636","1","early","essential","True","13","13","completed","166","The candidate answer is mathematically equivalent to the reference answer.","qwen/qwen3-8b"
"prm-e853a7a5555f3056|placebo3|step12","prm-e853a7a5555f3056","209","3","12","37","0","44","0.840909","1","early","essential","True","13","13","completed","186","Both answers are equal.","qwen/qwen3-8b"
"prm-e853a7a5555f3056|placebo4|step11","prm-e853a7a5555f3056","209","4","11","52","0","44","1.181818","1","early","essential","True","13","13","completed","179","The candidate answer is 13, which matches the reference answer.","qwen/qwen3-8b"
"prm-def1910362f8da38|placebo1|step5","prm-def1910362f8da38","210","1","5","38","0","42","0.904762","1","early","essential","False","8","6","completed","733","The reference answer is 6, but the candidate answer is 8.","qwen/qwen3-8b"
"prm-def1910362f8da38|placebo2|step6","prm-def1910362f8da38","210","2","6","36","0","42","0.857143","1","early","essential","True","6","6","completed","515","The candidate answer is mathematically equivalent to the reference answer.","qwen/qwen3-8b"
"prm-def1910362f8da38|placebo3|step13","prm-def1910362f8da38","210","3","13","36","0","42","0.857143","1","early","essential","False","","6","cannot_continue","2048","No candidate final answer was produced.","rule:no-answer"
"prm-def1910362f8da38|placebo4|step2","prm-def1910362f8da38","210","4","2","36","0","42","0.857143","1","early","essential","True","6","6","completed","450","Both answers are equal.","qwen/qwen3-8b"
"prm-2d520973414e1dcb|placebo1|step10","prm-2d520973414e1dcb","211","1","10","45","8","40","1.125","1","middle","redundant","True","27","27","completed","155","Both answers are the same.","qwen/qwen3-8b"
"prm-2d520973414e1dcb|placebo2|step1","prm-2d520973414e1dcb","211","2","1","34","8","40","0.85","1","middle","redundant","True","27","27","completed","200","Both answers are the same.","qwen/qwen3-8b"
"prm-2d520973414e1dcb|placebo3|step12","prm-2d520973414e1dcb","211","3","12","47","8","40","1.175","1","middle","redundant","True","27","27","completed","299","The candidate answer 27 matches the reference answer 27.","qwen/qwen3-8b"
"prm-2d520973414e1dcb|placebo4|step6","prm-2d520973414e1dcb","211","4","6","35","8","40","0.875","1","middle","redundant","True","27","27","completed","126","The candidate answer matches the reference answer.","qwen/qwen3-8b"
"prm-0000660f74dea7ea|placebo1|step1","prm-0000660f74dea7ea","212","1","1","27","5","31","0.870968","0","middle","harmful","False","40","8","completed","537","The candidate answer is not mathematically equivalent to the reference answer.","qwen/qwen3-8b"
"prm-0000660f74dea7ea|placebo2|step0","prm-0000660f74dea7ea","212","2","0","29","5","31","0.935484","0","middle","harmful","False","40","8","completed","656","The candidate answer is incorrect compared to the reference answer.","qwen/qwen3-8b"
"prm-6fb0c8f8ee2ebabd|placebo1|step9","prm-6fb0c8f8ee2ebabd","213","1","9","21","10","19","1.105263","0","middle","harmful","True","11","11","completed","406","The candidate answer matches the reference answer.","qwen/qwen3-8b"
"prm-6fb0c8f8ee2ebabd|placebo2|step16","prm-6fb0c8f8ee2ebabd","213","2","16","19","10","19","1","0","middle","harmful","False","121","11","completed","116","The candidate answer is incorrect; the reference answer is 11.","qwen/qwen3-8b"
"prm-6fb0c8f8ee2ebabd|placebo3|step20","prm-6fb0c8f8ee2ebabd","213","3","20","21","10","19","1.105263","0","middle","harmful","False","121","11","completed","123","The candidate answer does not match the reference answer.","qwen/qwen3-8b"
"prm-6fb0c8f8ee2ebabd|placebo4|step6","prm-6fb0c8f8ee2ebabd","213","4","6","21","10","19","1.105263","0","middle","harmful","True","11","11","completed","221","The candidate answer matches the reference answer.","qwen/qwen3-8b"
"prm-3d9ad8daca3b8faa|placebo1|step10","prm-3d9ad8daca3b8faa","214","1","10","24","12","29","0.827586","-1","late","harmful","False","","13","cannot_continue","2048","No candidate final answer was produced.","rule:no-answer"
"prm-3d9ad8daca3b8faa|placebo2|step7","prm-3d9ad8daca3b8faa","214","2","7","28","12","29","0.965517","-1","late","harmful","True","13","13","completed","245","The candidate answer is mathematically equivalent to the reference answer.","qwen/qwen3-8b"
"prm-3d9ad8daca3b8faa|placebo3|step0","prm-3d9ad8daca3b8faa","214","3","0","24","12","29","0.827586","-1","late","harmful","True","13","13","completed","450","The simplified form of the expression is algebraically equivalent to the reference answer.","qwen/qwen3-8b"
"prm-3d9ad8daca3b8faa|placebo4|step11","prm-3d9ad8daca3b8faa","214","4","11","32","12","29","1.103448","-1","late","harmful","False","","13","cannot_continue","2048","No candidate final answer was produced.","rule:no-answer"
"prm-2413c903941648a5|placebo1|step9","prm-2413c903941648a5","215","1","9","27","1","25","1.08","-1","early","essential","False","\boxed{\dfrac{169}{36}}","\frac{13}{6}","completed","328","The candidate answer is incorrect; the correct simplified fraction is $\frac{13}{6}$, not $\frac{169}{36}$.","qwen/qwen3-8b"
"prm-2413c903941648a5|placebo2|step16","prm-2413c903941648a5","215","2","16","21","1","25","0.84","-1","early","essential","False","\boxed{\dfrac{169}{36}}","\frac{13}{6}","completed","141","The correct answer is \frac{13}{6}, but the candidate answer is \boxed{\dfrac{169}{36}}.","qwen/qwen3-8b"
"prm-2413c903941648a5|placebo3|step13","prm-2413c903941648a5","215","3","13","23","1","25","0.92","-1","early","essential","False","\boxed{\dfrac{169}{36}}","\frac{13}{6}","completed","158","The candidate answer does not match the reference answer.","qwen/qwen3-8b"
"prm-2413c903941648a5|placebo4|step17","prm-2413c903941648a5","215","4","17","26","1","25","1.04","-1","early","essential","False","\boxed{\dfrac{169}{36}}","\frac{13}{6}","completed","120","The candidate answer is not mathematically equivalent; the correct answer is $\frac{13}{6}$.","qwen/qwen3-8b"
"prm-45c25b865bce0fe1|placebo1|step11","prm-45c25b865bce0fe1","216","1","11","58","2","72","0.805556","-1","early","essential","False","8","17","completed","464","The candidate answer is not mathematically equivalent to the reference answer.","qwen/qwen3-8b"
"prm-45c25b865bce0fe1|placebo2|step6","prm-45c25b865bce0fe1","216","2","6","58","2","72","0.805556","-1","early","essential","False","8","17","completed","660","The correct answer is 17, but the candidate answer is 8.","qwen/qwen3-8b"
"prm-c7fdd3c01ea7968c|placebo1|step8","prm-c7fdd3c01ea7968c","217","1","8","26","9","30","0.866667","1","late","essential","True","10%","10","completed","156","The candidate answer 10% is mathematically equivalent to the reference answer 10.","qwen/qwen3-8b"
"prm-c7fdd3c01ea7968c|placebo2|step5","prm-c7fdd3c01ea7968c","217","2","5","30","9","30","1","1","late","essential","False","10	extbackslash	extbackslash%","10","completed","251","The candidate answer is not mathematically equivalent to the reference answer.","qwen/qwen3-8b"
"prm-c7fdd3c01ea7968c|placebo3|step7","prm-c7fdd3c01ea7968c","217","3","7","35","9","30","1.166667","1","late","essential","True","10\%","10","completed","227","The candidate answer matches the reference answer.","qwen/qwen3-8b"
"prm-c7fdd3c01ea7968c|placebo4|step3","prm-c7fdd3c01ea7968c","217","4","3","29","9","30","0.966667","1","late","essential","False","10%","10","completed","216","The candidate answer is missing the percent symbol, which is required for the answer format.","qwen/qwen3-8b"
"prm-b30d7b8afa669a70|placebo1|step19","prm-b30d7b8afa669a70","218","1","19","24","7","22","1.090909","-1","early","essential","False","(2, 2.1) igcup (2.1, 102)","(2,12) \cup (12,102)","completed","296","The candidate answer is incorrect. The reference answer is (2,12) \cup (12,102), but the candidate answer is (2, 2.1) igcup (2.1, 102).","qwen/qwen3-8b"
"prm-b30d7b8afa669a70|placebo2|step4","prm-b30d7b8afa669a70","218","2","4","19","7","22","0.863636","-1","early","essential","True","(2, 12) \cup (12, 102)","(2,12) \cup (12,102)","completed","372","The candidate answer is mathematically equivalent to the reference answer.","qwen/qwen3-8b"
"prm-b30d7b8afa669a70|placebo3|step3","prm-b30d7b8afa669a70","218","3","3","18","7","22","0.818182","-1","early","essential","True","(2, 12) \\cup (12, 102)","(2,12) \cup (12,102)","completed","332","Both answers are equal.","qwen/qwen3-8b"
"prm-b30d7b8afa669a70|placebo4|step10","prm-b30d7b8afa669a70","218","4","10","24","7","22","1.090909","-1","early","essential","False","$(2, 2.1) igcup (2.1, 102)$","(2,12) \cup (12,102)","completed","455","The candidate answer incorrectly specifies the interval as (2, 2.1) ∪ (2.1, 102), while the reference answer is (2,12) ∪ (12,102).","qwen/qwen3-8b"
"prm-9d4dfc92d2809bdb|placebo1|step0","prm-9d4dfc92d2809bdb","219","1","0","21","13","26","0.807692","0","late","redundant","True","3","3","completed","206","The candidate answer matches the reference answer.","qwen/qwen3-8b"
"prm-9d4dfc92d2809bdb|placebo2|step14","prm-9d4dfc92d2809bdb","219","2","14","25","13","26","0.961538","0","late","redundant","True","3","3","completed","73","The candidate answer is mathematically equivalent to the reference answer.","qwen/qwen3-8b"
"prm-9d4dfc92d2809bdb|placebo3|step3","prm-9d4dfc92d2809bdb","219","3","3","28","13","26","1.076923","0","late","redundant","True","3","3","completed","142","The candidate answer matches the reference answer.","qwen/qwen3-8b"
"prm-9d4dfc92d2809bdb|placebo4|step2","prm-9d4dfc92d2809bdb","219","4","2","21","13","26","0.807692","0","late","redundant","True","3","3","completed","127","Both answers are equal.","qwen/qwen3-8b"
"prm-d22d355799e3baaf|placebo1|step24","prm-d22d355799e3baaf","220","1","24","29","16","30","0.966667","-1","middle","harmful","False","Chris is $\frac{42}{5}$ years old, which is 8.4 years old.","10","completed","295","The reference answer is an integer, but the candidate answer is a fraction.","qwen/qwen3-8b"
"prm-d22d355799e3baaf|placebo2|step26","prm-d22d355799e3baaf","220","2","26","26","16","30","0.866667","-1","middle","harmful","False","\frac{42}{5}","10","completed","228","The candidate answer is not mathematically equivalent to the reference answer.","qwen/qwen3-8b"
"prm-d22d355799e3baaf|placebo3|step20","prm-d22d355799e3baaf","220","3","20","27","16","30","0.9","-1","middle","harmful","False","Chris is $\frac{42}{5}$ years old, or 8 and $\frac{2}{5}$ years old.","10","completed","157","The candidate answer is not a single numerical value, while the reference answer is 10.","qwen/qwen3-8b"
"prm-d22d355799e3baaf|placebo4|step28","prm-d22d355799e3baaf","220","4","28","32","16","30","1.066667","-1","middle","harmful","False","Chris is $rac{42}{5}$ years old, which is 8 and $rac{2}{5}$ years old.","10","completed","119","The candidate answer is not mathematically equivalent to the reference answer. The reference answer is 10, while the candidate answer is 8 and 2/5.","qwen/qwen3-8b"
"prm-caf345262620d432|placebo1|step6","prm-caf345262620d432","223","1","6","13","14","16","0.8125","0","late","redundant","True","$137\frac{1}{2}$","137 \frac{1}{2}","completed","112","The candidate answer is algebraically equivalent to the reference answer.","qwen/qwen3-8b"
"prm-caf345262620d432|placebo2|step4","prm-caf345262620d432","223","2","4","19","14","16","1.1875","0","late","redundant","True","$\frac{550}{4}$ simplifies to $137\frac{1}{2}$ miles.","137 \frac{1}{2}","completed","114","The candidate answer correctly simplifies $\frac{550}{4}$ to $137\frac{1}{2}$, which matches the reference answer.","qwen/qwen3-8b"
"prm-caf345262620d432|placebo3|step7","prm-caf345262620d432","223","3","7","19","14","16","1.1875","0","late","redundant","True","137\frac{1}{2}","137 \frac{1}{2}","completed","102","The candidate answer matches the reference answer.","qwen/qwen3-8b"
"prm-caf345262620d432|placebo4|step12","prm-caf345262620d432","223","4","12","15","14","16","0.9375","0","late","redundant","True","137\frac{1}{2}","137 \frac{1}{2}","completed","85","The candidate answer is mathematically equivalent to the reference answer.","qwen/qwen3-8b"
"prm-2a5b9be75f2130c8|placebo1|step1","prm-2a5b9be75f2130c8","224","1","1","26","2","24","1.083333","-1","early","harmful","True","1","1","completed","213","The candidate answer is mathematically equivalent to the reference answer.","qwen/qwen3-8b"
"prm-2a5b9be75f2130c8|placebo2|step4","prm-2a5b9be75f2130c8","224","2","4","21","2","24","0.875","-1","early","harmful","False","\boxed{\left(\dfrac{20}{37}\right)^{55}}","1","completed","123","The candidate answer is not mathematically equivalent to the reference answer. The correct answer is $\left(\dfrac{32}{37}\right)^{55}$, not $\left(\dfrac{20}{37}\right)^{55}$.","qwen/qwen3-8b"
"prm-2a5b9be75f2130c8|placebo3|step8","prm-2a5b9be75f2130c8","224","3","8","21","2","24","0.875","-1","early","harmful","False","\boxed{\left(\dfrac{20}{37}\right)^{55}}","1","completed","99","The candidate answer is not mathematically equivalent to the reference answer. The reference answer is 1, but the candidate answer is $\left(\dfrac{20}{37}\right)^{55}$.","qwen/qwen3-8b"
"prm-7cf98f01d85acf4d|placebo1|step15","prm-7cf98f01d85acf4d","225","1","15","59","11","51","1.156863","1","middle","harmful","True","ellipse","\text{ellipse}","completed","238","The candidate answer is mathematically equivalent to the reference answer.","qwen/qwen3-8b"
"prm-7cf98f01d85acf4d|placebo2|step5","prm-7cf98f01d85acf4d","225","2","5","41","11","51","0.803922","1","middle","harmful","True","ellipse","\text{ellipse}","completed","203","The candidate answer matches the reference answer.","qwen/qwen3-8b"
"prm-7cf98f01d85acf4d|placebo3|step7","prm-7cf98f01d85acf4d","225","3","7","57","11","51","1.117647","1","middle","harmful","True","ellipse","\text{ellipse}","completed","218","The equation represents an ellipse because the coefficients of $x^2$ and $y^2$ are positive and different, and the equation is in the standard form of an ellipse.","qwen/qwen3-8b"
"prm-7cf98f01d85acf4d|placebo4|step3","prm-7cf98f01d85acf4d","225","4","3","60","11","51","1.176471","1","middle","harmful","True","ellipse","\text{ellipse}","completed","616","The equation represents an ellipse because it is in the form of a circle equation scaled by a factor and shifted, which is an ellipse.","qwen/qwen3-8b"
"prm-f43ad1cb6c3aa6ba|placebo1|step13","prm-f43ad1cb6c3aa6ba","226","1","13","13","12","15","0.866667","0","late","essential","False","155","203","completed","158","The candidate answer 155 is not the smallest number of coins that satisfies the conditions of the problem.","qwen/qwen3-8b"
"prm-f43ad1cb6c3aa6ba|placebo2|step5","prm-f43ad1cb6c3aa6ba","226","2","5","15","12","15","1","0","late","essential","False","155","203","completed","328","The candidate answer 155 is not the smallest number of coins that satisfies the conditions of the problem.","qwen/qwen3-8b"
"prm-f43ad1cb6c3aa6ba|placebo3|step15","prm-f43ad1cb6c3aa6ba","226","3","15","14","12","15","0.933333","0","late","essential","False","155","203","completed","85","The candidate answer 155 is not the smallest number of coins that satisfies the conditions of the problem.","qwen/qwen3-8b"
"prm-f43ad1cb6c3aa6ba|placebo4|step10","prm-f43ad1cb6c3aa6ba","226","4","10","13","12","15","0.866667","0","late","essential","False","155","203","completed","222","The candidate answer is not mathematically equivalent to the reference answer.","qwen/qwen3-8b"
"prm-f66c436ea5314143|placebo1|step15","prm-f66c436ea5314143","227","1","15","32","16","36","0.888889","-1","late","redundant","True","44","44","completed","223","Both answers are equal to 44.","qwen/qwen3-8b"
"prm-f66c436ea5314143|placebo2|step1","prm-f66c436ea5314143","227","2","1","30","16","36","0.833333","-1","late","redundant","False","","44","cannot_continue","2048","No candidate final answer was produced.","rule:no-answer"
"prm-f66c436ea5314143|placebo3|step2","prm-f66c436ea5314143","227","3","2","35","16","36","0.972222","-1","late","redundant","False","","44","cannot_continue","2048","No candidate final answer was produced.","rule:no-answer"
"prm-f66c436ea5314143|placebo4|step4","prm-f66c436ea5314143","227","4","4","32","16","36","0.888889","-1","late","redundant","True","44","44","completed","506","The candidate answer matches the reference answer.","qwen/qwen3-8b"
"prm-e457a6097bf292ad|placebo1|step3","prm-e457a6097bf292ad","228","1","3","20","8","19","1.052632","1","late","essential","True","(3/2, -13)","\left( \frac{3}{2}, -13 \right)","completed","251","The candidate answer is algebraically equivalent to the reference answer.","qwen/qwen3-8b"
"prm-e457a6097bf292ad|placebo2|step2","prm-e457a6097bf292ad","228","2","2","16","8","19","0.842105","1","late","essential","True","(\frac{3}{2}, -13)","\left( \frac{3}{2}, -13 \right)","completed","183","The candidate answer is algebraically equivalent to the reference answer.","qwen/qwen3-8b"
"prm-e457a6097bf292ad|placebo3|step4","prm-e457a6097bf292ad","228","3","4","18","8","19","0.947368","1","late","essential","True","(\frac{3}{2}, -13)","\left( \frac{3}{2}, -13 \right)","completed","273","The candidate answer is algebraically equivalent to the reference answer.","qwen/qwen3-8b"
"prm-d43403303ce7ca47|placebo1|step10","prm-d43403303ce7ca47","229","1","10","29","13","27","1.074074","0","late","redundant","False","$AF^2 + BF^2 + CF^2 = rac{1}{3}(a^2 + b^2 + c^2) + 4R^2$","3R^2","completed","330","The candidate answer is not mathematically equivalent to the reference answer.","qwen/qwen3-8b"
"prm-d43403303ce7ca47|placebo2|step4","prm-d43403303ce7ca47","229","2","4","32","13","27","1.185185","0","late","redundant","False","$$AF^2 + BF^2 + CF^2 = rac{1}{2}(a^2 + b^2 + c^2) + 3GF^2$$
Using known relations between the centroid $G$, orthocenter $H$, and circumradius $R$, and the fact that $F$ is the midpoint of $GH$, we can further simplify this expression to: $$AF^2 + BF^2 + CF^2 = rac{1}{2}(a^2 + b^2 + c^2) + rac{3}{4}GH^2$$
Finally, using the identity $GH^2 = 9R^2 - (a^2 + b^2 + c^2)$, we obtain: $$AF^2 + BF^2 + CF^2 = rac{1}{2}(a^2 + b^2 + c^2) + rac{3}{4}(9R^2 - (a^2 + b^2 + c^2))$$
Simplifying this expression gives: $$AF^2 + BF^2 + CF^2 = rac{27}{4}R^2 - rac{1}{4}(a^2 + b^2 + c^2)$$","3R^2","completed","527","The reference answer is 3R^2, but the candidate answer is an expression involving R^2 and a^2 + b^2 + c^2, which is not mathematically equivalent.","qwen/qwen3-8b"
"prm-d43403303ce7ca47|placebo3|step8","prm-d43403303ce7ca47","229","3","8","29","13","27","1.074074","0","late","redundant","False","$AF^2 + BF^2 + CF^2 = a^2 + b^2 + c^2 - 3R^2$","3R^2","completed","824","The candidate answer does not match the reference answer.","qwen/qwen3-8b"
"prm-d43403303ce7ca47|placebo4|step9","prm-d43403303ce7ca47","229","4","9","25","13","27","0.925926","0","late","redundant","False","$AF^2 + BF^2 + CF^2 = \frac{1}{3}(a^2 + b^2 + c^2) + 4R^2$","3R^2","completed","438","The candidate answer is algebraically different from the reference answer. The reference answer is 3R^2, while the candidate answer involves a combination of side lengths and the circumradius.","qwen/qwen3-8b"
"prm-91db4cb8cb67916a|placebo1|step2","prm-91db4cb8cb67916a","230","1","2","44","6","50","0.88","1","early","redundant","False","The function $ f(x) $ has 2 distinct values in its range.","3","completed","189","The candidate answer states there are 2 distinct values, but the reference answer is 3.","qwen/qwen3-8b"
"prm-91db4cb8cb67916a|placebo2|step12","prm-91db4cb8cb67916a","230","2","12","55","6","50","1.1","1","early","redundant","True","3","3","completed","281","Both answers are equal.","qwen/qwen3-8b"
"prm-91db4cb8cb67916a|placebo3|step4","prm-91db4cb8cb67916a","230","3","4","45","6","50","0.9","1","early","redundant","True","3","3","completed","387","Both answers are the same.","qwen/qwen3-8b"
"prm-91db4cb8cb67916a|placebo4|step7","prm-91db4cb8cb67916a","230","4","7","53","6","50","1.06","1","early","redundant","True","3","3","completed","446","Both answers are the same.","qwen/qwen3-8b"
"prm-24135c674fb88634|placebo1|step12","prm-24135c674fb88634","231","1","12","30","9","30","1","-1","middle","harmful","False","999","333","completed","84","The candidate answer 999 is not the modular inverse of 997 modulo 1000. The correct answer is 333.","qwen/qwen3-8b"
"prm-24135c674fb88634|placebo2|step13","prm-24135c674fb88634","231","2","13","25","9","30","0.833333","-1","middle","harmful","True","333","333","completed","515","The candidate answer matches the reference answer.","qwen/qwen3-8b"
"prm-d139e98806701b02|placebo1|step0","prm-d139e98806701b02","232","1","0","18","8","21","0.857143","0","late","redundant","True","\frac{5}{9}","\frac 59","completed","228","The candidate answer is algebraically equivalent to the reference answer.","qwen/qwen3-8b"
"prm-e31d87a5f18e7b0e|placebo1|step8","prm-e31d87a5f18e7b0e","234","1","8","28","9","27","1.037037","1","middle","essential","False","The values of $	ext{lambda}$ are $1 < 	ext{lambda} 
eq 2$.","(3,4]","completed","363","The candidate answer does not match the reference answer. The correct interval is (3,4], but the candidate answer is $1 < 	ext{lambda} 
eq 2$.","qwen/qwen3-8b"
"prm-e31d87a5f18e7b0e|placebo2|step7","prm-e31d87a5f18e7b0e","234","2","7","26","9","27","0.962963","1","middle","essential","False","\boxed{(1, 4]}","(3,4]","completed","535","The candidate answer (1, 4] is not mathematically equivalent to the reference answer (3,4]. The interval (1, 4] includes values of $\lambda$ less than 3, which do not satisfy the condition of the problem.","qwen/qwen3-8b"
"prm-02dc733a400c8a44|placebo1|step5","prm-02dc733a400c8a44","235","1","5","27","4","25","1.08","-1","early","harmful","True","9","9","completed","304","The candidate answer is mathematically equivalent to the reference answer.","qwen/qwen3-8b"
"prm-02dc733a400c8a44|placebo2|step0","prm-02dc733a400c8a44","235","2","0","28","4","25","1.12","-1","early","harmful","True","9","9","completed","185","The candidate answer is mathematically equivalent to the reference answer.","qwen/qwen3-8b"
"prm-02dc733a400c8a44|placebo3|step7","prm-02dc733a400c8a44","235","3","7","23","4","25","0.92","-1","early","harmful","False","\frac{4}{5}","9","completed","120","The candidate answer is not mathematically equivalent to the reference answer. The correct value of $f^{-1}\left(\frac{1}{5}\right)$ is $9$, not $\frac{4}{5}$.","qwen/qwen3-8b"
"prm-02dc733a400c8a44|placebo4|step1","prm-02dc733a400c8a44","235","4","1","30","4","25","1.2","-1","early","harmful","False","\frac{9}{5}","9","completed","281","The candidate answer is not mathematically equivalent to the reference answer. The reference answer is 9, but the candidate answer is $\dfrac{9}{5}$.","qwen/qwen3-8b"
"prm-a3a05daf8f16a52f|placebo1|step16","prm-a3a05daf8f16a52f","237","1","16","20","4","19","1.052632","0","early","essential","True","203","203","completed","722","The candidate answer is mathematically equivalent to the reference answer.","qwen/qwen3-8b"
"prm-a3a05daf8f16a52f|placebo2|step12","prm-a3a05daf8f16a52f","237","2","12","17","4","19","0.894737","0","early","essential","False","256","203","completed","571","The candidate answer does not match the reference answer.","qwen/qwen3-8b"
"prm-a3a05daf8f16a52f|placebo3|step9","prm-a3a05daf8f16a52f","237","3","9","21","4","19","1.105263","0","early","essential","True","203","203","completed","547","The candidate answer matches the reference answer.","qwen/qwen3-8b"
"prm-a3a05daf8f16a52f|placebo4|step13","prm-a3a05daf8f16a52f","237","4","13","16","4","19","0.842105","0","early","essential","True","203","203","completed","416","The candidate answer matches the reference answer.","qwen/qwen3-8b"
"prm-47679397406393e0|placebo1|step11","prm-47679397406393e0","238","1","11","18","3","17","1.058824","1","early","redundant","True","4210_5","4210_{5}","completed","115","The candidate answer 4210_5 is mathematically equivalent to the reference answer 4210_{5}.","qwen/qwen3-8b"
"prm-47679397406393e0|placebo2|step5","prm-47679397406393e0","238","2","5","20","3","17","1.176471","1","early","redundant","True","$4210_5$","4210_{5}","completed","206","The candidate answer $4210_5$ is mathematically equivalent to the reference answer.","qwen/qwen3-8b"
"prm-47679397406393e0|placebo3|step7","prm-47679397406393e0","238","3","7","18","3","17","1.058824","1","early","redundant","True","4210_5","4210_{5}","completed","228","The candidate answer 4210_5 is mathematically equivalent to the reference answer 4210_{5}.","qwen/qwen3-8b"
"prm-47679397406393e0|placebo4|step9","prm-47679397406393e0","238","4","9","17","3","17","1","1","early","redundant","True","4210_5","4210_{5}","completed","172","The candidate answer is mathematically equivalent to the reference answer.","qwen/qwen3-8b"
"prm-1b82baadae1514fc|placebo1|step2","prm-1b82baadae1514fc","239","1","2","36","1","42","0.857143","-1","early","harmful","False","$x = \frac{-\log 19}{2 \log 3 - 1}$","2","completed","182","The candidate answer is not algebraically equivalent to the reference answer.","qwen/qwen3-8b"
"prm-1b82baadae1514fc|placebo2|step3","prm-1b82baadae1514fc","239","2","3","48","1","42","1.142857","-1","early","harmful","False","\boxed{1.52}","2","completed","155","The candidate answer \boxed{1.52} is not mathematically equivalent to the reference answer 2.","qwen/qwen3-8b"
"prm-1b82baadae1514fc|placebo3|step0","prm-1b82baadae1514fc","239","3","0","34","1","42","0.809524","-1","early","harmful","False","","2","cannot_continue","157","No candidate final answer was produced.","rule:no-answer"
"prm-01441d1b7d95366c|placebo1|step0","prm-01441d1b7d95366c","240","1","0","47","4","53","0.886792","1","middle","essential","False","","600","cannot_continue","2048","No candidate final answer was produced.","rule:no-answer"
"prm-8acbcd62bf310d16|placebo1|step10","prm-8acbcd62bf310d16","241","1","10","25","6","21","1.190476","1","middle","redundant","True","7","7","completed","217","The candidate answer matches the reference answer.","qwen/qwen3-8b"
"prm-8acbcd62bf310d16|placebo2|step8","prm-8acbcd62bf310d16","241","2","8","20","6","21","0.952381","1","middle","redundant","True","7","7","completed","213","The candidate answer matches the reference answer.","qwen/qwen3-8b"
"prm-8acbcd62bf310d16|placebo3|step4","prm-8acbcd62bf310d16","241","3","4","19","6","21","0.904762","1","middle","redundant","True","7","7","completed","264","The candidate answer matches the reference answer.","qwen/qwen3-8b"
"prm-295680b6ca231154|placebo1|step6","prm-295680b6ca231154","243","1","6","24","3","27","0.888889","-1","early","essential","False","24","9","completed","229","The candidate answer is not mathematically equivalent to the reference answer.","qwen/qwen3-8b"
"prm-295680b6ca231154|placebo2|step7","prm-295680b6ca231154","243","2","7","26","3","27","0.962963","-1","early","essential","True","9","9","completed","176","The candidate answer matches the reference answer.","qwen/qwen3-8b"
"prm-295680b6ca231154|placebo3|step2","prm-295680b6ca231154","243","3","2","23","3","27","0.851852","-1","early","essential","True","9","9","completed","248","The candidate answer matches the reference answer.","qwen/qwen3-8b"
"prm-295680b6ca231154|placebo4|step0","prm-295680b6ca231154","243","4","0","32","3","27","1.185185","-1","early","essential","True","9","9","completed","267","The candidate answer is mathematically equivalent to the reference answer.","qwen/qwen3-8b"
"prm-f2aca719a99dc3e9|placebo1|step2","prm-f2aca719a99dc3e9","244","1","2","42","11","42","1","-1","late","harmful","True","6","6","completed","579","The candidate answer matches the reference answer.","qwen/qwen3-8b"
"prm-f2aca719a99dc3e9|placebo2|step6","prm-f2aca719a99dc3e9","244","2","6","35","11","42","0.833333","-1","late","harmful","True","6","6","completed","954","Both answers are equal.","qwen/qwen3-8b"
"prm-47a902d41e673ff6|placebo1|step14","prm-47a902d41e673ff6","245","1","14","35","13","32","1.09375","0","middle","redundant","True","14","14","completed","244","Both answers are the same.","qwen/qwen3-8b"
"prm-47a902d41e673ff6|placebo2|step15","prm-47a902d41e673ff6","245","2","15","26","13","32","0.8125","0","middle","redundant","False","","14","cannot_continue","2048","No candidate final answer was produced.","rule:no-answer"
"prm-47a902d41e673ff6|placebo3|step20","prm-47a902d41e673ff6","245","3","20","35","13","32","1.09375","0","middle","redundant","False","13","14","completed","437","The candidate answer 13 is not the least possible sum of distinct positive integers whose product is 84. The correct answer is 14.","qwen/qwen3-8b"
"prm-47a902d41e673ff6|placebo4|step12","prm-47a902d41e673ff6","245","4","12","36","13","32","1.125","0","middle","redundant","True","14","14","completed","288","The candidate answer matches the reference answer.","qwen/qwen3-8b"
"prm-0700321e0038e3d1|placebo1|step4","prm-0700321e0038e3d1","246","1","4","24","1","29","0.827586","0","early","redundant","True","83","83","completed","120","The candidate answer matches the reference answer.","qwen/qwen3-8b"
"prm-9156dcd21a3e42c0|placebo1|step1","prm-9156dcd21a3e42c0","247","1","1","36","3","34","1.058824","1","middle","essential","True","5","5","completed","221","The candidate answer is correct and matches the reference answer.","qwen/qwen3-8b"
"prm-14c85f1b92bf8cfb|placebo1|step0","prm-14c85f1b92bf8cfb","248","1","0","49","3","53","0.924528","-1","middle","harmful","False","7","49","completed","160","The candidate answer 7 is not mathematically equivalent to the reference answer 49. The operation @ is defined as $\frac{m}{n}@\frac{p}{q} = (m)(p)\left(\frac{q}{n}\right)$, and the correct calculation is $\frac{7}{30}@\frac{10}{21} = 7 \cdot 10 \cdot \frac{21}{30} = 49$.","qwen/qwen3-8b"
"prm-8fb8c12bb402ec2d|placebo1|step2","prm-8fb8c12bb402ec2d","249","1","2","37","7","41","0.902439","0","late","redundant","True","3","3","completed","211","The candidate answer is mathematically equivalent to the reference answer.","qwen/qwen3-8b"
"prm-66bc41cfa62d57e2|placebo1|step4","prm-66bc41cfa62d57e2","251","1","4","25","10","26","0.961538","1","late","essential","True","864","864 \mbox{ inches}^2","completed","200","The candidate answer is mathematically equivalent to the reference answer.","qwen/qwen3-8b"
"prm-66bc41cfa62d57e2|placebo2|step2","prm-66bc41cfa62d57e2","251","2","2","30","10","26","1.153846","1","late","essential","False","864","864 \mbox{ inches}^2","completed","179","The candidate answer is missing the unit of measurement. The reference answer is $864 \mbox{ inches}^2$, but the candidate answer is just $864$.","qwen/qwen3-8b"
"prm-66bc41cfa62d57e2|placebo3|step0","prm-66bc41cfa62d57e2","251","3","0","21","10","26","0.807692","1","late","essential","False","864","864 \mbox{ inches}^2","completed","235","The candidate answer is missing the unit of measurement. The reference answer is 864 inches$^2$, but the candidate answer is 864.","qwen/qwen3-8b"
"prm-66bc41cfa62d57e2|placebo4|step9","prm-66bc41cfa62d57e2","251","4","9","27","10","26","1.038462","1","late","essential","False","864","864 \mbox{ inches}^2","completed","169","Missing unit in candidate answer.","qwen/qwen3-8b"
"prm-2dfd8218ce19b305|placebo1|step7","prm-2dfd8218ce19b305","252","1","7","16","21","15","1.066667","0","late","redundant","True","$(-\infty, 2) \cup (3, \infty)$","(-\infty, 2) \cup (3, \infty)","completed","229","The candidate answer matches the reference answer.","qwen/qwen3-8b"
"prm-2dfd8218ce19b305|placebo2|step14","prm-2dfd8218ce19b305","252","2","14","16","21","15","1.066667","0","late","redundant","True","The domain of the function is $(-\infty, 2) \cup (3, \infty)$","(-\infty, 2) \cup (3, \infty)","completed","226","The candidate answer includes the correct domain, $(-\infty, 2) \cup (3, \infty)$, and the formatting is equivalent.","qwen/qwen3-8b"
"prm-2dfd8218ce19b305|placebo3|step8","prm-2dfd8218ce19b305","252","3","8","16","21","15","1.066667","0","late","redundant","True","The domain of the function is $(-	ext{infty}, 2) 	ext{ union } (3, 	ext{infty})$","(-\infty, 2) \cup (3, \infty)","completed","218","The candidate answer is algebraically equivalent to the reference answer, with minor formatting differences.","qwen/qwen3-8b"
"prm-2dfd8218ce19b305|placebo4|step13","prm-2dfd8218ce19b305","252","4","13","12","21","15","0.8","0","late","redundant","True","(-\infty, 2) \cup (3, \infty)","(-\infty, 2) \cup (3, \infty)","completed","208","The candidate answer is identical to the reference answer.","qwen/qwen3-8b"
"prm-b7f05eda927bf837|placebo1|step9","prm-b7f05eda927bf837","253","1","9","65","8","70","0.928571","0","middle","redundant","True","1","1","completed","1152","The candidate answer 1 is mathematically equivalent to the reference answer.","qwen/qwen3-8b"
"prm-b7f05eda927bf837|placebo2|step11","prm-b7f05eda927bf837","253","2","11","60","8","70","0.857143","0","middle","redundant","False","4","1","completed","989","The candidate answer 4 is not the correct value for f(2015,2).","qwen/qwen3-8b"
"prm-57a23b7d9d387a2d|placebo1|step5","prm-57a23b7d9d387a2d","254","1","5","47","9","49","0.959184","0","middle","harmful","False","","1.25","cannot_continue","2048","No candidate final answer was produced.","rule:no-answer"
"prm-e0c68e2f69c92ce1|placebo1|step20","prm-e0c68e2f69c92ce1","255","1","20","36","12","32","1.125","0","middle","harmful","False","0","-13x+3","completed","192","The candidate answer is not equivalent to the reference answer.","qwen/qwen3-8b"
"prm-e0c68e2f69c92ce1|placebo2|step3","prm-e0c68e2f69c92ce1","255","2","3","28","12","32","0.875","0","middle","harmful","False","-10x + 5","-13x+3","completed","567","The candidate answer -10x + 5 is not mathematically equivalent to the reference answer -13x+3.","qwen/qwen3-8b"
"prm-e0c68e2f69c92ce1|placebo3|step2","prm-e0c68e2f69c92ce1","255","3","2","28","12","32","0.875","0","middle","harmful","False","The remainder when $f(x)$ is divided by $x^2 - 1$ is $-10x - 4$.","-13x+3","completed","187","The candidate answer is not mathematically equivalent to the reference answer.","qwen/qwen3-8b"
"prm-e0c68e2f69c92ce1|placebo4|step18","prm-e0c68e2f69c92ce1","255","4","18","30","12","32","0.9375","0","middle","harmful","False","\boxed{\frac{5}{2}x - \frac{5}{2}}","-13x+3","completed","690","The candidate answer is not mathematically equivalent to the reference answer.","qwen/qwen3-8b"
"prm-ac01250021f796d9|placebo1|step5","prm-ac01250021f796d9","256","1","5","26","11","23","1.130435","0","middle","redundant","True","203","203","completed","423","The candidate answer matches the reference answer.","qwen/qwen3-8b"
"prm-ac01250021f796d9|placebo2|step6","prm-ac01250021f796d9","256","2","6","25","11","23","1.086957","0","middle","redundant","True","203","203","completed","461","The candidate answer matches the reference answer.","qwen/qwen3-8b"
"prm-ac01250021f796d9|placebo3|step16","prm-ac01250021f796d9","256","3","16","20","11","23","0.869565","0","middle","redundant","True","203","203","completed","843","The candidate answer matches the reference answer.","qwen/qwen3-8b"
"prm-ac01250021f796d9|placebo4|step9","prm-ac01250021f796d9","256","4","9","21","11","23","0.913043","0","middle","redundant","False","The smallest number of coins you could have had before finding the bag of 53 coins is 123.","203","completed","330","The candidate answer is not mathematically equivalent to the reference answer.","qwen/qwen3-8b"
"prm-0ade6393f937db17|placebo1|step3","prm-0ade6393f937db17","257","1","3","24","7","24","1","1","middle","redundant","True","2","2","completed","174","The candidate answer matches the reference answer.","qwen/qwen3-8b"
"prm-77a86cb6e4dfd1aa|placebo1|step1","prm-77a86cb6e4dfd1aa","258","1","1","23","3","26","0.884615","1","middle","essential","True","58500","58,500","completed","146","The candidate answer matches the reference answer.","qwen/qwen3-8b"
"prm-77a86cb6e4dfd1aa|placebo2|step5","prm-77a86cb6e4dfd1aa","258","2","5","31","3","26","1.192308","1","middle","essential","True","58500","58,500","completed","75","The candidate answer 58500 is mathematically equivalent to the reference answer 58,500.","qwen/qwen3-8b"
"prm-99891d43a5e736a5|placebo1|step0","prm-99891d43a5e736a5","259","1","0","54","15","66","0.818182","0","late","redundant","False","14","12","completed","187","The candidate answer is 14, but the reference answer is 12.","qwen/qwen3-8b"
"prm-977f248f4b7b1084|placebo1|step1","prm-977f248f4b7b1084","260","1","1","41","3","35","1.171429","0","middle","redundant","True","1030","1030","completed","343","Both answers are equal.","qwen/qwen3-8b"
"prm-f77af5e177e450d9|placebo1|step0","prm-f77af5e177e450d9","261","1","0","40","12","45","0.888889","0","late","essential","False","","x \in [-2,7]","cannot_continue","2048","No candidate final answer was produced.","rule:no-answer"
"prm-f77af5e177e450d9|placebo2|step5","prm-f77af5e177e450d9","261","2","5","36","12","45","0.8","0","late","essential","True","[-2, 7]","x \in [-2,7]","completed","174","Both answers are the same.","qwen/qwen3-8b"
"prm-51eccaad45590836|placebo1|step4","prm-51eccaad45590836","264","1","4","25","5","24","1.041667","-1","middle","harmful","True","1","1","completed","167","The candidate answer 1 is mathematically equivalent to the reference answer 1.","qwen/qwen3-8b"
"prm-51eccaad45590836|placebo2|step1","prm-51eccaad45590836","264","2","1","22","5","24","0.916667","-1","middle","harmful","True","1","1","completed","215","The candidate answer matches the reference answer.","qwen/qwen3-8b"
"prm-51eccaad45590836|placebo3|step8","prm-51eccaad45590836","264","3","8","21","5","24","0.875","-1","middle","harmful","True","1","1","completed","165","The candidate answer matches the reference answer.","qwen/qwen3-8b"
"prm-51eccaad45590836|placebo4|step7","prm-51eccaad45590836","264","4","7","22","5","24","0.916667","-1","middle","harmful","True","1","1","completed","183","The candidate answer matches the reference answer.","qwen/qwen3-8b"
"prm-ac1c971aefdf8aad|placebo1|step3","prm-ac1c971aefdf8aad","265","1","3","47","1","48","0.979167","0","early","harmful","False","","2","cannot_continue","2048","No candidate final answer was produced.","rule:no-answer"
"prm-ac1c971aefdf8aad|placebo2|step4","prm-ac1c971aefdf8aad","265","2","4","50","1","48","1.041667","0","early","harmful","False","","2","logical_break","133","No candidate final answer was produced.","rule:no-answer"
"prm-14d4896af9e2f42b|placebo1|step9","prm-14d4896af9e2f42b","266","1","9","62","4","58","1.068966","-1","early","harmful","False","46","10","completed","381","The candidate answer is not mathematically equivalent to the reference answer.","qwen/qwen3-8b"
"prm-14d4896af9e2f42b|placebo2|step8","prm-14d4896af9e2f42b","266","2","8","52","4","58","0.896552","-1","early","harmful","False","","10","logical_break","221","No candidate final answer was produced.","rule:no-answer"
"prm-14d4896af9e2f42b|placebo3|step7","prm-14d4896af9e2f42b","266","3","7","59","4","58","1.017241","-1","early","harmful","False","46","10","completed","364","The candidate answer is not mathematically equivalent to the reference answer. The reference answer is 10, but the candidate answer is 46.","qwen/qwen3-8b"
"prm-e5b42c42ddfdfe89|placebo1|step7","prm-e5b42c42ddfdfe89","267","1","7","39","0","45","0.866667","0","early","redundant","False","4","1","completed","203","Candidate answer does not match reference answer.","qwen/qwen3-8b"
"prm-e5b42c42ddfdfe89|placebo2|step2","prm-e5b42c42ddfdfe89","267","2","2","37","0","45","0.822222","0","early","redundant","False","0","1","completed","599","The candidate answer does not match the reference answer.","qwen/qwen3-8b"
"prm-4dbc982a4c31d7d8|placebo1|step2","prm-4dbc982a4c31d7d8","269","1","2","21","15","20","1.05","1","late","harmful","True","2","2","completed","570","The candidate answer matches the reference answer.","qwen/qwen3-8b"
"prm-4dbc982a4c31d7d8|placebo2|step19","prm-4dbc982a4c31d7d8","269","2","19","20","15","20","1","1","late","harmful","True","2","2","completed","248","The candidate answer matches the reference answer.","qwen/qwen3-8b"
"prm-4dbc982a4c31d7d8|placebo3|step3","prm-4dbc982a4c31d7d8","269","3","3","20","15","20","1","1","late","harmful","True","2","2","completed","658","The candidate answer is identical to the reference answer.","qwen/qwen3-8b"
"prm-4dbc982a4c31d7d8|placebo4|step16","prm-4dbc982a4c31d7d8","269","4","16","16","15","20","0.8","1","late","harmful","False","The largest value of $a$ such that the graph of $y=f(x)$ intersects every horizontal line at least once is $a = 0$.","2","completed","829","The candidate answer is incorrect; the correct answer is 2.","qwen/qwen3-8b"
"prm-92cd9c4d155c7994|placebo1|step2","prm-92cd9c4d155c7994","270","1","2","30","0","35","0.857143","0","early","redundant","True","1600","1600","completed","199","The candidate answer 1600 is mathematically equivalent to the reference answer 1600.","qwen/qwen3-8b"
"prm-d86397c6b2e063ff|placebo1|step6","prm-d86397c6b2e063ff","271","1","6","44","1","39","1.128205","0","early","essential","True","4","4","completed","297","The candidate answer is mathematically equivalent to the reference answer.","qwen/qwen3-8b"
"prm-d86397c6b2e063ff|placebo2|step9","prm-d86397c6b2e063ff","271","2","9","36","1","39","0.923077","0","early","essential","False","3","4","completed","154","The candidate answer is not equivalent to the reference answer.","qwen/qwen3-8b"
"prm-d86397c6b2e063ff|placebo3|step8","prm-d86397c6b2e063ff","271","3","8","39","1","39","1","0","early","essential","True","4","4","completed","262","The candidate answer 4 is mathematically equivalent to the reference answer 4.","qwen/qwen3-8b"
"prm-b141684d5ef466c9|placebo1|step15","prm-b141684d5ef466c9","273","1","15","38","12","36","1.055556","0","middle","redundant","True","0.15","0.15","completed","199","The candidate answer is mathematically equivalent to the reference answer.","qwen/qwen3-8b"
"prm-b141684d5ef466c9|placebo2|step2","prm-b141684d5ef466c9","273","2","2","33","12","36","0.916667","0","middle","redundant","True","0.15","0.15","completed","128","0.15 is mathematically equivalent to 3/20.","qwen/qwen3-8b"
"prm-b141684d5ef466c9|placebo3|step3","prm-b141684d5ef466c9","273","3","3","32","12","36","0.888889","0","middle","redundant","True","0.15","0.15","completed","89","The candidate answer matches the reference answer.","qwen/qwen3-8b"
"prm-00177cb1b6246e3e|placebo1|step10","prm-00177cb1b6246e3e","274","1","10","27","16","25","1.08","1","late","essential","False","","11\sqrt2","cannot_continue","2048","No candidate final answer was produced.","rule:no-answer"
"prm-00177cb1b6246e3e|placebo2|step15","prm-00177cb1b6246e3e","274","2","15","26","16","25","1.04","1","late","essential","True","11\sqrt{2}","11\sqrt2","completed","98","The candidate answer is algebraically equivalent to the reference answer.","qwen/qwen3-8b"
"prm-00177cb1b6246e3e|placebo3|step13","prm-00177cb1b6246e3e","274","3","13","25","16","25","1","1","late","essential","True","11\sqrt{2}","11\sqrt2","completed","167","The candidate answer is mathematically equivalent to the reference answer.","qwen/qwen3-8b"
"prm-00177cb1b6246e3e|placebo4|step4","prm-00177cb1b6246e3e","274","4","4","27","16","25","1.08","1","late","essential","False","$11	ext{sqrt}(2)$","11\sqrt2","completed","145","The candidate answer uses incorrect formatting for the square root expression.","qwen/qwen3-8b"
"prm-edfe3301d75e7278|placebo1|step9","prm-edfe3301d75e7278","275","1","9","36","12","33","1.090909","-1","late","harmful","False","","\frac{13}{4}","cannot_continue","2048","No candidate final answer was produced.","rule:no-answer"
"prm-edfe3301d75e7278|placebo2|step8","prm-edfe3301d75e7278","275","2","8","28","12","33","0.848485","-1","late","harmful","False","5","\frac{13}{4}","completed","166","The candidate answer 5 is not mathematically equivalent to the reference answer \frac{13}{4}.","qwen/qwen3-8b"
"prm-edfe3301d75e7278|placebo3|step3","prm-edfe3301d75e7278","275","3","3","38","12","33","1.151515","-1","late","harmful","False","","\frac{13}{4}","cannot_continue","2048","No candidate final answer was produced.","rule:no-answer"
"prm-edfe3301d75e7278|placebo4|step11","prm-edfe3301d75e7278","275","4","11","38","12","33","1.151515","-1","late","harmful","False","5","\frac{13}{4}","completed","176","The candidate answer is not mathematically equivalent to the reference answer.","qwen/qwen3-8b"
"prm-64c48353bed266ed|placebo1|step10","prm-64c48353bed266ed","276","1","10","25","3","26","0.961538","0","early","essential","True","7","7","completed","217","Both answers are the same.","qwen/qwen3-8b"
"prm-64c48353bed266ed|placebo2|step6","prm-64c48353bed266ed","276","2","6","21","3","26","0.807692","0","early","essential","True","7","7","completed","247","Both answers are the same.","qwen/qwen3-8b"
"prm-9aefc3c8b6098bf4|placebo1|step4","prm-9aefc3c8b6098bf4","277","1","4","28","1","27","1.037037","0","early","essential","False","","50","cannot_continue","2048","No candidate final answer was produced.","rule:no-answer"
"prm-9aefc3c8b6098bf4|placebo2|step0","prm-9aefc3c8b6098bf4","277","2","0","26","1","27","0.962963","0","early","essential","False","$\boxed{\frac{256}{25}}$","50","completed","166","The candidate answer is not mathematically equivalent to the reference answer. The reference answer is 50, while the candidate answer is 256/25.","qwen/qwen3-8b"
"prm-210861cfb25add07|placebo1|step13","prm-210861cfb25add07","278","1","13","26","14","25","1.04","0","late","redundant","True","3","3","completed","104","The candidate answer matches the reference answer.","qwen/qwen3-8b"
"prm-210861cfb25add07|placebo2|step0","prm-210861cfb25add07","278","2","0","21","14","25","0.84","0","late","redundant","True","3","3","completed","192","The candidate answer matches the reference answer.","qwen/qwen3-8b"
"prm-210861cfb25add07|placebo3|step10","prm-210861cfb25add07","278","3","10","20","14","25","0.8","0","late","redundant","True","3","3","completed","89","The candidate answer 3 is mathematically equivalent to the reference answer 3.","qwen/qwen3-8b"
"prm-210861cfb25add07|placebo4|step12","prm-210861cfb25add07","278","4","12","20","14","25","0.8","0","late","redundant","True","3","3","completed","129","The candidate answer is mathematically equivalent to the reference answer.","qwen/qwen3-8b"
"prm-fa87724dc0063e72|placebo1|step8","prm-fa87724dc0063e72","279","1","8","16","10","16","1","-1","late","harmful","True","$x = 6$","6","completed","71","The candidate answer is mathematically equivalent to the reference answer.","qwen/qwen3-8b"
"prm-fa87724dc0063e72|placebo2|step6","prm-fa87724dc0063e72","279","2","6","15","10","16","0.9375","-1","late","harmful","True","6","6","completed","125","The candidate answer is mathematically equivalent to the reference answer.","qwen/qwen3-8b"
"prm-fa87724dc0063e72|placebo3|step11","prm-fa87724dc0063e72","279","3","11","19","10","16","1.1875","-1","late","harmful","True","6","6","completed","96","The candidate answer is mathematically equivalent to the reference answer.","qwen/qwen3-8b"
"prm-fa87724dc0063e72|placebo4|step0","prm-fa87724dc0063e72","279","4","0","16","10","16","1","-1","late","harmful","True","6","6","completed","176","Correct answer.","qwen/qwen3-8b"
"prm-7a6e2d9a9da28f78|placebo1|step20","prm-7a6e2d9a9da28f78","280","1","20","29","5","26","1.115385","-1","early","harmful","False","38","58","completed","126","The candidate answer does not match the reference answer.","qwen/qwen3-8b"
"prm-7a6e2d9a9da28f78|placebo2|step19","prm-7a6e2d9a9da28f78","280","2","19","22","5","26","0.846154","-1","early","harmful","False","38","58","completed","104","The candidate answer is incorrect. The correct answer is 58, not 38.","qwen/qwen3-8b"
"prm-7a6e2d9a9da28f78|placebo3|step2","prm-7a6e2d9a9da28f78","280","3","2","23","5","26","0.884615","-1","early","harmful","True","58","58","completed","357","The candidate answer matches the reference answer.","qwen/qwen3-8b"
"prm-7a6e2d9a9da28f78|placebo4|step15","prm-7a6e2d9a9da28f78","280","4","15","22","5","26","0.846154","-1","early","harmful","False","38","58","completed","212","The candidate answer 38 is not the greatest possible value for the largest of the three integers in the set.","qwen/qwen3-8b"
"prm-656a46c9640db820|placebo1|step5","prm-656a46c9640db820","281","1","5","24","1","27","0.888889","0","early","redundant","True","15","15","completed","541","The candidate answer 15 is mathematically equivalent to the reference answer.","qwen/qwen3-8b"
"prm-656a46c9640db820|placebo2|step0","prm-656a46c9640db820","281","2","0","28","1","27","1.037037","0","early","redundant","False","The minimum value of $ f(x) $ on the interval $ [p, 15] $ is $ 15 - p $","15","completed","242","The candidate answer is not mathematically equivalent to the reference answer 15.","qwen/qwen3-8b"
"prm-656a46c9640db820|placebo3|step6","prm-656a46c9640db820","281","3","6","23","1","27","0.851852","0","early","redundant","True","15","15","completed","628","The candidate answer is mathematically equivalent to the reference answer.","qwen/qwen3-8b"
"prm-7a821b119f49c100|placebo1|step4","prm-7a821b119f49c100","283","1","4","30","1","26","1.153846","1","early","redundant","True","3","3","completed","468","The candidate answer is equivalent to the reference answer.","qwen/qwen3-8b"
"prm-7a821b119f49c100|placebo2|step9","prm-7a821b119f49c100","283","2","9","22","1","26","0.846154","1","early","redundant","False","4","3","completed","363","The candidate answer 4 is not mathematically equivalent to the reference answer 3.","qwen/qwen3-8b"
"prm-7a821b119f49c100|placebo3|step0","prm-7a821b119f49c100","283","3","0","28","1","26","1.076923","1","early","redundant","False","","3","cannot_continue","2048","No candidate final answer was produced.","rule:no-answer"
"prm-7a821b119f49c100|placebo4|step3","prm-7a821b119f49c100","283","4","3","27","1","26","1.038462","1","early","redundant","True","3","3","completed","205","The candidate answer matches the reference answer.","qwen/qwen3-8b"
"prm-76baed35df6fb032|placebo1|step0","prm-76baed35df6fb032","284","1","0","32","3","38","0.842105","1","middle","redundant","True","90","90","completed","136","The candidate answer matches the reference answer.","qwen/qwen3-8b"
"prm-76baed35df6fb032|placebo2|step2","prm-76baed35df6fb032","284","2","2","45","3","38","1.184211","1","middle","redundant","True","90","90","completed","119","The candidate answer matches the reference answer.","qwen/qwen3-8b"
"prm-76baed35df6fb032|placebo3|step6","prm-76baed35df6fb032","284","3","6","36","3","38","0.947368","1","middle","redundant","True","90","90","completed","102","The candidate answer matches the reference answer.","qwen/qwen3-8b"
"prm-f418b9680e5a9dc1|placebo1|step0","prm-f418b9680e5a9dc1","285","1","0","26","2","32","0.8125","-1","early","harmful","True","\sqrt{53}","\sqrt{53}","completed","95","The candidate answer is mathematically equivalent to the reference answer.","qwen/qwen3-8b"
"prm-f418b9680e5a9dc1|placebo2|step9","prm-f418b9680e5a9dc1","285","2","9","28","2","32","0.875","-1","early","harmful","True","\sqrt{53}","\sqrt{53}","completed","207","The candidate answer matches the reference answer.","qwen/qwen3-8b"
"prm-f418b9680e5a9dc1|placebo3|step6","prm-f418b9680e5a9dc1","285","3","6","33","2","32","1.03125","-1","early","harmful","True","\sqrt{53} is already in simplest radical form and cannot be simplified further.","\sqrt{53}","completed","145","The candidate answer matches the reference answer.","qwen/qwen3-8b"
"prm-f418b9680e5a9dc1|placebo4|step3","prm-f418b9680e5a9dc1","285","4","3","38","2","32","1.1875","-1","early","harmful","True","$\sqrt{53}$","\sqrt{53}","completed","155","The candidate answer is mathematically equivalent to the reference answer.","qwen/qwen3-8b"
"prm-33b6dd3dabd31070|placebo1|step2","prm-33b6dd3dabd31070","286","1","2","40","6","48","0.833333","-1","middle","harmful","False","(-\infty, \infty)","(-\infty, 0]","completed","355","The candidate answer is (-\infty, \infty), but the reference answer is (-\infty, 0].","qwen/qwen3-8b"
"prm-23e4bf45fefddfca|placebo1|step2","prm-23e4bf45fefddfca","287","1","2","48","4","53","0.90566","-1","late","harmful","False","$\frac{1.50}{1200} \times 1,000,000 = 1250$ dollars","1250","completed","171","The candidate answer is not a numerical value, while the reference answer is a numerical value.","qwen/qwen3-8b"
"prm-23e4bf45fefddfca|placebo2|step5","prm-23e4bf45fefddfca","287","2","5","55","4","53","1.037736","-1","late","harmful","False","125","1250","completed","81","The reference answer is 1250, but the candidate answer is 125.","qwen/qwen3-8b"
"prm-22008191f0fcf07c|placebo1|step23","prm-22008191f0fcf07c","289","1","23","52","30","65","0.8","0","late","redundant","True","0.35625",".35625","completed","405","Both answers are the same.","qwen/qwen3-8b"
"prm-22008191f0fcf07c|placebo2|step37","prm-22008191f0fcf07c","289","2","37","77","30","65","1.184615","0","late","redundant","True","0.35625",".35625","completed","74","The candidate answer 0.35625 is mathematically equivalent to the reference answer .35625.","qwen/qwen3-8b"
"prm-27543090e207be07|placebo1|step0","prm-27543090e207be07","291","1","0","26","1","23","1.130435","0","early","redundant","True","The binary number $10101001110_2$ is equal to $2516_8$.","2516_8","completed","146","The candidate answer matches the reference answer.","qwen/qwen3-8b"
"prm-374f893a0a7e07c4|placebo1|step3","prm-374f893a0a7e07c4","292","1","3","29","0","31","0.935484","1","early","redundant","True","0","0","completed","80","The candidate answer matches the reference answer.","qwen/qwen3-8b"
"prm-6b443c0ab9016cf3|placebo1|step2","prm-6b443c0ab9016cf3","293","1","2","46","3","49","0.938776","0","middle","redundant","True","90","90","completed","95","The candidate answer matches the reference answer.","qwen/qwen3-8b"
"prm-6b443c0ab9016cf3|placebo2|step0","prm-6b443c0ab9016cf3","293","2","0","43","3","49","0.877551","0","middle","redundant","True","90","90","completed","136","The candidate answer 90 is mathematically equivalent to the reference answer 90.","qwen/qwen3-8b"
"prm-9b09489564767b9d|placebo1|step0","prm-9b09489564767b9d","294","1","0","20","4","22","0.909091","0","early","essential","False","13.5","30","completed","341","The candidate answer is not mathematically equivalent to the reference answer.","qwen/qwen3-8b"
"prm-b02cba206762c771|placebo1|step6","prm-b02cba206762c771","295","1","6","27","4","33","0.818182","1","middle","essential","True","78","78","completed","117","The candidate answer is mathematically equivalent to the reference answer.","qwen/qwen3-8b"
"prm-b02cba206762c771|placebo2|step5","prm-b02cba206762c771","295","2","5","35","4","33","1.060606","1","middle","essential","True","$78","78","completed","152","The candidate answer is mathematically equivalent to the reference answer.","qwen/qwen3-8b"
"prm-1590d85cae7720a6|placebo1|step8","prm-1590d85cae7720a6","296","1","8","22","9","20","1.1","1","late","redundant","False","\frac{5}{2}","1","completed","148","The candidate answer is not mathematically equivalent to the reference answer. The reference answer is 1, but the candidate answer is $\dfrac{5}{2}$.","qwen/qwen3-8b"
"prm-1590d85cae7720a6|placebo2|step10","prm-1590d85cae7720a6","296","2","10","21","9","20","1.05","1","late","redundant","True","1","1","completed","118","Correct answer.","qwen/qwen3-8b"
"prm-1590d85cae7720a6|placebo3|step11","prm-1590d85cae7720a6","296","3","11","22","9","20","1.1","1","late","redundant","True","1","1","completed","93","The candidate answer matches the reference answer.","qwen/qwen3-8b"
"prm-1590d85cae7720a6|placebo4|step1","prm-1590d85cae7720a6","296","4","1","17","9","20","0.85","1","late","redundant","True","1","1","completed","270","The candidate answer matches the reference answer.","qwen/qwen3-8b"
"prm-8d9aac49538338f6|placebo1|step15","prm-8d9aac49538338f6","297","1","15","22","2","22","1","1","early","essential","True","60","60","completed","189","The candidate answer matches the reference answer.","qwen/qwen3-8b"
"prm-8d9aac49538338f6|placebo2|step3","prm-8d9aac49538338f6","297","2","3","20","2","22","0.909091","1","early","essential","True","60","60","completed","149","The candidate answer is identical to the reference answer.","qwen/qwen3-8b"
"prm-8d9aac49538338f6|placebo3|step11","prm-8d9aac49538338f6","297","3","11","18","2","22","0.818182","1","early","essential","True","60","60","completed","191","The candidate answer 60 is mathematically equivalent to the reference answer.","qwen/qwen3-8b"
"prm-8d9aac49538338f6|placebo4|step5","prm-8d9aac49538338f6","297","4","5","18","2","22","0.818182","1","early","essential","True","60","60","completed","115","The candidate answer 60 is mathematically equivalent to the reference answer 60.","qwen/qwen3-8b"
"prm-d14414ada709f204|placebo1|step1","prm-d14414ada709f204","298","1","1","54","3","63","0.857143","0","early","redundant","True","1","1","completed","873","The candidate answer is mathematically equivalent to the reference answer.","qwen/qwen3-8b"
"prm-d14414ada709f204|placebo2|step5","prm-d14414ada709f204","298","2","5","71","3","63","1.126984","0","early","redundant","True","1","1","completed","461","The candidate answer is equivalent to the reference answer.","qwen/qwen3-8b"
"prm-d14414ada709f204|placebo3|step4","prm-d14414ada709f204","298","3","4","57","3","63","0.904762","0","early","redundant","False","","1","cannot_continue","2048","No candidate final answer was produced.","rule:no-answer"
"prm-d14414ada709f204|placebo4|step9","prm-d14414ada709f204","298","4","9","54","3","63","0.857143","0","early","redundant","False","1, 1/2","1","completed","127","The candidate answer includes an extra value (1/2) not present in the reference answer.","qwen/qwen3-8b"
"prm-6994d64b52995162|placebo1|step1","prm-6994d64b52995162","300","1","1","57","2","55","1.036364","-1","middle","harmful","False","\frac{5}{9}","\frac{4}{9}","completed","209","The candidate answer \frac{5}{9} is not equivalent to the reference answer \frac{4}{9}.","qwen/qwen3-8b"
"prm-3490f4298028248f|placebo1|step11","prm-3490f4298028248f","301","1","11","26","7","24","1.083333","0","middle","harmful","False","1.12","1.25","completed","133","The candidate answer is incorrect. The correct answer is 1.25.","qwen/qwen3-8b"
"prm-3490f4298028248f|placebo2|step16","prm-3490f4298028248f","301","2","16","23","7","24","0.958333","0","middle","harmful","False","1.12","1.25","completed","107","The candidate answer is incorrect; the correct answer is 1.25.","qwen/qwen3-8b"
"prm-3490f4298028248f|placebo3|step6","prm-3490f4298028248f","301","3","6","26","7","24","1.083333","0","middle","harmful","True","1.25","1.25","completed","83","The candidate answer matches the reference answer.","qwen/qwen3-8b"
"prm-3490f4298028248f|placebo4|step17","prm-3490f4298028248f","301","4","17","24","7","24","1","0","middle","harmful","False","1.12","1.25","completed","115","The candidate answer is not mathematically equivalent to the reference answer.","qwen/qwen3-8b"
"prm-060b37de44a23f9c|placebo1|step2","prm-060b37de44a23f9c","304","1","2","15","6","14","1.071429","1","late","redundant","False","","1","cannot_continue","2048","No candidate final answer was produced.","rule:no-answer"
"prm-060b37de44a23f9c|placebo2|step3","prm-060b37de44a23f9c","304","2","3","16","6","14","1.142857","1","late","redundant","True","1","1","completed","186","The candidate answer matches the reference answer.","qwen/qwen3-8b"
"prm-060b37de44a23f9c|placebo3|step4","prm-060b37de44a23f9c","304","3","4","15","6","14","1.071429","1","late","redundant","True","1","1","completed","198","The candidate answer is mathematically equivalent to the reference answer.","qwen/qwen3-8b"
"prm-6a48687cd49dd67e|placebo1|step3","prm-6a48687cd49dd67e","305","1","3","48","18","47","1.021277","-1","late","harmful","False","The quotient is $x^5 - x^4 + x^3 - x^2 + x - 1$ and the remainder is $-2$.","x^5 - x^4 + x^3 - x^2 + x - 1","completed","219","The candidate answer includes a remainder, but the reference answer only provides the quotient.","qwen/qwen3-8b"
"prm-6a48687cd49dd67e|placebo2|step10","prm-6a48687cd49dd67e","305","2","10","41","18","47","0.87234","-1","late","harmful","True","$x^5 - x^4 + x^3 - x^2 + x - 1$","x^5 - x^4 + x^3 - x^2 + x - 1","completed","356","Both answers are equal.","qwen/qwen3-8b"
"prm-bcf33e68e625980e|placebo1|step2","prm-bcf33e68e625980e","306","1","2","50","0","61","0.819672","-1","early","harmful","False","10","16","completed","519","The reference answer is 16, but the candidate answer is 10.","qwen/qwen3-8b"
"prm-4f8665f0a19739c3|placebo1|step18","prm-4f8665f0a19739c3","307","1","18","27","17","29","0.931034","0","late","harmful","True","12","12","completed","199","Both answers are the same.","qwen/qwen3-8b"
"prm-4f8665f0a19739c3|placebo2|step8","prm-4f8665f0a19739c3","307","2","8","27","17","29","0.931034","0","late","harmful","True","12","12","completed","288","The candidate answer 12 is mathematically equivalent to the reference answer 12.","qwen/qwen3-8b"
"prm-4f8665f0a19739c3|placebo3|step4","prm-4f8665f0a19739c3","307","3","4","32","17","29","1.103448","0","late","harmful","True","12","12","completed","413","The candidate answer matches the reference answer.","qwen/qwen3-8b"
"prm-4f8665f0a19739c3|placebo4|step7","prm-4f8665f0a19739c3","307","4","7","33","17","29","1.137931","0","late","harmful","True","12","12","completed","313","The candidate answer matches the reference answer.","qwen/qwen3-8b"
"prm-a3fb1524920e2118|placebo1|step6","prm-a3fb1524920e2118","308","1","6","50","8","44","1.136364","0","middle","redundant","False","0","1","completed","281","The candidate answer is 0, but the smallest possible integer value for $x$ is 1.","qwen/qwen3-8b"
"prm-31f315049adee361|placebo1|step8","prm-31f315049adee361","310","1","8","37","27","40","0.925","0","late","redundant","False","51","284","completed","371","The candidate answer 51 is not mathematically equivalent to the reference answer 284. The sum of the proper divisors of 284 is 284, and the sum of the proper divisors of 284 is also 284.","qwen/qwen3-8b"
"prm-31f315049adee361|placebo2|step26","prm-31f315049adee361","310","2","26","46","27","40","1.15","0","late","redundant","True","284","284","completed","96","The candidate answer is mathematically equivalent to the reference answer.","qwen/qwen3-8b"
"prm-31f315049adee361|placebo3|step0","prm-31f315049adee361","310","3","0","39","27","40","0.975","0","late","redundant","True","284","284","completed","273","The candidate answer is mathematically equivalent to the reference answer.","qwen/qwen3-8b"
"prm-0796ce8561574c8c|placebo1|step15","prm-0796ce8561574c8c","311","1","15","25","18","23","1.086957","1","late","essential","True","7","7","completed","146","The candidate answer is mathematically equivalent to the reference answer.","qwen/qwen3-8b"
"prm-0796ce8561574c8c|placebo2|step8","prm-0796ce8561574c8c","311","2","8","26","18","23","1.130435","1","late","essential","False","Hillary has 5 nickels.","7","completed","97","The candidate answer is not mathematically equivalent to the reference answer. The reference answer is 7, but the candidate answer is 'Hillary has 5 nickels.'.","qwen/qwen3-8b"
"prm-0796ce8561574c8c|placebo3|step11","prm-0796ce8561574c8c","311","3","11","21","18","23","0.913043","1","late","essential","True","7","7","completed","244","Correct answer.","qwen/qwen3-8b"
"prm-0796ce8561574c8c|placebo4|step22","prm-0796ce8561574c8c","311","4","22","24","18","23","1.043478","1","late","essential","True","7","7","completed","49","The candidate answer matches the reference answer.","qwen/qwen3-8b"
"prm-fa241fc7e4a6f419|placebo1|step11","prm-fa241fc7e4a6f419","312","1","11","14","9","12","1.166667","1","late","redundant","True","36","36","completed","266","The candidate answer matches the reference answer.","qwen/qwen3-8b"
"prm-b3c55327f85d52bf|placebo1|step15","prm-b3c55327f85d52bf","314","1","15","54","11","46","1.173913","-1","late","essential","True","$(-	ext{∞}, 2) 	ext{ union } (3, 	ext{∞})$","(-\infty, 2) \cup (3, \infty)","completed","151","The candidate answer is algebraically equivalent to the reference answer, with minor formatting differences.","qwen/qwen3-8b"
"prm-4c7b0daf67f174f2|placebo1|step27","prm-4c7b0daf67f174f2","315","1","27","9","15","11","0.818182","0","middle","harmful","False","4\sqrt{6}","16 \sqrt{3}","completed","160","The candidate answer 4\sqrt{6} is not mathematically equivalent to the reference answer 16 \sqrt{3}.","qwen/qwen3-8b"
"prm-4c7b0daf67f174f2|placebo2|step11","prm-4c7b0daf67f174f2","315","2","11","13","15","11","1.181818","0","middle","harmful","True","16\sqrt{3}","16 \sqrt{3}","completed","243","The candidate answer 16\sqrt{3} is mathematically equivalent to the reference answer.","qwen/qwen3-8b"
"prm-4c7b0daf67f174f2|placebo3|step23","prm-4c7b0daf67f174f2","315","3","23","9","15","11","0.818182","0","middle","harmful","False","$2	ext{positive square root of } 24$","16 \sqrt{3}","completed","503","The candidate answer is not mathematically equivalent to the reference answer 16 \sqrt{3}.","qwen/qwen3-8b"
"prm-4c7b0daf67f174f2|placebo4|step13","prm-4c7b0daf67f174f2","315","4","13","13","15","11","1.181818","0","middle","harmful","False","The side length of the equilateral triangle is $\boxed{8}$","16 \sqrt{3}","completed","99","The candidate answer is not mathematically equivalent to the reference answer.","qwen/qwen3-8b"
"prm-bd9c89c30ff0439e|placebo1|step0","prm-bd9c89c30ff0439e","316","1","0","23","8","24","0.958333","1","late","essential","False","","(-\infty, 2) \cup (3, \infty)","cannot_continue","2048","No candidate final answer was produced.","rule:no-answer"
"prm-bd9c89c30ff0439e|placebo2|step4","prm-bd9c89c30ff0439e","316","2","4","25","8","24","1.041667","1","late","essential","True","The domain of the function is $(-\infty, 2) \cup (3, \infty)$.","(-\infty, 2) \cup (3, \infty)","completed","114","The candidate answer is mathematically equivalent to the reference answer, with minor formatting differences.","qwen/qwen3-8b"
"prm-bd9c89c30ff0439e|placebo3|step1","prm-bd9c89c30ff0439e","316","3","1","23","8","24","0.958333","1","late","essential","False","","(-\infty, 2) \cup (3, \infty)","cannot_continue","2048","No candidate final answer was produced.","rule:no-answer"
"prm-bd9c89c30ff0439e|placebo4|step10","prm-bd9c89c30ff0439e","316","4","10","23","8","24","0.958333","1","late","essential","True","(-\infty, 2) \cup (3, \infty)","(-\infty, 2) \cup (3, \infty)","completed","114","The candidate answer matches the reference answer.","qwen/qwen3-8b"
"prm-649bf3fbe6231218|placebo1|step0","prm-649bf3fbe6231218","318","1","0","27","10","23","1.173913","1","late","essential","False","","200","cannot_continue","2048","No candidate final answer was produced.","rule:no-answer"
"prm-649bf3fbe6231218|placebo2|step4","prm-649bf3fbe6231218","318","2","4","21","10","23","0.913043","1","late","essential","True","200","200","completed","146","The candidate answer matches the reference answer.","qwen/qwen3-8b"
"prm-649bf3fbe6231218|placebo3|step1","prm-649bf3fbe6231218","318","3","1","26","10","23","1.130435","1","late","essential","True","200","200","completed","286","The candidate answer matches the reference answer.","qwen/qwen3-8b"
"prm-649bf3fbe6231218|placebo4|step7","prm-649bf3fbe6231218","318","4","7","20","10","23","0.869565","1","late","essential","True","200","200","completed","165","The candidate answer is mathematically equivalent to the reference answer.","qwen/qwen3-8b"
"prm-42aa85293ce04d6c|placebo1|step6","prm-42aa85293ce04d6c","319","1","6","12","8","10","1.2","1","middle","redundant","True","$4343_6$","4343_6","completed","181","The candidate answer matches the reference answer.","qwen/qwen3-8b"
"prm-42aa85293ce04d6c|placebo2|step13","prm-42aa85293ce04d6c","319","2","13","9","8","10","0.9","1","middle","redundant","True","4343_6","4343_6","completed","105","The candidate answer matches the reference answer.","qwen/qwen3-8b"
"prm-1032a7112c293158|placebo1|step19","prm-1032a7112c293158","320","1","19","27","0","24","1.125","1","early","redundant","False","1","6","completed","180","The candidate answer is incorrect. The correct number of quadratic equations is 6, not 1.","qwen/qwen3-8b"
"prm-1032a7112c293158|placebo2|step5","prm-1032a7112c293158","320","2","5","25","0","24","1.041667","1","early","redundant","False","2","6","completed","616","The candidate answer is 2, but the reference answer is 6.","qwen/qwen3-8b"
"prm-1032a7112c293158|placebo3|step6","prm-1032a7112c293158","320","3","6","20","0","24","0.833333","1","early","redundant","False","\boxed{3}","6","completed","237","The candidate answer is incorrect. The correct number of quadratic equations is 6, not 3.","qwen/qwen3-8b"
"prm-1032a7112c293158|placebo4|step20","prm-1032a7112c293158","320","4","20","25","0","24","1.041667","1","early","redundant","False","","6","cannot_continue","2048","No candidate final answer was produced.","rule:no-answer"
"prm-2d19813fccf4dac9|placebo1|step4","prm-2d19813fccf4dac9","321","1","4","31","8","35","0.885714","0","late","redundant","True","2220","2220","completed","156","Both answers are the same.","qwen/qwen3-8b"
"prm-2d19813fccf4dac9|placebo2|step6","prm-2d19813fccf4dac9","321","2","6","34","8","35","0.971429","0","late","redundant","True","2220","2220","completed","255","The candidate answer 2220 is mathematically equivalent to the reference answer 2220.","qwen/qwen3-8b"
"prm-2d19813fccf4dac9|placebo3|step7","prm-2d19813fccf4dac9","321","3","7","31","8","35","0.885714","0","late","redundant","False","","2220","cannot_continue","2048","No candidate final answer was produced.","rule:no-answer"
"prm-2d19813fccf4dac9|placebo4|step0","prm-2d19813fccf4dac9","321","4","0","28","8","35","0.8","0","late","redundant","True","2220","2220","completed","247","The candidate answer matches the reference answer.","qwen/qwen3-8b"
"prm-1fa85012955acc38|placebo1|step15","prm-1fa85012955acc38","322","1","15","17","6","15","1.133333","1","early","essential","False","49","25","completed","334","The candidate answer is 49, but the correct answer is 25.","qwen/qwen3-8b"
"prm-1fa85012955acc38|placebo2|step3","prm-1fa85012955acc38","322","2","3","17","6","15","1.133333","1","early","essential","True","25","25","completed","778","The candidate answer 25 is mathematically equivalent to the reference answer 25.","qwen/qwen3-8b"
"prm-1fa85012955acc38|placebo3|step20","prm-1fa85012955acc38","322","3","20","17","6","15","1.133333","1","early","essential","False","49","25","completed","244","The candidate answer is not mathematically equivalent to the reference answer.","qwen/qwen3-8b"
"prm-1fa85012955acc38|placebo4|step14","prm-1fa85012955acc38","322","4","14","17","6","15","1.133333","1","early","essential","False","49","25","completed","391","The candidate answer is not mathematically equivalent to the reference answer.","qwen/qwen3-8b"
"prm-6a679885fe24ca4d|placebo1|step0","prm-6a679885fe24ca4d","323","1","0","28","5","28","1","-1","middle","harmful","False","","46","cannot_continue","2048","No candidate final answer was produced.","rule:no-answer"
"prm-61500888ffe32624|placebo1|step9","prm-61500888ffe32624","325","1","9","30","3","29","1.034483","1","early","essential","False","15","36","completed","92","The candidate answer is not mathematically equivalent to the reference answer. The reference answer is 36, but the candidate answer is 15.","qwen/qwen3-8b"
"prm-61500888ffe32624|placebo2|step0","prm-61500888ffe32624","325","2","0","30","3","29","1.034483","1","early","essential","False","\boxed{60} seconds","36","completed","207","Candidate answer does not match reference answer.","qwen/qwen3-8b"
"prm-3b8fc6d3080aade1|placebo1|step2","prm-3b8fc6d3080aade1","326","1","2","38","7","33","1.151515","0","late","redundant","True","4","4","completed","340","The candidate answer matches the reference answer.","qwen/qwen3-8b"
"prm-3b8fc6d3080aade1|placebo2|step1","prm-3b8fc6d3080aade1","326","2","1","30","7","33","0.909091","0","late","redundant","False","2","4","completed","335","The candidate answer is incorrect. The correct modulo 7 remainder is 4, not 2.","qwen/qwen3-8b"
"prm-3b8fc6d3080aade1|placebo3|step6","prm-3b8fc6d3080aade1","326","3","6","31","7","33","0.939394","0","late","redundant","True","4","4","completed","228","The candidate answer matches the reference answer.","qwen/qwen3-8b"
"prm-24d79d07da1abeb8|placebo1|step5","prm-24d79d07da1abeb8","327","1","5","39","3","37","1.054054","0","middle","essential","False","-33","33","completed","174","The candidate answer -33 is not the correct value of c that satisfies the conditions of the problem.","qwen/qwen3-8b"
"prm-24d79d07da1abeb8|placebo2|step2","prm-24d79d07da1abeb8","327","2","2","40","3","37","1.081081","0","middle","essential","True","33","33","completed","267","The candidate answer 33 is mathematically equivalent to the reference answer.","qwen/qwen3-8b"
"prm-b8457436293d4e60|placebo1|step4","prm-b8457436293d4e60","328","1","4","27","11","33","0.818182","-1","late","harmful","True","2220","2220","completed","243","The candidate answer 2220 is mathematically equivalent to the reference answer 2220.","qwen/qwen3-8b"
"prm-9ef4a4362f8a777c|placebo1|step13","prm-9ef4a4362f8a777c","329","1","13","20","11","19","1.052632","0","middle","essential","True","14","14","completed","345","The candidate answer is mathematically equivalent to the reference answer.","qwen/qwen3-8b"
"prm-9ef4a4362f8a777c|placebo2|step8","prm-9ef4a4362f8a777c","329","2","8","20","11","19","1.052632","0","middle","essential","True","14","14","completed","454","The candidate answer is equivalent to the reference answer.","qwen/qwen3-8b"
"prm-9ef4a4362f8a777c|placebo3|step6","prm-9ef4a4362f8a777c","329","3","6","19","11","19","1","0","middle","essential","True","14","14","completed","486","The candidate answer 14 is mathematically equivalent to the reference answer 14.","qwen/qwen3-8b"
"prm-9ef4a4362f8a777c|placebo4|step3","prm-9ef4a4362f8a777c","329","4","3","19","11","19","1","0","middle","essential","True","14","14","completed","384","The candidate answer is mathematically equivalent to the reference answer.","qwen/qwen3-8b"
"prm-7af50adf0a42982f|placebo1|step16","prm-7af50adf0a42982f","330","1","16","23","0","24","0.958333","1","early","redundant","False","(-\infty, 2) \cup (2, 3) \cup (3, \infty)","(-\infty, 2) \cup (3, \infty)","completed","100","The candidate answer is incorrect; the domain is (-\infty, 2) \cup (3, \infty), not (-\infty, 2) \cup (2, 3) \cup (3, \infty).","qwen/qwen3-8b"
"prm-7af50adf0a42982f|placebo2|step2","prm-7af50adf0a42982f","330","2","2","22","0","24","0.916667","1","early","redundant","False","The domain of the function is $(-\infty, 2) \cup (3, \infty)$.","(-\infty, 2) \cup (3, \infty)","completed","164","The candidate answer is not mathematically equivalent to the reference answer. The reference answer is a simplified form of the domain.","qwen/qwen3-8b"
"prm-7af50adf0a42982f|placebo3|step3","prm-7af50adf0a42982f","330","3","3","20","0","24","0.833333","1","early","redundant","True","$(-\infty, 2) \cup (3, \infty)$","(-\infty, 2) \cup (3, \infty)","completed","262","The candidate answer matches the reference answer.","qwen/qwen3-8b"
"prm-7af50adf0a42982f|placebo4|step6","prm-7af50adf0a42982f","330","4","6","28","0","24","1.166667","1","early","redundant","True","$(-\infty, 2) \cup (3, \infty)$","(-\infty, 2) \cup (3, \infty)","completed","235","The candidate answer is algebraically equivalent to the reference answer.","qwen/qwen3-8b"
"prm-4c8c15a6cba67d79|placebo1|step0","prm-4c8c15a6cba67d79","331","1","0","17","2","15","1.133333","1","early","redundant","True","even","\text{even}","completed","580","The candidate answer is mathematically equivalent to the reference answer.","qwen/qwen3-8b"
"prm-4c8c15a6cba67d79|placebo2|step10","prm-4c8c15a6cba67d79","331","2","10","14","2","15","0.933333","1","early","redundant","False","odd","\text{even}","completed","316","The candidate answer is 'odd', but the reference answer is 'even'.","qwen/qwen3-8b"
"prm-4c8c15a6cba67d79|placebo3|step4","prm-4c8c15a6cba67d79","331","3","4","16","2","15","1.066667","1","early","redundant","False","odd","\text{even}","completed","253","The candidate answer does not match the reference answer.","qwen/qwen3-8b"
"prm-242890b88c115e2c|placebo1|step10","prm-242890b88c115e2c","332","1","10","42","9","52","0.807692","1","late","essential","True","\boxed{\textbf{(B)}}","\text{(B)}","completed","221","The candidate answer matches the reference answer in both content and formatting.","qwen/qwen3-8b"
"prm-2c5e0537236b9a03|placebo1|step16","prm-2c5e0537236b9a03","333","1","16","34","4","32","1.0625","1","early","essential","True","256","256","completed","104","The candidate answer matches the reference answer.","qwen/qwen3-8b"
"prm-2c5e0537236b9a03|placebo2|step12","prm-2c5e0537236b9a03","333","2","12","32","4","32","1","1","early","essential","True","256","256","completed","78","The candidate answer matches the reference answer.","qwen/qwen3-8b"
"prm-2c5e0537236b9a03|placebo3|step17","prm-2c5e0537236b9a03","333","3","17","28","4","32","0.875","1","early","essential","True","256","256","completed","78","Both answers are the same.","qwen/qwen3-8b"
"prm-2c5e0537236b9a03|placebo4|step7","prm-2c5e0537236b9a03","333","4","7","30","4","32","0.9375","1","early","essential","True","256","256","completed","243","Both answers are numerically equal.","qwen/qwen3-8b"
"prm-64052b65a1c192c7|placebo1|step8","prm-64052b65a1c192c7","334","1","8","23","7","28","0.821429","-1","late","harmful","False","","\begin{pmatrix} -7 \\ 16 \\ 5 \end{pmatrix}","cannot_continue","2048","No candidate final answer was produced.","rule:no-answer"
"prm-64052b65a1c192c7|placebo2|step4","prm-64052b65a1c192c7","334","2","4","25","7","28","0.892857","-1","late","harmful","False","\begin{pmatrix} -6 \ 6 \ 12 \ \end{pmatrix}","\begin{pmatrix} -7 \\ 16 \\ 5 \end{pmatrix}","completed","579","The candidate answer is not mathematically equivalent to the reference answer. The reference answer is \begin{pmatrix} -7 \\ 16 \\ 5 \end{pmatrix}, while the candidate answer is \begin{pmatrix} -6 \ 6 \ 12 \ \end{pmatrix}.","qwen/qwen3-8b"
"prm-05db80661c2eea87|placebo1|step9","prm-05db80661c2eea87","335","1","9","20","10","25","0.8","0","late","redundant","True","60","60","completed","119","The candidate answer matches the reference answer.","qwen/qwen3-8b"
"prm-05db80661c2eea87|placebo2|step11","prm-05db80661c2eea87","335","2","11","24","10","25","0.96","0","late","redundant","True","60","60","completed","104","The candidate answer matches the reference answer.","qwen/qwen3-8b"
"prm-05db80661c2eea87|placebo3|step4","prm-05db80661c2eea87","335","3","4","26","10","25","1.04","0","late","redundant","True","60","60","completed","99","The candidate answer 60 is mathematically equivalent to the reference answer 60.","qwen/qwen3-8b"
"prm-05db80661c2eea87|placebo4|step6","prm-05db80661c2eea87","335","4","6","21","10","25","0.84","0","late","redundant","True","60","60","completed","117","The candidate answer is mathematically equivalent to the reference answer.","qwen/qwen3-8b"
"prm-dfed03ca959f8315|placebo1|step10","prm-dfed03ca959f8315","336","1","10","40","6","36","1.111111","1","middle","essential","False","\boxed{\frac{\sqrt{14}}{2}}","3 \sqrt{5}","completed","225","The candidate answer is not mathematically equivalent to the reference answer.","qwen/qwen3-8b"
"prm-dfed03ca959f8315|placebo2|step3","prm-dfed03ca959f8315","336","2","3","33","6","36","0.916667","1","middle","essential","True","$3\sqrt{5}$","3 \sqrt{5}","completed","402","The candidate answer is mathematically equivalent to the reference answer.","qwen/qwen3-8b"
"prm-dfed03ca959f8315|placebo3|step5","prm-dfed03ca959f8315","336","3","5","40","6","36","1.111111","1","middle","essential","False","$ 3	ext{sqrt}(5) $","3 \sqrt{5}","completed","676","The candidate answer is not mathematically equivalent to the reference answer. The reference answer is 3\sqrt{5}, while the candidate answer is written as $ 3	ext{sqrt}(5) $, which is not a standard mathematical notation.","qwen/qwen3-8b"
"prm-ca096eb77c3d707b|placebo1|step13","prm-ca096eb77c3d707b","337","1","13","18","4","15","1.2","0","early","redundant","False","134","46","completed","154","Candidate answer does not match reference answer.","qwen/qwen3-8b"
"prm-dbb76c0284dc2629|placebo1|step19","prm-dbb76c0284dc2629","338","1","19","31","4","32","0.96875","-1","early","harmful","False","44","46","completed","269","The candidate answer does not match the reference answer.","qwen/qwen3-8b"
"prm-dbb76c0284dc2629|placebo2|step22","prm-dbb76c0284dc2629","338","2","22","29","4","32","0.90625","-1","early","harmful","False","44","46","completed","548","The candidate answer 44 is not mathematically equivalent to the reference answer 46.","qwen/qwen3-8b"
"prm-dbb76c0284dc2629|placebo3|step28","prm-dbb76c0284dc2629","338","3","28","27","4","32","0.84375","-1","early","harmful","False","90","46","completed","428","The candidate answer 90 is not mathematically equivalent to the reference answer 46.","qwen/qwen3-8b"
"prm-dbb76c0284dc2629|placebo4|step7","prm-dbb76c0284dc2629","338","4","7","33","4","32","1.03125","-1","early","harmful","False","","46","logical_break","259","No candidate final answer was produced.","rule:no-answer"
"prm-c93b572ed45d09e3|placebo1|step0","prm-c93b572ed45d09e3","339","1","0","41","2","41","1","-1","middle","harmful","True","8","8","completed","161","Both answers are equal.","qwen/qwen3-8b"
"prm-7805f2fb660af82c|placebo1|step5","prm-7805f2fb660af82c","340","1","5","53","4","65","0.815385","1","middle","essential","False","","2","cannot_continue","2048","No candidate final answer was produced.","rule:no-answer"
"prm-694eda0133adae37|placebo1|step7","prm-694eda0133adae37","341","1","7","15","9","16","0.9375","0","middle","redundant","True","1","1","completed","113","The candidate answer is mathematically equivalent to the reference answer.","qwen/qwen3-8b"
"prm-694eda0133adae37|placebo2|step11","prm-694eda0133adae37","341","2","11","15","9","16","0.9375","0","middle","redundant","True","1","1","completed","99","The candidate answer is equivalent to the reference answer.","qwen/qwen3-8b"
"prm-6c4e585fba73949f|placebo1|step3","prm-6c4e585fba73949f","342","1","3","30","5","31","0.967742","-1","middle","harmful","False","74","66","completed","191","The candidate answer 74 is not mathematically equivalent to the reference answer 66.","qwen/qwen3-8b"
"prm-6c4e585fba73949f|placebo2|step0","prm-6c4e585fba73949f","342","2","0","37","5","31","1.193548","-1","middle","harmful","True","66","66","completed","520","The candidate answer is mathematically equivalent to the reference answer.","qwen/qwen3-8b"
"prm-6c4e585fba73949f|placebo3|step4","prm-6c4e585fba73949f","342","3","4","29","5","31","0.935484","-1","middle","harmful","False","29","66","completed","317","The candidate answer 29 is not equivalent to the reference answer 66.","qwen/qwen3-8b"
"prm-6c4e585fba73949f|placebo4|step2","prm-6c4e585fba73949f","342","4","2","28","5","31","0.903226","-1","middle","harmful","False","The sum of all possible values of $ N $ less than 50 is $ 13 + 37 = 50 $.","66","completed","362","The candidate answer is not mathematically equivalent to the reference answer. The reference answer is 66, while the candidate answer is 50.","qwen/qwen3-8b"
"prm-2953ceb48c3d11eb|placebo1|step9","prm-2953ceb48c3d11eb","343","1","9","31","1","32","0.96875","0","early","harmful","False","326.59","326.5","completed","69","The candidate answer is incorrect; the correct answer is 326.5.","qwen/qwen3-8b"
"prm-2953ceb48c3d11eb|placebo2|step6","prm-2953ceb48c3d11eb","343","2","6","28","1","32","0.875","0","early","harmful","True","326.5","326.5","completed","185","The sum of 313.9 and 12.6 is 326.5, which matches the reference answer.","qwen/qwen3-8b"
"prm-2953ceb48c3d11eb|placebo3|step8","prm-2953ceb48c3d11eb","343","3","8","34","1","32","1.0625","0","early","harmful","False","465.59","326.5","completed","87","The sum of 313.9 and 12.6 is 326.5, not 465.59.","qwen/qwen3-8b"
"prm-2953ceb48c3d11eb|placebo4|step5","prm-2953ceb48c3d11eb","343","4","5","30","1","32","0.9375","0","early","harmful","True","326.5","326.5","completed","183","The candidate answer matches the reference answer.","qwen/qwen3-8b"
"prm-5be58b31f228d28e|placebo1|step8","prm-5be58b31f228d28e","344","1","8","19","1","21","0.904762","-1","early","harmful","True","49","63","completed","137","The number of integer coordinate points strictly inside the rectangle is calculated by subtracting 1 from each dimension and multiplying. The rectangle has width 10 and height 8, so the interior points are (10-2)*(8-2)=6*6=36. However, the reference answer is 63, which is incorrect. The candidate answer is 49, which is also incorrect. The correct answer should be 63.","qwen/qwen3-8b"
"prm-5be58b31f228d28e|placebo2|step10","prm-5be58b31f228d28e","344","2","10","17","1","21","0.809524","-1","early","harmful","False","67","63","completed","107","The reference answer is 63, but the candidate answer is 67, which is not mathematically equivalent.","qwen/qwen3-8b"
"prm-a9006452bf5662ee|placebo1|step5","prm-a9006452bf5662ee","346","1","5","26","3","22","1.181818","-1","early","redundant","True","11","11","completed","293","The candidate answer matches the reference answer.","qwen/qwen3-8b"
"prm-a9006452bf5662ee|placebo2|step12","prm-a9006452bf5662ee","346","2","12","21","3","22","0.954545","-1","early","redundant","True","11","11","completed","109","The candidate answer matches the reference answer.","qwen/qwen3-8b"
"prm-a9006452bf5662ee|placebo3|step14","prm-a9006452bf5662ee","346","3","14","23","3","22","1.045455","-1","early","redundant","True","11","11","completed","88","The candidate answer is mathematically equivalent to the reference answer.","qwen/qwen3-8b"
"prm-a9006452bf5662ee|placebo4|step6","prm-a9006452bf5662ee","346","4","6","26","3","22","1.181818","-1","early","redundant","True","$x = 11$","11","completed","246","Both answers are numerically equal.","qwen/qwen3-8b"
"prm-9def3665fa2dd260|placebo1|step4","prm-9def3665fa2dd260","347","1","4","32","7","36","0.888889","1","middle","harmful","True","41","41","completed","293","The candidate answer 41 is mathematically equivalent to the reference answer 41.","qwen/qwen3-8b"
"prm-9def3665fa2dd260|placebo2|step17","prm-9def3665fa2dd260","347","2","17","32","7","36","0.888889","1","middle","harmful","False","49","41","completed","231","The candidate answer 49 is not mathematically equivalent to the reference answer 41.","qwen/qwen3-8b"
"prm-9def3665fa2dd260|placebo3|step15","prm-9def3665fa2dd260","347","3","15","37","7","36","1.027778","1","middle","harmful","False","","41","logical_break","271","No candidate final answer was produced.","rule:no-answer"
"prm-9def3665fa2dd260|placebo4|step12","prm-9def3665fa2dd260","347","4","12","40","7","36","1.111111","1","middle","harmful","True","41","41","completed","331","The candidate answer matches the reference answer.","qwen/qwen3-8b"
"prm-317d37656fcc5ddd|placebo1|step10","prm-317d37656fcc5ddd","348","1","10","40","4","39","1.025641","0","middle","essential","True","4495","4495","completed","120","The candidate answer 4495 is mathematically equivalent to the reference answer 4495.","qwen/qwen3-8b"
"prm-317d37656fcc5ddd|placebo2|step5","prm-317d37656fcc5ddd","348","2","5","41","4","39","1.051282","0","middle","essential","True","4495","4495","completed","286","The candidate answer matches the reference answer.","qwen/qwen3-8b"
"prm-317d37656fcc5ddd|placebo3|step0","prm-317d37656fcc5ddd","348","3","0","43","4","39","1.102564","0","middle","essential","True","4495","4495","completed","225","The candidate answer matches the reference answer.","qwen/qwen3-8b"
"prm-317d37656fcc5ddd|placebo4|step11","prm-317d37656fcc5ddd","348","4","11","38","4","39","0.974359","0","middle","essential","True","4495","4495","completed","224","The candidate answer is mathematically equivalent to the reference answer.","qwen/qwen3-8b"
"prm-7aacc6952228d379|placebo1|step2","prm-7aacc6952228d379","349","1","2","70","3","77","0.909091","1","late","essential","True","6r^2 - 4r - 24","6r^2-4r-24","completed","177","The candidate answer is mathematically equivalent to the reference answer.","qwen/qwen3-8b"
"prm-7aacc6952228d379|placebo2|step1","prm-7aacc6952228d379","349","2","1","80","3","77","1.038961","1","late","essential","True","6r^2 - 4r - 24","6r^2-4r-24","completed","297","Correct answer.","qwen/qwen3-8b"
"prm-7a422bc7fddfdf54|placebo1|step1","prm-7a422bc7fddfdf54","351","1","1","27","4","29","0.931034","-1","middle","harmful","True","40","40","completed","230","The candidate answer matches the reference answer.","qwen/qwen3-8b"
"prm-7a422bc7fddfdf54|placebo2|step6","prm-7a422bc7fddfdf54","351","2","6","27","4","29","0.931034","-1","middle","harmful","False","14","40","completed","104","The candidate answer 14 is not mathematically equivalent to the reference answer 40.","qwen/qwen3-8b"
"prm-7a422bc7fddfdf54|placebo3|step5","prm-7a422bc7fddfdf54","351","3","5","32","4","29","1.103448","-1","middle","harmful","False","14","40","completed","78","The candidate answer 14 is not mathematically equivalent to the reference answer 40.","qwen/qwen3-8b"
"prm-7a422bc7fddfdf54|placebo4|step0","prm-7a422bc7fddfdf54","351","4","0","27","4","29","0.931034","-1","middle","harmful","True","40","40","completed","248","Both answers are equal to 40.","qwen/qwen3-8b"
"prm-3fb0a1041b0e6522|placebo1|step1","prm-3fb0a1041b0e6522","352","1","1","25","0","31","0.806452","-1","early","harmful","False","4","0","completed","73","The remainder of 2004 divided by 12 is 0, not 4.","qwen/qwen3-8b"
"prm-fa4778df65d9a289|placebo1|step2","prm-fa4778df65d9a289","353","1","2","34","4","30","1.133333","-1","middle","harmful","True","1","1","completed","334","The candidate answer matches the reference answer.","qwen/qwen3-8b"
"prm-fa4778df65d9a289|placebo2|step6","prm-fa4778df65d9a289","353","2","6","33","4","30","1.1","-1","middle","harmful","False","-\frac{1}{3}","1","completed","381","The candidate answer is not mathematically equivalent to the reference answer.","qwen/qwen3-8b"
"prm-4dece02217f93500|placebo1|step12","prm-4dece02217f93500","354","1","12","12","15","15","0.8","0","late","redundant","True","3\sqrt{13}","3\sqrt{13}","completed","140","The candidate answer is equivalent to the reference answer.","qwen/qwen3-8b"
"prm-4dece02217f93500|placebo2|step13","prm-4dece02217f93500","354","2","13","13","15","15","0.866667","0","late","redundant","True","$3\sqrt{13}$","3\sqrt{13}","completed","139","The candidate answer $3\sqrt{13}$ is mathematically equivalent to the reference answer $3\sqrt{13}$.","qwen/qwen3-8b"
"prm-4dece02217f93500|placebo3|step5","prm-4dece02217f93500","354","3","5","15","15","15","1","0","late","redundant","True","$3\sqrt{13}$","3\sqrt{13}","completed","218","The candidate answer is mathematically equivalent to the reference answer.","qwen/qwen3-8b"
"prm-4dece02217f93500|placebo4|step6","prm-4dece02217f93500","354","4","6","12","15","15","0.8","0","late","redundant","True","$3\sqrt{13}$","3\sqrt{13}","completed","210","The candidate answer $3\sqrt{13}$ is mathematically equivalent to the reference answer 3\sqrt{13}.","qwen/qwen3-8b"
"prm-dc919cb80f6423eb|placebo1|step1","prm-dc919cb80f6423eb","356","1","1","32","3","27","1.185185","0","early","redundant","False","16","13","completed","268","The candidate answer is not mathematically equivalent to the reference answer. The reference answer is 13, while the candidate answer is 16.","qwen/qwen3-8b"
"prm-dc919cb80f6423eb|placebo2|step5","prm-dc919cb80f6423eb","356","2","5","31","3","27","1.148148","0","early","redundant","False","","13","logical_break","212","No candidate final answer was produced.","rule:no-answer"
"prm-dc919cb80f6423eb|placebo3|step7","prm-dc919cb80f6423eb","356","3","7","25","3","27","0.925926","0","early","redundant","False","1","13","completed","144","The candidate answer 1 is incorrect. The correct value of $ n $ satisfying $ 0 \	le n < 18 $ and $ n \	equiv -11213141 \	mod{18} $ is 13.","qwen/qwen3-8b"
"prm-dc919cb80f6423eb|placebo4|step8","prm-dc919cb80f6423eb","356","4","8","25","3","27","0.925926","0","early","redundant","False","4","13","completed","842","The integer $ n $ satisfying $ 0 \	le n < 18 $ and $ n \	equiv -11213141 \	mod{18} $ is 13, not 4.","qwen/qwen3-8b"
"prm-c7bf20109ee3402e|placebo1|step0","prm-c7bf20109ee3402e","357","1","0","53","7","47","1.12766","-1","late","harmful","False","102","103","completed","196","The candidate answer 102 is not greater than 100, which violates the condition in the problem.","qwen/qwen3-8b"
"prm-c7bf20109ee3402e|placebo2|step3","prm-c7bf20109ee3402e","357","2","3","42","7","47","0.893617","-1","late","harmful","True","103","103","completed","354","The candidate answer matches the reference answer.","qwen/qwen3-8b"
"prm-7449b3260474567e|placebo1|step15","prm-7449b3260474567e","358","1","15","41","20","43","0.953488","1","late","essential","True","14","14","completed","302","The candidate answer is mathematically equivalent to the reference answer.","qwen/qwen3-8b"
"prm-7449b3260474567e|placebo2|step18","prm-7449b3260474567e","358","2","18","45","20","43","1.046512","1","late","essential","True","14","14","completed","120","Both answers are numerically equal.","qwen/qwen3-8b"
"prm-7449b3260474567e|placebo3|step9","prm-7449b3260474567e","358","3","9","37","20","43","0.860465","1","late","essential","True","14","14","completed","359","The candidate answer matches the reference answer.","qwen/qwen3-8b"
"prm-6c8f717ff62b444b|placebo1|step1","prm-6c8f717ff62b444b","360","1","1","23","0","26","0.884615","0","early","essential","False","The binary number $10101001110_{2}$ is equal to $12472_{8}$ in base eight.","2516_8","completed","174","The candidate answer is not mathematically equivalent to the reference answer.","qwen/qwen3-8b"
"prm-52a853240fdce958|placebo1|step0","prm-52a853240fdce958","361","1","0","20","7","24","0.833333","-1","late","harmful","True","59","59","completed","203","Both answers are numerically equal.","qwen/qwen3-8b"
"prm-1fdd16bd5ee2ebb1|placebo1|step0","prm-1fdd16bd5ee2ebb1","362","1","0","26","1","31","0.83871","0","early","harmful","True","\frac{\sqrt{3}}{3}","\frac{\sqrt{3}}{3}","completed","256","The candidate answer \frac{\sqrt{3}}{3} is mathematically equivalent to the reference answer \frac{\sqrt{3}}{3}.","qwen/qwen3-8b"
"prm-1fdd16bd5ee2ebb1|placebo2|step3","prm-1fdd16bd5ee2ebb1","362","2","3","35","1","31","1.129032","0","early","harmful","False","\frac{\sqrt[3]{9}}{3}","\frac{\sqrt{3}}{3}","completed","277","The candidate answer \frac{\sqrt[3]{9}}{3} is not mathematically equivalent to the reference answer \frac{\sqrt{3}}{3}.","qwen/qwen3-8b"
"prm-4b2cde83a58c010f|placebo1|step12","prm-4b2cde83a58c010f","363","1","12","24","15","25","0.96","0","late","harmful","True","326.5","326.5","completed","115","The candidate answer matches the reference answer.","qwen/qwen3-8b"
"prm-4b2cde83a58c010f|placebo2|step6","prm-4b2cde83a58c010f","363","2","6","22","15","25","0.88","0","late","harmful","True","326.5","326.5","completed","123","The candidate answer matches the reference answer.","qwen/qwen3-8b"
"prm-4b2cde83a58c010f|placebo3|step7","prm-4b2cde83a58c010f","363","3","7","21","15","25","0.84","0","late","harmful","True","326.5","326.5","completed","156","The candidate answer matches the reference answer.","qwen/qwen3-8b"
"prm-4b2cde83a58c010f|placebo4|step9","prm-4b2cde83a58c010f","363","4","9","23","15","25","0.92","0","late","harmful","True","326.5","326.5","completed","119","The candidate answer matches the reference answer.","qwen/qwen3-8b"
"prm-e3b1b8595fa68428|placebo1|step10","prm-e3b1b8595fa68428","364","1","10","17","3","17","1","0","early","harmful","True","$(b + 2)(a + 5)$","(a+5)(b+2)","completed","185","The candidate answer is algebraically equivalent to the reference answer.","qwen/qwen3-8b"
"prm-e3b1b8595fa68428|placebo2|step2","prm-e3b1b8595fa68428","364","2","2","16","3","17","0.941176","0","early","harmful","True","$(a + 5)(b + 2)$","(a+5)(b+2)","completed","222","Algebraically equivalent form with proper formatting.","qwen/qwen3-8b"
"prm-e3b1b8595fa68428|placebo3|step11","prm-e3b1b8595fa68428","364","3","11","20","3","17","1.176471","0","early","harmful","True","(b+2)(a+5)","(a+5)(b+2)","completed","109","The candidate answer is mathematically equivalent to the reference answer.","qwen/qwen3-8b"
"prm-e3b1b8595fa68428|placebo4|step1","prm-e3b1b8595fa68428","364","4","1","18","3","17","1.058824","0","early","harmful","True","$(a + 5)(b + 2)$","(a+5)(b+2)","completed","209","Algebraically equivalent form","qwen/qwen3-8b"
"prm-9b1fccc8cdbe2d3c|placebo1|step3","prm-9b1fccc8cdbe2d3c","365","1","3","15","0","15","1","0","early","redundant","False","odd","\text{even}","completed","172","The candidate answer does not match the reference answer.","qwen/qwen3-8b"
"prm-9b1fccc8cdbe2d3c|placebo2|step10","prm-9b1fccc8cdbe2d3c","365","2","10","18","0","15","1.2","0","early","redundant","False","odd","\text{even}","completed","74","The candidate answer odd is not mathematically equivalent to the reference answer even.","qwen/qwen3-8b"
"prm-a15fb929dff59e97|placebo1|step7","prm-a15fb929dff59e97","367","1","7","44","8","44","1","-1","middle","harmful","False","$x = 2$","5","completed","294","The candidate answer $x = 2$ is not mathematically equivalent to the reference answer 5.","qwen/qwen3-8b"
"prm-a15fb929dff59e97|placebo2|step15","prm-a15fb929dff59e97","367","2","15","42","8","44","0.954545","-1","middle","harmful","False","","5","logical_break","257","No candidate final answer was produced.","rule:no-answer"
"prm-a15fb929dff59e97|placebo3|step16","prm-a15fb929dff59e97","367","3","16","36","8","44","0.818182","-1","middle","harmful","False","","5","logical_break","197","No candidate final answer was produced.","rule:no-answer"
"prm-a15fb929dff59e97|placebo4|step11","prm-a15fb929dff59e97","367","4","11","46","8","44","1.045455","-1","middle","harmful","False","","5","logical_break","228","No candidate final answer was produced.","rule:no-answer"
"prm-12bc5c8b425e5765|placebo1|step1","prm-12bc5c8b425e5765","368","1","1","23","6","24","0.958333","1","late","essential","True","36","36","completed","161","The candidate answer matches the reference answer.","qwen/qwen3-8b"
"prm-12bc5c8b425e5765|placebo2|step2","prm-12bc5c8b425e5765","368","2","2","24","6","24","1","1","late","essential","True","36","36","completed","153","The candidate answer matches the reference answer.","qwen/qwen3-8b"
"prm-9df86fcdc40baf88|placebo1|step7","prm-9df86fcdc40baf88","369","1","7","29","0","28","1.035714","1","early","essential","True","\dfrac{13}{6}","\frac{13}{6}","completed","761","The candidate answer $\dfrac{13}{6}$ is mathematically equivalent to the reference answer $\frac{13}{6}$.","qwen/qwen3-8b"
"prm-9df86fcdc40baf88|placebo2|step5","prm-9df86fcdc40baf88","369","2","5","26","0","28","0.928571","1","early","essential","True","\dfrac{13}{6}","\frac{13}{6}","completed","684","The candidate answer is mathematically equivalent to the reference answer.","qwen/qwen3-8b"
"prm-9df86fcdc40baf88|placebo3|step6","prm-9df86fcdc40baf88","369","3","6","26","0","28","0.928571","1","early","essential","False","","\frac{13}{6}","cannot_continue","2048","No candidate final answer was produced.","rule:no-answer"
"prm-9df86fcdc40baf88|placebo4|step25","prm-9df86fcdc40baf88","369","4","25","27","0","28","0.964286","1","early","essential","False","\boxed{\dfrac{169}{36}}","\frac{13}{6}","completed","111","The candidate answer is not mathematically equivalent to the reference answer.","qwen/qwen3-8b"
"prm-68e9514e2eb03142|placebo1|step12","prm-68e9514e2eb03142","370","1","12","62","11","59","1.050847","-1","middle","harmful","False","\begin{pmatrix} 2 \\ 1 \\ 0 \end{pmatrix}","\begin{pmatrix} -1/3 \\ 2/3 \\ 5/3 \end{pmatrix}","completed","236","The candidate answer does not satisfy the given conditions $\mathbf{a} \cdot \mathbf{v} = 2$ and $\mathbf{a} \times \mathbf{v} = \begin{pmatrix} 1 \\ -2 \\ 1 \end{pmatrix}$.","qwen/qwen3-8b"
"prm-315d6ba30914293a|placebo1|step27","prm-315d6ba30914293a","372","1","27","35","22","31","1.129032","0","late","redundant","False","","203","cannot_continue","2048","No candidate final answer was produced.","rule:no-answer"
"prm-315d6ba30914293a|placebo2|step21","prm-315d6ba30914293a","372","2","21","29","22","31","0.935484","0","late","redundant","False","49","203","completed","335","The smallest number of coins before finding the bag of 53 coins is 203, not 49.","qwen/qwen3-8b"
"prm-315d6ba30914293a|placebo3|step20","prm-315d6ba30914293a","372","3","20","30","22","31","0.967742","0","late","redundant","False","The smallest number of coins you could have had before finding the bag of 53 coins is 133.","203","completed","132","The candidate answer is not a numerical value; it includes text and does not match the required format.","qwen/qwen3-8b"
"prm-315d6ba30914293a|placebo4|step6","prm-315d6ba30914293a","372","4","6","25","22","31","0.806452","0","late","redundant","True","203","203","completed","461","The candidate answer matches the reference answer.","qwen/qwen3-8b"
"prm-92e6c6de9151c528|placebo1|step11","prm-92e6c6de9151c528","373","1","11","33","0","36","0.916667","1","early","essential","True","\boxed{\dfrac{33}{100}}","\dfrac{33}{100}","completed","152","The candidate answer is mathematically equivalent to the reference answer.","qwen/qwen3-8b"
"prm-92e6c6de9151c528|placebo2|step1","prm-92e6c6de9151c528","373","2","1","36","0","36","1","1","early","essential","True","\frac{33}{100}","\dfrac{33}{100}","completed","153","Both answers are numerically equal.","qwen/qwen3-8b"
"prm-92e6c6de9151c528|placebo3|step6","prm-92e6c6de9151c528","373","3","6","32","0","36","0.888889","1","early","essential","True","\frac{33}{100}","\dfrac{33}{100}","completed","231","The candidate answer matches the reference answer.","qwen/qwen3-8b"
"prm-92e6c6de9151c528|placebo4|step5","prm-92e6c6de9151c528","373","4","5","32","0","36","0.888889","1","early","essential","True","\frac{33}{100}","\dfrac{33}{100}","completed","252","The candidate answer is mathematically equivalent to the reference answer.","qwen/qwen3-8b"
"prm-2fbe6edf19120d31|placebo1|step15","prm-2fbe6edf19120d31","374","1","15","19","12","17","1.117647","-1","late","harmful","True","12","12","logical_break","133","Both answers are numerically equal.","qwen/qwen3-8b"
"prm-2fbe6edf19120d31|placebo2|step7","prm-2fbe6edf19120d31","374","2","7","15","12","17","0.882353","-1","late","harmful","True","12","12","completed","141","The maximum number of intersection points between four distinct circles is 12, which matches the reference answer.","qwen/qwen3-8b"
"prm-2fbe6edf19120d31|placebo3|step6","prm-2fbe6edf19120d31","374","3","6","19","12","17","1.117647","-1","late","harmful","True","12","12","completed","161","Both answers are mathematically equivalent.","qwen/qwen3-8b"
"prm-2fbe6edf19120d31|placebo4|step2","prm-2fbe6edf19120d31","374","4","2","16","12","17","0.941176","-1","late","harmful","True","12","12","completed","111","Both answers are 12.","qwen/qwen3-8b"
"prm-5bd12286ca047ec0|placebo1|step6","prm-5bd12286ca047ec0","375","1","6","33","3","37","0.891892","1","early","essential","True","h + k + a + b = -3 + 2 + 12 + 5 = 16","16","completed","272","The candidate answer matches the reference answer.","qwen/qwen3-8b"
"prm-5bd12286ca047ec0|placebo2|step4","prm-5bd12286ca047ec0","375","2","4","34","3","37","0.918919","1","early","essential","True","16","16","completed","337","The candidate answer matches the reference answer.","qwen/qwen3-8b"
"prm-5bd12286ca047ec0|placebo3|step2","prm-5bd12286ca047ec0","375","3","2","34","3","37","0.918919","1","early","essential","True","16","16","completed","409","The candidate answer matches the reference answer.","qwen/qwen3-8b"
"prm-5bd12286ca047ec0|placebo4|step1","prm-5bd12286ca047ec0","375","4","1","30","3","37","0.810811","1","early","essential","True","16","16","completed","443","The candidate answer matches the reference answer.","qwen/qwen3-8b"
"prm-64828b0b15ca157c|placebo1|step5","prm-64828b0b15ca157c","376","1","5","27","6","23","1.173913","1","late","redundant","True","90","90","completed","67","Correct numerical answer.","qwen/qwen3-8b"
"prm-f2ca2a7324883c6d|placebo1|step1","prm-f2ca2a7324883c6d","377","1","1","30","6","25","1.2","-1","late","essential","False","The combined weight of 2 treeks equals the weight of one squig.","3","completed","169","The candidate answer is not mathematically equivalent to the reference answer. The reference answer is 3, while the candidate answer provides a description rather than a numerical value.","qwen/qwen3-8b"
"prm-f2ca2a7324883c6d|placebo2|step5","prm-f2ca2a7324883c6d","377","2","5","25","6","25","1","-1","late","essential","True","3","3","completed","170","Correct value","qwen/qwen3-8b"
"prm-f2ca2a7324883c6d|placebo3|step4","prm-f2ca2a7324883c6d","377","3","4","30","6","25","1.2","-1","late","essential","True","3","3","completed","213","The candidate answer matches the reference answer.","qwen/qwen3-8b"
"prm-6810d2c059913e28|placebo1|step8","prm-6810d2c059913e28","378","1","8","49","6","43","1.139535","0","middle","essential","True","2","2","completed","158","The candidate answer 2 is mathematically equivalent to the reference answer 2.","qwen/qwen3-8b"
"prm-c01bc07ec8bcb448|placebo1|step13","prm-c01bc07ec8bcb448","379","1","13","43","4","52","0.826923","-1","early","harmful","False","0","331","completed","334","The candidate answer 0 is not mathematically equivalent to the reference answer 331.","qwen/qwen3-8b"
"prm-c01bc07ec8bcb448|placebo2|step8","prm-c01bc07ec8bcb448","379","2","8","46","4","52","0.884615","-1","early","harmful","False","\boxed{\frac{1985}{2}}","331","completed","288","The reference answer is 331, but the candidate answer is 1985/2, which is not equal to 331.","qwen/qwen3-8b"
"prm-c01bc07ec8bcb448|placebo3|step10","prm-c01bc07ec8bcb448","379","3","10","58","4","52","1.115385","-1","early","harmful","False","-992","331","completed","646","The reference answer is 331, but the candidate answer is -992.","qwen/qwen3-8b"
"prm-c01bc07ec8bcb448|placebo4|step11","prm-c01bc07ec8bcb448","379","4","11","53","4","52","1.019231","-1","early","harmful","False","-992","331","completed","266","The candidate answer does not match the reference answer.","qwen/qwen3-8b"
"prm-ab1c7130781f0c6b|placebo1|step8","prm-ab1c7130781f0c6b","380","1","8","28","5","26","1.076923","0","middle","harmful","False","","36","logical_break","85","No candidate final answer was produced.","rule:no-answer"
"prm-ab1c7130781f0c6b|placebo2|step3","prm-ab1c7130781f0c6b","380","2","3","24","5","26","0.923077","0","middle","harmful","True","36","36","completed","231","The candidate answer matches the reference answer.","qwen/qwen3-8b"
"prm-f17b27e710e8f147|placebo1|step8","prm-f17b27e710e8f147","381","1","8","67","1","74","0.905405","-1","early","harmful","False","The values of $ho$ are $1 < ho < 4$","(3,4]","completed","383","The candidate answer is incorrect. The reference answer is (3,4], but the candidate answer is 1 < ρ < 4.","qwen/qwen3-8b"
"prm-f17b27e710e8f147|placebo2|step9","prm-f17b27e710e8f147","381","2","9","68","1","74","0.918919","-1","early","harmful","False","$\boxed{(1, 4)}$","(3,4]","completed","353","The candidate answer is not mathematically equivalent to the reference answer.","qwen/qwen3-8b"
"prm-f17b27e710e8f147|placebo3|step11","prm-f17b27e710e8f147","381","3","11","78","1","74","1.054054","-1","early","harmful","False","The values of $\lambda$ are $\boxed{(1, 4)}$.","(3,4]","completed","434","The candidate answer is incorrect; the reference answer is (3,4], not (1,4).","qwen/qwen3-8b"
"prm-6bdba3a9023070a1|placebo1|step2","prm-6bdba3a9023070a1","382","1","2","49","4","52","0.942308","-1","middle","harmful","True","333","333","completed","377","The candidate answer matches the reference answer.","qwen/qwen3-8b"
"prm-6bdba3a9023070a1|placebo2|step5","prm-6bdba3a9023070a1","382","2","5","58","4","52","1.115385","-1","middle","harmful","True","333","333","completed","593","The candidate answer matches the reference answer.","qwen/qwen3-8b"
"prm-6ee8687119787677|placebo1|step4","prm-6ee8687119787677","383","1","4","29","0","27","1.074074","1","early","redundant","True","-125","-125","completed","321","The constant term in the expansion is -125, which matches the reference answer.","qwen/qwen3-8b"
"prm-3d7ee20871a31c85|placebo1|step29","prm-3d7ee20871a31c85","384","1","29","15","12","13","1.153846","0","middle","redundant","False","1","6","completed","419","The largest $ x $-value at which the graphs intersect is 6, not 1.","qwen/qwen3-8b"
"prm-3d7ee20871a31c85|placebo2|step19","prm-3d7ee20871a31c85","384","2","19","13","12","13","1","0","middle","redundant","True","6","6","completed","377","Both answers are the same.","qwen/qwen3-8b"
"prm-3d7ee20871a31c85|placebo3|step28","prm-3d7ee20871a31c85","384","3","28","12","12","13","0.923077","0","middle","redundant","False","","6","cannot_continue","2048","No candidate final answer was produced.","rule:no-answer"
"prm-3d7ee20871a31c85|placebo4|step22","prm-3d7ee20871a31c85","384","4","22","14","12","13","1.076923","0","middle","redundant","True","6","6","completed","462","The candidate answer matches the reference answer.","qwen/qwen3-8b"
"prm-cbc588184fc6053c|placebo1|step13","prm-cbc588184fc6053c","385","1","13","51","6","45","1.133333","1","middle","essential","True","18.90","\$18.90","completed","293","Both answers are numerically equal.","qwen/qwen3-8b"
"prm-cbc588184fc6053c|placebo2|step14","prm-cbc588184fc6053c","385","2","14","41","6","45","0.911111","1","middle","essential","True","\$18.90","\$18.90","completed","202","The candidate answer matches the reference answer.","qwen/qwen3-8b"
"prm-cbc588184fc6053c|placebo3|step7","prm-cbc588184fc6053c","385","3","7","49","6","45","1.088889","1","middle","essential","False","The cost of a 3 inch cube would be $\$14.05$.","\$18.90","completed","160","The candidate answer is not mathematically equivalent to the reference answer.","qwen/qwen3-8b"
"prm-cbc588184fc6053c|placebo4|step1","prm-cbc588184fc6053c","385","4","1","49","6","45","1.088889","1","middle","essential","False","$\boxed{17.30}$","\$18.90","completed","248","The candidate answer is incorrect; the correct answer is $\$18.90.","qwen/qwen3-8b"
"prm-49dfa9357a3a5686|placebo1|step2","prm-49dfa9357a3a5686","387","1","2","35","6","35","1","0","late","essential","True","3","3","completed","210","The solution to $\sqrt{3x-5}=2$ is $x=3$, which matches the reference answer.","qwen/qwen3-8b"
"prm-49dfa9357a3a5686|placebo2|step5","prm-49dfa9357a3a5686","387","2","5","35","6","35","1","0","late","essential","True","3","3","completed","95","Both answers are mathematically equivalent.","qwen/qwen3-8b"
"prm-3dc58ac2c43483b2|placebo1|step0","prm-3dc58ac2c43483b2","388","1","0","17","11","17","1","-1","late","harmful","True","60","60","completed","125","Both answers are 60.","qwen/qwen3-8b"
"prm-3dc58ac2c43483b2|placebo2|step12","prm-3dc58ac2c43483b2","388","2","12","14","11","17","0.823529","-1","late","harmful","False","30","60","completed","87","The candidate answer is incorrect; the correct answer is 60.","qwen/qwen3-8b"
"prm-2cb8f0ea41668c12|placebo1|step0","prm-2cb8f0ea41668c12","389","1","0","27","8","31","0.870968","-1","late","harmful","True","2","2","completed","157","The candidate answer matches the reference answer.","qwen/qwen3-8b"
"prm-2cb8f0ea41668c12|placebo2|step6","prm-2cb8f0ea41668c12","389","2","6","27","8","31","0.870968","-1","late","harmful","False","5","2","completed","100","The candidate answer does not match the reference answer.","qwen/qwen3-8b"
"prm-2cb8f0ea41668c12|placebo3|step7","prm-2cb8f0ea41668c12","389","3","7","33","8","31","1.064516","-1","late","harmful","False","5","2","completed","100","The candidate answer is not mathematically equivalent to the reference answer.","qwen/qwen3-8b"
"prm-91df52b1208ea81d|placebo1|step6","prm-91df52b1208ea81d","390","1","6","26","5","22","1.181818","1","late","essential","True","2 * 5! * 5! = 2 * 120 * 120 = 28800","28800","completed","84","Correct numerical answer.","qwen/qwen3-8b"
"prm-91df52b1208ea81d|placebo2|step4","prm-91df52b1208ea81d","390","2","4","22","5","22","1","1","late","essential","True","2 * 5! * 5! = 2 * 120 * 120 = 28800","28800","completed","172","The candidate answer is mathematically equivalent to the reference answer.","qwen/qwen3-8b"
"prm-951e8e518dae1077|placebo1|step1","prm-951e8e518dae1077","391","1","1","36","9","31","1.16129","1","late","essential","True","$\frac{13}{15}$","\frac{13}{15}","completed","176","Algebraically equivalent form","qwen/qwen3-8b"
"prm-951e8e518dae1077|placebo2|step4","prm-951e8e518dae1077","391","2","4","36","9","31","1.16129","1","late","essential","True","$\frac{13}{15}$","\frac{13}{15}","completed","133","The candidate answer matches the reference answer.","qwen/qwen3-8b"
"prm-951e8e518dae1077|placebo3|step6","prm-951e8e518dae1077","391","3","6","36","9","31","1.16129","1","late","essential","True","$rac{13}{15}$","\frac{13}{15}","completed","189","The candidate answer $rac{13}{15}$ is mathematically equivalent to the reference answer $rac{13}{15}$.","qwen/qwen3-8b"
"prm-951e8e518dae1077|placebo4|step8","prm-951e8e518dae1077","391","4","8","26","9","31","0.83871","1","late","essential","True","\frac{13}{15}","\frac{13}{15}","completed","108","The candidate answer $\frac{13}{15}$ is mathematically equivalent to the reference answer $\frac{13}{15}$.","qwen/qwen3-8b"
"prm-ef29966d7a6bd3e2|placebo1|step14","prm-ef29966d7a6bd3e2","392","1","14","7","3","8","0.875","0","early","redundant","False","4.45","4.5","completed","94","The reference answer is 4.5, but the candidate answer is 4.45.","qwen/qwen3-8b"
"prm-7f470224e279c9a5|placebo1|step0","prm-7f470224e279c9a5","393","1","0","106","2","106","1","-1","early","harmful","True","The minimum value is $16$","16","completed","147","Both answers are equal.","qwen/qwen3-8b"
"prm-7f470224e279c9a5|placebo2|step7","prm-7f470224e279c9a5","393","2","7","91","2","106","0.858491","-1","early","harmful","False","12","16","completed","104","The candidate answer does not match the reference answer.","qwen/qwen3-8b"
"prm-7f470224e279c9a5|placebo3|step5","prm-7f470224e279c9a5","393","3","5","97","2","106","0.915094","-1","early","harmful","False","","16","cannot_continue","2048","No candidate final answer was produced.","rule:no-answer"
"prm-7f470224e279c9a5|placebo4|step8","prm-7f470224e279c9a5","393","4","8","88","2","106","0.830189","-1","early","harmful","False","The minimum value is $12$","16","completed","178","The candidate answer is not mathematically equivalent to the reference answer.","qwen/qwen3-8b"
"prm-27e89528dea4c565|placebo1|step7","prm-27e89528dea4c565","394","1","7","31","2","27","1.148148","0","early","redundant","True","\boxed{60}","60","completed","166","The candidate answer is correct. The positive square root of the product 10 × 15 × 24 is 60.","qwen/qwen3-8b"
"prm-27e89528dea4c565|placebo2|step1","prm-27e89528dea4c565","394","2","1","27","2","27","1","0","early","redundant","True","60","60","completed","75","The candidate answer is mathematically equivalent to the reference answer.","qwen/qwen3-8b"
"prm-27e89528dea4c565|placebo3|step0","prm-27e89528dea4c565","394","3","0","25","2","27","0.925926","0","early","redundant","True","60","60","completed","121","Both answers are equal to 60.","qwen/qwen3-8b"
"prm-27e89528dea4c565|placebo4|step3","prm-27e89528dea4c565","394","4","3","23","2","27","0.851852","0","early","redundant","True","60","60","completed","84","The candidate answer matches the reference answer.","qwen/qwen3-8b"
"prm-f254e3a090dbe70a|placebo1|step4","prm-f254e3a090dbe70a","395","1","4","22","6","27","0.814815","1","late","essential","True","4005","4005","completed","211","The candidate answer matches the reference answer.","qwen/qwen3-8b"
"prm-f254e3a090dbe70a|placebo2|step0","prm-f254e3a090dbe70a","395","2","0","29","6","27","1.074074","1","late","essential","True","4005","4005","completed","158","The 2003rd term of the sequence of odd numbers is 4005, which matches the reference answer.","qwen/qwen3-8b"
"prm-f254e3a090dbe70a|placebo3|step8","prm-f254e3a090dbe70a","395","3","8","30","6","27","1.111111","1","late","essential","True","4005","4005","completed","151","The 2003rd term of the sequence of odd numbers is 4005.","qwen/qwen3-8b"
"prm-f254e3a090dbe70a|placebo4|step3","prm-f254e3a090dbe70a","395","4","3","28","6","27","1.037037","1","late","essential","True","4005","4005","completed","212","Both answers are the same.","qwen/qwen3-8b"
"prm-64b92977ff492b9b|placebo1|step8","prm-64b92977ff492b9b","396","1","8","19","11","22","0.863636","-1","late","essential","True","-1","-1","completed","275","The candidate answer matches the reference answer.","qwen/qwen3-8b"
"prm-64b92977ff492b9b|placebo2|step1","prm-64b92977ff492b9b","396","2","1","26","11","22","1.181818","-1","late","essential","True","From the constant term equation $-2a = 6$, we get $a = -3$. Substituting $a = -3$ into the coefficient of $t$ equation $-10 + ab = -16$, we get $-10 + (-3)b = -16$, which simplifies to $-3b = -6$, so $b = 2$. Therefore, $a + b = -3 + 2 = -1$.","-1","completed","543","The candidate answer correctly solves for $a$ and $b$ using the given polynomial product and arrives at $a + b = -1$, which matches the reference answer.","qwen/qwen3-8b"
"prm-64b92977ff492b9b|placebo3|step12","prm-64b92977ff492b9b","396","3","12","20","11","22","0.909091","-1","late","essential","False","1","-1","completed","185","The reference answer is -1, but the candidate answer is 1.","qwen/qwen3-8b"
"prm-64b92977ff492b9b|placebo4|step13","prm-64b92977ff492b9b","396","4","13","18","11","22","0.818182","-1","late","essential","False","1","-1","completed","62","The candidate answer is incorrect. The correct value of $a + b$ is -1, not 1.","qwen/qwen3-8b"
"prm-fde519a4d71d112d|placebo1|step7","prm-fde519a4d71d112d","398","1","7","10","11","10","1","1","late","essential","False","odd","\text{even}","completed","257","The candidate answer is not mathematically equivalent to the reference answer.","qwen/qwen3-8b"
"prm-fde519a4d71d112d|placebo2|step13","prm-fde519a4d71d112d","398","2","13","12","11","10","1.2","1","late","essential","False","odd","\text{even}","completed","193","The candidate answer is incorrect; the correct answer is ""even"".","qwen/qwen3-8b"
"prm-fde519a4d71d112d|placebo3|step9","prm-fde519a4d71d112d","398","3","9","10","11","10","1","1","late","essential","False","odd","\text{even}","completed","219","The composition $f(f(g(f(g(f(x))))))$ results in an even function, not odd.","qwen/qwen3-8b"
"prm-fde519a4d71d112d|placebo4|step5","prm-fde519a4d71d112d","398","4","5","12","11","10","1.2","1","late","essential","False","odd","\text{even}","completed","204","The candidate answer odd is not mathematically equivalent to the reference answer even.","qwen/qwen3-8b"
"prm-b09e1aa4bb87ee7c|placebo1|step14","prm-b09e1aa4bb87ee7c","399","1","14","12","12","13","0.923077","1","late","harmful","False","","2","logical_break","142","No candidate final answer was produced.","rule:no-answer"
"prm-b09e1aa4bb87ee7c|placebo2|step10","prm-b09e1aa4bb87ee7c","399","2","10","15","12","13","1.153846","1","late","harmful","False","","2","cannot_continue","2048","No candidate final answer was produced.","rule:no-answer"
"prm-c9fe17645948c6da|placebo1|step1","prm-c9fe17645948c6da","400","1","1","28","9","31","0.903226","0","middle","redundant","False","10","11","completed","563","The candidate answer is incorrect; the correct answer is 11.","qwen/qwen3-8b"
"prm-c9fe17645948c6da|placebo2|step12","prm-c9fe17645948c6da","400","2","12","34","9","31","1.096774","0","middle","redundant","True","11","11","completed","181","The candidate answer matches the reference answer.","qwen/qwen3-8b"
"prm-c9fe17645948c6da|placebo3|step4","prm-c9fe17645948c6da","400","3","4","37","9","31","1.193548","0","middle","redundant","False","","11","cannot_continue","2048","No candidate final answer was produced.","rule:no-answer"
"prm-c9fe17645948c6da|placebo4|step10","prm-c9fe17645948c6da","400","4","10","29","9","31","0.935484","0","middle","redundant","True","11","11","completed","249","Correct numerical answer.","qwen/qwen3-8b"
"prm-1989a099acb06f53|placebo1|step14","prm-1989a099acb06f53","401","1","14","55","12","47","1.170213","0","late","redundant","True","27","27","completed","279","The candidate answer is mathematically equivalent to the reference answer.","qwen/qwen3-8b"
"prm-1989a099acb06f53|placebo2|step10","prm-1989a099acb06f53","401","2","10","45","12","47","0.957447","0","late","redundant","True","27","27","completed","131","Correct value","qwen/qwen3-8b"
"prm-1989a099acb06f53|placebo3|step15","prm-1989a099acb06f53","401","3","15","50","12","47","1.06383","0","late","redundant","True","27","27","completed","122","The candidate answer matches the reference answer.","qwen/qwen3-8b"
"prm-1989a099acb06f53|placebo4|step8","prm-1989a099acb06f53","401","4","8","40","12","47","0.851064","0","late","redundant","True","27","27","completed","115","The candidate answer 27 is mathematically equivalent to the reference answer 27.","qwen/qwen3-8b"
"prm-d4926e70a53c8c17|placebo1|step9","prm-d4926e70a53c8c17","402","1","9","24","0","25","0.96","1","early","redundant","False","","13","logical_break","159","No candidate final answer was produced.","rule:no-answer"
"prm-d4926e70a53c8c17|placebo2|step4","prm-d4926e70a53c8c17","402","2","4","20","0","25","0.8","1","early","redundant","False","","13","cannot_continue","2048","No candidate final answer was produced.","rule:no-answer"
"prm-d4926e70a53c8c17|placebo3|step5","prm-d4926e70a53c8c17","402","3","5","26","0","25","1.04","1","early","redundant","True","The simplified expression is $2+	ext{something}-	ext{something}-	ext{something}$, which can be written as $2(1+	ext{something})-(	ext{something}+	ext{something})$. After matching terms, we find $A=2$, $B=2$, $C=3$, and $D=6$. Thus, $A+B+C+D=13$.","13","completed","184","Both answers are equal.","qwen/qwen3-8b"
"prm-707a079b8cebba7e|placebo1|step0","prm-707a079b8cebba7e","403","1","0","57","1","70","0.814286","-1","early","harmful","False","\boxed{1}","\frac{3}{2}","completed","362","The candidate answer does not match the reference answer.","qwen/qwen3-8b"
"prm-707a079b8cebba7e|placebo2|step2","prm-707a079b8cebba7e","403","2","2","69","1","70","0.985714","-1","early","harmful","True","\frac{3}{2}","\frac{3}{2}","completed","544","The candidate answer matches the reference answer.","qwen/qwen3-8b"
"prm-da9a80d73183841e|placebo1|step14","prm-da9a80d73183841e","404","1","14","46","4","52","0.884615","0","early","redundant","True","3","3","completed","298","The candidate answer matches the reference answer.","qwen/qwen3-8b"
"prm-da9a80d73183841e|placebo2|step5","prm-da9a80d73183841e","404","2","5","51","4","52","0.980769","0","early","redundant","True","3","3","completed","641","The candidate answer is correct. The value of b is 3.","qwen/qwen3-8b"
"prm-da9a80d73183841e|placebo3|step21","prm-da9a80d73183841e","404","3","21","49","4","52","0.942308","0","early","redundant","False","","3","cannot_continue","2048","No candidate final answer was produced.","rule:no-answer"
"prm-da9a80d73183841e|placebo4|step19","prm-da9a80d73183841e","404","4","19","52","4","52","1","0","early","redundant","True","3","3","completed","165","Both answers are equal to 3.","qwen/qwen3-8b"
"prm-4d125d919f106dbe|placebo1|step9","prm-4d125d919f106dbe","405","1","9","51","13","58","0.87931","0","late","essential","True","$137rac{1}{2}$","137 \frac{1}{2}","completed","252","The candidate answer matches the reference answer.","qwen/qwen3-8b"
"prm-b46df73b9c7f1dd9|placebo1|step0","prm-b46df73b9c7f1dd9","406","1","0","36","3","36","1","-1","late","harmful","True","\frac{3}{4}","\frac 34","completed","246","The candidate answer matches the reference answer.","qwen/qwen3-8b"
"prm-b61370dd7f97aa7c|placebo1|step6","prm-b61370dd7f97aa7c","408","1","6","40","0","44","0.909091","1","early","essential","False","48","63","completed","149","The number of integer coordinate points strictly in the interior of the rectangle is 63, but the candidate answer is 48.","qwen/qwen3-8b"
"prm-b61370dd7f97aa7c|placebo2|step3","prm-b61370dd7f97aa7c","408","2","3","43","0","44","0.977273","1","early","essential","False","48","63","completed","154","The number of integer coordinate points strictly in the interior of the rectangular region is 63, not 48.","qwen/qwen3-8b"
"prm-b61370dd7f97aa7c|placebo3|step1","prm-b61370dd7f97aa7c","408","3","1","38","0","44","0.863636","1","early","essential","True","63","63","completed","212","Both answers are the same.","qwen/qwen3-8b"
"prm-158ef0683bb8bf70|placebo1|step1","prm-158ef0683bb8bf70","409","1","1","28","12","34","0.823529","-1","late","harmful","True","11","11","completed","293","The candidate answer matches the reference answer.","qwen/qwen3-8b"
"prm-158ef0683bb8bf70|placebo2|step6","prm-158ef0683bb8bf70","409","2","6","38","12","34","1.117647","-1","late","harmful","True","oxed{11}","11","completed","223","The candidate answer is mathematically equivalent to the reference answer.","qwen/qwen3-8b"
"prm-158ef0683bb8bf70|placebo3|step9","prm-158ef0683bb8bf70","409","3","9","31","12","34","0.911765","-1","late","harmful","True","11","11","completed","161","Both answers are numerically equal.","qwen/qwen3-8b"
"prm-158ef0683bb8bf70|placebo4|step4","prm-158ef0683bb8bf70","409","4","4","37","12","34","1.088235","-1","late","harmful","False","","11","cannot_continue","2048","No candidate final answer was produced.","rule:no-answer"
"prm-c95d41ec650cb773|placebo1|step5","prm-c95d41ec650cb773","410","1","5","25","7","27","0.925926","-1","middle","harmful","False","6","4","completed","360","The candidate answer is not mathematically equivalent to the reference answer.","qwen/qwen3-8b"
"prm-c95d41ec650cb773|placebo2|step4","prm-c95d41ec650cb773","410","2","4","31","7","27","1.148148","-1","middle","harmful","False","The smallest possible value of $a$ is $\boxed{12}$","4","completed","370","The candidate answer is incorrect; the correct answer is 4.","qwen/qwen3-8b"
"prm-c95d41ec650cb773|placebo3|step1","prm-c95d41ec650cb773","410","3","1","24","7","27","0.888889","-1","middle","harmful","False","","4","cannot_continue","2048","No candidate final answer was produced.","rule:no-answer"
"prm-762ceff54735d7f1|placebo1|step5","prm-762ceff54735d7f1","411","1","5","17","4","16","1.0625","0","middle","redundant","True","60","60","completed","124","Both answers are mathematically equivalent.","qwen/qwen3-8b"
"prm-762ceff54735d7f1|placebo2|step6","prm-762ceff54735d7f1","411","2","6","19","4","16","1.1875","0","middle","redundant","True","60","60","completed","96","Both answers are 60.","qwen/qwen3-8b"
"prm-762ceff54735d7f1|placebo3|step8","prm-762ceff54735d7f1","411","3","8","18","4","16","1.125","0","middle","redundant","True","60","60","completed","96","The candidate answer matches the reference answer.","qwen/qwen3-8b"
"prm-e9f04531a844d980|placebo1|step1","prm-e9f04531a844d980","412","1","1","16","11","15","1.066667","-1","late","harmful","True","$4210_5$","4210_{5}","completed","202","The candidate answer matches the reference answer.","qwen/qwen3-8b"
"prm-9db27c5e8855d8c2|placebo1|step1","prm-9db27c5e8855d8c2","413","1","1","112","8","101","1.108911","-1","late","harmful","True","16","16","completed","194","The candidate answer matches the reference answer.","qwen/qwen3-8b"
"prm-9db27c5e8855d8c2|placebo2|step3","prm-9db27c5e8855d8c2","413","2","3","107","8","101","1.059406","-1","late","harmful","True","16","16","completed","545","The candidate answer matches the reference answer.","qwen/qwen3-8b"
"prm-08169263b46b6a22|placebo1|step17","prm-08169263b46b6a22","414","1","17","19","11","18","1.055556","1","middle","essential","True","0.15","0.15","completed","311","Correct decimal representation.","qwen/qwen3-8b"
"prm-08169263b46b6a22|placebo2|step7","prm-08169263b46b6a22","414","2","7","17","11","18","0.944444","1","middle","essential","True","0.15","0.15","completed","243","The candidate answer is mathematically equivalent to the reference answer.","qwen/qwen3-8b"
"prm-08169263b46b6a22|placebo3|step13","prm-08169263b46b6a22","414","3","13","18","11","18","1","1","middle","essential","True","0.15","0.15","completed","228","Correct value","qwen/qwen3-8b"
"prm-08169263b46b6a22|placebo4|step6","prm-08169263b46b6a22","414","4","6","18","11","18","1","1","middle","essential","True","0.15","0.15","completed","243","The candidate answer matches the reference answer.","qwen/qwen3-8b"
"prm-5636d3dc1eb6633f|placebo1|step7","prm-5636d3dc1eb6633f","415","1","7","34","3","36","0.944444","-1","middle","harmful","True","11111111100","11,\! 111,\! 111,\! 100","completed","246","The candidate answer 11111111100 is mathematically equivalent to the reference answer 11,111,111,100.","qwen/qwen3-8b"
"prm-5636d3dc1eb6633f|placebo2|step4","prm-5636d3dc1eb6633f","415","2","4","33","3","36","0.916667","-1","middle","harmful","True","11111111100","11,\! 111,\! 111,\! 100","completed","125","The candidate answer 11111111100 is mathematically equivalent to the reference answer 11,111,111,100.","qwen/qwen3-8b"
"prm-5636d3dc1eb6633f|placebo3|step6","prm-5636d3dc1eb6633f","415","3","6","31","3","36","0.861111","-1","middle","harmful","False","111111111000","11,\! 111,\! 111,\! 100","completed","363","The reference answer is 11,111,111,100, but the candidate answer is 111111111000.","qwen/qwen3-8b"
"prm-5636d3dc1eb6633f|placebo4|step2","prm-5636d3dc1eb6633f","415","4","2","38","3","36","1.055556","-1","middle","harmful","True","11111111100","11,\! 111,\! 111,\! 100","completed","198","Both answers are equal.","qwen/qwen3-8b"
"prm-c502b3dc0f88dfaf|placebo1|step5","prm-c502b3dc0f88dfaf","416","1","5","23","4","23","1","-1","early","harmful","False","\boxed{\frac{196}{5}}","\frac{14}{3}","completed","230","The candidate answer does not match the reference answer.","qwen/qwen3-8b"
"prm-c502b3dc0f88dfaf|placebo2|step9","prm-c502b3dc0f88dfaf","416","2","9","25","4","23","1.086957","-1","early","harmful","False","","\frac{14}{3}","logical_break","104","No candidate final answer was produced.","rule:no-answer"
"prm-c502b3dc0f88dfaf|placebo3|step12","prm-c502b3dc0f88dfaf","416","3","12","23","4","23","1","-1","early","harmful","False","","\frac{14}{3}","logical_break","151","No candidate final answer was produced.","rule:no-answer"
"prm-c502b3dc0f88dfaf|placebo4|step0","prm-c502b3dc0f88dfaf","416","4","0","27","4","23","1.173913","-1","early","harmful","True","\boxed{\frac{14}{3}}","\frac{14}{3}","completed","419","The candidate answer is correct. The radius of the smaller semicircle is 14/3.","qwen/qwen3-8b"
"prm-8dfa8dc3890bcfef|placebo1|step18","prm-8dfa8dc3890bcfef","417","1","18","14","16","17","0.823529","-1","middle","harmful","False","$4	ext{sqrt}(6)$","16 \sqrt{3}","completed","272","The reference answer is 16\sqrt{3}, but the candidate answer is 4\sqrt{6}, which is not mathematically equivalent.","qwen/qwen3-8b"
"prm-8dfa8dc3890bcfef|placebo2|step25","prm-8dfa8dc3890bcfef","417","2","25","17","16","17","1","-1","middle","harmful","False","4\sqrt{6}","16 \sqrt{3}","completed","143","The reference answer is $16\sqrt{3}$, while the candidate answer is $4\sqrt{6}$, which are not mathematically equivalent.","qwen/qwen3-8b"
"prm-8dfa8dc3890bcfef|placebo3|step4","prm-8dfa8dc3890bcfef","417","3","4","17","16","17","1","-1","middle","harmful","False","The side length of the equilateral triangle is $8\sqrt{3}$.","16 \sqrt{3}","completed","170","The candidate answer is not mathematically equivalent to the reference answer.","qwen/qwen3-8b"
"prm-8dfa8dc3890bcfef|placebo4|step14","prm-8dfa8dc3890bcfef","417","4","14","19","16","17","1.117647","-1","middle","harmful","False","The side length of the equilateral triangle is $\boxed{8\sqrt{3}}$.","16 \sqrt{3}","completed","98","The candidate answer includes additional text and does not match the reference answer.","qwen/qwen3-8b"
"prm-e340bad68ddf9e2d|placebo1|step7","prm-e340bad68ddf9e2d","418","1","7","16","8","20","0.8","0","late","redundant","True","0","0","completed","56","The remainder of 2004 divided by 12 is 0, which matches the reference answer.","qwen/qwen3-8b"
"prm-e340bad68ddf9e2d|placebo2|step3","prm-e340bad68ddf9e2d","418","2","3","24","8","20","1.2","0","late","redundant","True","0","0","completed","185","The remainder of 2004 divided by 12 is 0.","qwen/qwen3-8b"
"prm-e340bad68ddf9e2d|placebo3|step5","prm-e340bad68ddf9e2d","418","3","5","24","8","20","1.2","0","late","redundant","True","0","0","completed","106","Both answers are the same.","qwen/qwen3-8b"
"prm-e340bad68ddf9e2d|placebo4|step0","prm-e340bad68ddf9e2d","418","4","0","24","8","20","1.2","0","late","redundant","True","0","0","completed","100","The candidate answer matches the reference answer.","qwen/qwen3-8b"
"prm-f8d5e2b8c3ae4947|placebo1|step3","prm-f8d5e2b8c3ae4947","419","1","3","22","11","20","1.1","0","late","redundant","True","1.25","1.25","completed","101","The candidate answer is mathematically equivalent to the reference answer.","qwen/qwen3-8b"
"prm-f8d5e2b8c3ae4947|placebo2|step4","prm-f8d5e2b8c3ae4947","419","2","4","20","11","20","1","0","late","redundant","True","1.25","1.25","completed","146","Both answers are numerically equal.","qwen/qwen3-8b"
"prm-f8d5e2b8c3ae4947|placebo3|step7","prm-f8d5e2b8c3ae4947","419","3","7","20","11","20","1","0","late","redundant","True","1.25","1.25","completed","67","The candidate answer matches the reference answer.","qwen/qwen3-8b"
"prm-f8d5e2b8c3ae4947|placebo4|step6","prm-f8d5e2b8c3ae4947","419","4","6","23","11","20","1.15","0","late","redundant","True","1.25","1.25","completed","76","The candidate answer is mathematically equivalent to the reference answer.","qwen/qwen3-8b"
"prm-78bd280e7dee8d22|placebo1|step12","prm-78bd280e7dee8d22","421","1","12","24","8","20","1.2","1","middle","redundant","True","11\sqrt{2}","11\sqrt2","completed","152","Both answers are algebraically equivalent.","qwen/qwen3-8b"
"prm-78bd280e7dee8d22|placebo2|step4","prm-78bd280e7dee8d22","421","2","4","16","8","20","0.8","1","middle","redundant","True","11\sqrt{2}","11\sqrt2","completed","181","$\sqrt{242} = 11\sqrt{2}$, which matches the reference answer.","qwen/qwen3-8b"
"prm-78bd280e7dee8d22|placebo3|step0","prm-78bd280e7dee8d22","421","3","0","19","8","20","0.95","1","middle","redundant","False","121","11\sqrt2","completed","124","The candidate answer 121 is not mathematically equivalent to the reference answer 11\sqrt{2}.","qwen/qwen3-8b"
"prm-78bd280e7dee8d22|placebo4|step2","prm-78bd280e7dee8d22","421","4","2","18","8","20","0.9","1","middle","redundant","False","","11\sqrt2","cannot_continue","2048","No candidate final answer was produced.","rule:no-answer"
"prm-84b3c6777c806334|placebo1|step9","prm-84b3c6777c806334","422","1","9","27","6","33","0.818182","-1","middle","harmful","False","91.33","84","completed","97","The candidate answer is incorrect; the correct class average is 84.","qwen/qwen3-8b"
"prm-84b3c6777c806334|placebo2|step3","prm-84b3c6777c806334","422","2","3","32","6","33","0.969697","-1","middle","harmful","True","84","84","completed","148","The candidate answer matches the reference answer.","qwen/qwen3-8b"
"prm-84b3c6777c806334|placebo3|step5","prm-84b3c6777c806334","422","3","5","27","6","33","0.818182","-1","middle","harmful","False","The class average is $\frac{(80 \times 20) + (90 \times 8) + (100 \times 2)}{30} = \frac{1600 + 720 + 200}{30} = \frac{2520}{30} = 84$.","84","completed","191","The candidate answer is not a numerical value, while the reference answer is a numerical value.","qwen/qwen3-8b"
"prm-0219e874907d9144|placebo1|step5","prm-0219e874907d9144","423","1","5","26","20","30","0.866667","0","late","essential","True","203","203","completed","438","The candidate answer matches the reference answer.","qwen/qwen3-8b"
"prm-0219e874907d9144|placebo2|step8","prm-0219e874907d9144","423","2","8","26","20","30","0.866667","0","late","essential","True","203","203","completed","449","Correct numerical answer.","qwen/qwen3-8b"
"prm-0219e874907d9144|placebo3|step25","prm-0219e874907d9144","423","3","25","34","20","30","1.133333","0","late","essential","False","The smallest number of coins you could have had before finding the bag of 53 coins is 115.","203","completed","244","The candidate answer is not mathematically equivalent to the reference answer. The reference answer is 203, while the candidate answer provides a description rather than a numerical value.","qwen/qwen3-8b"
"prm-0219e874907d9144|placebo4|step27","prm-0219e874907d9144","423","4","27","35","20","30","1.166667","0","late","essential","False","","203","cannot_continue","2048","No candidate final answer was produced.","rule:no-answer"
"prm-090c92a536a6f7cf|placebo1|step8","prm-090c92a536a6f7cf","424","1","8","30","2","26","1.153846","0","early","redundant","False","3","21","completed","91","The greatest common divisor of 3339, 2961, and 1491 is not 3; it is 21.","qwen/qwen3-8b"
"prm-090c92a536a6f7cf|placebo2|step5","prm-090c92a536a6f7cf","424","2","5","22","2","26","0.846154","0","early","redundant","False","3","21","completed","206","The candidate answer 3 is not mathematically equivalent to the reference answer 21.","qwen/qwen3-8b"
"prm-2ec389700747f531|placebo1|step14","prm-2ec389700747f531","425","1","14","22","12","22","1","0","late","redundant","True","129","129","completed","205","The candidate answer 129 is mathematically equivalent to the reference answer 129.","qwen/qwen3-8b"
"prm-2ec389700747f531|placebo2|step7","prm-2ec389700747f531","425","2","7","19","12","22","0.863636","0","late","redundant","False","","129","cannot_continue","2048","No candidate final answer was produced.","rule:no-answer"
"prm-2ec389700747f531|placebo3|step10","prm-2ec389700747f531","425","3","10","22","12","22","1","0","late","redundant","True","129","129","completed","91","Both answers are equal.","qwen/qwen3-8b"
"prm-2ec389700747f531|placebo4|step4","prm-2ec389700747f531","425","4","4","26","12","22","1.181818","0","late","redundant","True","129","129","completed","229","The candidate answer matches the reference answer.","qwen/qwen3-8b"
"prm-c95bf35f36e49166|placebo1|step6","prm-c95bf35f36e49166","426","1","6","17","24","20","0.85","0","late","redundant","False","Hillary has 5 nickels.","7","completed","104","The candidate answer includes extra text and does not match the reference answer.","qwen/qwen3-8b"
"prm-c95bf35f36e49166|placebo2|step3","prm-c95bf35f36e49166","426","2","3","21","24","20","1.05","0","late","redundant","False","Hillary has 5 nickels.","7","completed","173","The candidate answer is not mathematically equivalent to the reference answer.","qwen/qwen3-8b"
"prm-c95bf35f36e49166|placebo3|step5","prm-c95bf35f36e49166","426","3","5","16","24","20","0.8","0","late","redundant","False","Hillary has 5 nickels.","7","completed","120","The candidate answer is incorrect. The reference answer is 7, but the candidate answer states Hillary has 5 nickels.","qwen/qwen3-8b"
"prm-c95bf35f36e49166|placebo4|step22","prm-c95bf35f36e49166","426","4","22","24","24","20","1.2","0","late","redundant","True","7","7","completed","49","The candidate answer matches the reference answer.","qwen/qwen3-8b"
"prm-dba05e0cd479b592|placebo1|step9","prm-dba05e0cd479b592","427","1","9","35","8","39","0.897436","-1","middle","harmful","False","The largest possible value of $|a| + |b| + |c|$ is $2 + rac{1}{2} + rac{1}{2} = 3$.","17","completed","349","The reference answer is 17, while the candidate answer is 3, which are not equal.","qwen/qwen3-8b"
"prm-dba05e0cd479b592|placebo2|step5","prm-dba05e0cd479b592","427","2","5","46","8","39","1.179487","-1","middle","harmful","False","3","17","completed","293","The candidate answer is not mathematically equivalent to the reference answer.","qwen/qwen3-8b"
"prm-dba05e0cd479b592|placebo3|step11","prm-dba05e0cd479b592","427","3","11","41","8","39","1.051282","-1","middle","harmful","False","","17","logical_break","137","No candidate final answer was produced.","rule:no-answer"
"prm-de925ec448909016|placebo1|step5","prm-de925ec448909016","428","1","5","26","7","25","1.04","1","middle","essential","True","12th grade","12","completed","321","The 12th grade has the number of male bus riders closest to 135% of the number of female bus riders.","qwen/qwen3-8b"
"prm-de925ec448909016|placebo2|step3","prm-de925ec448909016","428","2","3","27","7","25","1.08","1","middle","essential","True","12th grade","12","completed","386","The grade with the number of male bus riders closest to 135% of the number of female bus riders is 12th grade.","qwen/qwen3-8b"
"prm-de925ec448909016|placebo3|step9","prm-de925ec448909016","428","3","9","25","7","25","1","1","middle","essential","False","12th grade","12","completed","206","The candidate answer is not a numerical value; it includes text and does not match the required format.","qwen/qwen3-8b"
"prm-de925ec448909016|placebo4|step0","prm-de925ec448909016","428","4","0","27","7","25","1.08","1","middle","essential","False","10th grade","12","completed","235","The candidate answer is not a numerical value, while the reference answer is a numerical value.","qwen/qwen3-8b"
"prm-c724e22efcbb6540|placebo1|step5","prm-c724e22efcbb6540","430","1","5","71","1","66","1.075758","-1","early","harmful","False","\boxed{\dfrac{8}{7}}","\frac{3}{56}","completed","481","The candidate answer \boxed{\dfrac{8}{7}} is not mathematically equivalent to the reference answer \frac{3}{56}.","qwen/qwen3-8b"
"prm-c724e22efcbb6540|placebo2|step8","prm-c724e22efcbb6540","430","2","8","64","1","66","0.969697","-1","early","harmful","False","\boxed{\dfrac{8}{7}}","\frac{3}{56}","completed","239","The reference answer is 3/56, but the candidate answer is 8/7.","qwen/qwen3-8b"
"prm-c1d4d174440821f2|placebo1|step3","prm-c1d4d174440821f2","431","1","3","39","16","45","0.866667","0","late","essential","False","$AF^2 + BF^2 + CF^2 = rac{1}{2}(a^2 + b^2 + c^2) + 2R^2$","3R^2","completed","497","The candidate answer is not mathematically equivalent to the reference answer.","qwen/qwen3-8b"
"prm-c1d4d174440821f2|placebo2|step6","prm-c1d4d174440821f2","431","2","6","40","16","45","0.888889","0","late","essential","False","$ AF^2 + BF^2 + CF^2 = rac{3}{4}(a^2 + b^2 + c^2) $","3R^2","completed","379","The candidate answer is not mathematically equivalent to the reference answer.","qwen/qwen3-8b"
"prm-c1d4d174440821f2|placebo3|step1","prm-c1d4d174440821f2","431","3","1","54","16","45","1.2","0","late","essential","False","$AF^2 + BF^2 + CF^2 = a^2 + b^2 + c^2 - \frac{3}{2}R^2$","3R^2","completed","765","The candidate answer is algebraically different from the reference answer.","qwen/qwen3-8b"
"prm-c1d4d174440821f2|placebo4|step0","prm-c1d4d174440821f2","431","4","0","41","16","45","0.911111","0","late","essential","False","$AF^2 + BF^2 + CF^2 = rac{1}{3}(a^2 + b^2 + c^2) + 3R^2$","3R^2","completed","654","The reference answer is $3R^2$, but the candidate answer includes an additional term $\frac{1}{3}(a^2 + b^2 + c^2)$.","qwen/qwen3-8b"
"prm-43a5c71b96bc6a02|placebo1|step4","prm-43a5c71b96bc6a02","432","1","4","15","11","13","1.153846","-1","middle","harmful","True","24","24","completed","266","Both answers are mathematically equivalent.","qwen/qwen3-8b"
"prm-43a5c71b96bc6a02|placebo2|step20","prm-43a5c71b96bc6a02","432","2","20","12","11","13","0.923077","-1","middle","harmful","True","24","24","completed","1382","Both answers are 24.","qwen/qwen3-8b"
"prm-43a5c71b96bc6a02|placebo3|step26","prm-43a5c71b96bc6a02","432","3","26","14","11","13","1.076923","-1","middle","harmful","False","\boxed{\frac{744}{5}}","24","completed","503","The candidate answer is incorrect; the correct value is 24.","qwen/qwen3-8b"
"prm-43a5c71b96bc6a02|placebo4|step21","prm-43a5c71b96bc6a02","432","4","21","11","11","13","0.846154","-1","middle","harmful","False","\frac{744}{5}","24","completed","945","The candidate answer is incorrect; the correct answer is 24.","qwen/qwen3-8b"
"prm-359b37145eea0ad1|placebo1|step2","prm-359b37145eea0ad1","433","1","2","37","5","31","1.193548","1","middle","redundant","False","","6","cannot_continue","2048","No candidate final answer was produced.","rule:no-answer"
"prm-359b37145eea0ad1|placebo2|step7","prm-359b37145eea0ad1","433","2","7","34","5","31","1.096774","1","middle","redundant","True","6","6","completed","298","The candidate answer matches the reference answer.","qwen/qwen3-8b"
"prm-359b37145eea0ad1|placebo3|step0","prm-359b37145eea0ad1","433","3","0","35","5","31","1.129032","1","middle","redundant","True","6","6","completed","527","Correct numerical answer.","qwen/qwen3-8b"
"prm-359b37145eea0ad1|placebo4|step3","prm-359b37145eea0ad1","433","4","3","33","5","31","1.064516","1","middle","redundant","True","6","6","completed","477","Both answers are 6.","qwen/qwen3-8b"
"prm-b22345a73912d695|placebo1|step1","prm-b22345a73912d695","434","1","1","22","3","20","1.1","1","middle","essential","True","-1","-1","completed","203","Correct value","qwen/qwen3-8b"
"prm-70a2e3a4f8362a3d|placebo1|step2","prm-70a2e3a4f8362a3d","435","1","2","30","7","29","1.034483","1","middle","harmful","True","$ P = \frac{2}{3} $","\frac{2}{3}","completed","241","The candidate answer is algebraically equivalent to the reference answer.","qwen/qwen3-8b"
"prm-70a2e3a4f8362a3d|placebo2|step6","prm-70a2e3a4f8362a3d","435","2","6","34","7","29","1.172414","1","middle","harmful","True","\boxed{\frac{2}{3}}","\frac{2}{3}","completed","272","The candidate answer matches the reference answer.","qwen/qwen3-8b"
"prm-a7ee94dec2e0a9cc|placebo1|step3","prm-a7ee94dec2e0a9cc","436","1","3","40","13","46","0.869565","-1","late","harmful","True","\dfrac{5}{13}","\frac{5}{13}","completed","489","The candidate answer $\dfrac{5}{13}$ is mathematically equivalent to the reference answer $\frac{5}{13}$.","qwen/qwen3-8b"
"prm-a7ee94dec2e0a9cc|placebo2|step6","prm-a7ee94dec2e0a9cc","436","2","6","52","13","46","1.130435","-1","late","harmful","True","\dfrac{5}{13}","\frac{5}{13}","completed","420","Both answers are equal to 5/13.","qwen/qwen3-8b"
"prm-a7ee94dec2e0a9cc|placebo3|step0","prm-a7ee94dec2e0a9cc","436","3","0","50","13","46","1.086957","-1","late","harmful","True","\frac{\sqrt{13}}{\sqrt{169}} = \frac{\sqrt{13}}{13}","\frac{5}{13}","completed","278","Both answers are equal.","qwen/qwen3-8b"
"prm-a7ee94dec2e0a9cc|placebo4|step8","prm-a7ee94dec2e0a9cc","436","4","8","39","13","46","0.847826","-1","late","harmful","False","","\frac{5}{13}","cannot_continue","2048","No candidate final answer was produced.","rule:no-answer"
"prm-62cd37cf091fe105|placebo1|step3","prm-62cd37cf091fe105","437","1","3","27","0","32","0.84375","1","early","redundant","True","9","9","completed","226","The candidate answer matches the reference answer.","qwen/qwen3-8b"
"prm-62cd37cf091fe105|placebo2|step11","prm-62cd37cf091fe105","437","2","11","35","0","32","1.09375","1","early","redundant","True","9","9","completed","270","The candidate answer matches the reference answer.","qwen/qwen3-8b"
"prm-62cd37cf091fe105|placebo3|step14","prm-62cd37cf091fe105","437","3","14","33","0","32","1.03125","1","early","redundant","True","9","9","completed","92","The candidate answer is correct. The number of trailing zeros in 42! is 9.","qwen/qwen3-8b"
"prm-62cd37cf091fe105|placebo4|step7","prm-62cd37cf091fe105","437","4","7","26","0","32","0.8125","1","early","redundant","True","9","9","completed","176","The candidate answer matches the reference answer.","qwen/qwen3-8b"
"prm-27d0dda20005b851|placebo1|step4","prm-27d0dda20005b851","438","1","4","27","7","27","1","-1","late","harmful","True","9","9","completed","147","Both answers are equal to 9.","qwen/qwen3-8b"
"prm-27d0dda20005b851|placebo2|step2","prm-27d0dda20005b851","438","2","2","29","7","27","1.074074","-1","late","harmful","False","The number of trailing zeros in 42! is 9.","9","completed","123","The candidate answer is not mathematically equivalent to the reference answer.","qwen/qwen3-8b"
"prm-27d0dda20005b851|placebo3|step1","prm-27d0dda20005b851","438","3","1","29","7","27","1.074074","-1","late","harmful","False","The number of trailing zeros in $42!$ is $\left\lfloor \frac{42}{5} \right\rfloor + \left\lfloor \frac{42}{25} \right\rfloor = 8 + 1 = 9$","9","completed","228","The candidate answer does not provide a numerical value, while the reference answer is 9.","qwen/qwen3-8b"
"prm-27d0dda20005b851|placebo4|step5","prm-27d0dda20005b851","438","4","5","22","7","27","0.814815","-1","late","harmful","True","9","9","completed","154","The number of trailing zeroes in 42! is 9, which matches the reference answer.","qwen/qwen3-8b"
"prm-d7cd2fc406477b13|placebo1|step9","prm-d7cd2fc406477b13","439","1","9","21","17","21","1","0","middle","essential","False","The smallest number of coins you could have had before finding the bag of 53 coins is 105.","203","completed","354","The candidate answer is incorrect. The correct answer is 203, not 105.","qwen/qwen3-8b"
"prm-d7cd2fc406477b13|placebo2|step15","prm-d7cd2fc406477b13","439","2","15","20","17","21","0.952381","0","middle","essential","False","35","203","completed","351","The candidate answer 35 is not greater than 200, which violates the condition in the problem.","qwen/qwen3-8b"
"prm-d7cd2fc406477b13|placebo3|step16","prm-d7cd2fc406477b13","439","3","16","20","17","21","0.952381","0","middle","essential","False","315","203","completed","775","The candidate answer is not mathematically equivalent to the reference answer.","qwen/qwen3-8b"
"prm-d7cd2fc406477b13|placebo4|step12","prm-d7cd2fc406477b13","439","4","12","17","17","21","0.809524","0","middle","essential","False","256","203","completed","505","The candidate answer 256 is not the smallest number of coins that satisfies the conditions. The correct answer is 203.","qwen/qwen3-8b"
"prm-b5f8d24593f1e708|placebo1|step3","prm-b5f8d24593f1e708","440","1","3","28","11","24","1.166667","0","late","redundant","True","60","60","completed","116","Both answers are numerically equal.","qwen/qwen3-8b"
"prm-b5f8d24593f1e708|placebo2|step8","prm-b5f8d24593f1e708","440","2","8","25","11","24","1.041667","0","late","redundant","True","60","60","completed","154","The candidate answer matches the reference answer.","qwen/qwen3-8b"
"prm-b5f8d24593f1e708|placebo3|step4","prm-b5f8d24593f1e708","440","3","4","27","11","24","1.125","0","late","redundant","True","60","60","completed","124","The candidate answer is mathematically equivalent to the reference answer.","qwen/qwen3-8b"
"prm-b5f8d24593f1e708|placebo4|step2","prm-b5f8d24593f1e708","440","4","2","28","11","24","1.166667","0","late","redundant","True","60","60","completed","111","The candidate answer matches the reference answer.","qwen/qwen3-8b"
"prm-d3fcbd13ec57a842|placebo1|step4","prm-d3fcbd13ec57a842","441","1","4","17","6","16","1.0625","1","middle","redundant","True","2","2","completed","125","The value of $x$ that satisfies $2^3\cdot3^x=72$ is $x=2$, which matches the reference answer.","qwen/qwen3-8b"
"prm-d3fcbd13ec57a842|placebo2|step10","prm-d3fcbd13ec57a842","441","2","10","19","6","16","1.1875","1","middle","redundant","True","2","2","completed","117","The candidate answer is mathematically equivalent to the reference answer.","qwen/qwen3-8b"
"prm-d3fcbd13ec57a842|placebo3|step3","prm-d3fcbd13ec57a842","441","3","3","14","6","16","0.875","1","middle","redundant","True","2","2","completed","130","Both answers are 2.","qwen/qwen3-8b"
"prm-d3fcbd13ec57a842|placebo4|step11","prm-d3fcbd13ec57a842","441","4","11","15","6","16","0.9375","1","middle","redundant","True","2","2","completed","51","The candidate answer matches the reference answer.","qwen/qwen3-8b"
"prm-b8e3cc348f791b5a|placebo1|step0","prm-b8e3cc348f791b5a","442","1","0","17","8","21","0.809524","-1","late","harmful","True","4.5","4.5","completed","96","The candidate answer matches the reference answer.","qwen/qwen3-8b"
"prm-b8e3cc348f791b5a|placebo2|step9","prm-b8e3cc348f791b5a","442","2","9","20","8","21","0.952381","-1","late","harmful","True","4.5","4.5","completed","58","The candidate answer matches the reference answer.","qwen/qwen3-8b"
"prm-b8e3cc348f791b5a|placebo3|step3","prm-b8e3cc348f791b5a","442","3","3","22","8","21","1.047619","-1","late","harmful","True","4.5","4.5","completed","126","The candidate answer is mathematically equivalent to the reference answer.","qwen/qwen3-8b"
"prm-b8e3cc348f791b5a|placebo4|step4","prm-b8e3cc348f791b5a","442","4","4","17","8","21","0.809524","-1","late","harmful","True","4.5","4.5","completed","139","Correct decimal representation.","qwen/qwen3-8b"
"prm-5c51e282ba7208e7|placebo1|step5","prm-5c51e282ba7208e7","443","1","5","18","7","22","0.818182","0","middle","harmful","True","6","6","completed","166","Both answers are 6.","qwen/qwen3-8b"
"prm-5c51e282ba7208e7|placebo2|step2","prm-5c51e282ba7208e7","443","2","2","18","7","22","0.818182","0","middle","harmful","True","x = 6","6","completed","100","Correct value","qwen/qwen3-8b"
"prm-5c51e282ba7208e7|placebo3|step1","prm-5c51e282ba7208e7","443","3","1","26","7","22","1.181818","0","middle","harmful","True","$\boxed{6}$","6","completed","119","The candidate answer is algebraically equivalent to the reference answer.","qwen/qwen3-8b"
"prm-5c51e282ba7208e7|placebo4|step4","prm-5c51e282ba7208e7","443","4","4","21","7","22","0.954545","0","middle","harmful","True","6","6","completed","227","The candidate answer matches the reference answer.","qwen/qwen3-8b"
"prm-f65a99197bf57f66|placebo1|step5","prm-f65a99197bf57f66","444","1","5","46","13","41","1.121951","-1","middle","harmful","False","\boxed{\frac{1}{15}}","\frac{3}{56}","completed","1076","The candidate answer \frac{1}{15} is not mathematically equivalent to the reference answer \frac{3}{56}.","qwen/qwen3-8b"
"prm-f65a99197bf57f66|placebo2|step8","prm-f65a99197bf57f66","444","2","8","49","13","41","1.195122","-1","middle","harmful","False","","\frac{3}{56}","cannot_continue","2048","No candidate final answer was produced.","rule:no-answer"
"prm-f65a99197bf57f66|placebo3|step19","prm-f65a99197bf57f66","444","3","19","35","13","41","0.853659","-1","middle","harmful","False","-\frac{2}{3}","\frac{3}{56}","completed","239","The candidate answer is not mathematically equivalent to the reference answer.","qwen/qwen3-8b"
"prm-f65a99197bf57f66|placebo4|step11","prm-f65a99197bf57f66","444","4","11","44","13","41","1.073171","-1","middle","harmful","False","","\frac{3}{56}","cannot_continue","2048","No candidate final answer was produced.","rule:no-answer"
"prm-8d743a4306b744df|placebo1|step8","prm-8d743a4306b744df","446","1","8","26","21","29","0.896552","0","late","redundant","True","203","203","completed","449","The candidate answer matches the reference answer.","qwen/qwen3-8b"
"prm-8d743a4306b744df|placebo2|step24","prm-8d743a4306b744df","446","2","24","32","21","29","1.103448","0","late","redundant","True","203","203","completed","953","The candidate answer matches the reference answer.","qwen/qwen3-8b"
"prm-8d743a4306b744df|placebo3|step22","prm-8d743a4306b744df","446","3","22","31","21","29","1.068966","0","late","redundant","False","The smallest number of coins you could have had before finding the bag of 53 coins is 133.","203","completed","132","The candidate answer is incorrect. The reference answer is 203, but the candidate answer is 133.","qwen/qwen3-8b"
"prm-8d743a4306b744df|placebo4|step19","prm-8d743a4306b744df","446","4","19","31","21","29","1.068966","0","late","redundant","False","207","203","completed","888","The reference answer is 203, but the candidate answer is 207, which is not correct.","qwen/qwen3-8b"
"prm-d7fbf32a29279602|placebo1|step0","prm-d7fbf32a29279602","449","1","0","30","5","34","0.882353","-1","middle","harmful","False","The region enclosed by $ S $ is a sphere with radius $ 6 $ centered at the origin.","288 \pi","completed","642","The reference answer is $288\pi$, while the candidate answer describes a sphere with radius 6, which has volume $\frac{4}{3}\pi(6)^3 = 288\pi$, so the candidate answer is correct but not in the required format.","qwen/qwen3-8b"
"prm-d7fbf32a29279602|placebo2|step14","prm-d7fbf32a29279602","449","2","14","36","5","34","1.058824","-1","middle","harmful","False","The region of the volume enclosed by $ S $ is an ellipsoid centered at the origin with semi-axes of lengths $ rac{1}{\	ext{\sqrt{2}}} $, $ rac{1}{\\text{\sqrt{11}}} $, and $ rac{1}{\\text{\sqrt{12}}} $.","288 \pi","completed","169","The candidate answer is not mathematically equivalent to the reference answer.","qwen/qwen3-8b"
"prm-6b1c6a29b6d1c9f7|placebo1|step1","prm-6b1c6a29b6d1c9f7","451","1","1","19","0","19","1","0","early","harmful","False","0","59","completed","194","The candidate answer does not provide a numerical value, while the reference answer is 59.","qwen/qwen3-8b"
"prm-378914f040c48223|placebo1|step16","prm-378914f040c48223","452","1","16","45","17","56","0.803571","0","late","redundant","False","$AF^2 + BF^2 + CF^2 = rac{2}{3}(a^2 + b^2 + c^2) - rac{1}{3}(9R^2 - a^2 - b^2 - c^2)$","3R^2","completed","386","The candidate answer is not algebraically equivalent to the reference answer. The reference answer is 3R^2, while the candidate answer simplifies to 3R^2 - 3R^2 + (a^2 + b^2 + c^2)/3, which is not equal to 3R^2.","qwen/qwen3-8b"
"prm-378914f040c48223|placebo2|step1","prm-378914f040c48223","452","2","1","54","17","56","0.964286","0","late","redundant","False","$AF^2 + BF^2 + CF^2 = a^2 + b^2 + c^2 - 9R^2$","3R^2","completed","355","The candidate answer is incorrect. The correct answer is 3R^2, not a^2 + b^2 + c^2 - 9R^2.","qwen/qwen3-8b"
"prm-1d89b199249c7358|placebo1|step22","prm-1d89b199249c7358","454","1","22","66","19","68","0.970588","-1","late","harmful","False","\boxed{\dfrac{8}{63}}","\frac{3}{56}","completed","233","The candidate answer is not mathematically equivalent to the reference answer.","qwen/qwen3-8b"
"prm-1d89b199249c7358|placebo2|step17","prm-1d89b199249c7358","454","2","17","61","19","68","0.897059","-1","late","harmful","False","\boxed{\frac{8}{63}}","\frac{3}{56}","completed","411","The candidate answer is not mathematically equivalent to the reference answer.","qwen/qwen3-8b"
"prm-1d89b199249c7358|placebo3|step3","prm-1d89b199249c7358","454","3","3","63","19","68","0.926471","-1","late","harmful","False","\boxed{\frac{1}{15}}","\frac{3}{56}","completed","1122","The candidate answer \frac{1}{15} is not mathematically equivalent to the reference answer \frac{3}{56}.","qwen/qwen3-8b"
"prm-0d673acec3561559|placebo1|step13","prm-0d673acec3561559","455","1","13","22","8","25","0.88","-1","middle","harmful","False","8","10","completed","114","The candidate answer is incorrect. The correct number of representatives for the 8th grade is 10.","qwen/qwen3-8b"
"prm-0d673acec3561559|placebo2|step7","prm-0d673acec3561559","455","2","7","23","8","25","0.92","-1","middle","harmful","False","The 8th grade should have 10 representatives.","10","completed","109","The candidate answer includes extra text and is not in the required format.","qwen/qwen3-8b"
"prm-0d673acec3561559|placebo3|step5","prm-0d673acec3561559","455","3","5","24","8","25","0.96","-1","middle","harmful","False","The 8th grade should have 10 representatives.","10","completed","152","The candidate answer includes text that is not a numerical value, while the reference answer is a number.","qwen/qwen3-8b"
"prm-0d673acec3561559|placebo4|step14","prm-0d673acec3561559","455","4","14","25","8","25","1","-1","middle","harmful","False","8","10","completed","104","The candidate answer is different from the reference answer.","qwen/qwen3-8b"
"prm-677329b0cf4a5ef0|placebo1|step0","prm-677329b0cf4a5ef0","457","1","0","20","6","21","0.952381","-1","late","harmful","False","\boxed{\frac{16}{3}}","8","completed","443","The reference answer is $8$, but the candidate answer is $\boxed{\frac{16}{3}}$.","qwen/qwen3-8b"
"prm-677329b0cf4a5ef0|placebo2|step7","prm-677329b0cf4a5ef0","457","2","7","21","6","21","1","-1","late","harmful","False","48","8","completed","125","The candidate answer is not mathematically equivalent to the reference answer.","qwen/qwen3-8b"
"prm-677329b0cf4a5ef0|placebo3|step4","prm-677329b0cf4a5ef0","457","3","4","21","6","21","1","-1","late","harmful","False","\boxed{\frac{64}{3}}","8","completed","402","The reference answer is 8, but the candidate answer is \boxed{\frac{64}{3}}.","qwen/qwen3-8b"
"prm-6a11cd36a6d48aac|placebo1|step10","prm-6a11cd36a6d48aac","458","1","10","25","9","23","1.086957","0","middle","harmful","True","64","64","completed","269","The candidate answer matches the reference answer.","qwen/qwen3-8b"
"prm-6a11cd36a6d48aac|placebo2|step4","prm-6a11cd36a6d48aac","458","2","4","26","9","23","1.130435","0","middle","harmful","True","64","64","completed","412","The candidate answer matches the reference answer.","qwen/qwen3-8b"
"prm-6a11cd36a6d48aac|placebo3|step20","prm-6a11cd36a6d48aac","458","3","20","26","9","23","1.130435","0","middle","harmful","True","64","64","completed","113","The candidate answer matches the reference answer.","qwen/qwen3-8b"
"prm-6a11cd36a6d48aac|placebo4|step16","prm-6a11cd36a6d48aac","458","4","16","24","9","23","1.043478","0","middle","harmful","True","64","64","completed","137","The candidate answer is mathematically equivalent to the reference answer.","qwen/qwen3-8b"
"prm-b4b221e907450223|placebo1|step7","prm-b4b221e907450223","459","1","7","21","9","19","1.105263","0","late","redundant","True","3","3","completed","107","The candidate answer matches the reference answer.","qwen/qwen3-8b"
"prm-ae250ba55293ea93|placebo1|step0","prm-ae250ba55293ea93","460","1","0","41","3","37","1.108108","1","early","essential","True","\sqrt{5}","\sqrt{5}","completed","287","Both answers are \sqrt{5}.","qwen/qwen3-8b"
"prm-ae250ba55293ea93|placebo2|step7","prm-ae250ba55293ea93","460","2","7","42","3","37","1.135135","1","early","essential","True","\sqrt{5}","\sqrt{5}","completed","163","Correct value","qwen/qwen3-8b"
"prm-ae250ba55293ea93|placebo3|step6","prm-ae250ba55293ea93","460","3","6","35","3","37","0.945946","1","early","essential","True","\sqrt{5}","\sqrt{5}","completed","213","The candidate answer is algebraically equivalent to the reference answer.","qwen/qwen3-8b"
"prm-e8138a79d9f11b5f|placebo1|step7","prm-e8138a79d9f11b5f","461","1","7","48","6","53","0.90566","1","late","redundant","True","60","60","completed","88","The candidate answer matches the reference answer.","qwen/qwen3-8b"
"prm-e8138a79d9f11b5f|placebo2|step3","prm-e8138a79d9f11b5f","461","2","3","47","6","53","0.886792","1","late","redundant","True","60","60","completed","214","The candidate answer 60 is mathematically equivalent to the reference answer 60.","qwen/qwen3-8b"
"prm-e8138a79d9f11b5f|placebo3|step2","prm-e8138a79d9f11b5f","461","3","2","45","6","53","0.849057","1","late","redundant","True","60","60","completed","228","Both answers are equal to 60.","qwen/qwen3-8b"
"prm-e8138a79d9f11b5f|placebo4|step4","prm-e8138a79d9f11b5f","461","4","4","51","6","53","0.962264","1","late","redundant","True","60","60","completed","212","The candidate answer is mathematically equivalent to the reference answer.","qwen/qwen3-8b"
"prm-a795bb4c871ed999|placebo1|step11","prm-a795bb4c871ed999","462","1","11","42","8","45","0.933333","-1","middle","harmful","False","7","21","completed","523","The candidate answer does not match the reference answer.","qwen/qwen3-8b"
"prm-a795bb4c871ed999|placebo2|step6","prm-a795bb4c871ed999","462","2","6","40","8","45","0.888889","-1","middle","harmful","False","63","21","completed","354","The candidate answer does not match the reference answer.","qwen/qwen3-8b"
"prm-a795bb4c871ed999|placebo3|step15","prm-a795bb4c871ed999","462","3","15","43","8","45","0.955556","-1","middle","harmful","False","7","21","completed","203","The candidate answer is not mathematically equivalent to the reference answer.","qwen/qwen3-8b"
"prm-a795bb4c871ed999|placebo4|step12","prm-a795bb4c871ed999","462","4","12","39","8","45","0.866667","-1","middle","harmful","False","7","21","completed","339","The candidate answer is incorrect. The reference answer is 21, but the candidate answer is 7.","qwen/qwen3-8b"
"prm-afb60f3ac0dd9a0b|placebo1|step1","prm-afb60f3ac0dd9a0b","463","1","1","29","6","36","0.805556","0","middle","harmful","True","6","6","completed","625","The candidate answer matches the reference answer.","qwen/qwen3-8b"
"prm-afb60f3ac0dd9a0b|placebo2|step8","prm-afb60f3ac0dd9a0b","463","2","8","30","6","36","0.833333","0","middle","harmful","True","6","6","completed","525","Both answers are equal to 6.","qwen/qwen3-8b"
"prm-afb60f3ac0dd9a0b|placebo3|step7","prm-afb60f3ac0dd9a0b","463","3","7","36","6","36","1","0","middle","harmful","True","6","6","completed","568","The candidate answer matches the reference answer.","qwen/qwen3-8b"
"prm-afb60f3ac0dd9a0b|placebo4|step5","prm-afb60f3ac0dd9a0b","463","4","5","38","6","36","1.055556","0","middle","harmful","True","6","6","completed","478","The candidate answer matches the reference answer.","qwen/qwen3-8b"
"prm-ce91b518cab83f12|placebo1|step16","prm-ce91b518cab83f12","464","1","16","50","4","60","0.833333","-1","early","harmful","False","","100","cannot_continue","2048","No candidate final answer was produced.","rule:no-answer"
"prm-8d8817bd48cf495e|placebo1|step2","prm-8d8817bd48cf495e","466","1","2","50","4","62","0.806452","-1","late","harmful","True","1 - 12i","1 - 12i","completed","203","The candidate answer is correct and matches the reference answer.","qwen/qwen3-8b"
"prm-e319831ecda4ad73|placebo1|step6","prm-e319831ecda4ad73","467","1","6","17","9","19","0.894737","-1","late","harmful","True","26 * 25 * 10 * 9 = 58500","58,500","completed","104","The candidate answer is mathematically equivalent to the reference answer.","qwen/qwen3-8b"
"prm-e319831ecda4ad73|placebo2|step3","prm-e319831ecda4ad73","467","2","3","18","9","19","0.947368","-1","late","harmful","True","26 × 25 × 10 × 9 = 58500","58,500","completed","152","The candidate answer is mathematically equivalent to the reference answer.","qwen/qwen3-8b"
"prm-e319831ecda4ad73|placebo3|step5","prm-e319831ecda4ad73","467","3","5","20","9","19","1.052632","-1","late","harmful","True","The total number of license plates is 26 * 25 * 10 * 9 = 58500.","58,500","completed","140","The candidate answer correctly calculates the number of license plates as 26 * 25 * 10 * 9 = 58500, which is mathematically equivalent to the reference answer of 58,500.","qwen/qwen3-8b"
"prm-e319831ecda4ad73|placebo4|step2","prm-e319831ecda4ad73","467","4","2","21","9","19","1.105263","-1","late","harmful","True","58500","58,500","completed","129","The candidate answer is mathematically equivalent to the reference answer.","qwen/qwen3-8b"
"prm-8be5e8ce53ce132a|placebo1|step5","prm-8be5e8ce53ce132a","468","1","5","26","24","32","0.8125","0","late","redundant","True","203","203","completed","409","The candidate answer matches the reference answer.","qwen/qwen3-8b"
"prm-8be5e8ce53ce132a|placebo2|step19","prm-8be5e8ce53ce132a","468","2","19","31","24","32","0.96875","0","late","redundant","False","207","203","completed","888","The candidate answer is not mathematically equivalent to the reference answer.","qwen/qwen3-8b"
"prm-8be5e8ce53ce132a|placebo3|step25","prm-8be5e8ce53ce132a","468","3","25","34","24","32","1.0625","0","late","redundant","False","","203","cannot_continue","2048","No candidate final answer was produced.","rule:no-answer"
"prm-8be5e8ce53ce132a|placebo4|step26","prm-8be5e8ce53ce132a","468","4","26","37","24","32","1.15625","0","late","redundant","True","203","203","completed","1150","The smallest number of coins before finding the bag of 53 coins is $203$, which matches the reference answer.","qwen/qwen3-8b"
"prm-5699f280aa96d018|placebo1|step14","prm-5699f280aa96d018","469","1","14","21","4","19","1.105263","1","early","essential","False","\frac{315}{121}","-5","completed","208","The candidate answer is not mathematically equivalent to the reference answer.","qwen/qwen3-8b"
"prm-5699f280aa96d018|placebo2|step6","prm-5699f280aa96d018","469","2","6","21","4","19","1.105263","1","early","essential","True","-5","-5","completed","322","Both answers are -5.","qwen/qwen3-8b"
"prm-5699f280aa96d018|placebo3|step11","prm-5699f280aa96d018","469","3","11","21","4","19","1.105263","1","early","essential","False","\boxed{\frac{315}{121}}","-5","completed","262","The candidate answer is not mathematically equivalent to the reference answer.","qwen/qwen3-8b"
"prm-5699f280aa96d018|placebo4|step3","prm-5699f280aa96d018","469","4","3","16","4","19","0.842105","1","early","essential","False","4","-5","completed","257","The candidate answer is incorrect; the correct product is -5.","qwen/qwen3-8b"
"prm-015f040f29e2b298|placebo1|step16","prm-015f040f29e2b298","470","1","16","28","3","31","0.903226","0","early","essential","False","","\frac9{19}","completed","88","No candidate final answer was produced.","rule:no-answer"
"prm-015f040f29e2b298|placebo2|step14","prm-015f040f29e2b298","470","2","14","25","3","31","0.806452","0","early","essential","False","","\frac9{19}","completed","169","No candidate final answer was produced.","rule:no-answer"
"prm-015f040f29e2b298|placebo3|step1","prm-015f040f29e2b298","470","3","1","29","3","31","0.935484","0","early","essential","True","\frac{9}{19}","\frac9{19}","completed","205","The candidate answer matches the reference answer.","qwen/qwen3-8b"
"prm-015f040f29e2b298|placebo4|step5","prm-015f040f29e2b298","470","4","5","25","3","31","0.806452","0","early","essential","True","\frac{9}{19}","\frac9{19}","completed","222","Both answers are \frac{9}{19}.","qwen/qwen3-8b"
"prm-a136374e0913b303|placebo1|step5","prm-a136374e0913b303","471","1","5","21","19","19","1.105263","1","late","redundant","True","14","14","completed","429","Both answers are equal to 14.","qwen/qwen3-8b"
"prm-a136374e0913b303|placebo2|step12","prm-a136374e0913b303","471","2","12","18","19","19","0.947368","1","late","redundant","True","14","14","completed","348","The candidate answer is numerically equivalent to the reference answer.","qwen/qwen3-8b"
"prm-a136374e0913b303|placebo3|step14","prm-a136374e0913b303","471","3","14","21","19","19","1.105263","1","late","redundant","True","14","14","completed","298","The candidate answer matches the reference answer.","qwen/qwen3-8b"
"prm-a136374e0913b303|placebo4|step1","prm-a136374e0913b303","471","4","1","18","19","19","0.947368","1","late","redundant","True","14","14","completed","239","The candidate answer 14 is mathematically equivalent to the reference answer 14.","qwen/qwen3-8b"
"prm-2e1055ac659ff29f|placebo1|step2","prm-2e1055ac659ff29f","472","1","2","19","6","19","1","0","middle","redundant","True","6","6","completed","305","Both answers are equal to 6.","qwen/qwen3-8b"
"prm-36e206fe8afae4f8|placebo1|step5","prm-36e206fe8afae4f8","473","1","5","23","10","21","1.095238","0","late","redundant","True","\frac{5}{9}","\frac 59","completed","251","The candidate answer is mathematically equivalent to the reference answer.","qwen/qwen3-8b"
"prm-36e206fe8afae4f8|placebo2|step8","prm-36e206fe8afae4f8","473","2","8","23","10","21","1.095238","0","late","redundant","True","\frac{5}{9}","\frac 59","completed","253","The candidate answer matches the reference answer.","qwen/qwen3-8b"
"prm-36e206fe8afae4f8|placebo3|step2","prm-36e206fe8afae4f8","473","3","2","20","10","21","0.952381","0","late","redundant","True","\frac{5}{9}","\frac 59","completed","122","The candidate answer matches the reference answer.","qwen/qwen3-8b"
"prm-36e206fe8afae4f8|placebo4|step11","prm-36e206fe8afae4f8","473","4","11","23","10","21","1.095238","0","late","redundant","True","\frac{5}{9}","\frac 59","completed","104","The candidate answer is algebraically equivalent to the reference answer.","qwen/qwen3-8b"
"prm-64b8dd81d152bc1a|placebo1|step0","prm-64b8dd81d152bc1a","474","1","0","77","4","76","1.013158","-1","late","harmful","True","\frac{1}{2} \sqrt{(-8)^2 + 10^2 + 4^2} = \frac{1}{2} \sqrt{64 + 100 + 16} = \frac{1}{2} \sqrt{180} = \frac{1}{2} 	imes 6\sqrt{5} = 3\sqrt{5}","3 \sqrt{5}","completed","389","The candidate answer correctly computes the area of triangle OAB using the cross product method and simplifies to the reference answer.","qwen/qwen3-8b"
"prm-1d5a5cb08ca68e3d|placebo1|step8","prm-1d5a5cb08ca68e3d","475","1","8","23","7","24","0.958333","-1","middle","harmful","False","8","6","completed","137","The reference answer is 6, but the candidate answer is 8, which is not correct.","qwen/qwen3-8b"
"prm-1d5a5cb08ca68e3d|placebo2|step0","prm-1d5a5cb08ca68e3d","475","2","0","22","7","24","0.916667","-1","middle","harmful","True","6","6","completed","209","Both answers are equal to 6.","qwen/qwen3-8b"
"prm-1d5a5cb08ca68e3d|placebo3|step9","prm-1d5a5cb08ca68e3d","475","3","9","23","7","24","0.958333","-1","middle","harmful","False","2","6","completed","167","The candidate answer is incorrect. The correct value of N is 6, not 2.","qwen/qwen3-8b"
"prm-1d5a5cb08ca68e3d|placebo4|step3","prm-1d5a5cb08ca68e3d","475","4","3","23","7","24","0.958333","-1","middle","harmful","True","6","6","completed","206","The candidate answer matches the reference answer.","qwen/qwen3-8b"
"prm-151724cd1bbe2b32|placebo1|step4","prm-151724cd1bbe2b32","476","1","4","33","3","34","0.970588","1","middle","essential","True","84","84","completed","114","The candidate answer matches the reference answer.","qwen/qwen3-8b"
"prm-58392d69449f6f68|placebo1|step3","prm-58392d69449f6f68","478","1","3","31","7","37","0.837838","-1","middle","harmful","False","\boxed{\frac{1}{5}}","\frac{1}{3}","completed","182","The candidate answer is incorrect. The correct answer is \frac{1}{3}, not \frac{1}{5}.","qwen/qwen3-8b"
"prm-e5a3f23bd55fe87a|placebo1|step9","prm-e5a3f23bd55fe87a","479","1","9","40","11","35","1.142857","-1","middle","harmful","False","The number of ordered pairs $(a, b)$ of integers such that $|a + bi| 
eq 5$ and $|a + bi| 
eq 0$ and $|a + bi| 
eq 1, 4, 9, 16, 25$ is 120. However, the problem asks for the number of ordered pairs such that $|a + bi| 
eq 5$ and $|a + bi| 
eq 0$ and $|a + bi| 
eq 1, 4, 9, 16, 25$, which is 120. Therefore, the final answer is 120.","81","completed","496","The candidate answer is not mathematically equivalent to the reference answer.","qwen/qwen3-8b"
"prm-e5a3f23bd55fe87a|placebo2|step5","prm-e5a3f23bd55fe87a","479","2","5","31","11","35","0.885714","-1","middle","harmful","False","The number of ordered pairs $(a,b)$ of integers such that $|a + bi| 
eq 5$ is 113. Adding the boundary cases where $|a + bi| = 5$, the total number of ordered pairs is 113 + 12 = 125.","81","completed","271","The candidate answer is not mathematically equivalent to the reference answer.","qwen/qwen3-8b"
"prm-e5a3f23bd55fe87a|placebo3|step13","prm-e5a3f23bd55fe87a","479","3","13","40","11","35","1.142857","-1","middle","harmful","False","","81","cannot_continue","2048","No candidate final answer was produced.","rule:no-answer"
"prm-e5a3f23bd55fe87a|placebo4|step7","prm-e5a3f23bd55fe87a","479","4","7","30","11","35","0.857143","-1","middle","harmful","False","","81","cannot_continue","184","No candidate final answer was produced.","rule:no-answer"
"prm-67027b02bd4348a7|placebo1|step2","prm-67027b02bd4348a7","480","1","2","68","3","71","0.957746","1","middle","essential","False","1","8","completed","325","The candidate answer is not mathematically equivalent to the reference answer.","qwen/qwen3-8b"
"prm-67027b02bd4348a7|placebo2|step6","prm-67027b02bd4348a7","480","2","6","64","3","71","0.901408","1","middle","essential","False","1","8","completed","393","The candidate answer is not mathematically equivalent to the reference answer.","qwen/qwen3-8b"
"prm-901a3aa77c6c4dc2|placebo1|step13","prm-901a3aa77c6c4dc2","481","1","13","28","8","27","1.037037","1","middle","harmful","False","","13","cannot_continue","2048","No candidate final answer was produced.","rule:no-answer"
"prm-901a3aa77c6c4dc2|placebo2|step2","prm-901a3aa77c6c4dc2","481","2","2","24","8","27","0.888889","1","middle","harmful","False","","13","cannot_continue","2048","No candidate final answer was produced.","rule:no-answer"
"prm-901a3aa77c6c4dc2|placebo3|step12","prm-901a3aa77c6c4dc2","481","3","12","31","8","27","1.148148","1","middle","harmful","False","10","13","completed","94","The candidate answer is not mathematically equivalent to the reference answer.","qwen/qwen3-8b"
"prm-901a3aa77c6c4dc2|placebo4|step1","prm-901a3aa77c6c4dc2","481","4","1","30","8","27","1.111111","1","middle","harmful","True","13","13","completed","461","Both answers are 13.","qwen/qwen3-8b"
"prm-bda20d3dc84e4528|placebo1|step6","prm-bda20d3dc84e4528","482","1","6","17","0","18","0.944444","0","early","redundant","True","4.5","4.5","completed","139","The candidate answer matches the reference answer.","qwen/qwen3-8b"
"prm-bda20d3dc84e4528|placebo2|step4","prm-bda20d3dc84e4528","482","2","4","16","0","18","0.888889","0","early","redundant","True","4.5","4.5","completed","130","The candidate answer matches the reference answer.","qwen/qwen3-8b"
"prm-bda20d3dc84e4528|placebo3|step9","prm-bda20d3dc84e4528","482","3","9","16","0","18","0.888889","0","early","redundant","True","4.5","4.5","completed","108","The candidate answer matches the reference answer.","qwen/qwen3-8b"
"prm-bda20d3dc84e4528|placebo4|step7","prm-bda20d3dc84e4528","482","4","7","19","0","18","1.055556","0","early","redundant","True","4.5","4.5","completed","106","The candidate answer is mathematically equivalent to the reference answer.","qwen/qwen3-8b"
"prm-6f55f9ad3924eda5|placebo1|step15","prm-6f55f9ad3924eda5","483","1","15","23","12","25","0.92","0","late","redundant","True","\boxed{\frac{16}{27}}","\frac{16}{27}","completed","149","The candidate answer matches the reference answer.","qwen/qwen3-8b"
"prm-6f55f9ad3924eda5|placebo2|step14","prm-6f55f9ad3924eda5","483","2","14","24","12","25","0.96","0","late","redundant","True","\boxed{\frac{16}{27}}","\frac{16}{27}","completed","161","Both answers are \frac{16}{27}.","qwen/qwen3-8b"
"prm-6f55f9ad3924eda5|placebo3|step7","prm-6f55f9ad3924eda5","483","3","7","24","12","25","0.96","0","late","redundant","False","\frac{8}{9} gallons","\frac{16}{27}","completed","195","The candidate answer is incorrect. The correct value is $\frac{16}{27}$.","qwen/qwen3-8b"
"prm-6f55f9ad3924eda5|placebo4|step10","prm-6f55f9ad3924eda5","483","4","10","20","12","25","0.8","0","late","redundant","True","\boxed{\frac{16}{27}}","\frac{16}{27}","completed","216","The candidate answer is algebraically equivalent to the reference answer.","qwen/qwen3-8b"
"prm-a32a5104eb5cd351|placebo1|step10","prm-a32a5104eb5cd351","484","1","10","41","9","36","1.138889","-1","late","harmful","False","7","8","completed","176","The candidate answer does not match the reference answer.","qwen/qwen3-8b"
"prm-a32a5104eb5cd351|placebo2|step1","prm-a32a5104eb5cd351","484","2","1","36","9","36","1","-1","late","harmful","True","8","8","completed","485","The candidate answer 8 is mathematically equivalent to the reference answer 8.","qwen/qwen3-8b"
"prm-a32a5104eb5cd351|placebo3|step5","prm-a32a5104eb5cd351","484","3","5","30","9","36","0.833333","-1","late","harmful","True","8","8","completed","227","Both answers are equal to 8.","qwen/qwen3-8b"
"prm-a32a5104eb5cd351|placebo4|step4","prm-a32a5104eb5cd351","484","4","4","37","9","36","1.027778","-1","late","harmful","True","8","8","completed","461","The candidate answer is mathematically equivalent to the reference answer.","qwen/qwen3-8b"
"prm-3f6d462098747631|placebo1|step5","prm-3f6d462098747631","485","1","5","114","2","122","0.934426","-1","middle","harmful","False","\sqrt{340}","2\sqrt{113}","completed","132","\sqrt{340} is not equal to 2\sqrt{113}.","qwen/qwen3-8b"
"prm-335e21a88e0969e0|placebo1|step2","prm-335e21a88e0969e0","486","1","2","18","0","19","0.947368","0","early","redundant","False","","11\sqrt2","cannot_continue","2048","No candidate final answer was produced.","rule:no-answer"
"prm-335e21a88e0969e0|placebo2|step4","prm-335e21a88e0969e0","486","2","4","16","0","19","0.842105","0","early","redundant","True","11\sqrt{2}","11\sqrt2","completed","187","The candidate answer is algebraically equivalent to the reference answer.","qwen/qwen3-8b"
"prm-335e21a88e0969e0|placebo3|step8","prm-335e21a88e0969e0","486","3","8","20","0","19","1.052632","0","early","redundant","True","11\sqrt{2}","11\sqrt2","completed","240","The candidate answer is mathematically equivalent to the reference answer.","qwen/qwen3-8b"
"prm-1984cb49b132bdb6|placebo1|step2","prm-1984cb49b132bdb6","487","1","2","39","11","35","1.114286","0","middle","harmful","False","The smallest possible value of $a$ is $\boxed{7}$","4","completed","364","The reference answer is 4, but the candidate answer is 7, which is not correct.","qwen/qwen3-8b"
"prm-1984cb49b132bdb6|placebo2|step12","prm-1984cb49b132bdb6","487","2","12","42","11","35","1.2","0","middle","harmful","True","4","4","completed","493","The candidate answer matches the reference answer.","qwen/qwen3-8b"
"prm-1984cb49b132bdb6|placebo3|step5","prm-1984cb49b132bdb6","487","3","5","41","11","35","1.171429","0","middle","harmful","True","4","4","completed","351","The candidate answer matches the reference answer.","qwen/qwen3-8b"
"prm-1984cb49b132bdb6|placebo4|step3","prm-1984cb49b132bdb6","487","4","3","28","11","35","0.8","0","middle","harmful","False","12","4","completed","301","The candidate answer is incorrect; the smallest possible value of $ a $ is 4, not 12.","qwen/qwen3-8b"
"prm-6340032015881710|placebo1|step2","prm-6340032015881710","488","1","2","25","6","21","1.190476","0","middle","redundant","True","29","29","completed","133","The candidate answer matches the reference answer.","qwen/qwen3-8b"
"prm-6340032015881710|placebo2|step3","prm-6340032015881710","488","2","3","19","6","21","0.904762","0","middle","redundant","True","29","29","completed","116","The candidate answer is correct and matches the reference answer.","qwen/qwen3-8b"
"prm-7ca8bf8fc95e2b20|placebo1|step8","prm-7ca8bf8fc95e2b20","489","1","8","42","9","52","0.807692","-1","middle","harmful","False","\boxed{\frac{2\sqrt{2}}{1}}","\frac{8}{15}","completed","691","The candidate answer is not mathematically equivalent to the reference answer.","qwen/qwen3-8b"
"prm-7ca8bf8fc95e2b20|placebo2|step10","prm-7ca8bf8fc95e2b20","489","2","10","58","9","52","1.115385","-1","middle","harmful","False","","\frac{8}{15}","logical_break","337","No candidate final answer was produced.","rule:no-answer"
"prm-7ca8bf8fc95e2b20|placebo3|step0","prm-7ca8bf8fc95e2b20","489","3","0","49","9","52","0.942308","-1","middle","harmful","False","\frac{2(a^2 - b^2 - c^2 + 2bc)}{bc}","\frac{8}{15}","completed","299","The candidate answer is not mathematically equivalent to the reference answer. The reference answer is a numerical value, while the candidate answer is an expression in terms of $a$, $b$, and $c$.","qwen/qwen3-8b"
"prm-7ca8bf8fc95e2b20|placebo4|step1","prm-7ca8bf8fc95e2b20","489","4","1","44","9","52","0.846154","-1","middle","harmful","False","$\boxed{\frac{2(a^2 - b^2 - c^2 + 2bc)}{bc}}$","\frac{8}{15}","completed","268","The candidate answer is not mathematically equivalent to the reference answer.","qwen/qwen3-8b"
"prm-ff4d90cf78aa30d8|placebo1|step6","prm-ff4d90cf78aa30d8","490","1","6","14","5","16","0.875","1","middle","redundant","True","$15x - 80$","15x - 80","completed","139","The candidate answer matches the reference answer.","qwen/qwen3-8b"
"prm-ff4d90cf78aa30d8|placebo2|step4","prm-ff4d90cf78aa30d8","490","2","4","17","5","16","1.0625","1","middle","redundant","True","$15x - 80$","15x - 80","completed","143","The candidate answer is mathematically equivalent to the reference answer.","qwen/qwen3-8b"
"prm-ff4d90cf78aa30d8|placebo3|step7","prm-ff4d90cf78aa30d8","490","3","7","19","5","16","1.1875","1","middle","redundant","True","$15x - 80$","15x - 80","completed","118","The candidate answer matches the reference answer.","qwen/qwen3-8b"
"prm-ff4d90cf78aa30d8|placebo4|step1","prm-ff4d90cf78aa30d8","490","4","1","19","5","16","1.1875","1","middle","redundant","True","15x - 80","15x - 80","completed","101","Both answers are algebraically equivalent.","qwen/qwen3-8b"
"prm-b51dfeb3b8305067|placebo1|step1","prm-b51dfeb3b8305067","491","1","1","65","4","60","1.083333","1","early","essential","False","$egin{pmatrix} 1 \ 0 \ 1 ight)$","\begin{pmatrix} -1/3 \\ 2/3 \\ 5/3 \end{pmatrix}","completed","209","The candidate answer is not mathematically equivalent to the reference answer.","qwen/qwen3-8b"
"prm-b51dfeb3b8305067|placebo2|step15","prm-b51dfeb3b8305067","491","2","15","59","4","60","0.983333","1","early","essential","False","","\begin{pmatrix} -1/3 \\ 2/3 \\ 5/3 \end{pmatrix}","cannot_continue","175","No candidate final answer was produced.","rule:no-answer"
"prm-b51dfeb3b8305067|placebo3|step14","prm-b51dfeb3b8305067","491","3","14","54","4","60","0.9","1","early","essential","True","\begin{pmatrix} -\frac{1}{3} \\ \frac{2}{3} \\ \frac{5}{3} \end{pmatrix}","\begin{pmatrix} -1/3 \\ 2/3 \\ 5/3 \end{pmatrix}","completed","254","The candidate answer matches the reference answer.","qwen/qwen3-8b"
"prm-b51dfeb3b8305067|placebo4|step0","prm-b51dfeb3b8305067","491","4","0","50","4","60","0.833333","1","early","essential","False","","\begin{pmatrix} -1/3 \\ 2/3 \\ 5/3 \end{pmatrix}","cannot_continue","35","No candidate final answer was produced.","rule:no-answer"
"prm-a6f6b01911605940|placebo1|step6","prm-a6f6b01911605940","492","1","6","43","1","50","0.86","-1","early","harmful","False","","14","cannot_continue","2048","No candidate final answer was produced.","rule:no-answer"
"prm-21878507d8f59c4d|placebo1|step3","prm-21878507d8f59c4d","493","1","3","17","10","18","0.944444","1","late","redundant","True","1","1","completed","181","The candidate answer is mathematically equivalent to the reference answer.","qwen/qwen3-8b"
"prm-21878507d8f59c4d|placebo2|step4","prm-21878507d8f59c4d","493","2","4","17","10","18","0.944444","1","late","redundant","True","1","1","completed","114","The candidate answer matches the reference answer.","qwen/qwen3-8b"
"prm-21878507d8f59c4d|placebo3|step8","prm-21878507d8f59c4d","493","3","8","21","10","18","1.166667","1","late","redundant","True","1","1","completed","107","Both answers are 1.","qwen/qwen3-8b"
"prm-cb3eed5635ac46b4|placebo1|step9","prm-cb3eed5635ac46b4","494","1","9","24","0","22","1.090909","0","early","harmful","False","\boxed{\text{No solution}}","3","completed","96","The candidate answer is incorrect. The correct value is 3.","qwen/qwen3-8b"
"prm-cb3eed5635ac46b4|placebo2|step10","prm-cb3eed5635ac46b4","494","2","10","20","0","22","0.909091","0","early","harmful","False","1","3","completed","177","The solution to $\sqrt{3x-5}=2$ is $x=3$, not $x=1$.","qwen/qwen3-8b"
"prm-cb3eed5635ac46b4|placebo3|step4","prm-cb3eed5635ac46b4","494","3","4","21","0","22","0.954545","0","early","harmful","False","18","3","completed","176","The candidate answer does not match the reference answer.","qwen/qwen3-8b"
"prm-cb3eed5635ac46b4|placebo4|step6","prm-cb3eed5635ac46b4","494","4","6","20","0","22","0.909091","0","early","harmful","False","","3","logical_break","166","No candidate final answer was produced.","rule:no-answer"
"prm-4ed42d1c12397218|placebo1|step0","prm-4ed42d1c12397218","495","1","0","19","7","18","1.055556","-1","middle","harmful","False","211","898","completed","324","The candidate answer is incorrect. The correct value of $x_{531}+x_{753}+x_{975}$ is 898, not 211.","qwen/qwen3-8b"
"prm-4ed42d1c12397218|placebo2|step1","prm-4ed42d1c12397218","495","2","1","18","7","18","1","-1","middle","harmful","False","The value of $x_{531} + x_{753} + x_{975}$ is $1056$.","898","completed","353","The candidate answer is not mathematically equivalent to the reference answer.","qwen/qwen3-8b"
"prm-80def83e2346512b|placebo1|step0","prm-80def83e2346512b","496","1","0","38","4","33","1.151515","-1","middle","harmful","False","\boxed{\frac{1}{4}}","-\frac{3}{8}","completed","198","\boxed{\frac{1}{4}} is not equal to -\frac{3}{8}.","qwen/qwen3-8b"
"prm-80def83e2346512b|placebo2|step8","prm-80def83e2346512b","496","2","8","36","4","33","1.090909","-1","middle","harmful","True","$-rac{3}{8}$","-\frac{3}{8}","completed","180","The candidate answer matches the reference answer.","qwen/qwen3-8b"
"prm-52cd0d7cc6b4cdfc|placebo1|step3","prm-52cd0d7cc6b4cdfc","497","1","3","19","1","17","1.117647","1","early","essential","False","","\frac{\sqrt{3}}{3}","cannot_continue","2048","No candidate final answer was produced.","rule:no-answer"
"prm-52cd0d7cc6b4cdfc|placebo2|step5","prm-52cd0d7cc6b4cdfc","497","2","5","19","1","17","1.117647","1","early","essential","False","3","\frac{\sqrt{3}}{3}","completed","284","The candidate answer is not mathematically equivalent to the reference answer.","qwen/qwen3-8b"
"prm-52cd0d7cc6b4cdfc|placebo3|step21","prm-52cd0d7cc6b4cdfc","497","3","21","15","1","17","0.882353","1","early","essential","True","\frac{\sqrt{3}}{3}","\frac{\sqrt{3}}{3}","completed","148","The candidate answer matches the reference answer.","qwen/qwen3-8b"
"prm-836cfecb0a834014|placebo1|step6","prm-836cfecb0a834014","498","1","6","29","5","31","0.935484","-1","middle","harmful","False","-1","-2","completed","226","The candidate answer is incorrect; the correct answer is -2.","qwen/qwen3-8b"
"prm-836cfecb0a834014|placebo2|step9","prm-836cfecb0a834014","498","2","9","28","5","31","0.903226","-1","middle","harmful","False","-1","-2","completed","62","The candidate answer is incorrect. The correct value is -2, not -1.","qwen/qwen3-8b"
"prm-836cfecb0a834014|placebo3|step2","prm-836cfecb0a834014","498","3","2","30","5","31","0.967742","-1","middle","harmful","True","-2","-2","completed","260","The candidate answer matches the reference answer.","qwen/qwen3-8b"
"prm-fea1ec494dc61cd4|placebo1|step1","prm-fea1ec494dc61cd4","500","1","1","46","5","40","1.15","1","early","harmful","False","The roots of the equation are $x = 3$ and $x = 7$ (with multiplicity 2).","3, 5, 7","completed","225","The candidate answer does not match the reference answer. The reference answer lists all roots as 3, 5, 7, while the candidate answer only lists 3 and 7 with multiplicity 2.","qwen/qwen3-8b"
"prm-fea1ec494dc61cd4|placebo2|step13","prm-fea1ec494dc61cd4","500","2","13","43","5","40","1.075","1","early","harmful","False","7","3, 5, 7","completed","247","The candidate answer is incorrect. The correct answer is 3, 5, 7, not 7.","qwen/qwen3-8b"
"prm-fea1ec494dc61cd4|placebo3|step6","prm-fea1ec494dc61cd4","500","3","6","40","5","40","1","1","early","harmful","True","The roots are $x = 3$, $x = 5$, and $x = 7$.","3, 5, 7","completed","440","The candidate answer is mathematically equivalent to the reference answer.","qwen/qwen3-8b"
"prm-fea1ec494dc61cd4|placebo4|step16","prm-fea1ec494dc61cd4","500","4","16","47","5","40","1.175","1","early","harmful","False","The roots are $ x = 5 $, $ x = 7 $, and $ x = 9 $.","3, 5, 7","completed","127","The candidate answer is not mathematically equivalent to the reference answer.","qwen/qwen3-8b"
"prm-f3b8d8282dd5fc21|placebo1|step7","prm-f3b8d8282dd5fc21","501","1","7","13","0","11","1.181818","0","early","redundant","False","$$egin{pmatrix} -1 + 2^{27} 	imes 8209 	imes 49 & 2^{27} 	imes 8209 	imes 7 \ 2^{27} 	imes 8209 	imes 7 & -1 + 2^{27} 	imes 8209 	imes 1 \
\end{pmatrix}$$","\begin{pmatrix} -1 & 0 \\ 0 & -1 \end{pmatrix}","completed","607","The candidate answer is not mathematically equivalent to the reference answer. The reference answer is the identity matrix with -1 on the diagonal, while the candidate answer contains large terms involving powers of 2 and 8209, which are not present in the reference answer.","qwen/qwen3-8b"
"prm-a50457954dbd885f|placebo1|step11","prm-a50457954dbd885f","502","1","11","21","7","25","0.84","1","middle","redundant","True","13","13","completed","48","The candidate answer is mathematically equivalent to the reference answer.","qwen/qwen3-8b"
"prm-a50457954dbd885f|placebo2|step3","prm-a50457954dbd885f","502","2","3","27","7","25","1.08","1","middle","redundant","True","13","13","completed","268","The candidate answer matches the reference answer.","qwen/qwen3-8b"
"prm-a50457954dbd885f|placebo3|step0","prm-a50457954dbd885f","502","3","0","27","7","25","1.08","1","middle","redundant","True","13","13","completed","320","The candidate answer is mathematically equivalent to the reference answer.","qwen/qwen3-8b"
"prm-a50457954dbd885f|placebo4|step6","prm-a50457954dbd885f","502","4","6","25","7","25","1","1","middle","redundant","True","13","13","completed","207","The candidate answer matches the reference answer.","qwen/qwen3-8b"
"prm-d7691ac94c48e3a4|placebo1|step0","prm-d7691ac94c48e3a4","503","1","0","24","2","24","1","1","middle","essential","True","(2, 4)","(2,4)","completed","220","Both answers are identical.","qwen/qwen3-8b"
"prm-9eb976f5fba8a1ea|placebo1|step13","prm-9eb976f5fba8a1ea","504","1","13","22","3","23","0.956522","-1","early","harmful","False","","2\sqrt{113}","cannot_continue","2048","No candidate final answer was produced.","rule:no-answer"
"prm-15473e963522ff7f|placebo1|step3","prm-15473e963522ff7f","505","1","3","55","2","56","0.982143","1","early","essential","False","The roots of the equation are $x = 5$ and $x = 4$ (with $x = 5$ being a double root).","3, 5, 7","completed","245","The candidate answer provides roots 5 and 4 (with 5 as a double root), which is not equivalent to the reference answer of 3, 5, 7.","qwen/qwen3-8b"
"prm-15473e963522ff7f|placebo2|step14","prm-15473e963522ff7f","505","2","14","56","2","56","1","1","early","essential","False","The roots of the equation are $x = 3$, $x = 5$, and $x = 7$.","3, 5, 7","completed","374","The candidate answer is not mathematically equivalent to the reference answer.","qwen/qwen3-8b"
"prm-15473e963522ff7f|placebo3|step15","prm-15473e963522ff7f","505","3","15","56","2","56","1","1","early","essential","False","The roots are $x = 3$, $x = 5$, and $x = 7$","3, 5, 7","completed","261","The candidate answer is not a simple list of roots; the reference answer is a list of roots.","qwen/qwen3-8b"
"prm-15473e963522ff7f|placebo4|step6","prm-15473e963522ff7f","505","4","6","56","2","56","1","1","early","essential","False","The roots of the equation are $x = 3$ and $x = 7$.","3, 5, 7","completed","744","The candidate answer is incomplete and does not include all roots.","qwen/qwen3-8b"
"prm-554fe1d6b58f094f|placebo1|step0","prm-554fe1d6b58f094f","506","1","0","24","15","27","0.888889","0","late","harmful","True","\frac{17}{50}","\dfrac{17}{50}","completed","290","The candidate answer is mathematically equivalent to the reference answer.","qwen/qwen3-8b"
"prm-554fe1d6b58f094f|placebo2|step20","prm-554fe1d6b58f094f","506","2","20","29","15","27","1.074074","0","late","harmful","False","\frac{1}{5}","\dfrac{17}{50}","completed","111","The candidate answer is not mathematically equivalent to the reference answer.","qwen/qwen3-8b"
"prm-554fe1d6b58f094f|placebo3|step1","prm-554fe1d6b58f094f","506","3","1","27","15","27","1","0","late","harmful","True","\frac{17}{50}","\dfrac{17}{50}","completed","184","Both answers are \frac{17}{50}.","qwen/qwen3-8b"
"prm-554fe1d6b58f094f|placebo4|step19","prm-554fe1d6b58f094f","506","4","19","29","15","27","1.074074","0","late","harmful","False","\frac{1}{5}","\dfrac{17}{50}","completed","87","The candidate answer is incorrect. The correct value is $\dfrac{17}{50}$.","qwen/qwen3-8b"
"prm-36b1999ceae59aea|placebo1|step1","prm-36b1999ceae59aea","507","1","1","31","4","27","1.148148","1","middle","essential","True","1251","1251","completed","118","The candidate answer is numerically equivalent to the reference answer.","qwen/qwen3-8b"
"prm-36b1999ceae59aea|placebo2|step9","prm-36b1999ceae59aea","507","2","9","25","4","27","0.925926","1","middle","essential","True","1251","1251","completed","51","The candidate answer matches the reference answer.","qwen/qwen3-8b"
"prm-36b1999ceae59aea|placebo3|step6","prm-36b1999ceae59aea","507","3","6","26","4","27","0.962963","1","middle","essential","True","1251","1251","completed","55","The candidate answer 1251 is mathematically equivalent to the reference answer 1251.","qwen/qwen3-8b"
"prm-36b1999ceae59aea|placebo4|step2","prm-36b1999ceae59aea","507","4","2","29","4","27","1.074074","1","middle","essential","True","1251","1251","completed","101","The candidate answer is correct. The total number of students at Baker Middle School is 1251.","qwen/qwen3-8b"
"prm-52ebf116b73ecf1a|placebo1|step4","prm-52ebf116b73ecf1a","508","1","4","22","1","23","0.956522","-1","early","harmful","False","\frac{480}{17}","\frac{3840}{289}","completed","278","The candidate answer is not mathematically equivalent to the reference answer.","qwen/qwen3-8b"
"prm-dfdb549c682c7822|placebo1|step0","prm-dfdb549c682c7822","509","1","0","24","1","28","0.857143","-1","early","harmful","True","$x = 2$","2","completed","196","Both answers are mathematically equivalent.","qwen/qwen3-8b"
"prm-4376ee5dd1ec051f|placebo1|step4","prm-4376ee5dd1ec051f","510","1","4","48","1","55","0.872727","0","early","redundant","False","","2","logical_break","150","No candidate final answer was produced.","rule:no-answer"
"prm-5b638cc553a8f6cc|placebo1|step10","prm-5b638cc553a8f6cc","511","1","10","23","11","20","1.15","0","late","essential","True","200","200","completed","71","The candidate answer matches the reference answer.","qwen/qwen3-8b"
"prm-5b638cc553a8f6cc|placebo2|step2","prm-5b638cc553a8f6cc","511","2","2","24","11","20","1.2","0","late","essential","False","Martha walks 700 feet, and Jim walks $\sqrt{300^2 + 400^2} = 500$ feet. Therefore, Jim walks $700 - 500 = 200$ feet less than Martha.","200","completed","255","The candidate answer includes unnecessary explanation and does not provide a numerical answer.","qwen/qwen3-8b"
"prm-5b638cc553a8f6cc|placebo3|step4","prm-5b638cc553a8f6cc","511","3","4","21","11","20","1.05","0","late","essential","True","200","200","completed","130","Both answers are equal to 200.","qwen/qwen3-8b"
"prm-5b638cc553a8f6cc|placebo4|step7","prm-5b638cc553a8f6cc","511","4","7","20","11","20","1","0","late","essential","True","200","200","completed","213","The candidate answer matches the reference answer.","qwen/qwen3-8b"
"prm-a89889ad37cbc7e2|placebo1|step3","prm-a89889ad37cbc7e2","512","1","3","38","6","36","1.055556","-1","late","harmful","True","90","90","completed","127","The candidate answer matches the reference answer.","qwen/qwen3-8b"
"prm-a89889ad37cbc7e2|placebo2|step0","prm-a89889ad37cbc7e2","512","2","0","32","6","36","0.888889","-1","late","harmful","True","90","90","completed","136","The candidate answer matches the reference answer.","qwen/qwen3-8b"
"prm-a4aa6a22f3134565|placebo1|step0","prm-a4aa6a22f3134565","513","1","0","24","17","26","0.923077","0","late","redundant","False","\boxed{\frac{2}{5}}","\frac{1}{3}","completed","177","The candidate answer does not match the reference answer. The reference answer is 1/3, while the candidate answer is 2/5.","qwen/qwen3-8b"
"prm-a4aa6a22f3134565|placebo2|step9","prm-a4aa6a22f3134565","513","2","9","25","17","26","0.961538","0","late","redundant","False","\boxed{\dfrac{2}{5}}","\frac{1}{3}","completed","268","The candidate answer is incorrect. The correct answer is \frac{1}{3}, not \boxed{\dfrac{2}{5}}.","qwen/qwen3-8b"
"prm-a4aa6a22f3134565|placebo3|step1","prm-a4aa6a22f3134565","513","3","1","29","17","26","1.115385","0","late","redundant","False","\boxed{\frac{2}{5}}","\frac{1}{3}","completed","170","The candidate answer is not mathematically equivalent to the reference answer.","qwen/qwen3-8b"
"prm-a4aa6a22f3134565|placebo4|step8","prm-a4aa6a22f3134565","513","4","8","26","17","26","1","0","late","redundant","True","\boxed{\dfrac{1}{3}}","\frac{1}{3}","completed","313","The candidate answer is mathematically equivalent to the reference answer.","qwen/qwen3-8b"
"prm-cd2eef413f1492b7|placebo1|step0","prm-cd2eef413f1492b7","514","1","0","24","2","23","1.043478","1","middle","essential","True","4005","4005","completed","158","The 2003rd term of the sequence of odd numbers is calculated as 2*2003 - 1 = 4005, which matches the reference answer.","qwen/qwen3-8b"
"prm-cd2eef413f1492b7|placebo2|step4","prm-cd2eef413f1492b7","514","2","4","22","2","23","0.956522","1","middle","essential","True","4005","4005","completed","119","The candidate answer is mathematically equivalent to the reference answer.","qwen/qwen3-8b"
"prm-e57bd8bedd80b00d|placebo1|step0","prm-e57bd8bedd80b00d","515","1","0","54","1","59","0.915254","-1","early","harmful","True","E","\text{(E)}","completed","355","The candidate answer matches the reference answer.","qwen/qwen3-8b"
"prm-932de7bca0e7c93d|placebo1|step11","prm-932de7bca0e7c93d","516","1","11","22","5","25","0.88","0","early","redundant","False","Chris is currently 8 years old.","10","completed","196","The candidate answer is not mathematically equivalent to the reference answer.","qwen/qwen3-8b"
"prm-932de7bca0e7c93d|placebo2|step26","prm-932de7bca0e7c93d","516","2","26","27","5","25","1.08","0","early","redundant","False","","10","logical_break","159","No candidate final answer was produced.","rule:no-answer"
"prm-932de7bca0e7c93d|placebo3|step23","prm-932de7bca0e7c93d","516","3","23","24","5","25","0.96","0","early","redundant","False","Chris is currently $\frac{106}{7}$ years old, or approximately 15.14 years old.","10","logical_break","245","The candidate answer is incorrect; the correct answer is 10.","qwen/qwen3-8b"
"prm-932de7bca0e7c93d|placebo4|step16","prm-932de7bca0e7c93d","516","4","16","24","5","25","0.96","0","early","redundant","True","Chris is currently 10 years old.","10","completed","308","The candidate answer is mathematically equivalent to the reference answer.","qwen/qwen3-8b"
"prm-297fe2bd5193998f|placebo1|step3","prm-297fe2bd5193998f","518","1","3","28","0","33","0.848485","0","early","redundant","False","","50","completed","752","No candidate final answer was produced.","rule:no-answer"
"prm-297fe2bd5193998f|placebo2|step4","prm-297fe2bd5193998f","518","2","4","35","0","33","1.060606","0","early","redundant","False","The minimum value of $a^4 + b^8$ is $\frac{25}{2}$","50","completed","277","The candidate answer is not mathematically equivalent to the reference answer.","qwen/qwen3-8b"
"prm-d10dadbf854a3250|placebo1|step4","prm-d10dadbf854a3250","519","1","4","50","11","52","0.961538","-1","late","harmful","False","\boxed{\arcsin\left(\frac{\sqrt{3^2 + 2^2 + 6^2}}{\|	extbf{a}\|\|	extbf{b}\|}\right)}$ in degrees","30^\circ","completed","122","The candidate answer is an expression, not a numerical value in degrees.","qwen/qwen3-8b"
"prm-d10dadbf854a3250|placebo2|step5","prm-d10dadbf854a3250","519","2","5","42","11","52","0.807692","-1","late","harmful","True","30","30^\circ","completed","251","The candidate answer matches the reference answer.","qwen/qwen3-8b"
"prm-d10dadbf854a3250|placebo3|step2","prm-d10dadbf854a3250","519","3","2","52","11","52","1","-1","late","harmful","False","","30^\circ","cannot_continue","2048","No candidate final answer was produced.","rule:no-answer"
"prm-d10dadbf854a3250|placebo4|step12","prm-d10dadbf854a3250","519","4","12","57","11","52","1.096154","-1","late","harmful","False","60","30^\circ","completed","142","The candidate answer is not mathematically equivalent to the reference answer.","qwen/qwen3-8b"
"prm-cea36bdf052fa8d6|placebo1|step3","prm-cea36bdf052fa8d6","520","1","3","25","1","24","1.041667","-1","early","harmful","False","425","129","completed","77","The reference answer is 129, but the candidate answer is 425.","qwen/qwen3-8b"
"prm-cea36bdf052fa8d6|placebo2|step2","prm-cea36bdf052fa8d6","520","2","2","24","1","24","1","-1","early","harmful","False","340","129","completed","136","The candidate answer is incorrect. The correct value is 129.","qwen/qwen3-8b"
"prm-cea36bdf052fa8d6|placebo3|step4","prm-cea36bdf052fa8d6","520","3","4","22","1","24","0.916667","-1","early","harmful","False","340","129","completed","85","The candidate answer 340 is not mathematically equivalent to the reference answer 129.","qwen/qwen3-8b"
"prm-f7aa110cdcd4de1b|placebo1|step4","prm-f7aa110cdcd4de1b","521","1","4","31","6","35","0.885714","-1","middle","harmful","True","\sqrt{5}","\sqrt{5}","completed","243","The candidate answer matches the reference answer.","qwen/qwen3-8b"
"prm-f7aa110cdcd4de1b|placebo2|step5","prm-f7aa110cdcd4de1b","521","2","5","39","6","35","1.114286","-1","middle","harmful","True","\sqrt{5}","\sqrt{5}","completed","211","The candidate answer \sqrt{5} is mathematically equivalent to the reference answer \sqrt{5}.","qwen/qwen3-8b"
"prm-200cc16bd7b20d90|placebo1|step6","prm-200cc16bd7b20d90","522","1","6","32","3","28","1.142857","1","early","redundant","True","\frac{33}{100}","\dfrac{33}{100}","completed","231","The candidate answer is correct. The probability that a randomly selected number from 1 through 100 is a multiple of 3 is $\frac{33}{100}$.","qwen/qwen3-8b"
"prm-200cc16bd7b20d90|placebo2|step8","prm-200cc16bd7b20d90","522","2","8","33","3","28","1.178571","1","early","redundant","False","The probability that the number is a multiple of 3 is $\frac{33}{100}$","\dfrac{33}{100}","completed","180","The candidate answer is not mathematically equivalent to the reference answer.","qwen/qwen3-8b"
"prm-200cc16bd7b20d90|placebo3|step2","prm-200cc16bd7b20d90","522","3","2","28","3","28","1","1","early","redundant","True","\frac{33}{100}","\dfrac{33}{100}","completed","138","Both answers are mathematically equivalent.","qwen/qwen3-8b"
"prm-200cc16bd7b20d90|placebo4|step11","prm-200cc16bd7b20d90","522","4","11","33","3","28","1.178571","1","early","redundant","True","\boxed{\dfrac{33}{100}}","\dfrac{33}{100}","completed","152","The candidate answer matches the reference answer.","qwen/qwen3-8b"
"prm-372a06491c3ab4c3|placebo1|step5","prm-372a06491c3ab4c3","523","1","5","52","7","51","1.019608","1","late","essential","True","210","210","completed","209","The candidate answer matches the reference answer.","qwen/qwen3-8b"
"prm-372a06491c3ab4c3|placebo2|step1","prm-372a06491c3ab4c3","523","2","1","54","7","51","1.058824","1","late","essential","True","210","210","completed","162","The candidate answer is mathematically equivalent to the reference answer.","qwen/qwen3-8b"
"prm-7c8b800f666a8d2b|placebo1|step3","prm-7c8b800f666a8d2b","524","1","3","18","9","16","1.125","0","late","redundant","True","18","18","completed","133","Both answers are equal to 18.","qwen/qwen3-8b"
"prm-7c8b800f666a8d2b|placebo2|step11","prm-7c8b800f666a8d2b","524","2","11","14","9","16","0.875","0","late","redundant","True","18","18","completed","57","The candidate answer matches the reference answer.","qwen/qwen3-8b"
"prm-7c8b800f666a8d2b|placebo3|step6","prm-7c8b800f666a8d2b","524","3","6","16","9","16","1","0","late","redundant","True","18","18","completed","152","The candidate answer matches the reference answer.","qwen/qwen3-8b"
"prm-ad9e7fa994103189|placebo1|step6","prm-ad9e7fa994103189","525","1","6","34","3","30","1.133333","0","middle","redundant","False","10000","9901","completed","106","The candidate answer is incorrect; $ 99^2 + 99 + 1 = 9901 $, not 10000.","qwen/qwen3-8b"
"prm-ad9e7fa994103189|placebo2|step0","prm-ad9e7fa994103189","525","2","0","35","3","30","1.166667","0","middle","redundant","True","9901","9901","completed","162","The candidate answer matches the reference answer.","qwen/qwen3-8b"
"prm-ad9e7fa994103189|placebo3|step2","prm-ad9e7fa994103189","525","3","2","31","3","30","1.033333","0","middle","redundant","True","9901","9901","completed","110","The candidate answer is correct and matches the reference answer.","qwen/qwen3-8b"
"prm-a8f0f0d569ae9708|placebo1|step2","prm-a8f0f0d569ae9708","527","1","2","39","11","43","0.906977","-1","late","harmful","True","103","103","completed","422","The candidate answer is mathematically equivalent to the reference answer.","qwen/qwen3-8b"
"prm-a8f0f0d569ae9708|placebo2|step6","prm-a8f0f0d569ae9708","527","2","6","38","11","43","0.883721","-1","late","harmful","False","","103","cannot_continue","191","No candidate final answer was produced.","rule:no-answer"
"prm-17fa230838c04542|placebo1|step2","prm-17fa230838c04542","528","1","2","20","0","24","0.833333","-1","early","redundant","False","2","0","completed","105","The candidate answer is incorrect. The polynomial $ p(x) $ is of degree 0, as it simplifies to a constant.","qwen/qwen3-8b"
"prm-17fa230838c04542|placebo2|step8","prm-17fa230838c04542","528","2","8","27","0","24","1.125","-1","early","redundant","False","2","0","completed","167","The candidate answer is not mathematically equivalent to the reference answer.","qwen/qwen3-8b"
"prm-17fa230838c04542|placebo3|step18","prm-17fa230838c04542","528","3","18","21","0","24","0.875","-1","early","redundant","True","0","0","completed","247","The candidate answer matches the reference answer.","qwen/qwen3-8b"
"prm-17fa230838c04542|placebo4|step5","prm-17fa230838c04542","528","4","5","20","0","24","0.833333","-1","early","redundant","False","2","0","completed","109","The candidate answer is not mathematically equivalent to the reference answer.","qwen/qwen3-8b"
"prm-79304f2f93ee36e7|placebo1|step5","prm-79304f2f93ee36e7","529","1","5","39","11","38","1.026316","-1","late","essential","True","-2","-2","completed","347","The candidate answer matches the reference answer.","qwen/qwen3-8b"
"prm-79304f2f93ee36e7|placebo2|step7","prm-79304f2f93ee36e7","529","2","7","31","11","38","0.815789","-1","late","essential","False","\boxed{\frac{1 + \sqrt{5}}{2}}","-2","completed","424","The candidate answer is incorrect; the correct answer is -2.","qwen/qwen3-8b"
"prm-79304f2f93ee36e7|placebo3|step3","prm-79304f2f93ee36e7","529","3","3","39","11","38","1.026316","-1","late","essential","False","","-2","cannot_continue","2048","No candidate final answer was produced.","rule:no-answer"
"prm-79304f2f93ee36e7|placebo4|step12","prm-79304f2f93ee36e7","529","4","12","42","11","38","1.105263","-1","late","essential","False","","-2","cannot_continue","2048","No candidate final answer was produced.","rule:no-answer"
"prm-f209abf6bbcf46bb|placebo1|step3","prm-f209abf6bbcf46bb","530","1","3","49","10","43","1.139535","-1","late","harmful","True","$\sqrt{5}$","\sqrt{5}","completed","210","The candidate answer matches the reference answer.","qwen/qwen3-8b"
"prm-f209abf6bbcf46bb|placebo2|step0","prm-f209abf6bbcf46bb","530","2","0","46","10","43","1.069767","-1","late","harmful","True","\sqrt{5}","\sqrt{5}","completed","287","The candidate answer matches the reference answer.","qwen/qwen3-8b"
"prm-f209abf6bbcf46bb|placebo3|step11","prm-f209abf6bbcf46bb","530","3","11","35","10","43","0.813953","-1","late","harmful","False","\frac{\sqrt{5}}{2}","\sqrt{5}","completed","236","The candidate answer does not match the reference answer.","qwen/qwen3-8b"
"prm-f209abf6bbcf46bb|placebo4|step12","prm-f209abf6bbcf46bb","530","4","12","45","10","43","1.046512","-1","late","harmful","False","\frac{\sqrt{5}}{2}","\sqrt{5}","completed","261","The candidate answer is not mathematically equivalent to the reference answer.","qwen/qwen3-8b"
"prm-5f58d3f9cdbdd4cd|placebo1|step14","prm-5f58d3f9cdbdd4cd","531","1","14","33","13","39","0.846154","1","middle","redundant","True","\boxed{\frac{13}{15}}","\frac{13}{15}","completed","169","The candidate answer matches the reference answer.","qwen/qwen3-8b"
"prm-5f58d3f9cdbdd4cd|placebo2|step12","prm-5f58d3f9cdbdd4cd","531","2","12","32","13","39","0.820513","1","middle","redundant","True","\frac{13}{15}","\frac{13}{15}","completed","266","The candidate answer is mathematically equivalent to the reference answer.","qwen/qwen3-8b"
"prm-5f58d3f9cdbdd4cd|placebo3|step11","prm-5f58d3f9cdbdd4cd","531","3","11","39","13","39","1","1","middle","redundant","True","\frac{13}{15}","\frac{13}{15}","completed","252","Both answers are equal to $\frac{13}{15}$.","qwen/qwen3-8b"
"prm-5f58d3f9cdbdd4cd|placebo4|step16","prm-5f58d3f9cdbdd4cd","531","4","16","42","13","39","1.076923","1","middle","redundant","True","\boxed{\frac{13}{15}}","\frac{13}{15}","completed","83","The candidate answer \boxed{\frac{13}{15}} is mathematically equivalent to the reference answer \frac{13}{15}.","qwen/qwen3-8b"
"prm-d8dd25afa49d220a|placebo1|step6","prm-d8dd25afa49d220a","534","1","6","29","3","31","0.935484","1","early","redundant","True","\frac{639}{40}","\frac{639}{40}","completed","211","The candidate answer matches the reference answer exactly.","qwen/qwen3-8b"
"prm-d8dd25afa49d220a|placebo2|step0","prm-d8dd25afa49d220a","534","2","0","29","3","31","0.935484","1","early","redundant","False","\frac{159}{4}","\frac{639}{40}","completed","156","The candidate answer \frac{159}{4} is not mathematically equivalent to the reference answer \frac{639}{40}.","qwen/qwen3-8b"
"prm-d8dd25afa49d220a|placebo3|step8","prm-d8dd25afa49d220a","534","3","8","36","3","31","1.16129","1","early","redundant","False","\frac{639}{4}","\frac{639}{40}","completed","122","The candidate answer is incorrect. The correct distance on the map is $\frac{639}{40}$ inches, not $\frac{639}{4}$ inches.","qwen/qwen3-8b"
"prm-d8dd25afa49d220a|placebo4|step10","prm-d8dd25afa49d220a","534","4","10","25","3","31","0.806452","1","early","redundant","False","\frac{639}{4}","\frac{639}{40}","completed","197","The candidate answer is not mathematically equivalent to the reference answer.","qwen/qwen3-8b"
"prm-b8a1339e40d14487|placebo1|step4","prm-b8a1339e40d14487","535","1","4","31","7","31","1","0","middle","harmful","True","2220","2220","completed","209","Both answers are mathematically equivalent.","qwen/qwen3-8b"
"prm-b8a1339e40d14487|placebo2|step0","prm-b8a1339e40d14487","535","2","0","28","7","31","0.903226","0","middle","harmful","True","2220","2220","completed","247","The candidate answer matches the reference answer.","qwen/qwen3-8b"
"prm-b8a1339e40d14487|placebo3|step9","prm-b8a1339e40d14487","535","3","9","35","7","31","1.129032","0","middle","harmful","False","202020","2220","completed","130","The candidate answer is not mathematically equivalent to the reference answer.","qwen/qwen3-8b"
"prm-b8a1339e40d14487|placebo4|step2","prm-b8a1339e40d14487","535","4","2","34","7","31","1.096774","0","middle","harmful","True","2220","2220","completed","158","The candidate answer is mathematically equivalent to the reference answer.","qwen/qwen3-8b"
"prm-bdb3ede8ec7d1902|placebo1|step10","prm-bdb3ede8ec7d1902","536","1","10","15","8","13","1.153846","0","middle","redundant","True","60","60","completed","186","Both answers are equal to 60.","qwen/qwen3-8b"
"prm-bdb3ede8ec7d1902|placebo2|step13","prm-bdb3ede8ec7d1902","536","2","13","12","8","13","0.923077","0","middle","redundant","True","60","60","completed","164","The candidate answer matches the reference answer.","qwen/qwen3-8b"
"prm-ac1b5da6715754b0|placebo1|step22","prm-ac1b5da6715754b0","537","1","22","25","2","21","1.190476","-1","early","harmful","False","\boxed{\frac{1}{13^{10}} + \frac{1}{13^{10}} + \frac{1}{13^{10}} + \frac{1}{13^{10}} + \frac{1}{13^{10}}}","850","completed","359","The candidate answer is not mathematically equivalent to the reference answer. The reference answer is a numerical value, while the candidate answer is an expression.","qwen/qwen3-8b"
"prm-ac1b5da6715754b0|placebo2|step25","prm-ac1b5da6715754b0","537","2","25","25","2","21","1.190476","-1","early","harmful","False","","850","cannot_continue","2048","No candidate final answer was produced.","rule:no-answer"
"prm-ac1b5da6715754b0|placebo3|step4","prm-ac1b5da6715754b0","537","3","4","23","2","21","1.095238","-1","early","harmful","False","\boxed{\frac{1}{13^{10}}}$","850","completed","455","The candidate answer does not match the reference answer. The reference answer is 850, while the candidate answer is 1/13^10.","qwen/qwen3-8b"
"prm-ac1b5da6715754b0|placebo4|step15","prm-ac1b5da6715754b0","537","4","15","23","2","21","1.095238","-1","early","harmful","False","\boxed{\frac{10}{13^{10}}}","850","completed","207","The candidate answer is not mathematically equivalent to the reference answer.","qwen/qwen3-8b"
"prm-f15246b50fdc7a05|placebo1|step0","prm-f15246b50fdc7a05","538","1","0","20","1","21","0.952381","-1","early","harmful","False","1","\frac{1}{4}","completed","483","The candidate answer is not mathematically equivalent to the reference answer.","qwen/qwen3-8b"
"prm-f15246b50fdc7a05|placebo2|step3","prm-f15246b50fdc7a05","538","2","3","25","1","21","1.190476","-1","early","harmful","False","1","\frac{1}{4}","completed","529","The candidate answer is not mathematically equivalent to the reference answer.","qwen/qwen3-8b"
"prm-f3ade9b68838159b|placebo1|step20","prm-f3ade9b68838159b","539","1","20","34","5","40","0.85","1","early","harmful","False","199","58","completed","157","The candidate answer 199 is not mathematically equivalent to the reference answer 58.","qwen/qwen3-8b"
"prm-f3ade9b68838159b|placebo2|step24","prm-f3ade9b68838159b","539","2","24","34","5","40","0.85","1","early","harmful","False","28","58","completed","102","The candidate answer is not mathematically equivalent to the reference answer.","qwen/qwen3-8b"
"prm-f3ade9b68838159b|placebo3|step12","prm-f3ade9b68838159b","539","3","12","34","5","40","0.85","1","early","harmful","True","58","58","completed","226","The candidate answer matches the reference answer.","qwen/qwen3-8b"
"prm-f3ade9b68838159b|placebo4|step14","prm-f3ade9b68838159b","539","4","14","36","5","40","0.9","1","early","harmful","True","58","58","completed","190","The candidate answer matches the reference answer.","qwen/qwen3-8b"
"prm-ea9c90dcf0197292|placebo1|step6","prm-ea9c90dcf0197292","540","1","6","19","7","19","1","0","middle","redundant","False","\boxed{\frac{4}{3}}","\frac{8}{15}","completed","453","The candidate answer is different from the reference answer.","qwen/qwen3-8b"
"prm-ea9c90dcf0197292|placebo2|step12","prm-ea9c90dcf0197292","540","2","12","17","7","19","0.894737","0","middle","redundant","False","$oxed{rac{b^2c^2}{2(a + b - c)(a - b + c)}}$","\frac{8}{15}","completed","349","The candidate answer is incorrect; the correct answer is $\frac{8}{15}$.","qwen/qwen3-8b"
"prm-ea9c90dcf0197292|placebo3|step9","prm-ea9c90dcf0197292","540","3","9","18","7","19","0.947368","0","middle","redundant","False","","\frac{8}{15}","logical_break","256","No candidate final answer was produced.","rule:no-answer"
"prm-81d72916fff41df2|placebo1|step7","prm-81d72916fff41df2","541","1","7","14","0","14","1","0","early","redundant","False","0","4","completed","129","The candidate answer is 0, but the reference answer is 4.","qwen/qwen3-8b"
"prm-81d72916fff41df2|placebo2|step8","prm-81d72916fff41df2","541","2","8","14","0","14","1","0","early","redundant","False","0","4","completed","78","The positive square root of 64 is 8, and the cube root of 64 is 4. The difference is 8 - 4 = 4, but the candidate answer is 0.","qwen/qwen3-8b"
"prm-81d72916fff41df2|placebo3|step4","prm-81d72916fff41df2","541","3","4","13","0","14","0.928571","0","early","redundant","True","4","4","completed","137","The candidate answer matches the reference answer.","qwen/qwen3-8b"
"prm-30611e95e1fdab2f|placebo1|step25","prm-30611e95e1fdab2f","542","1","25","25","0","28","0.892857","1","early","redundant","False","3 + sqrt(153)","16","completed","375","The candidate answer does not match the reference answer.","qwen/qwen3-8b"
"prm-30611e95e1fdab2f|placebo2|step19","prm-30611e95e1fdab2f","542","2","19","28","0","28","1","1","early","redundant","True","16","16","completed","482","The candidate answer is mathematically equivalent to the reference answer.","qwen/qwen3-8b"
"prm-30611e95e1fdab2f|placebo3|step6","prm-30611e95e1fdab2f","542","3","6","28","0","28","1","1","early","redundant","True","16","16","completed","540","The candidate answer matches the reference answer.","qwen/qwen3-8b"
"prm-30611e95e1fdab2f|placebo4|step29","prm-30611e95e1fdab2f","542","4","29","23","0","28","0.821429","1","early","redundant","False","3 + sqrt(153)","16","completed","146","The candidate answer is not mathematically equivalent to the reference answer.","qwen/qwen3-8b"
"prm-5b41ee9b9b0d17ba|placebo1|step7","prm-5b41ee9b9b0d17ba","543","1","7","24","3","20","1.2","0","early","essential","False","","2","logical_break","163","No candidate final answer was produced.","rule:no-answer"
"prm-5b41ee9b9b0d17ba|placebo2|step0","prm-5b41ee9b9b0d17ba","543","2","0","22","3","20","1.1","0","early","essential","False","","2","cannot_continue","2048","No candidate final answer was produced.","rule:no-answer"
"prm-5b41ee9b9b0d17ba|placebo3|step1","prm-5b41ee9b9b0d17ba","543","3","1","18","3","20","0.9","0","early","essential","True","\boxed{2}","2","completed","220","The candidate answer matches the reference answer exactly.","qwen/qwen3-8b"
"prm-5b41ee9b9b0d17ba|placebo4|step12","prm-5b41ee9b9b0d17ba","543","4","12","19","3","20","0.95","0","early","essential","False","","2","logical_break","117","No candidate final answer was produced.","rule:no-answer"
"prm-933bbb6ef939eb1f|placebo1|step3","prm-933bbb6ef939eb1f","545","1","3","25","7","29","0.862069","-1","early","harmful","False","21","28","completed","161","The candidate answer is incorrect. The correct area of $\triangle ACD$ is 28, not 21.","qwen/qwen3-8b"
"prm-933bbb6ef939eb1f|placebo2|step17","prm-933bbb6ef939eb1f","545","2","17","26","7","29","0.896552","-1","early","harmful","False","25.2","28","completed","507","The candidate answer 25.2 is not mathematically equivalent to the reference answer 28.","qwen/qwen3-8b"
"prm-933bbb6ef939eb1f|placebo3|step20","prm-933bbb6ef939eb1f","545","3","20","32","7","29","1.103448","-1","early","harmful","False","12.6","28","completed","379","12.6 is not equal to 28.","qwen/qwen3-8b"
"prm-933bbb6ef939eb1f|placebo4|step16","prm-933bbb6ef939eb1f","545","4","16","24","7","29","0.827586","-1","early","harmful","False","21","28","completed","224","The candidate answer does not match the reference answer.","qwen/qwen3-8b"
"prm-0b28d0082685012b|placebo1|step5","prm-0b28d0082685012b","546","1","5","21","1","18","1.166667","0","early","redundant","False","\boxed{\frac{1}{137} + i}","1+274i","completed","894","The candidate answer is not mathematically equivalent to the reference answer.","qwen/qwen3-8b"
"prm-0b28d0082685012b|placebo2|step21","prm-0b28d0082685012b","546","2","21","21","1","18","1.166667","0","early","redundant","False","\frac{1}{137} + i","1+274i","completed","182","The candidate answer is not mathematically equivalent to the reference answer.","qwen/qwen3-8b"
"prm-0b28d0082685012b|placebo3|step25","prm-0b28d0082685012b","546","3","25","16","1","18","0.888889","0","early","redundant","False","\boxed{\frac{1}{137} + i}","1+274i","completed","161","The candidate answer is not mathematically equivalent to the reference answer.","qwen/qwen3-8b"
"prm-0b28d0082685012b|placebo4|step4","prm-0b28d0082685012b","546","4","4","19","1","18","1.055556","0","early","redundant","False","$ z_{2002} = rac{1}{137} + i $","1+274i","completed","936","The candidate answer is incorrect; the correct answer is 1+274i.","qwen/qwen3-8b"
"prm-9cdea0642dfb0680|placebo1|step20","prm-9cdea0642dfb0680","547","1","20","35","12","36","0.972222","0","middle","harmful","False","13","14","completed","437","The candidate answer is incorrect. The correct least possible sum is 14, not 13.","qwen/qwen3-8b"
"prm-9cdea0642dfb0680|placebo2|step4","prm-9cdea0642dfb0680","547","2","4","29","12","36","0.805556","0","middle","harmful","False","The least possible sum of these integers is 13, achieved by the set {2, 3, 14} or {2, 6, 7}.","14","completed","304","The candidate answer is incorrect; the least possible sum is 14, not 13.","qwen/qwen3-8b"
"prm-9cdea0642dfb0680|placebo3|step13","prm-9cdea0642dfb0680","547","3","13","32","12","36","0.888889","0","middle","harmful","True","14","14","completed","286","The candidate answer matches the reference answer.","qwen/qwen3-8b"
"prm-9cdea0642dfb0680|placebo4|step9","prm-9cdea0642dfb0680","547","4","9","39","12","36","1.083333","0","middle","harmful","False","The least possible sum of these integers is 13.","14","completed","233","The candidate answer is not mathematically equivalent to the reference answer.","qwen/qwen3-8b"
"prm-a1de62b9ef1cf246|placebo1|step3","prm-a1de62b9ef1cf246","548","1","3","29","0","30","0.966667","0","early","essential","False","540","36","completed","396","The reference answer is 36 seconds, but the candidate answer is 540 seconds, which is incorrect.","qwen/qwen3-8b"
"prm-a1de62b9ef1cf246|placebo2|step9","prm-a1de62b9ef1cf246","548","2","9","30","0","30","1","0","early","essential","False","15","36","completed","92","The candidate answer is not mathematically equivalent to the reference answer.","qwen/qwen3-8b"
"prm-925200af07947f5c|placebo1|step2","prm-925200af07947f5c","549","1","2","35","5","40","0.875","0","middle","redundant","False","1","3","completed","238","The candidate answer is incorrect. The function $ f(x) = loor{(-\frac{5}{8})^x} $ has a range that includes more than 1 distinct value.","qwen/qwen3-8b"
"prm-925200af07947f5c|placebo2|step0","prm-925200af07947f5c","549","2","0","46","5","40","1.15","0","middle","redundant","False","The function $ f(x) = loor{ig(-rac{5}{8}ig)^x} $ for $ x 
eq 0 $ takes on the values $ -1, 0 $, and $ 0 $ for all $ x 
eq 0 $. Therefore, the range of $ f(x) $ contains only two distinct values: $ -1 $ and $ 0 $.

Thus, the number of distinct values in the range of $ f(x) $ is $ oxed{2} $","3","completed","622","The candidate answer is not mathematically equivalent to the reference answer.","qwen/qwen3-8b"
"prm-925200af07947f5c|placebo3|step11","prm-925200af07947f5c","549","3","11","38","5","40","0.95","0","middle","redundant","False","2","3","completed","169","The candidate answer is not mathematically equivalent to the reference answer.","qwen/qwen3-8b"
"prm-bbc52970464fbf13|placebo1|step2","prm-bbc52970464fbf13","550","1","2","80","3","91","0.879121","0","middle","essential","True","x^3 + 3x - 6","x^3+3x-6","completed","338","The candidate answer matches the reference answer.","qwen/qwen3-8b"
"prm-bbc52970464fbf13|placebo2|step1","prm-bbc52970464fbf13","550","2","1","90","3","91","0.989011","0","middle","essential","True","$x^3 + 3x - 6$","x^3+3x-6","completed","308","The candidate answer matches the reference answer.","qwen/qwen3-8b"
"prm-bbc52970464fbf13|placebo3|step4","prm-bbc52970464fbf13","550","3","4","83","3","91","0.912088","0","middle","essential","True","x^3 + 3x - 6","x^3+3x-6","completed","172","Both answers are algebraically equivalent.","qwen/qwen3-8b"
"prm-0ff002313a594db0|placebo1|step11","prm-0ff002313a594db0","551","1","11","22","1","20","1.1","0","early","redundant","True","-2","-2","completed","529","The candidate answer is mathematically equivalent to the reference answer.","qwen/qwen3-8b"
"prm-0ff002313a594db0|placebo2|step14","prm-0ff002313a594db0","551","2","14","20","1","20","1","0","early","redundant","True","-2","-2","completed","547","Both the candidate and reference answers are -2.","qwen/qwen3-8b"
"prm-0ff002313a594db0|placebo3|step17","prm-0ff002313a594db0","551","3","17","23","1","20","1.15","0","early","redundant","True","-2","-2","completed","291","The sum of the coefficients of a polynomial $g(x)$ is $g(1)$. The candidate answer matches the reference answer.","qwen/qwen3-8b"
"prm-0ff002313a594db0|placebo4|step3","prm-0ff002313a594db0","551","4","3","22","1","20","1.1","0","early","redundant","True","-2","-2","completed","254","The candidate answer matches the reference answer.","qwen/qwen3-8b"
"prm-cfef1e0669eb8eee|placebo1|step5","prm-cfef1e0669eb8eee","552","1","5","27","3","28","0.964286","1","early","essential","False","$4333_6$","4343_6","completed","181","The candidate answer does not match the reference answer.","qwen/qwen3-8b"
"prm-cfef1e0669eb8eee|placebo2|step1","prm-cfef1e0669eb8eee","552","2","1","29","3","28","1.035714","1","early","essential","True","$4343_6$","4343_6","completed","220","The candidate answer is mathematically equivalent to the reference answer.","qwen/qwen3-8b"
"prm-cfef1e0669eb8eee|placebo3|step0","prm-cfef1e0669eb8eee","552","3","0","24","3","28","0.857143","1","early","essential","True","$4343_6$","4343_6","completed","184","The candidate answer matches the reference answer.","qwen/qwen3-8b"
"prm-cfef1e0669eb8eee|placebo4|step7","prm-cfef1e0669eb8eee","552","4","7","25","3","28","0.892857","1","early","essential","True","$4343_6$","4343_6","completed","154","The candidate answer is mathematically equivalent to the reference answer.","qwen/qwen3-8b"
"prm-809326ad29e9fe7f|placebo1|step3","prm-809326ad29e9fe7f","553","1","3","22","4","22","1","0","middle","harmful","True","(5, ∞)","(5,\infty)","completed","112","Both answers are equal to (5, ∞).","qwen/qwen3-8b"
"prm-809326ad29e9fe7f|placebo2|step1","prm-809326ad29e9fe7f","553","2","1","21","4","22","0.954545","0","middle","harmful","True","(5, ∞)","(5,\infty)","completed","142","The candidate answer (5, ∞) is mathematically equivalent to the reference answer (5,\infty).","qwen/qwen3-8b"
"prm-809326ad29e9fe7f|placebo3|step0","prm-809326ad29e9fe7f","553","3","0","19","4","22","0.863636","0","middle","harmful","False","(5, 	ext{infty})","(5,\infty)","completed","168","The candidate answer uses incorrect formatting for infinity (\text{infty} instead of \infty).","qwen/qwen3-8b"
"prm-542b09ca81c2a59d|placebo1|step11","prm-542b09ca81c2a59d","554","1","11","20","7","25","0.8","1","middle","harmful","True","14","14","completed","464","The candidate answer 14 is mathematically equivalent to the reference answer 14.","qwen/qwen3-8b"
"prm-542b09ca81c2a59d|placebo2|step3","prm-542b09ca81c2a59d","554","2","3","20","7","25","0.8","1","middle","harmful","False","15","14","completed","919","The candidate answer is incorrect. The least possible sum of the integers whose product is 84 is 14, not 15.","qwen/qwen3-8b"
"prm-542b09ca81c2a59d|placebo3|step17","prm-542b09ca81c2a59d","554","3","17","22","7","25","0.88","1","middle","harmful","False","19","14","completed","476","The candidate answer 19 is not mathematically equivalent to the reference answer 14.","qwen/qwen3-8b"
"prm-542b09ca81c2a59d|placebo4|step9","prm-542b09ca81c2a59d","554","4","9","25","7","25","1","1","middle","harmful","False","The least possible sum of these integers is 14.","14","completed","148","The least possible sum of these integers is 14 is not a numerical value.","qwen/qwen3-8b"
"prm-f20b3a116ae0c86a|placebo1|step13","prm-f20b3a116ae0c86a","555","1","13","35","12","39","0.897436","0","late","essential","True","\$1250","1250","completed","195","The candidate answer matches the reference answer.","qwen/qwen3-8b"
"prm-f20b3a116ae0c86a|placebo2|step16","prm-f20b3a116ae0c86a","555","2","16","35","12","39","0.897436","0","late","essential","True","\$1250","1250","completed","83","The candidate answer matches the reference answer.","qwen/qwen3-8b"
"prm-ce7da7c55243f250|placebo1|step3","prm-ce7da7c55243f250","556","1","3","112","1","96","1.166667","-1","early","harmful","False","1","850","completed","897","The candidate answer is not mathematically equivalent to the reference answer.","qwen/qwen3-8b"
"prm-ce7da7c55243f250|placebo2|step4","prm-ce7da7c55243f250","556","2","4","87","1","96","0.90625","-1","early","harmful","False","169","850","completed","512","The candidate answer is not mathematically equivalent to the reference answer.","qwen/qwen3-8b"
"prm-a8a8bda6701d4be2|placebo1|step8","prm-a8a8bda6701d4be2","557","1","8","51","5","50","1.02","0","middle","harmful","False","10","9","completed","177","The candidate answer is incorrect; the correct answer is 9.","qwen/qwen3-8b"
"prm-b1821859ea0c9d57|placebo1|step2","prm-b1821859ea0c9d57","558","1","2","17","6","15","1.133333","1","middle","redundant","True","1251","1251","completed","106","The candidate answer matches the reference answer.","qwen/qwen3-8b"
"prm-b1821859ea0c9d57|placebo2|step3","prm-b1821859ea0c9d57","558","2","3","17","6","15","1.133333","1","middle","redundant","True","1251","1251","completed","85","The candidate answer matches the reference answer.","qwen/qwen3-8b"
"prm-b1821859ea0c9d57|placebo3|step5","prm-b1821859ea0c9d57","558","3","5","16","6","15","1.066667","1","middle","redundant","True","1251","1251","completed","69","The candidate answer matches the reference answer.","qwen/qwen3-8b"
"prm-b1821859ea0c9d57|placebo4|step8","prm-b1821859ea0c9d57","558","4","8","14","6","15","0.933333","1","middle","redundant","True","1251","1251","completed","64","The candidate answer matches the reference answer.","qwen/qwen3-8b"
"prm-7e6bdad2d7a80ef9|placebo1|step13","prm-7e6bdad2d7a80ef9","559","1","13","31","10","37","0.837838","-1","middle","harmful","True","30","30","completed","132","The candidate answer matches the reference answer.","qwen/qwen3-8b"
"prm-7e6bdad2d7a80ef9|placebo2|step20","prm-7e6bdad2d7a80ef9","559","2","20","30","10","37","0.810811","-1","middle","harmful","False","","30","cannot_continue","2048","No candidate final answer was produced.","rule:no-answer"
"prm-7e6bdad2d7a80ef9|placebo3|step2","prm-7e6bdad2d7a80ef9","559","3","2","34","10","37","0.918919","-1","middle","harmful","False","$\boxed{\sqrt{\frac{2(34^2) + 2(34^2) - 32^2}{4}}}$","30","completed","204","The candidate answer is algebraically incorrect. The correct formula for the length of a median in a triangle is $\sqrt{\frac{2a^2 + 2b^2 - c^2}{4}}$, where $a$ and $b$ are the sides adjacent to the median and $c$ is the side opposite. In this case, the median $\overline{QM}$ is to the side $PR = 32$, so the correct formula should be $\sqrt{\frac{2(34^2) + 2(34^2) - 32^2}{4}}$, which simplifies to 30.","qwen/qwen3-8b"
"prm-7e6bdad2d7a80ef9|placebo4|step16","prm-7e6bdad2d7a80ef9","559","4","16","31","10","37","0.837838","-1","middle","harmful","True","30","30","completed","622","The candidate answer matches the reference answer.","qwen/qwen3-8b"
"prm-d2f74008879c56dd|placebo1|step2","prm-d2f74008879c56dd","560","1","2","35","5","35","1","0","middle","redundant","True","3","3","completed","206","The candidate answer matches the reference answer.","qwen/qwen3-8b"
"prm-d2f74008879c56dd|placebo2|step6","prm-d2f74008879c56dd","560","2","6","35","5","35","1","0","middle","redundant","True","3","3","completed","90","The candidate answer matches the reference answer.","qwen/qwen3-8b"
"prm-cc448d173bf0a3b0|placebo1|step19","prm-cc448d173bf0a3b0","562","1","19","25","4","25","1","1","early","redundant","False","$(-rac{\infty}{\infty}, 2) \\cup (3, \\infty)$","(-\infty, 2) \cup (3, \infty)","completed","179","The candidate answer contains an incorrect expression $(-\frac{\infty}{\infty}, 2)$, which is not mathematically valid.","qwen/qwen3-8b"
"prm-cc448d173bf0a3b0|placebo2|step2","prm-cc448d173bf0a3b0","562","2","2","28","4","25","1.12","1","early","redundant","True","(-\infty, 2) \cup (3, \infty)","(-\infty, 2) \cup (3, \infty)","completed","272","Both answers are identical.","qwen/qwen3-8b"
"prm-cc448d173bf0a3b0|placebo3|step9","prm-cc448d173bf0a3b0","562","3","9","22","4","25","0.88","1","early","redundant","True","(-\infty, 2) \cup (3, \infty)","(-\infty, 2) \cup (3, \infty)","completed","354","The candidate answer is mathematically equivalent to the reference answer.","qwen/qwen3-8b"
"prm-cc448d173bf0a3b0|placebo4|step0","prm-cc448d173bf0a3b0","562","4","0","24","4","25","0.96","1","early","redundant","False","","(-\infty, 2) \cup (3, \infty)","cannot_continue","2048","No candidate final answer was produced.","rule:no-answer"
"prm-f928a55daeb136c0|placebo1|step1","prm-f928a55daeb136c0","563","1","1","24","2","27","0.888889","1","early","harmful","False","","-\frac{3}{8}","completed","152","No candidate final answer was produced.","rule:no-answer"
"prm-f928a55daeb136c0|placebo2|step4","prm-f928a55daeb136c0","563","2","4","25","2","27","0.925926","1","early","harmful","False","$x = -\frac{1}{2}$","-\frac{3}{8}","completed","204","The candidate answer $x = -\frac{1}{2}$ is not mathematically equivalent to the reference answer $-\frac{3}{8}$.","qwen/qwen3-8b"
"prm-f928a55daeb136c0|placebo3|step0","prm-f928a55daeb136c0","563","3","0","27","2","27","1","1","early","harmful","False","\boxed{\frac{1}{4}}","-\frac{3}{8}","completed","198","The candidate answer does not match the reference answer.","qwen/qwen3-8b"
"prm-4e153a707e488ac9|placebo1|step19","prm-4e153a707e488ac9","564","1","19","43","10","42","1.02381","0","middle","harmful","True","81","81","completed","238","The candidate answer matches the reference answer.","qwen/qwen3-8b"
"prm-4e153a707e488ac9|placebo2|step7","prm-4e153a707e488ac9","564","2","7","46","10","42","1.095238","0","middle","harmful","True","81","81","completed","300","The candidate answer matches the reference answer.","qwen/qwen3-8b"
"prm-4e153a707e488ac9|placebo3|step20","prm-4e153a707e488ac9","564","3","20","45","10","42","1.071429","0","middle","harmful","True","81","81","completed","188","The candidate answer is mathematically equivalent to the reference answer.","qwen/qwen3-8b"
"prm-4e153a707e488ac9|placebo4|step2","prm-4e153a707e488ac9","564","4","2","39","10","42","0.928571","0","middle","harmful","True","81","81","completed","290","Both answers are equal to 81.","qwen/qwen3-8b"
"prm-0914b22e28651211|placebo1|step9","prm-0914b22e28651211","565","1","9","37","0","44","0.840909","0","early","redundant","True","3","3","completed","652","The candidate answer 3 is mathematically equivalent to the reference answer 3.","qwen/qwen3-8b"
"prm-0914b22e28651211|placebo2|step15","prm-0914b22e28651211","565","2","15","39","0","44","0.886364","0","early","redundant","True","3","3","completed","414","The candidate answer matches the reference answer exactly.","qwen/qwen3-8b"
"prm-0914b22e28651211|placebo3|step13","prm-0914b22e28651211","565","3","13","37","0","44","0.840909","0","early","redundant","True","3","3","completed","517","The candidate answer matches the reference answer.","qwen/qwen3-8b"
"prm-0914b22e28651211|placebo4|step12","prm-0914b22e28651211","565","4","12","41","0","44","0.931818","0","early","redundant","True","3","3","completed","556","The candidate answer is correct. The smallest possible value of $\left| m - n \right|$ is 3.","qwen/qwen3-8b"
"prm-a33bd2bed39c0904|placebo1|step10","prm-a33bd2bed39c0904","566","1","10","24","2","27","0.888889","1","early","redundant","False","1","\frac{\sqrt{3}}{3}","completed","74","The candidate answer 1 is not mathematically equivalent to the reference answer \frac{\sqrt{3}}{3}.","qwen/qwen3-8b"
"prm-a33bd2bed39c0904|placebo2|step0","prm-a33bd2bed39c0904","566","2","0","31","2","27","1.148148","1","early","redundant","True","\frac{\sqrt{3}}{3}","\frac{\sqrt{3}}{3}","completed","191","Both answers are mathematically equivalent.","qwen/qwen3-8b"
"prm-a33bd2bed39c0904|placebo3|step5","prm-a33bd2bed39c0904","566","3","5","29","2","27","1.074074","1","early","redundant","False","1","\frac{\sqrt{3}}{3}","completed","186","The candidate answer does not match the reference answer.","qwen/qwen3-8b"
"prm-a33bd2bed39c0904|placebo4|step1","prm-a33bd2bed39c0904","566","4","1","27","2","27","1","1","early","redundant","True","\frac{\sqrt{3}}{3}","\frac{\sqrt{3}}{3}","completed","259","The candidate answer is algebraically equivalent to the reference answer.","qwen/qwen3-8b"
"prm-9689f5a49ddfdb3e|placebo1|step7","prm-9689f5a49ddfdb3e","567","1","7","59","8","59","1","0","late","essential","True","The total number of ways is $\binom{8}{4}\binom{6}{1} + \binom{8}{3}\binom{6}{2} + \binom{8}{2}\binom{6}{3} + \binom{8}{1}\binom{6}{4} = 70 \times 6 + 56 \times 15 + 28 \times 20 + 8 \times 15 = 420 + 840 + 560 + 120 = 1940$.","1940","completed","350","The candidate answer correctly computes the total number of ways to form a subcommittee with at least one member from each party, resulting in 1940, which matches the reference answer.","qwen/qwen3-8b"
"prm-95090e247bc58e1e|placebo1|step17","prm-95090e247bc58e1e","568","1","17","41","7","45","0.911111","-1","middle","harmful","False","23","83","completed","114","The candidate answer is not mathematically equivalent to the reference answer.","qwen/qwen3-8b"
"prm-d96f1fc3f096f50e|placebo1|step4","prm-d96f1fc3f096f50e","569","1","4","22","0","23","0.956522","0","early","essential","True","350","350","completed","151","The candidate answer matches the reference answer.","qwen/qwen3-8b"
"prm-ee33bfc442fd8af0|placebo1|step4","prm-ee33bfc442fd8af0","570","1","4","14","6","13","1.076923","1","late","redundant","False","2596","2516_8","completed","224","The candidate answer does not match the reference answer.","qwen/qwen3-8b"
"prm-7b57deaaa0d16f28|placebo1|step1","prm-7b57deaaa0d16f28","571","1","1","40","3","40","1","-1","early","harmful","True","3","3","completed","277","The candidate answer matches the reference answer.","qwen/qwen3-8b"
"prm-7b57deaaa0d16f28|placebo2|step2","prm-7b57deaaa0d16f28","571","2","2","39","3","40","0.975","-1","early","harmful","False","","3","logical_break","207","No candidate final answer was produced.","rule:no-answer"
"prm-7b57deaaa0d16f28|placebo3|step14","prm-7b57deaaa0d16f28","571","3","14","44","3","40","1.1","-1","early","harmful","False","1","3","completed","175","The candidate answer is not mathematically equivalent to the reference answer.","qwen/qwen3-8b"
"prm-7b57deaaa0d16f28|placebo4|step8","prm-7b57deaaa0d16f28","571","4","8","44","3","40","1.1","-1","early","harmful","False","","3","logical_break","501","No candidate final answer was produced.","rule:no-answer"
"prm-cb4a5cbf9bb5b458|placebo1|step2","prm-cb4a5cbf9bb5b458","572","1","2","20","3","20","1","1","early","essential","True","Chris is currently 10 years old.","10","completed","209","The candidate answer is mathematically equivalent to the reference answer.","qwen/qwen3-8b"
"prm-cb4a5cbf9bb5b458|placebo2|step18","prm-cb4a5cbf9bb5b458","572","2","18","22","3","20","1.1","1","early","essential","False","","10","logical_break","93","No candidate final answer was produced.","rule:no-answer"
"prm-cb4a5cbf9bb5b458|placebo3|step9","prm-cb4a5cbf9bb5b458","572","3","9","23","3","20","1.15","1","early","essential","False","Chris is currently 8 years old.","10","completed","183","The candidate answer is not mathematically equivalent to the reference answer.","qwen/qwen3-8b"
"prm-cb4a5cbf9bb5b458|placebo4|step1","prm-cb4a5cbf9bb5b458","572","4","1","20","3","20","1","1","early","essential","False","Chris is currently 8 years old.","10","completed","287","The candidate answer is not mathematically equivalent to the reference answer.","qwen/qwen3-8b"
"prm-4657ae2feebcdcab|placebo1|step1","prm-4657ae2feebcdcab","573","1","1","32","3","38","0.842105","-1","middle","harmful","False","The least possible value of $|a_{n-1}|$ is $2$.","14","completed","392","The candidate answer is not mathematically equivalent to the reference answer.","qwen/qwen3-8b"
"prm-7fa27f0af15756ce|placebo1|step5","prm-7fa27f0af15756ce","574","1","5","53","2","66","0.80303","1","middle","essential","True","9","9","completed","103","The candidate answer matches the reference answer.","qwen/qwen3-8b"
"prm-b51944c22596b644|placebo1|step1","prm-b51944c22596b644","575","1","1","28","7","30","0.933333","1","late","essential","True","256","256","completed","189","Both answers are identical.","qwen/qwen3-8b"
"prm-b51944c22596b644|placebo2|step4","prm-b51944c22596b644","575","2","4","24","7","30","0.8","1","late","essential","False","32768","256","completed","143","The reference answer is 256, but the candidate answer is 32768, which is incorrect.","qwen/qwen3-8b"
"prm-b51944c22596b644|placebo3|step2","prm-b51944c22596b644","575","3","2","35","7","30","1.166667","1","late","essential","True","256","256","completed","226","Both the candidate and reference answers are 256.","qwen/qwen3-8b"
"prm-b51944c22596b644|placebo4|step3","prm-b51944c22596b644","575","4","3","36","7","30","1.2","1","late","essential","True","256","256","completed","210","The value of $f(f(f(f(1))))$ is $2^{2^{2^{2^1}}}$, which simplifies to $2^{2^{2^2}} = 2^{2^4} = 2^{16} = 65536$. The square root of 65536 is 256, matching the reference answer.","qwen/qwen3-8b"
"prm-b10138ab1454a3dc|placebo1|step7","prm-b10138ab1454a3dc","576","1","7","41","5","51","0.803922","1","middle","redundant","True","3","3","completed","74","The candidate answer 3 is mathematically equivalent to the reference answer 3.","qwen/qwen3-8b"
"prm-7df4ff373ff4bd62|placebo1|step11","prm-7df4ff373ff4bd62","577","1","11","18","6","22","0.818182","1","middle","essential","True","3","3","completed","334","The candidate answer matches the reference answer.","qwen/qwen3-8b"
"prm-7df4ff373ff4bd62|placebo2|step1","prm-7df4ff373ff4bd62","577","2","1","23","6","22","1.045455","1","middle","essential","True","3","3","completed","490","The candidate answer matches the reference answer.","qwen/qwen3-8b"
"prm-7df4ff373ff4bd62|placebo3|step12","prm-7df4ff373ff4bd62","577","3","12","22","6","22","1","1","middle","essential","True","3","3","completed","176","The candidate answer matches the reference answer.","qwen/qwen3-8b"
"prm-7df4ff373ff4bd62|placebo4|step5","prm-7df4ff373ff4bd62","577","4","5","20","6","22","0.909091","1","middle","essential","True","3","3","completed","554","The candidate answer is mathematically equivalent to the reference answer.","qwen/qwen3-8b"
"prm-c796e9f10b13c8d1|placebo1|step6","prm-c796e9f10b13c8d1","579","1","6","30","5","37","0.810811","0","middle","essential","True","28","28","completed","200","The reference answer and candidate answer are the same.","qwen/qwen3-8b"
"prm-102acf97bfdd07f4|placebo1|step5","prm-102acf97bfdd07f4","580","1","5","23","10","24","0.958333","0","late","redundant","True","60","60","completed","111","The candidate answer 60 is mathematically equivalent to the reference answer 60.","qwen/qwen3-8b"
"prm-102acf97bfdd07f4|placebo2|step2","prm-102acf97bfdd07f4","580","2","2","28","10","24","1.166667","0","late","redundant","True","60","60","completed","118","The candidate answer matches the reference answer exactly.","qwen/qwen3-8b"
"prm-102acf97bfdd07f4|placebo3|step8","prm-102acf97bfdd07f4","580","3","8","25","10","24","1.041667","0","late","redundant","True","60","60","completed","154","The candidate answer matches the reference answer.","qwen/qwen3-8b"
"prm-102acf97bfdd07f4|placebo4|step4","prm-102acf97bfdd07f4","580","4","4","27","10","24","1.125","0","late","redundant","True","60","60","completed","122","The candidate answer is correct. The total number of handshakes at the mixer is 60.","qwen/qwen3-8b"
"prm-04b463c60fdb3f38|placebo1|step0","prm-04b463c60fdb3f38","582","1","0","25","9","29","0.862069","0","late","redundant","True","4","4","completed","122","The candidate answer 4 is mathematically equivalent to the reference answer 4.","qwen/qwen3-8b"
"prm-04b463c60fdb3f38|placebo2|step5","prm-04b463c60fdb3f38","582","2","5","34","9","29","1.172414","0","late","redundant","True","4","4","completed","141","The positive square root of 64 is 8 and the cube root of 64 is 4, so the difference is 4.","qwen/qwen3-8b"
"prm-04b463c60fdb3f38|placebo3|step4","prm-04b463c60fdb3f38","582","3","4","28","9","29","0.965517","0","late","redundant","True","4","4","completed","121","The candidate answer matches the reference answer.","qwen/qwen3-8b"
"prm-04b463c60fdb3f38|placebo4|step12","prm-04b463c60fdb3f38","582","4","12","31","9","29","1.068966","0","late","redundant","True","4","4","completed","71","The positive square root of 64 is 8, and the cube root of 64 is 4. The difference is 4, which matches the reference answer.","qwen/qwen3-8b"
"prm-a3120089f800f1e1|placebo1|step1","prm-a3120089f800f1e1","584","1","1","30","2","32","0.9375","-1","middle","harmful","False","4","13","completed","295","The candidate answer is 4, but the correct value satisfying $n\equiv -11213141\pmod{18}$ and $0\le n<18$ is 13.","qwen/qwen3-8b"
"prm-0b2c173096bce7b5|placebo1|step8","prm-0b2c173096bce7b5","585","1","8","15","0","18","0.833333","1","early","essential","True","200","200","completed","108","Both answers are equal to 200.","qwen/qwen3-8b"
"prm-0b2c173096bce7b5|placebo2|step11","prm-0b2c173096bce7b5","585","2","11","18","0","18","1","1","early","essential","True","200","200","completed","148","The answer is mathematically equivalent.","qwen/qwen3-8b"
"prm-0b2c173096bce7b5|placebo3|step15","prm-0b2c173096bce7b5","585","3","15","19","0","18","1.055556","1","early","essential","False","500","200","completed","54","The candidate answer does not match the reference answer.","qwen/qwen3-8b"
"prm-0b2c173096bce7b5|placebo4|step3","prm-0b2c173096bce7b5","585","4","3","19","0","18","1.055556","1","early","essential","False","Jim walks 100 feet less than Martha.","200","completed","189","The candidate answer states that Jim walks 100 feet less than Martha, which is not mathematically equivalent to the reference answer of 200.","qwen/qwen3-8b"
"prm-ea5630c2b42fdb9a|placebo1|step4","prm-ea5630c2b42fdb9a","586","1","4","18","0","15","1.2","0","early","redundant","True","(\frac{3}{2}, -13)","\left( \frac{3}{2}, -13 \right)","completed","273","The candidate answer matches the reference answer.","qwen/qwen3-8b"
"prm-ea5630c2b42fdb9a|placebo2|step9","prm-ea5630c2b42fdb9a","586","2","9","14","0","15","0.933333","0","early","redundant","True","(\frac{3}{2}, -13)","\left( \frac{3}{2}, -13 \right)","completed","189","The candidate answer matches the reference answer.","qwen/qwen3-8b"
"prm-ea5630c2b42fdb9a|placebo3|step7","prm-ea5630c2b42fdb9a","586","3","7","14","0","15","0.933333","0","early","redundant","True","\left(\frac{3}{2}, -13\right)","\left( \frac{3}{2}, -13 \right)","completed","124","The candidate answer matches the reference answer.","qwen/qwen3-8b"
"prm-ea5630c2b42fdb9a|placebo4|step2","prm-ea5630c2b42fdb9a","586","4","2","16","0","15","1.066667","0","early","redundant","False","(\frac{3}{2}, -\frac{13}{2})","\left( \frac{3}{2}, -13 \right)","completed","171","The candidate answer (3/2, -13/2) is not mathematically equivalent to the reference answer (3/2, -13).","qwen/qwen3-8b"
"prm-a081faca165fd59b|placebo1|step3","prm-a081faca165fd59b","587","1","3","25","1","31","0.806452","-1","early","harmful","False","","440","cannot_continue","2048","No candidate final answer was produced.","rule:no-answer"
"prm-a081faca165fd59b|placebo2|step6","prm-a081faca165fd59b","587","2","6","25","1","31","0.806452","-1","early","harmful","False","","440","cannot_continue","2048","No candidate final answer was produced.","rule:no-answer"
"prm-a081faca165fd59b|placebo3|step19","prm-a081faca165fd59b","587","3","19","33","1","31","1.064516","-1","early","harmful","False","","440","logical_break","197","No candidate final answer was produced.","rule:no-answer"
"prm-a081faca165fd59b|placebo4|step20","prm-a081faca165fd59b","587","4","20","32","1","31","1.032258","-1","early","harmful","False","The sum of the two possible values of $c$ is 162.","440","completed","171","The candidate answer is not mathematically equivalent to the reference answer.","qwen/qwen3-8b"
"prm-dd448bdba8557edf|placebo1|step14","prm-dd448bdba8557edf","588","1","14","28","8","35","0.8","-1","middle","harmful","False","\frac{5}{18}","\frac{11}{36}","completed","207","The candidate answer $\frac{5}{18}$ is not mathematically equivalent to the reference answer $\frac{11}{36}$.","qwen/qwen3-8b"
"prm-dd448bdba8557edf|placebo2|step6","prm-dd448bdba8557edf","588","2","6","28","8","35","0.8","-1","middle","harmful","False","\frac{15}{36} = \frac{5}{12}","\frac{11}{36}","completed","377","The candidate answer \frac{15}{36} is not mathematically equivalent to the reference answer \frac{11}{36}.","qwen/qwen3-8b"
"prm-dd448bdba8557edf|placebo3|step4","prm-dd448bdba8557edf","588","3","4","28","8","35","0.8","-1","middle","harmful","True","\frac{11}{36}","\frac{11}{36}","completed","192","The candidate answer matches the reference answer.","qwen/qwen3-8b"
"prm-dd448bdba8557edf|placebo4|step10","prm-dd448bdba8557edf","588","4","10","28","8","35","0.8","-1","middle","harmful","False","\boxed{\frac{7}{18}}","\frac{11}{36}","completed","327","The candidate answer is \boxed{\frac{7}{18}}, but the reference answer is \frac{11}{36}.","qwen/qwen3-8b"
"prm-fa7b948140b07d8f|placebo1|step7","prm-fa7b948140b07d8f","589","1","7","41","4","42","0.97619","-1","early","harmful","False","","-2","cannot_continue","2048","No candidate final answer was produced.","rule:no-answer"
"prm-fa7b948140b07d8f|placebo2|step14","prm-fa7b948140b07d8f","589","2","14","45","4","42","1.071429","-1","early","harmful","False","","-2","cannot_continue","2048","No candidate final answer was produced.","rule:no-answer"
"prm-fa7b948140b07d8f|placebo3|step17","prm-fa7b948140b07d8f","589","3","17","50","4","42","1.190476","-1","early","harmful","False","","-2","cannot_continue","2048","No candidate final answer was produced.","rule:no-answer"
"prm-fa7b948140b07d8f|placebo4|step1","prm-fa7b948140b07d8f","589","4","1","35","4","42","0.833333","-1","early","harmful","False","$\boxed{\frac{1 + \sqrt{5}}{2}}$","-2","completed","684","The candidate answer is not mathematically equivalent to the reference answer.","qwen/qwen3-8b"
"prm-8eab1f56bd806ddc|placebo1|step5","prm-8eab1f56bd806ddc","590","1","5","26","6","28","0.928571","1","late","redundant","True","\cot x","\cot x","completed","204","The candidate answer matches the reference answer.","qwen/qwen3-8b"
"prm-8eab1f56bd806ddc|placebo2|step0","prm-8eab1f56bd806ddc","590","2","0","30","6","28","1.071429","1","late","redundant","False","$ rac{1 - 	an x}{	an x} $","\cot x","completed","237","The candidate answer is not mathematically equivalent to the reference answer.","qwen/qwen3-8b"
"prm-8eab1f56bd806ddc|placebo3|step7","prm-8eab1f56bd806ddc","590","3","7","30","6","28","1.071429","1","late","redundant","True","\frac{\cos x}{\sin x}","\cot x","completed","86","The candidate answer is algebraically equivalent to the reference answer.","qwen/qwen3-8b"
"prm-8eab1f56bd806ddc|placebo4|step1","prm-8eab1f56bd806ddc","590","4","1","30","6","28","1.071429","1","late","redundant","False","\frac{\cot x}{\sin x} - \tan x","\cot x","completed","98","The candidate answer \frac{\cot x}{\sin x} - \tan x is not mathematically equivalent to the reference answer \cot x.","qwen/qwen3-8b"
"prm-68f28d955828cf44|placebo1|step5","prm-68f28d955828cf44","591","1","5","46","6","41","1.121951","-1","middle","harmful","True","12","12","completed","357","The candidate answer matches the reference answer exactly.","qwen/qwen3-8b"
"prm-68f28d955828cf44|placebo2|step10","prm-68f28d955828cf44","591","2","10","44","6","41","1.073171","-1","middle","harmful","False","5","12","completed","211","The candidate answer does not match the reference answer.","qwen/qwen3-8b"
"prm-68f28d955828cf44|placebo3|step8","prm-68f28d955828cf44","591","3","8","44","6","41","1.073171","-1","middle","harmful","False","5","12","completed","235","The expression $10x^2 - x - 24$ can be factored as $(5x - 8)(2x + 3)$, so $A = 5$, $B = 2$. Then $AB + B = 5 	imes 2 + 2 = 12$. The candidate answer is incorrect.","qwen/qwen3-8b"
"prm-68f28d955828cf44|placebo4|step9","prm-68f28d955828cf44","591","4","9","46","6","41","1.121951","-1","middle","harmful","False","5","12","completed","214","The candidate answer 5 is not mathematically equivalent to the reference answer 12.","qwen/qwen3-8b"
"prm-dbc1373a79928aa0|placebo1|step0","prm-dbc1373a79928aa0","594","1","0","49","8","47","1.042553","1","late","redundant","False","\sqrt{117}","3\sqrt{13}","completed","233","The distance between the points is 3\sqrt{13}, not \sqrt{117}.","qwen/qwen3-8b"
"prm-df2ec95ccf5f161f|placebo1|step1","prm-df2ec95ccf5f161f","595","1","1","25","2","23","1.086957","0","middle","harmful","True","2","2","completed","139","The candidate answer matches the reference answer.","qwen/qwen3-8b"
"prm-a625e035a295d2bd|placebo1|step8","prm-a625e035a295d2bd","596","1","8","39","0","37","1.054054","0","early","essential","False","132","58","completed","139","The candidate answer 132 is not the greatest possible value for the largest of the three integers in the set where the sum is a three-digit palindrome less than 220.","qwen/qwen3-8b"
"prm-a625e035a295d2bd|placebo2|step12","prm-a625e035a295d2bd","596","2","12","36","0","37","0.972973","0","early","essential","False","85","58","completed","223","The candidate answer is 85, but the correct greatest possible value for the largest of the three integers is 58.","qwen/qwen3-8b"
"prm-a625e035a295d2bd|placebo3|step13","prm-a625e035a295d2bd","596","3","13","32","0","37","0.864865","0","early","essential","False","65","58","completed","134","The candidate answer is not mathematically equivalent to the reference answer.","qwen/qwen3-8b"
"prm-a625e035a295d2bd|placebo4|step14","prm-a625e035a295d2bd","596","4","14","33","0","37","0.891892","0","early","essential","False","65","58","completed","166","The answer is not mathematically equivalent.","qwen/qwen3-8b"
"prm-ddb44dca9b82bb3d|placebo1|step5","prm-ddb44dca9b82bb3d","597","1","5","14","2","17","0.823529","1","early","essential","True","200","200","completed","138","The candidate answer matches the reference answer.","qwen/qwen3-8b"
"prm-ddb44dca9b82bb3d|placebo2|step6","prm-ddb44dca9b82bb3d","597","2","6","17","2","17","1","1","early","essential","True","200","200","completed","156","The candidate answer is mathematically equivalent to the reference answer.","qwen/qwen3-8b"
"prm-ddb44dca9b82bb3d|placebo3|step3","prm-ddb44dca9b82bb3d","597","3","3","17","2","17","1","1","early","essential","True","200","200","completed","337","The candidate answer matches the reference answer.","qwen/qwen3-8b"
"prm-ddb44dca9b82bb3d|placebo4|step16","prm-ddb44dca9b82bb3d","597","4","16","20","2","17","1.176471","1","early","essential","False","541.89 feet","200","completed","107","The candidate answer is not mathematically equivalent to the reference answer.","qwen/qwen3-8b"
"prm-f1c09b6fd89155cf|placebo1|step3","prm-f1c09b6fd89155cf","598","1","3","31","9","36","0.861111","-1","late","harmful","True","45","45","completed","123","The candidate answer matches the reference answer.","qwen/qwen3-8b"
"prm-f1c09b6fd89155cf|placebo2|step2","prm-f1c09b6fd89155cf","598","2","2","33","9","36","0.916667","-1","late","harmful","True","45","45","completed","112","The candidate answer 45 is mathematically equivalent to the reference answer 45.","qwen/qwen3-8b"
"prm-7b6647a191e51a48|placebo1|step2","prm-7b6647a191e51a48","599","1","2","39","5","41","0.95122","0","early","redundant","False","The smallest possible value of $a$ is $\boxed{7}$","4","completed","364","The candidate answer is incorrect. The reference answer is 4, but the candidate answer is 7.","qwen/qwen3-8b"
"prm-7b6647a191e51a48|placebo2|step11","prm-7b6647a191e51a48","599","2","11","35","5","41","0.853659","0","early","redundant","True","4","4","completed","421","The candidate answer matches the reference answer.","qwen/qwen3-8b"
"prm-7b6647a191e51a48|placebo3|step14","prm-7b6647a191e51a48","599","3","14","47","5","41","1.146341","0","early","redundant","True","4","4","completed","380","The candidate answer matches the reference answer.","qwen/qwen3-8b"
"prm-7b6647a191e51a48|placebo4|step13","prm-7b6647a191e51a48","599","4","13","43","5","41","1.04878","0","early","redundant","True","4","4","completed","370","The candidate answer matches the reference answer.","qwen/qwen3-8b"
"prm-feab03f43e4af912|placebo1|step0","prm-feab03f43e4af912","600","1","0","31","23","31","1","0","late","redundant","False","217","203","completed","221","The candidate answer 217 is not the smallest number of coins that satisfies the conditions; the correct answer is 203.","qwen/qwen3-8b"
"prm-feab03f43e4af912|placebo2|step21","prm-feab03f43e4af912","600","2","21","29","23","31","0.935484","0","late","redundant","False","49","203","completed","339","The candidate answer 49 is not mathematically equivalent to the reference answer 203.","qwen/qwen3-8b"
"prm-feab03f43e4af912|placebo3|step5","prm-feab03f43e4af912","600","3","5","26","23","31","0.83871","0","late","redundant","True","203","203","completed","438","The candidate answer matches the reference answer.","qwen/qwen3-8b"
"prm-feab03f43e4af912|placebo4|step22","prm-feab03f43e4af912","600","4","22","31","23","31","1","0","late","redundant","False","The smallest number of coins you could have had before finding the bag of 53 coins is 133.","203","completed","132","The candidate answer is 133, but the reference answer is 203.","qwen/qwen3-8b"
